solid ASCII
  facet normal 0.000000e+00 0.000000e+00 1.000000e+00
    outer loop
      vertex   1.250000e+01 -1.400676e-31 2.300000e+01
      vertex   0.000000e+00 -1.400676e-31 2.300000e+01
      vertex   1.250000e+01 -5.000000e+00 2.300000e+01
    endloop
  endfacet
  facet normal 0.000000e+00 0.000000e+00 1.000000e+00
    outer loop
      vertex   1.250000e+01 -5.000000e+00 2.300000e+01
      vertex   0.000000e+00 -1.400676e-31 2.300000e+01
      vertex   0.000000e+00 -5.000000e+00 2.300000e+01
    endloop
  endfacet
  facet normal 0.000000e+00 0.000000e+00 1.000000e+00
    outer loop
      vertex   1.500000e+01 -2.801353e-31 2.500000e+01
      vertex   1.250000e+01 -1.400676e-31 2.500000e+01
      vertex   1.650000e+01 -4.714836e+00 2.500000e+01
    endloop
  endfacet
  facet normal 0.000000e+00 0.000000e+00 1.000000e+00
    outer loop
      vertex   1.650000e+01 -4.714836e+00 2.500000e+01
      vertex   1.250000e+01 -1.400676e-31 2.500000e+01
      vertex   1.250000e+01 -2.500000e+01 2.500000e+01
    endloop
  endfacet
  facet normal 0.000000e+00 0.000000e+00 1.000000e+00
    outer loop
      vertex   1.650000e+01 -4.714836e+00 2.500000e+01
      vertex   1.250000e+01 -2.500000e+01 2.500000e+01
      vertex   1.650000e+01 -2.031966e+01 2.500000e+01
    endloop
  endfacet
  facet normal 0.000000e+00 0.000000e+00 1.000000e+00
    outer loop
      vertex   1.650000e+01 -2.031966e+01 2.500000e+01
      vertex   1.250000e+01 -2.500000e+01 2.500000e+01
      vertex   1.650000e+01 -2.500000e+01 2.500000e+01
    endloop
  endfacet
  facet normal 0.000000e+00 0.000000e+00 1.000000e+00
    outer loop
      vertex   1.650000e+01 -2.031966e+01 2.500000e+01
      vertex   2.000000e+01 -2.031966e+01 2.500000e+01
      vertex   1.650000e+01 -4.714836e+00 2.500000e+01
    endloop
  endfacet
  facet normal 0.000000e+00 0.000000e+00 1.000000e+00
    outer loop
      vertex   1.650000e+01 -4.714836e+00 2.500000e+01
      vertex   2.000000e+01 -2.031966e+01 2.500000e+01
      vertex   2.000000e+01 -4.714836e+00 2.500000e+01
    endloop
  endfacet
  facet normal 0.000000e+00 0.000000e+00 1.000000e+00
    outer loop
      vertex   1.650000e+01 -1.500000e+00 2.500000e+01
      vertex   1.614907e+01 -5.358186e-01 2.500000e+01
      vertex   1.650000e+01 -4.714836e+00 2.500000e+01
    endloop
  endfacet
  facet normal 0.000000e+00 0.000000e+00 1.000000e+00
    outer loop
      vertex   1.650000e+01 -4.714836e+00 2.500000e+01
      vertex   1.614907e+01 -5.358186e-01 2.500000e+01
      vertex   1.596418e+01 -3.509333e-01 2.500000e+01
    endloop
  endfacet
  facet normal 0.000000e+00 0.000000e+00 1.000000e+00
    outer loop
      vertex   1.650000e+01 -4.714836e+00 2.500000e+01
      vertex   1.596418e+01 -3.509333e-01 2.500000e+01
      vertex   1.575000e+01 -2.009619e-01 2.500000e+01
    endloop
  endfacet
  facet normal 0.000000e+00 0.000000e+00 1.000000e+00
    outer loop
      vertex   1.647721e+01 -1.239528e+00 2.500000e+01
      vertex   1.640954e+01 -9.869698e-01 2.500000e+01
      vertex   1.650000e+01 -1.500000e+00 2.500000e+01
    endloop
  endfacet
  facet normal 0.000000e+00 0.000000e+00 1.000000e+00
    outer loop
      vertex   1.650000e+01 -1.500000e+00 2.500000e+01
      vertex   1.640954e+01 -9.869698e-01 2.500000e+01
      vertex   1.629904e+01 -7.500000e-01 2.500000e+01
    endloop
  endfacet
  facet normal 0.000000e+00 0.000000e+00 1.000000e+00
    outer loop
      vertex   1.650000e+01 -1.500000e+00 2.500000e+01
      vertex   1.629904e+01 -7.500000e-01 2.500000e+01
      vertex   1.614907e+01 -5.358186e-01 2.500000e+01
    endloop
  endfacet
  facet normal 0.000000e+00 0.000000e+00 1.000000e+00
    outer loop
      vertex   1.575000e+01 -2.009619e-01 2.500000e+01
      vertex   1.551303e+01 -9.046107e-02 2.500000e+01
      vertex   1.650000e+01 -4.714836e+00 2.500000e+01
    endloop
  endfacet
  facet normal 0.000000e+00 0.000000e+00 1.000000e+00
    outer loop
      vertex   1.650000e+01 -4.714836e+00 2.500000e+01
      vertex   1.551303e+01 -9.046107e-02 2.500000e+01
      vertex   1.526047e+01 -2.278837e-02 2.500000e+01
    endloop
  endfacet
  facet normal 0.000000e+00 0.000000e+00 1.000000e+00
    outer loop
      vertex   1.650000e+01 -4.714836e+00 2.500000e+01
      vertex   1.526047e+01 -2.278837e-02 2.500000e+01
      vertex   1.500000e+01 -2.801353e-31 2.500000e+01
    endloop
  endfacet
  facet normal -0.000000e+00 -1.000000e+00 -0.000000e+00
    outer loop
      vertex   1.250000e+01 -5.000000e+00 2.300000e+01
      vertex   0.000000e+00 -5.000000e+00 2.300000e+01
      vertex   1.250000e+01 -5.000000e+00 3.000000e+00
    endloop
  endfacet
  facet normal 0.000000e+00 -1.000000e+00 0.000000e+00
    outer loop
      vertex   1.250000e+01 -5.000000e+00 3.000000e+00
      vertex   0.000000e+00 -5.000000e+00 2.300000e+01
      vertex   0.000000e+00 -5.000000e+00 3.000000e+00
    endloop
  endfacet
  facet normal 8.715574e-02 9.961947e-01 2.764996e-17
    outer loop
      vertex   1.526047e+01 -2.278837e-02 2.500000e+01
      vertex   1.526047e+01 -2.278837e-02 2.000000e+01
      vertex   1.500000e+01 -2.801353e-31 2.500000e+01
    endloop
  endfacet
  facet normal 8.715574e-02 9.961947e-01 -1.003424e-19
    outer loop
      vertex   1.500000e+01 -2.801353e-31 2.500000e+01
      vertex   1.526047e+01 -2.278837e-02 2.000000e+01
      vertex   1.526047e+01 -2.278837e-02 1.500000e+01
    endloop
  endfacet
  facet normal 8.715574e-02 9.961947e-01 -1.003424e-19
    outer loop
      vertex   1.500000e+01 -2.801353e-31 2.500000e+01
      vertex   1.526047e+01 -2.278837e-02 1.500000e+01
      vertex   1.526047e+01 -2.278837e-02 1.000000e+01
    endloop
  endfacet
  facet normal 2.588190e-01 9.659258e-01 -0.000000e+00
    outer loop
      vertex   1.526047e+01 -2.278837e-02 1.000000e+01
      vertex   1.526047e+01 -2.278837e-02 1.500000e+01
      vertex   1.551303e+01 -9.046107e-02 1.000000e+01
    endloop
  endfacet
  facet normal 2.588190e-01 9.659258e-01 1.192310e-18
    outer loop
      vertex   1.526047e+01 -2.278837e-02 1.000000e+01
      vertex   1.551303e+01 -9.046107e-02 1.000000e+01
      vertex   1.551303e+01 -9.046107e-02 5.000000e+00
    endloop
  endfacet
  facet normal 4.226183e-01 9.063078e-01 -0.000000e+00
    outer loop
      vertex   1.551303e+01 -9.046107e-02 5.000000e+00
      vertex   1.551303e+01 -9.046107e-02 1.000000e+01
      vertex   1.575000e+01 -2.009619e-01 5.000000e+00
    endloop
  endfacet
  facet normal 4.226183e-01 9.063078e-01 1.213198e-16
    outer loop
      vertex   1.551303e+01 -9.046107e-02 5.000000e+00
      vertex   1.575000e+01 -2.009619e-01 5.000000e+00
      vertex   1.575000e+01 -2.009619e-01 0.000000e+00
    endloop
  endfacet
  facet normal 5.735764e-01 8.191520e-01 1.091330e-16
    outer loop
      vertex   1.575000e+01 -2.009619e-01 0.000000e+00
      vertex   1.575000e+01 -2.009619e-01 5.000000e+00
      vertex   1.596418e+01 -3.509333e-01 0.000000e+00
    endloop
  endfacet
  facet normal 5.735764e-01 8.191520e-01 -9.094415e-18
    outer loop
      vertex   1.596418e+01 -3.509333e-01 0.000000e+00
      vertex   1.575000e+01 -2.009619e-01 5.000000e+00
      vertex   1.596418e+01 -3.509333e-01 5.000000e+00
    endloop
  endfacet
  facet normal 7.071068e-01 7.071068e-01 -7.850462e-18
    outer loop
      vertex   1.596418e+01 -3.509333e-01 0.000000e+00
      vertex   1.596418e+01 -3.509333e-01 5.000000e+00
      vertex   1.614907e+01 -5.358186e-01 0.000000e+00
    endloop
  endfacet
  facet normal 7.071068e-01 7.071068e-01 3.140185e-17
    outer loop
      vertex   1.614907e+01 -5.358186e-01 0.000000e+00
      vertex   1.596418e+01 -3.509333e-01 5.000000e+00
      vertex   1.614907e+01 -5.358186e-01 5.000000e+00
    endloop
  endfacet
  facet normal 8.191520e-01 5.735764e-01 2.547191e-17
    outer loop
      vertex   1.614907e+01 -5.358186e-01 0.000000e+00
      vertex   1.614907e+01 -5.358186e-01 5.000000e+00
      vertex   1.629904e+01 -7.500000e-01 0.000000e+00
    endloop
  endfacet
  facet normal 8.191520e-01 5.735764e-01 3.820787e-17
    outer loop
      vertex   1.629904e+01 -7.500000e-01 0.000000e+00
      vertex   1.614907e+01 -5.358186e-01 5.000000e+00
      vertex   1.629904e+01 -7.500000e-01 5.000000e+00
    endloop
  endfacet
  facet normal 9.063078e-01 4.226183e-01 2.815203e-17
    outer loop
      vertex   1.629904e+01 -7.500000e-01 0.000000e+00
      vertex   1.629904e+01 -7.500000e-01 5.000000e+00
      vertex   1.640954e+01 -9.869698e-01 0.000000e+00
    endloop
  endfacet
  facet normal 9.063078e-01 4.226183e-01 -7.096585e-16
    outer loop
      vertex   1.640954e+01 -9.869698e-01 0.000000e+00
      vertex   1.629904e+01 -7.500000e-01 5.000000e+00
      vertex   1.640954e+01 -9.869698e-01 5.000000e+00
    endloop
  endfacet
  facet normal 9.659258e-01 2.588190e-01 -7.265601e-16
    outer loop
      vertex   1.640954e+01 -9.869698e-01 0.000000e+00
      vertex   1.640954e+01 -9.869698e-01 5.000000e+00
      vertex   1.647721e+01 -1.239528e+00 0.000000e+00
    endloop
  endfacet
  facet normal 9.659258e-01 2.588190e-01 -7.093193e-16
    outer loop
      vertex   1.647721e+01 -1.239528e+00 0.000000e+00
      vertex   1.640954e+01 -9.869698e-01 5.000000e+00
      vertex   1.647721e+01 -1.239528e+00 5.000000e+00
    endloop
  endfacet
  facet normal 9.961947e-01 8.715574e-02 -7.155799e-16
    outer loop
      vertex   1.647721e+01 -1.239528e+00 0.000000e+00
      vertex   1.647721e+01 -1.239528e+00 5.000000e+00
      vertex   1.650000e+01 -1.500000e+00 0.000000e+00
    endloop
  endfacet
  facet normal 9.961947e-01 8.715574e-02 -2.542711e-19
    outer loop
      vertex   1.650000e+01 -1.500000e+00 0.000000e+00
      vertex   1.647721e+01 -1.239528e+00 5.000000e+00
      vertex   1.647721e+01 -1.239528e+00 1.000000e+01
    endloop
  endfacet
  facet normal 9.961947e-01 8.715574e-02 -2.542711e-19
    outer loop
      vertex   1.650000e+01 -1.500000e+00 0.000000e+00
      vertex   1.647721e+01 -1.239528e+00 1.000000e+01
      vertex   1.647721e+01 -1.239528e+00 1.500000e+01
    endloop
  endfacet
  facet normal 9.659258e-01 2.588190e-01 0.000000e+00
    outer loop
      vertex   1.647721e+01 -1.239528e+00 1.500000e+01
      vertex   1.647721e+01 -1.239528e+00 1.000000e+01
      vertex   1.640954e+01 -9.869698e-01 1.500000e+01
    endloop
  endfacet
  facet normal 9.659258e-01 2.588190e-01 -6.206815e-18
    outer loop
      vertex   1.647721e+01 -1.239528e+00 1.500000e+01
      vertex   1.640954e+01 -9.869698e-01 1.500000e+01
      vertex   1.640954e+01 -9.869698e-01 2.000000e+01
    endloop
  endfacet
  facet normal 9.063078e-01 4.226183e-01 -9.384010e-18
    outer loop
      vertex   1.640954e+01 -9.869698e-01 2.000000e+01
      vertex   1.640954e+01 -9.869698e-01 1.500000e+01
      vertex   1.629904e+01 -7.500000e-01 2.000000e+01
    endloop
  endfacet
  facet normal 9.063078e-01 4.226183e-01 -2.790063e-17
    outer loop
      vertex   1.640954e+01 -9.869698e-01 2.000000e+01
      vertex   1.629904e+01 -7.500000e-01 2.000000e+01
      vertex   1.629904e+01 -7.500000e-01 2.500000e+01
    endloop
  endfacet
  facet normal 8.191520e-01 5.735764e-01 -3.820787e-17
    outer loop
      vertex   1.629904e+01 -7.500000e-01 2.500000e+01
      vertex   1.629904e+01 -7.500000e-01 2.000000e+01
      vertex   1.614907e+01 -5.358186e-01 2.500000e+01
    endloop
  endfacet
  facet normal 8.191520e-01 5.735764e-01 -3.820787e-17
    outer loop
      vertex   1.614907e+01 -5.358186e-01 2.500000e+01
      vertex   1.629904e+01 -7.500000e-01 2.000000e+01
      vertex   1.614907e+01 -5.358186e-01 2.000000e+01
    endloop
  endfacet
  facet normal 7.071068e-01 7.071068e-01 -4.710277e-17
    outer loop
      vertex   1.614907e+01 -5.358186e-01 2.500000e+01
      vertex   1.614907e+01 -5.358186e-01 2.000000e+01
      vertex   1.596418e+01 -3.509333e-01 2.500000e+01
    endloop
  endfacet
  facet normal 7.071068e-01 7.071068e-01 -7.850462e-18
    outer loop
      vertex   1.596418e+01 -3.509333e-01 2.500000e+01
      vertex   1.614907e+01 -5.358186e-01 2.000000e+01
      vertex   1.596418e+01 -3.509333e-01 2.000000e+01
    endloop
  endfacet
  facet normal 5.735764e-01 8.191520e-01 -9.094415e-18
    outer loop
      vertex   1.596418e+01 -3.509333e-01 2.500000e+01
      vertex   1.596418e+01 -3.509333e-01 2.000000e+01
      vertex   1.575000e+01 -2.009619e-01 2.500000e+01
    endloop
  endfacet
  facet normal 5.735764e-01 8.191520e-01 -1.091330e-16
    outer loop
      vertex   1.575000e+01 -2.009619e-01 2.500000e+01
      vertex   1.596418e+01 -3.509333e-01 2.000000e+01
      vertex   1.575000e+01 -2.009619e-01 2.000000e+01
    endloop
  endfacet
  facet normal 4.226183e-01 9.063078e-01 -1.207445e-16
    outer loop
      vertex   1.575000e+01 -2.009619e-01 2.500000e+01
      vertex   1.575000e+01 -2.009619e-01 2.000000e+01
      vertex   1.551303e+01 -9.046107e-02 2.500000e+01
    endloop
  endfacet
  facet normal 4.226183e-01 9.063078e-01 2.515509e-17
    outer loop
      vertex   1.551303e+01 -9.046107e-02 2.500000e+01
      vertex   1.575000e+01 -2.009619e-01 2.000000e+01
      vertex   1.551303e+01 -9.046107e-02 2.000000e+01
    endloop
  endfacet
  facet normal 2.588190e-01 9.659258e-01 2.680983e-17
    outer loop
      vertex   1.551303e+01 -9.046107e-02 2.500000e+01
      vertex   1.551303e+01 -9.046107e-02 2.000000e+01
      vertex   1.526047e+01 -2.278837e-02 2.500000e+01
    endloop
  endfacet
  facet normal 2.588190e-01 9.659258e-01 2.680983e-17
    outer loop
      vertex   1.526047e+01 -2.278837e-02 2.500000e+01
      vertex   1.551303e+01 -9.046107e-02 2.000000e+01
      vertex   1.526047e+01 -2.278837e-02 2.000000e+01
    endloop
  endfacet
  facet normal 9.063078e-01 4.226183e-01 6.903770e-16
    outer loop
      vertex   1.629904e+01 -7.500000e-01 2.500000e+01
      vertex   1.640954e+01 -9.869698e-01 2.500000e+01
      vertex   1.640954e+01 -9.869698e-01 2.000000e+01
    endloop
  endfacet
  facet normal 9.659258e-01 2.588190e-01 7.150663e-16
    outer loop
      vertex   1.640954e+01 -9.869698e-01 2.000000e+01
      vertex   1.640954e+01 -9.869698e-01 2.500000e+01
      vertex   1.647721e+01 -1.239528e+00 2.000000e+01
    endloop
  endfacet
  facet normal 9.659258e-01 2.588190e-01 -1.151447e-17
    outer loop
      vertex   1.640954e+01 -9.869698e-01 2.000000e+01
      vertex   1.647721e+01 -1.239528e+00 2.000000e+01
      vertex   1.647721e+01 -1.239528e+00 1.500000e+01
    endloop
  endfacet
  facet normal 9.961947e-01 8.715574e-02 -3.870492e-18
    outer loop
      vertex   1.647721e+01 -1.239528e+00 1.500000e+01
      vertex   1.647721e+01 -1.239528e+00 2.000000e+01
      vertex   1.650000e+01 -1.500000e+00 2.500000e+01
    endloop
  endfacet
  facet normal 9.961947e-01 8.715574e-02 -5.085423e-20
    outer loop
      vertex   1.647721e+01 -1.239528e+00 1.500000e+01
      vertex   1.650000e+01 -1.500000e+00 2.500000e+01
      vertex   1.650000e+01 -1.500000e+00 0.000000e+00
    endloop
  endfacet
  facet normal 9.659258e-01 2.588190e-01 7.080944e-16
    outer loop
      vertex   1.640954e+01 -9.869698e-01 2.500000e+01
      vertex   1.647721e+01 -1.239528e+00 2.500000e+01
      vertex   1.647721e+01 -1.239528e+00 2.000000e+01
    endloop
  endfacet
  facet normal 9.961947e-01 8.715574e-02 7.155799e-16
    outer loop
      vertex   1.647721e+01 -1.239528e+00 2.000000e+01
      vertex   1.647721e+01 -1.239528e+00 2.500000e+01
      vertex   1.650000e+01 -1.500000e+00 2.500000e+01
    endloop
  endfacet
  facet normal 4.226183e-01 9.063078e-01 -3.790996e-17
    outer loop
      vertex   1.575000e+01 -2.009619e-01 0.000000e+00
      vertex   1.551303e+01 -9.046107e-02 0.000000e+00
      vertex   1.551303e+01 -9.046107e-02 5.000000e+00
    endloop
  endfacet
  facet normal 2.588190e-01 9.659258e-01 -4.021474e-17
    outer loop
      vertex   1.551303e+01 -9.046107e-02 5.000000e+00
      vertex   1.551303e+01 -9.046107e-02 0.000000e+00
      vertex   1.526047e+01 -2.278837e-02 5.000000e+00
    endloop
  endfacet
  facet normal 2.588190e-01 9.659258e-01 1.192310e-18
    outer loop
      vertex   1.551303e+01 -9.046107e-02 5.000000e+00
      vertex   1.526047e+01 -2.278837e-02 5.000000e+00
      vertex   1.526047e+01 -2.278837e-02 1.000000e+01
    endloop
  endfacet
  facet normal 8.715574e-02 9.961947e-01 0.000000e+00
    outer loop
      vertex   1.526047e+01 -2.278837e-02 1.000000e+01
      vertex   1.526047e+01 -2.278837e-02 5.000000e+00
      vertex   1.500000e+01 -2.801353e-31 0.000000e+00
    endloop
  endfacet
  facet normal 8.715574e-02 9.961947e-01 -2.006848e-20
    outer loop
      vertex   1.526047e+01 -2.278837e-02 1.000000e+01
      vertex   1.500000e+01 -2.801353e-31 0.000000e+00
      vertex   1.500000e+01 -2.801353e-31 2.500000e+01
    endloop
  endfacet
  facet normal 2.588190e-01 9.659258e-01 -1.248414e-17
    outer loop
      vertex   1.551303e+01 -9.046107e-02 0.000000e+00
      vertex   1.526047e+01 -2.278837e-02 0.000000e+00
      vertex   1.526047e+01 -2.278837e-02 5.000000e+00
    endloop
  endfacet
  facet normal 8.715574e-02 9.961947e-01 -1.382498e-17
    outer loop
      vertex   1.526047e+01 -2.278837e-02 5.000000e+00
      vertex   1.526047e+01 -2.278837e-02 0.000000e+00
      vertex   1.500000e+01 -2.801353e-31 0.000000e+00
    endloop
  endfacet
  facet normal 2.588190e-01 9.659258e-01 -0.000000e+00
    outer loop
      vertex   1.526047e+01 -2.278837e-02 1.500000e+01
      vertex   1.526047e+01 -2.278837e-02 2.000000e+01
      vertex   1.551303e+01 -9.046107e-02 1.500000e+01
    endloop
  endfacet
  facet normal 2.588190e-01 9.659258e-01 -0.000000e+00
    outer loop
      vertex   1.551303e+01 -9.046107e-02 1.500000e+01
      vertex   1.526047e+01 -2.278837e-02 2.000000e+01
      vertex   1.551303e+01 -9.046107e-02 2.000000e+01
    endloop
  endfacet
  facet normal 4.226183e-01 9.063078e-01 -0.000000e+00
    outer loop
      vertex   1.551303e+01 -9.046107e-02 1.500000e+01
      vertex   1.551303e+01 -9.046107e-02 2.000000e+01
      vertex   1.575000e+01 -2.009619e-01 1.500000e+01
    endloop
  endfacet
  facet normal 4.226183e-01 9.063078e-01 -0.000000e+00
    outer loop
      vertex   1.575000e+01 -2.009619e-01 1.500000e+01
      vertex   1.551303e+01 -9.046107e-02 2.000000e+01
      vertex   1.575000e+01 -2.009619e-01 2.000000e+01
    endloop
  endfacet
  facet normal 5.735764e-01 8.191520e-01 -0.000000e+00
    outer loop
      vertex   1.575000e+01 -2.009619e-01 1.500000e+01
      vertex   1.575000e+01 -2.009619e-01 2.000000e+01
      vertex   1.596418e+01 -3.509333e-01 1.500000e+01
    endloop
  endfacet
  facet normal 5.735764e-01 8.191520e-01 -0.000000e+00
    outer loop
      vertex   1.596418e+01 -3.509333e-01 1.500000e+01
      vertex   1.575000e+01 -2.009619e-01 2.000000e+01
      vertex   1.596418e+01 -3.509333e-01 2.000000e+01
    endloop
  endfacet
  facet normal 7.071068e-01 7.071068e-01 -0.000000e+00
    outer loop
      vertex   1.596418e+01 -3.509333e-01 1.500000e+01
      vertex   1.596418e+01 -3.509333e-01 2.000000e+01
      vertex   1.614907e+01 -5.358186e-01 1.500000e+01
    endloop
  endfacet
  facet normal 7.071068e-01 7.071068e-01 -0.000000e+00
    outer loop
      vertex   1.614907e+01 -5.358186e-01 1.500000e+01
      vertex   1.596418e+01 -3.509333e-01 2.000000e+01
      vertex   1.614907e+01 -5.358186e-01 2.000000e+01
    endloop
  endfacet
  facet normal 8.191520e-01 5.735764e-01 -0.000000e+00
    outer loop
      vertex   1.614907e+01 -5.358186e-01 1.500000e+01
      vertex   1.614907e+01 -5.358186e-01 2.000000e+01
      vertex   1.629904e+01 -7.500000e-01 1.500000e+01
    endloop
  endfacet
  facet normal 8.191520e-01 5.735764e-01 -0.000000e+00
    outer loop
      vertex   1.629904e+01 -7.500000e-01 1.500000e+01
      vertex   1.614907e+01 -5.358186e-01 2.000000e+01
      vertex   1.629904e+01 -7.500000e-01 2.000000e+01
    endloop
  endfacet
  facet normal 9.063078e-01 4.226183e-01 -0.000000e+00
    outer loop
      vertex   1.629904e+01 -7.500000e-01 1.500000e+01
      vertex   1.629904e+01 -7.500000e-01 2.000000e+01
      vertex   1.640954e+01 -9.869698e-01 1.500000e+01
    endloop
  endfacet
  facet normal 2.588190e-01 9.659258e-01 1.192310e-18
    outer loop
      vertex   1.526047e+01 -2.278837e-02 1.500000e+01
      vertex   1.551303e+01 -9.046107e-02 1.500000e+01
      vertex   1.551303e+01 -9.046107e-02 1.000000e+01
    endloop
  endfacet
  facet normal 4.226183e-01 9.063078e-01 -0.000000e+00
    outer loop
      vertex   1.551303e+01 -9.046107e-02 1.000000e+01
      vertex   1.551303e+01 -9.046107e-02 1.500000e+01
      vertex   1.575000e+01 -2.009619e-01 1.000000e+01
    endloop
  endfacet
  facet normal 4.226183e-01 9.063078e-01 5.753463e-19
    outer loop
      vertex   1.551303e+01 -9.046107e-02 1.000000e+01
      vertex   1.575000e+01 -2.009619e-01 1.000000e+01
      vertex   1.575000e+01 -2.009619e-01 5.000000e+00
    endloop
  endfacet
  facet normal 5.735764e-01 8.191520e-01 -0.000000e+00
    outer loop
      vertex   1.575000e+01 -2.009619e-01 5.000000e+00
      vertex   1.575000e+01 -2.009619e-01 1.000000e+01
      vertex   1.596418e+01 -3.509333e-01 5.000000e+00
    endloop
  endfacet
  facet normal 4.226183e-01 9.063078e-01 -0.000000e+00
    outer loop
      vertex   1.575000e+01 -2.009619e-01 1.000000e+01
      vertex   1.551303e+01 -9.046107e-02 1.500000e+01
      vertex   1.575000e+01 -2.009619e-01 1.500000e+01
    endloop
  endfacet
  facet normal 5.735764e-01 8.191520e-01 -0.000000e+00
    outer loop
      vertex   1.575000e+01 -2.009619e-01 1.000000e+01
      vertex   1.575000e+01 -2.009619e-01 1.500000e+01
      vertex   1.596418e+01 -3.509333e-01 1.000000e+01
    endloop
  endfacet
  facet normal 5.735764e-01 8.191520e-01 -0.000000e+00
    outer loop
      vertex   1.596418e+01 -3.509333e-01 1.000000e+01
      vertex   1.575000e+01 -2.009619e-01 1.500000e+01
      vertex   1.596418e+01 -3.509333e-01 1.500000e+01
    endloop
  endfacet
  facet normal 7.071068e-01 7.071068e-01 -0.000000e+00
    outer loop
      vertex   1.596418e+01 -3.509333e-01 1.000000e+01
      vertex   1.596418e+01 -3.509333e-01 1.500000e+01
      vertex   1.614907e+01 -5.358186e-01 1.000000e+01
    endloop
  endfacet
  facet normal 7.071068e-01 7.071068e-01 -0.000000e+00
    outer loop
      vertex   1.614907e+01 -5.358186e-01 1.000000e+01
      vertex   1.596418e+01 -3.509333e-01 1.500000e+01
      vertex   1.614907e+01 -5.358186e-01 1.500000e+01
    endloop
  endfacet
  facet normal 8.191520e-01 5.735764e-01 -0.000000e+00
    outer loop
      vertex   1.614907e+01 -5.358186e-01 1.000000e+01
      vertex   1.614907e+01 -5.358186e-01 1.500000e+01
      vertex   1.629904e+01 -7.500000e-01 1.000000e+01
    endloop
  endfacet
  facet normal 8.191520e-01 5.735764e-01 -0.000000e+00
    outer loop
      vertex   1.629904e+01 -7.500000e-01 1.000000e+01
      vertex   1.614907e+01 -5.358186e-01 1.500000e+01
      vertex   1.629904e+01 -7.500000e-01 1.500000e+01
    endloop
  endfacet
  facet normal 9.063078e-01 4.226183e-01 -0.000000e+00
    outer loop
      vertex   1.629904e+01 -7.500000e-01 1.000000e+01
      vertex   1.629904e+01 -7.500000e-01 1.500000e+01
      vertex   1.640954e+01 -9.869698e-01 1.000000e+01
    endloop
  endfacet
  facet normal 9.063078e-01 4.226183e-01 -0.000000e+00
    outer loop
      vertex   1.640954e+01 -9.869698e-01 1.000000e+01
      vertex   1.629904e+01 -7.500000e-01 1.500000e+01
      vertex   1.640954e+01 -9.869698e-01 1.500000e+01
    endloop
  endfacet
  facet normal 9.659258e-01 2.588190e-01 -0.000000e+00
    outer loop
      vertex   1.640954e+01 -9.869698e-01 1.000000e+01
      vertex   1.640954e+01 -9.869698e-01 1.500000e+01
      vertex   1.647721e+01 -1.239528e+00 1.000000e+01
    endloop
  endfacet
  facet normal 7.071068e-01 7.071068e-01 1.855211e-18
    outer loop
      vertex   1.614907e+01 -5.358186e-01 5.000000e+00
      vertex   1.596418e+01 -3.509333e-01 5.000000e+00
      vertex   1.596418e+01 -3.509333e-01 1.000000e+01
    endloop
  endfacet
  facet normal 5.735764e-01 8.191520e-01 0.000000e+00
    outer loop
      vertex   1.596418e+01 -3.509333e-01 1.000000e+01
      vertex   1.596418e+01 -3.509333e-01 5.000000e+00
      vertex   1.575000e+01 -2.009619e-01 1.000000e+01
    endloop
  endfacet
  facet normal 7.071068e-01 7.071068e-01 -0.000000e+00
    outer loop
      vertex   1.614907e+01 -5.358186e-01 5.000000e+00
      vertex   1.596418e+01 -3.509333e-01 1.000000e+01
      vertex   1.614907e+01 -5.358186e-01 1.000000e+01
    endloop
  endfacet
  facet normal 8.191520e-01 5.735764e-01 -1.479101e-19
    outer loop
      vertex   1.629904e+01 -7.500000e-01 5.000000e+00
      vertex   1.614907e+01 -5.358186e-01 5.000000e+00
      vertex   1.614907e+01 -5.358186e-01 1.000000e+01
    endloop
  endfacet
  facet normal 8.191520e-01 5.735764e-01 -0.000000e+00
    outer loop
      vertex   1.629904e+01 -7.500000e-01 5.000000e+00
      vertex   1.614907e+01 -5.358186e-01 1.000000e+01
      vertex   1.629904e+01 -7.500000e-01 1.000000e+01
    endloop
  endfacet
  facet normal 9.063078e-01 4.226183e-01 -1.171122e-18
    outer loop
      vertex   1.640954e+01 -9.869698e-01 5.000000e+00
      vertex   1.629904e+01 -7.500000e-01 5.000000e+00
      vertex   1.629904e+01 -7.500000e-01 1.000000e+01
    endloop
  endfacet
  facet normal 9.063078e-01 4.226183e-01 -0.000000e+00
    outer loop
      vertex   1.640954e+01 -9.869698e-01 5.000000e+00
      vertex   1.629904e+01 -7.500000e-01 1.000000e+01
      vertex   1.640954e+01 -9.869698e-01 1.000000e+01
    endloop
  endfacet
  facet normal 9.659258e-01 2.588190e-01 -4.598774e-19
    outer loop
      vertex   1.647721e+01 -1.239528e+00 5.000000e+00
      vertex   1.640954e+01 -9.869698e-01 5.000000e+00
      vertex   1.640954e+01 -9.869698e-01 1.000000e+01
    endloop
  endfacet
  facet normal 9.659258e-01 2.588190e-01 -0.000000e+00
    outer loop
      vertex   1.647721e+01 -1.239528e+00 5.000000e+00
      vertex   1.640954e+01 -9.869698e-01 1.000000e+01
      vertex   1.647721e+01 -1.239528e+00 1.000000e+01
    endloop
  endfacet
  facet normal 0.000000e+00 0.000000e+00 -1.000000e+00
    outer loop
      vertex   1.250000e+01 0.000000e+00 0.000000e+00
      vertex   1.500000e+01 -2.801353e-31 0.000000e+00
      vertex   1.650000e+01 -4.786412e+00 0.000000e+00
    endloop
  endfacet
  facet normal 0.000000e+00 0.000000e+00 -1.000000e+00
    outer loop
      vertex   1.650000e+01 -4.786412e+00 0.000000e+00
      vertex   1.500000e+01 -2.801353e-31 0.000000e+00
      vertex   1.526047e+01 -2.278837e-02 0.000000e+00
    endloop
  endfacet
  facet normal 0.000000e+00 0.000000e+00 -1.000000e+00
    outer loop
      vertex   1.650000e+01 -4.786412e+00 0.000000e+00
      vertex   1.526047e+01 -2.278837e-02 0.000000e+00
      vertex   1.551303e+01 -9.046107e-02 0.000000e+00
    endloop
  endfacet
  facet normal 0.000000e+00 0.000000e+00 -1.000000e+00
    outer loop
      vertex   1.551303e+01 -9.046107e-02 0.000000e+00
      vertex   1.575000e+01 -2.009619e-01 0.000000e+00
      vertex   1.650000e+01 -4.786412e+00 0.000000e+00
    endloop
  endfacet
  facet normal 0.000000e+00 0.000000e+00 -1.000000e+00
    outer loop
      vertex   1.650000e+01 -4.786412e+00 0.000000e+00
      vertex   1.575000e+01 -2.009619e-01 0.000000e+00
      vertex   1.596418e+01 -3.509333e-01 0.000000e+00
    endloop
  endfacet
  facet normal 0.000000e+00 0.000000e+00 -1.000000e+00
    outer loop
      vertex   1.650000e+01 -4.786412e+00 0.000000e+00
      vertex   1.596418e+01 -3.509333e-01 0.000000e+00
      vertex   1.614907e+01 -5.358186e-01 0.000000e+00
    endloop
  endfacet
  facet normal 0.000000e+00 0.000000e+00 -1.000000e+00
    outer loop
      vertex   1.650000e+01 -4.786412e+00 0.000000e+00
      vertex   1.614907e+01 -5.358186e-01 0.000000e+00
      vertex   1.650000e+01 -1.500000e+00 0.000000e+00
    endloop
  endfacet
  facet normal 0.000000e+00 0.000000e+00 -1.000000e+00
    outer loop
      vertex   1.650000e+01 -1.500000e+00 0.000000e+00
      vertex   1.614907e+01 -5.358186e-01 0.000000e+00
      vertex   1.629904e+01 -7.500000e-01 0.000000e+00
    endloop
  endfacet
  facet normal 0.000000e+00 0.000000e+00 -1.000000e+00
    outer loop
      vertex   1.650000e+01 -1.500000e+00 0.000000e+00
      vertex   1.629904e+01 -7.500000e-01 0.000000e+00
      vertex   1.640954e+01 -9.869698e-01 0.000000e+00
    endloop
  endfacet
  facet normal 0.000000e+00 0.000000e+00 -1.000000e+00
    outer loop
      vertex   1.640954e+01 -9.869698e-01 0.000000e+00
      vertex   1.647721e+01 -1.239528e+00 0.000000e+00
      vertex   1.650000e+01 -1.500000e+00 0.000000e+00
    endloop
  endfacet
  facet normal 1.294975e-16 1.082209e-16 -1.000000e+00
    outer loop
      vertex   1.250000e+01 0.000000e+00 0.000000e+00
      vertex   1.650000e+01 -4.786412e+00 0.000000e+00
      vertex   1.650000e+01 -2.017470e+01 -1.665335e-15
    endloop
  endfacet
  facet normal 3.295526e-32 1.082209e-16 -1.000000e+00
    outer loop
      vertex   1.650000e+01 -2.017470e+01 -1.665335e-15
      vertex   1.650000e+01 -4.786412e+00 0.000000e+00
      vertex   2.000000e+01 -4.786412e+00 0.000000e+00
    endloop
  endfacet
  facet normal 0.000000e+00 1.082209e-16 -1.000000e+00
    outer loop
      vertex   1.650000e+01 -2.017470e+01 -1.665335e-15
      vertex   2.000000e+01 -4.786412e+00 0.000000e+00
      vertex   2.000000e+01 -2.017470e+01 -1.665335e-15
    endloop
  endfacet
  facet normal -0.000000e+00 -3.451253e-16 -1.000000e+00
    outer loop
      vertex   1.650000e+01 -2.500000e+01 0.000000e+00
      vertex   1.250000e+01 -2.500000e+01 0.000000e+00
      vertex   1.650000e+01 -2.017470e+01 -1.665335e-15
    endloop
  endfacet
  facet normal -4.163336e-16 -3.155444e-32 -1.000000e+00
    outer loop
      vertex   1.650000e+01 -2.017470e+01 -1.665335e-15
      vertex   1.250000e+01 -2.500000e+01 0.000000e+00
      vertex   1.250000e+01 0.000000e+00 0.000000e+00
    endloop
  endfacet
  facet normal 1.000000e+00 -2.804440e-15 0.000000e+00
    outer loop
      vertex   1.650000e+01 -1.500000e+00 2.500000e+01
      vertex   1.650000e+01 -4.033635e+00 2.186935e+01
      vertex   1.650000e+01 -1.500000e+00 0.000000e+00
    endloop
  endfacet
  facet normal 1.000000e+00 -2.608302e-15 2.272321e-17
    outer loop
      vertex   1.650000e+01 -1.500000e+00 0.000000e+00
      vertex   1.650000e+01 -4.033635e+00 2.186935e+01
      vertex   1.650000e+01 -4.194114e+00 3.448640e+00
    endloop
  endfacet
  facet normal 1.000000e+00 -1.089552e-14 -6.451338e-15
    outer loop
      vertex   1.650000e+01 -1.500000e+00 0.000000e+00
      vertex   1.650000e+01 -4.194114e+00 3.448640e+00
      vertex   1.650000e+01 -4.014746e+00 3.145709e+00
    endloop
  endfacet
  facet normal 1.000000e+00 1.105099e-15 -4.473210e-14
    outer loop
      vertex   1.650000e+01 -4.714836e+00 2.500000e+01
      vertex   1.650000e+01 -4.456040e+00 2.476813e+01
      vertex   1.650000e+01 -1.500000e+00 2.500000e+01
    endloop
  endfacet
  facet normal 1.000000e+00 -2.254414e-15 -1.903155e-15
    outer loop
      vertex   1.650000e+01 -1.500000e+00 2.500000e+01
      vertex   1.650000e+01 -4.456040e+00 2.476813e+01
      vertex   1.650000e+01 -4.231894e+00 2.450261e+01
    endloop
  endfacet
  facet normal 1.000000e+00 -2.333378e-15 -1.469448e-15
    outer loop
      vertex   1.650000e+01 -1.500000e+00 2.500000e+01
      vertex   1.650000e+01 -4.231894e+00 2.450261e+01
      vertex   1.650000e+01 -4.046728e+00 2.420858e+01
    endloop
  endfacet
  facet normal 1.000000e+00 -2.447687e-15 -1.101612e-15
    outer loop
      vertex   1.650000e+01 -4.046728e+00 2.420858e+01
      vertex   1.650000e+01 -3.904119e+00 2.389172e+01
      vertex   1.650000e+01 -1.500000e+00 2.500000e+01
    endloop
  endfacet
  facet normal 1.000000e+00 -2.605222e-15 -7.598811e-16
    outer loop
      vertex   1.650000e+01 -1.500000e+00 2.500000e+01
      vertex   1.650000e+01 -3.904119e+00 2.389172e+01
      vertex   1.650000e+01 -3.806822e+00 2.355814e+01
    endloop
  endfacet
  facet normal 1.000000e+00 -2.823056e-15 -4.113708e-16
    outer loop
      vertex   1.650000e+01 -1.500000e+00 2.500000e+01
      vertex   1.650000e+01 -3.806822e+00 2.355814e+01
      vertex   1.650000e+01 -3.756718e+00 2.321429e+01
    endloop
  endfacet
  facet normal 1.000000e+00 -3.134685e-15 -1.754448e-17
    outer loop
      vertex   1.650000e+01 -3.756718e+00 2.321429e+01
      vertex   1.650000e+01 -3.754773e+00 2.286682e+01
      vertex   1.650000e+01 -1.500000e+00 2.500000e+01
    endloop
  endfacet
  facet normal 1.000000e+00 -3.609975e-15 4.848379e-16
    outer loop
      vertex   1.650000e+01 -1.500000e+00 2.500000e+01
      vertex   1.650000e+01 -3.754773e+00 2.286682e+01
      vertex   1.650000e+01 -3.801026e+00 2.252244e+01
    endloop
  endfacet
  facet normal 1.000000e+00 -4.417768e-15 1.235072e-15
    outer loop
      vertex   1.650000e+01 -1.500000e+00 2.500000e+01
      vertex   1.650000e+01 -3.801026e+00 2.252244e+01
      vertex   1.650000e+01 -3.894582e+00 2.218779e+01
    endloop
  endfacet
  facet normal 1.000000e+00 -6.090821e-15 2.659669e-15
    outer loop
      vertex   1.650000e+01 -3.894582e+00 2.218779e+01
      vertex   1.650000e+01 -4.033635e+00 2.186935e+01
      vertex   1.650000e+01 -1.500000e+00 2.500000e+01
    endloop
  endfacet
  facet normal 1.000000e+00 0.000000e+00 0.000000e+00
    outer loop
      vertex   1.650000e+01 -4.033635e+00 2.186935e+01
      vertex   1.650000e+01 -4.215498e+00 2.157327e+01
      vertex   1.650000e+01 -4.194114e+00 3.448640e+00
    endloop
  endfacet
  facet normal 1.000000e+00 0.000000e+00 0.000000e+00
    outer loop
      vertex   1.650000e+01 -4.194114e+00 3.448640e+00
      vertex   1.650000e+01 -4.215498e+00 2.157327e+01
      vertex   1.650000e+01 -4.414257e+00 3.723372e+00
    endloop
  endfacet
  facet normal 1.000000e+00 0.000000e+00 -0.000000e+00
    outer loop
      vertex   1.650000e+01 -4.414257e+00 3.723372e+00
      vertex   1.650000e+01 -4.215498e+00 2.157327e+01
      vertex   1.650000e+01 -4.436659e+00 2.130526e+01
    endloop
  endfacet
  facet normal 1.000000e+00 0.000000e+00 0.000000e+00
    outer loop
      vertex   1.650000e+01 -4.414257e+00 3.723372e+00
      vertex   1.650000e+01 -4.436659e+00 2.130526e+01
      vertex   1.650000e+01 -4.670809e+00 3.964455e+00
    endloop
  endfacet
  facet normal 1.000000e+00 0.000000e+00 -0.000000e+00
    outer loop
      vertex   1.650000e+01 -4.670809e+00 3.964455e+00
      vertex   1.650000e+01 -4.436659e+00 2.130526e+01
      vertex   1.650000e+01 -4.692843e+00 2.107050e+01
    endloop
  endfacet
  facet normal 1.000000e+00 0.000000e+00 0.000000e+00
    outer loop
      vertex   1.650000e+01 -4.670809e+00 3.964455e+00
      vertex   1.650000e+01 -4.692843e+00 2.107050e+01
      vertex   1.650000e+01 -4.958683e+00 4.167110e+00
    endloop
  endfacet
  facet normal 1.000000e+00 0.000000e+00 -0.000000e+00
    outer loop
      vertex   1.650000e+01 -4.958683e+00 4.167110e+00
      vertex   1.650000e+01 -4.692843e+00 2.107050e+01
      vertex   1.650000e+01 -4.979103e+00 2.087354e+01
    endloop
  endfacet
  facet normal 1.000000e+00 0.000000e+00 0.000000e+00
    outer loop
      vertex   1.650000e+01 -4.958683e+00 4.167110e+00
      vertex   1.650000e+01 -4.979103e+00 2.087354e+01
      vertex   1.650000e+01 -5.272169e+00 4.327318e+00
    endloop
  endfacet
  facet normal 1.000000e+00 0.000000e+00 -0.000000e+00
    outer loop
      vertex   1.650000e+01 -5.272169e+00 4.327318e+00
      vertex   1.650000e+01 -4.979103e+00 2.087354e+01
      vertex   1.650000e+01 -5.289909e+00 2.071816e+01
    endloop
  endfacet
  facet normal 1.000000e+00 0.000000e+00 0.000000e+00
    outer loop
      vertex   1.650000e+01 -5.272169e+00 4.327318e+00
      vertex   1.650000e+01 -5.289909e+00 2.071816e+01
      vertex   1.650000e+01 -5.605052e+00 4.441902e+00
    endloop
  endfacet
  facet normal 1.000000e+00 0.000000e+00 -0.000000e+00
    outer loop
      vertex   1.650000e+01 -5.605052e+00 4.441902e+00
      vertex   1.650000e+01 -5.289909e+00 2.071816e+01
      vertex   1.650000e+01 -5.619255e+00 2.060739e+01
    endloop
  endfacet
  facet normal 1.000000e+00 0.000000e+00 0.000000e+00
    outer loop
      vertex   1.650000e+01 -5.605052e+00 4.441902e+00
      vertex   1.650000e+01 -5.619255e+00 2.060739e+01
      vertex   1.650000e+01 -5.950730e+00 4.508589e+00
    endloop
  endfacet
  facet normal 1.000000e+00 0.000000e+00 -0.000000e+00
    outer loop
      vertex   1.650000e+01 -5.950730e+00 4.508589e+00
      vertex   1.650000e+01 -5.619255e+00 2.060739e+01
      vertex   1.650000e+01 -5.960779e+00 2.054335e+01
    endloop
  endfacet
  facet normal 1.000000e+00 0.000000e+00 0.000000e+00
    outer loop
      vertex   1.650000e+01 -5.950730e+00 4.508589e+00
      vertex   1.650000e+01 -5.960779e+00 2.054335e+01
      vertex   1.650000e+01 -6.302348e+00 4.526057e+00
    endloop
  endfacet
  facet normal 1.000000e+00 0.000000e+00 -0.000000e+00
    outer loop
      vertex   1.650000e+01 -6.302348e+00 4.526057e+00
      vertex   1.650000e+01 -5.960779e+00 2.054335e+01
      vertex   1.650000e+01 -6.307885e+00 2.052728e+01
    endloop
  endfacet
  facet normal 1.000000e+00 0.000000e+00 0.000000e+00
    outer loop
      vertex   1.650000e+01 -6.302348e+00 4.526057e+00
      vertex   1.650000e+01 -6.307885e+00 2.052728e+01
      vertex   1.650000e+01 -6.652933e+00 4.493960e+00
    endloop
  endfacet
  facet normal 1.000000e+00 0.000000e+00 -0.000000e+00
    outer loop
      vertex   1.650000e+01 -6.652933e+00 4.493960e+00
      vertex   1.650000e+01 -6.307885e+00 2.052728e+01
      vertex   1.650000e+01 -6.653866e+00 2.055949e+01
    endloop
  endfacet
  facet normal 1.000000e+00 0.000000e+00 0.000000e+00
    outer loop
      vertex   1.650000e+01 -6.652933e+00 4.493960e+00
      vertex   1.650000e+01 -6.653866e+00 2.055949e+01
      vertex   1.650000e+01 -6.992038e+00 2.063937e+01
    endloop
  endfacet
  facet normal 1.000000e+00 0.000000e+00 0.000000e+00
    outer loop
      vertex   1.650000e+01 -6.652933e+00 4.493960e+00
      vertex   1.650000e+01 -6.992038e+00 2.063937e+01
      vertex   1.650000e+01 -6.995534e+00 4.412933e+00
    endloop
  endfacet
  facet normal 1.000000e+00 0.000000e+00 -0.000000e+00
    outer loop
      vertex   1.650000e+01 -6.995534e+00 4.412933e+00
      vertex   1.650000e+01 -6.992038e+00 2.063937e+01
      vertex   1.650000e+01 -7.315868e+00 2.076536e+01
    endloop
  endfacet
  facet normal 1.000000e+00 0.000000e+00 0.000000e+00
    outer loop
      vertex   1.650000e+01 -6.995534e+00 4.412933e+00
      vertex   1.650000e+01 -7.315868e+00 2.076536e+01
      vertex   1.650000e+01 -7.323355e+00 4.284585e+00
    endloop
  endfacet
  facet normal 1.000000e+00 0.000000e+00 -0.000000e+00
    outer loop
      vertex   1.650000e+01 -7.323355e+00 4.284585e+00
      vertex   1.650000e+01 -7.315868e+00 2.076536e+01
      vertex   1.650000e+01 -7.619101e+00 2.093504e+01
    endloop
  endfacet
  facet normal 1.000000e+00 0.000000e+00 0.000000e+00
    outer loop
      vertex   1.650000e+01 -7.323355e+00 4.284585e+00
      vertex   1.650000e+01 -7.619101e+00 2.093504e+01
      vertex   1.650000e+01 -7.629897e+00 4.111460e+00
    endloop
  endfacet
  facet normal 1.000000e+00 0.000000e+00 -0.000000e+00
    outer loop
      vertex   1.650000e+01 -7.629897e+00 4.111460e+00
      vertex   1.650000e+01 -7.619101e+00 2.093504e+01
      vertex   1.650000e+01 -1.736562e+01 4.136035e+00
    endloop
  endfacet
  facet normal 1.000000e+00 0.000000e+00 0.000000e+00
    outer loop
      vertex   1.650000e+01 -7.629897e+00 4.111460e+00
      vertex   1.650000e+01 -1.736562e+01 4.136035e+00
      vertex   1.650000e+01 -1.708511e+01 3.919254e+00
    endloop
  endfacet
  facet normal 1.000000e+00 0.000000e+00 0.000000e+00
    outer loop
      vertex   1.650000e+01 -7.895879e+00 2.114512e+01
      vertex   1.650000e+01 -1.718726e+01 2.110282e+01
      vertex   1.650000e+01 -7.619101e+00 2.093504e+01
    endloop
  endfacet
  facet normal 1.000000e+00 0.000000e+00 0.000000e+00
    outer loop
      vertex   1.650000e+01 -7.619101e+00 2.093504e+01
      vertex   1.650000e+01 -1.718726e+01 2.110282e+01
      vertex   1.650000e+01 -1.748053e+01 2.090057e+01
    endloop
  endfacet
  facet normal 1.000000e+00 0.000000e+00 0.000000e+00
    outer loop
      vertex   1.650000e+01 -7.619101e+00 2.093504e+01
      vertex   1.650000e+01 -1.748053e+01 2.090057e+01
      vertex   1.650000e+01 -1.736562e+01 4.136035e+00
    endloop
  endfacet
  facet normal 1.000000e+00 0.000000e+00 0.000000e+00
    outer loop
      vertex   1.650000e+01 -1.736562e+01 4.136035e+00
      vertex   1.650000e+01 -1.748053e+01 2.090057e+01
      vertex   1.650000e+01 -1.767397e+01 4.310959e+00
    endloop
  endfacet
  facet normal 1.000000e+00 0.000000e+00 -0.000000e+00
    outer loop
      vertex   1.650000e+01 -1.767397e+01 4.310959e+00
      vertex   1.650000e+01 -1.748053e+01 2.090057e+01
      vertex   1.650000e+01 -1.779957e+01 2.074205e+01
    endloop
  endfacet
  facet normal 1.000000e+00 0.000000e+00 0.000000e+00
    outer loop
      vertex   1.650000e+01 -1.767397e+01 4.310959e+00
      vertex   1.650000e+01 -1.779957e+01 2.074205e+01
      vertex   1.650000e+01 -1.800397e+01 4.440508e+00
    endloop
  endfacet
  facet normal 1.000000e+00 0.000000e+00 -0.000000e+00
    outer loop
      vertex   1.650000e+01 -1.800397e+01 4.440508e+00
      vertex   1.650000e+01 -1.779957e+01 2.074205e+01
      vertex   1.650000e+01 -1.813790e+01 2.063049e+01
    endloop
  endfacet
  facet normal 1.000000e+00 0.000000e+00 0.000000e+00
    outer loop
      vertex   1.650000e+01 -1.800397e+01 4.440508e+00
      vertex   1.650000e+01 -1.813790e+01 2.063049e+01
      vertex   1.650000e+01 -1.834897e+01 4.522078e+00
    endloop
  endfacet
  facet normal 1.000000e+00 0.000000e+00 -0.000000e+00
    outer loop
      vertex   1.650000e+01 -1.834897e+01 4.522078e+00
      vertex   1.650000e+01 -1.813790e+01 2.063049e+01
      vertex   1.650000e+01 -1.848866e+01 2.056815e+01
    endloop
  endfacet
  facet normal 1.000000e+00 0.000000e+00 0.000000e+00
    outer loop
      vertex   1.650000e+01 -1.834897e+01 4.522078e+00
      vertex   1.650000e+01 -1.848866e+01 2.056815e+01
      vertex   1.650000e+01 -1.870204e+01 4.554027e+00
    endloop
  endfacet
  facet normal 1.000000e+00 0.000000e+00 -0.000000e+00
    outer loop
      vertex   1.650000e+01 -1.870204e+01 4.554027e+00
      vertex   1.650000e+01 -1.848866e+01 2.056815e+01
      vertex   1.650000e+01 -1.884471e+01 2.055630e+01
    endloop
  endfacet
  facet normal 1.000000e+00 0.000000e+00 0.000000e+00
    outer loop
      vertex   1.650000e+01 -1.870204e+01 4.554027e+00
      vertex   1.650000e+01 -1.884471e+01 2.055630e+01
      vertex   1.650000e+01 -1.905608e+01 4.535715e+00
    endloop
  endfacet
  facet normal 1.000000e+00 0.000000e+00 -0.000000e+00
    outer loop
      vertex   1.650000e+01 -1.905608e+01 4.535715e+00
      vertex   1.650000e+01 -1.884471e+01 2.055630e+01
      vertex   1.650000e+01 -1.919883e+01 2.059518e+01
    endloop
  endfacet
  facet normal 1.000000e+00 0.000000e+00 0.000000e+00
    outer loop
      vertex   1.650000e+01 -1.905608e+01 4.535715e+00
      vertex   1.650000e+01 -1.919883e+01 2.059518e+01
      vertex   1.650000e+01 -1.940397e+01 4.467508e+00
    endloop
  endfacet
  facet normal 1.000000e+00 0.000000e+00 -0.000000e+00
    outer loop
      vertex   1.650000e+01 -1.940397e+01 4.467508e+00
      vertex   1.650000e+01 -1.919883e+01 2.059518e+01
      vertex   1.650000e+01 -1.954383e+01 2.068400e+01
    endloop
  endfacet
  facet normal 1.000000e+00 0.000000e+00 0.000000e+00
    outer loop
      vertex   1.650000e+01 -1.940397e+01 4.467508e+00
      vertex   1.650000e+01 -1.954383e+01 2.068400e+01
      vertex   1.650000e+01 -1.973871e+01 4.350778e+00
    endloop
  endfacet
  facet normal 1.000000e+00 0.000000e+00 -0.000000e+00
    outer loop
      vertex   1.650000e+01 -1.973871e+01 4.350778e+00
      vertex   1.650000e+01 -1.954383e+01 2.068400e+01
      vertex   1.650000e+01 -1.987271e+01 2.082095e+01
    endloop
  endfacet
  facet normal 1.000000e+00 0.000000e+00 0.000000e+00
    outer loop
      vertex   1.650000e+01 -1.973871e+01 4.350778e+00
      vertex   1.650000e+01 -1.987271e+01 2.082095e+01
      vertex   1.650000e+01 -2.005358e+01 4.187873e+00
    endloop
  endfacet
  facet normal 1.000000e+00 0.000000e+00 -0.000000e+00
    outer loop
      vertex   1.650000e+01 -2.005358e+01 4.187873e+00
      vertex   1.650000e+01 -1.987271e+01 2.082095e+01
      vertex   1.650000e+01 -2.017877e+01 2.100326e+01
    endloop
  endfacet
  facet normal 1.000000e+00 0.000000e+00 0.000000e+00
    outer loop
      vertex   1.650000e+01 -2.005358e+01 4.187873e+00
      vertex   1.650000e+01 -2.017877e+01 2.100326e+01
      vertex   1.650000e+01 -2.034224e+01 3.982068e+00
    endloop
  endfacet
  facet normal 1.000000e+00 0.000000e+00 -0.000000e+00
    outer loop
      vertex   1.650000e+01 -2.034224e+01 3.982068e+00
      vertex   1.650000e+01 -2.017877e+01 2.100326e+01
      vertex   1.650000e+01 -2.045582e+01 2.122722e+01
    endloop
  endfacet
  facet normal 1.000000e+00 0.000000e+00 0.000000e+00
    outer loop
      vertex   1.650000e+01 -2.034224e+01 3.982068e+00
      vertex   1.650000e+01 -2.045582e+01 2.122722e+01
      vertex   1.650000e+01 -2.059889e+01 3.737503e+00
    endloop
  endfacet
  facet normal 1.000000e+00 0.000000e+00 -0.000000e+00
    outer loop
      vertex   1.650000e+01 -2.059889e+01 3.737503e+00
      vertex   1.650000e+01 -2.045582e+01 2.122722e+01
      vertex   1.650000e+01 -2.069822e+01 2.148829e+01
    endloop
  endfacet
  facet normal 1.000000e+00 0.000000e+00 0.000000e+00
    outer loop
      vertex   1.650000e+01 -2.059889e+01 3.737503e+00
      vertex   1.650000e+01 -2.069822e+01 2.148829e+01
      vertex   1.650000e+01 -2.500000e+01 2.500000e+01
    endloop
  endfacet
  facet normal 1.000000e+00 0.000000e+00 0.000000e+00
    outer loop
      vertex   1.650000e+01 -2.500000e+01 2.500000e+01
      vertex   1.650000e+01 -2.069822e+01 2.148829e+01
      vertex   1.650000e+01 -2.090106e+01 2.178116e+01
    endloop
  endfacet
  facet normal 1.000000e+00 0.000000e+00 0.000000e+00
    outer loop
      vertex   1.650000e+01 -2.500000e+01 2.500000e+01
      vertex   1.650000e+01 -2.090106e+01 2.178116e+01
      vertex   1.650000e+01 -2.106020e+01 2.209989e+01
    endloop
  endfacet
  facet normal 1.000000e+00 0.000000e+00 0.000000e+00
    outer loop
      vertex   1.650000e+01 -1.718726e+01 2.110282e+01
      vertex   1.650000e+01 -7.895879e+00 2.114512e+01
      vertex   1.650000e+01 -1.692572e+01 2.134471e+01
    endloop
  endfacet
  facet normal 1.000000e+00 -0.000000e+00 0.000000e+00
    outer loop
      vertex   1.650000e+01 -1.692572e+01 2.134471e+01
      vertex   1.650000e+01 -7.895879e+00 2.114512e+01
      vertex   1.650000e+01 -8.140854e+00 2.139155e+01
    endloop
  endfacet
  facet normal 1.000000e+00 0.000000e+00 0.000000e+00
    outer loop
      vertex   1.650000e+01 -1.692572e+01 2.134471e+01
      vertex   1.650000e+01 -8.140854e+00 2.139155e+01
      vertex   1.650000e+01 -1.670121e+01 2.162132e+01
    endloop
  endfacet
  facet normal 1.000000e+00 -0.000000e+00 0.000000e+00
    outer loop
      vertex   1.650000e+01 -1.670121e+01 2.162132e+01
      vertex   1.650000e+01 -8.140854e+00 2.139155e+01
      vertex   1.650000e+01 -8.349294e+00 2.166956e+01
    endloop
  endfacet
  facet normal 1.000000e+00 0.000000e+00 0.000000e+00
    outer loop
      vertex   1.650000e+01 -1.670121e+01 2.162132e+01
      vertex   1.650000e+01 -8.349294e+00 2.166956e+01
      vertex   1.650000e+01 -1.651830e+01 2.192703e+01
    endloop
  endfacet
  facet normal 1.000000e+00 -0.000000e+00 0.000000e+00
    outer loop
      vertex   1.650000e+01 -1.651830e+01 2.192703e+01
      vertex   1.650000e+01 -8.349294e+00 2.166956e+01
      vertex   1.650000e+01 -8.517173e+00 2.197380e+01
    endloop
  endfacet
  facet normal 1.000000e+00 0.000000e+00 0.000000e+00
    outer loop
      vertex   1.650000e+01 -1.651830e+01 2.192703e+01
      vertex   1.650000e+01 -8.517173e+00 2.197380e+01
      vertex   1.650000e+01 -1.638070e+01 2.225563e+01
    endloop
  endfacet
  facet normal 1.000000e+00 -0.000000e+00 0.000000e+00
    outer loop
      vertex   1.650000e+01 -1.638070e+01 2.225563e+01
      vertex   1.650000e+01 -8.517173e+00 2.197380e+01
      vertex   1.650000e+01 -8.641247e+00 2.229837e+01
    endloop
  endfacet
  facet normal 1.000000e+00 0.000000e+00 0.000000e+00
    outer loop
      vertex   1.650000e+01 -1.638070e+01 2.225563e+01
      vertex   1.650000e+01 -8.641247e+00 2.229837e+01
      vertex   1.650000e+01 -1.629121e+01 2.260045e+01
    endloop
  endfacet
  facet normal 1.000000e+00 -0.000000e+00 0.000000e+00
    outer loop
      vertex   1.650000e+01 -1.629121e+01 2.260045e+01
      vertex   1.650000e+01 -8.641247e+00 2.229837e+01
      vertex   1.650000e+01 -8.719119e+00 2.263701e+01
    endloop
  endfacet
  facet normal 1.000000e+00 0.000000e+00 0.000000e+00
    outer loop
      vertex   1.650000e+01 -1.629121e+01 2.260045e+01
      vertex   1.650000e+01 -8.719119e+00 2.263701e+01
      vertex   1.650000e+01 -1.625163e+01 2.295450e+01
    endloop
  endfacet
  facet normal 1.000000e+00 -0.000000e+00 0.000000e+00
    outer loop
      vertex   1.650000e+01 -1.625163e+01 2.295450e+01
      vertex   1.650000e+01 -8.719119e+00 2.263701e+01
      vertex   1.650000e+01 -8.749285e+00 2.298317e+01
    endloop
  endfacet
  facet normal 1.000000e+00 0.000000e+00 -0.000000e+00
    outer loop
      vertex   1.650000e+01 -1.625163e+01 2.295450e+01
      vertex   1.650000e+01 -8.749285e+00 2.298317e+01
      vertex   1.650000e+01 -1.626278e+01 2.331057e+01
    endloop
  endfacet
  facet normal 1.000000e+00 -0.000000e+00 0.000000e+00
    outer loop
      vertex   1.650000e+01 -1.626278e+01 2.331057e+01
      vertex   1.650000e+01 -8.749285e+00 2.298317e+01
      vertex   1.650000e+01 -8.731162e+00 2.333018e+01
    endloop
  endfacet
  facet normal 1.000000e+00 0.000000e+00 -0.000000e+00
    outer loop
      vertex   1.650000e+01 -1.626278e+01 2.331057e+01
      vertex   1.650000e+01 -8.731162e+00 2.333018e+01
      vertex   1.650000e+01 -1.632443e+01 2.366145e+01
    endloop
  endfacet
  facet normal 1.000000e+00 -0.000000e+00 0.000000e+00
    outer loop
      vertex   1.650000e+01 -1.632443e+01 2.366145e+01
      vertex   1.650000e+01 -8.731162e+00 2.333018e+01
      vertex   1.650000e+01 -8.665100e+00 2.367132e+01
    endloop
  endfacet
  facet normal 1.000000e+00 2.702226e-17 -2.097894e-14
    outer loop
      vertex   1.650000e+01 -1.632443e+01 2.366145e+01
      vertex   1.650000e+01 -8.665100e+00 2.367132e+01
      vertex   1.650000e+01 -1.643532e+01 2.400000e+01
    endloop
  endfacet
  facet normal 1.000000e+00 0.000000e+00 -2.161776e-14
    outer loop
      vertex   1.650000e+01 -1.643532e+01 2.400000e+01
      vertex   1.650000e+01 -8.665100e+00 2.367132e+01
      vertex   1.650000e+01 -8.552376e+00 2.400000e+01
    endloop
  endfacet
  facet normal 1.000000e+00 0.000000e+00 0.000000e+00
    outer loop
      vertex   1.650000e+01 -2.106020e+01 2.209989e+01
      vertex   1.650000e+01 -2.117243e+01 2.243800e+01
      vertex   1.650000e+01 -2.500000e+01 2.500000e+01
    endloop
  endfacet
  facet normal 1.000000e+00 0.000000e+00 0.000000e+00
    outer loop
      vertex   1.650000e+01 -2.500000e+01 2.500000e+01
      vertex   1.650000e+01 -2.117243e+01 2.243800e+01
      vertex   1.650000e+01 -2.123545e+01 2.278863e+01
    endloop
  endfacet
  facet normal 1.000000e+00 0.000000e+00 0.000000e+00
    outer loop
      vertex   1.650000e+01 -2.500000e+01 2.500000e+01
      vertex   1.650000e+01 -2.123545e+01 2.278863e+01
      vertex   1.650000e+01 -2.124800e+01 2.314466e+01
    endloop
  endfacet
  facet normal 1.000000e+00 0.000000e+00 -0.000000e+00
    outer loop
      vertex   1.650000e+01 -2.124800e+01 2.314466e+01
      vertex   1.650000e+01 -2.120982e+01 2.349886e+01
      vertex   1.650000e+01 -2.500000e+01 2.500000e+01
    endloop
  endfacet
  facet normal 1.000000e+00 0.000000e+00 0.000000e+00
    outer loop
      vertex   1.650000e+01 -2.500000e+01 2.500000e+01
      vertex   1.650000e+01 -2.120982e+01 2.349886e+01
      vertex   1.650000e+01 -2.112168e+01 2.384403e+01
    endloop
  endfacet
  facet normal 1.000000e+00 0.000000e+00 0.000000e+00
    outer loop
      vertex   1.650000e+01 -2.500000e+01 2.500000e+01
      vertex   1.650000e+01 -2.112168e+01 2.384403e+01
      vertex   1.650000e+01 -2.098538e+01 2.417317e+01
    endloop
  endfacet
  facet normal 1.000000e+00 0.000000e+00 -0.000000e+00
    outer loop
      vertex   1.650000e+01 -2.098538e+01 2.417317e+01
      vertex   1.650000e+01 -2.080367e+01 2.447960e+01
      vertex   1.650000e+01 -2.500000e+01 2.500000e+01
    endloop
  endfacet
  facet normal 1.000000e+00 0.000000e+00 0.000000e+00
    outer loop
      vertex   1.650000e+01 -2.500000e+01 2.500000e+01
      vertex   1.650000e+01 -2.080367e+01 2.447960e+01
      vertex   1.650000e+01 -2.058025e+01 2.475709e+01
    endloop
  endfacet
  facet normal 1.000000e+00 -1.518144e-15 -2.762219e-14
    outer loop
      vertex   1.650000e+01 -2.500000e+01 2.500000e+01
      vertex   1.650000e+01 -2.058025e+01 2.475709e+01
      vertex   1.650000e+01 -2.031966e+01 2.500000e+01
    endloop
  endfacet
  facet normal 1.000000e+00 0.000000e+00 0.000000e+00
    outer loop
      vertex   1.650000e+01 -2.059889e+01 3.737503e+00
      vertex   1.650000e+01 -2.500000e+01 2.500000e+01
      vertex   1.650000e+01 -2.081836e+01 3.459094e+00
    endloop
  endfacet
  facet normal 1.000000e+00 0.000000e+00 0.000000e+00
    outer loop
      vertex   1.650000e+01 -2.081836e+01 3.459094e+00
      vertex   1.650000e+01 -2.500000e+01 2.500000e+01
      vertex   1.650000e+01 -2.500000e+01 0.000000e+00
    endloop
  endfacet
  facet normal 1.000000e+00 0.000000e+00 0.000000e+00
    outer loop
      vertex   1.650000e+01 -2.081836e+01 3.459094e+00
      vertex   1.650000e+01 -2.500000e+01 0.000000e+00
      vertex   1.650000e+01 -2.099624e+01 3.152441e+00
    endloop
  endfacet
  facet normal 1.000000e+00 0.000000e+00 0.000000e+00
    outer loop
      vertex   1.650000e+01 -2.099624e+01 3.152441e+00
      vertex   1.650000e+01 -2.500000e+01 0.000000e+00
      vertex   1.650000e+01 -2.112896e+01 2.823709e+00
    endloop
  endfacet
  facet normal 1.000000e+00 0.000000e+00 0.000000e+00
    outer loop
      vertex   1.650000e+01 -2.112896e+01 2.823709e+00
      vertex   1.650000e+01 -2.500000e+01 0.000000e+00
      vertex   1.650000e+01 -2.121385e+01 2.479509e+00
    endloop
  endfacet
  facet normal 1.000000e+00 0.000000e+00 0.000000e+00
    outer loop
      vertex   1.650000e+01 -2.121385e+01 2.479509e+00
      vertex   1.650000e+01 -2.500000e+01 0.000000e+00
      vertex   1.650000e+01 -2.124920e+01 2.126763e+00
    endloop
  endfacet
  facet normal 1.000000e+00 0.000000e+00 0.000000e+00
    outer loop
      vertex   1.650000e+01 -2.124920e+01 2.126763e+00
      vertex   1.650000e+01 -2.500000e+01 0.000000e+00
      vertex   1.650000e+01 -2.123430e+01 1.772563e+00
    endloop
  endfacet
  facet normal 1.000000e+00 0.000000e+00 0.000000e+00
    outer loop
      vertex   1.650000e+01 -2.123430e+01 1.772563e+00
      vertex   1.650000e+01 -2.500000e+01 0.000000e+00
      vertex   1.650000e+01 -2.116944e+01 1.424033e+00
    endloop
  endfacet
  facet normal 1.000000e+00 0.000000e+00 0.000000e+00
    outer loop
      vertex   1.650000e+01 -2.116944e+01 1.424033e+00
      vertex   1.650000e+01 -2.500000e+01 0.000000e+00
      vertex   1.650000e+01 -2.105594e+01 1.088180e+00
    endloop
  endfacet
  facet normal 1.000000e+00 0.000000e+00 0.000000e+00
    outer loop
      vertex   1.650000e+01 -2.105594e+01 1.088180e+00
      vertex   1.650000e+01 -2.500000e+01 0.000000e+00
      vertex   1.650000e+01 -2.089608e+01 7.717591e-01
    endloop
  endfacet
  facet normal 1.000000e+00 0.000000e+00 0.000000e+00
    outer loop
      vertex   1.650000e+01 -2.089608e+01 7.717591e-01
      vertex   1.650000e+01 -2.500000e+01 0.000000e+00
      vertex   1.650000e+01 -2.069306e+01 4.811318e-01
    endloop
  endfacet
  facet normal 1.000000e+00 0.000000e+00 0.000000e+00
    outer loop
      vertex   1.650000e+01 -2.069306e+01 4.811318e-01
      vertex   1.650000e+01 -2.500000e+01 0.000000e+00
      vertex   1.650000e+01 -2.045098e+01 2.221428e-01
    endloop
  endfacet
  facet normal 1.000000e+00 -1.472535e-15 3.015444e-14
    outer loop
      vertex   1.650000e+01 -2.045098e+01 2.221428e-01
      vertex   1.650000e+01 -2.500000e+01 0.000000e+00
      vertex   1.650000e+01 -2.017470e+01 -1.665335e-15
    endloop
  endfacet
  facet normal 1.000000e+00 -0.000000e+00 -0.000000e+00
    outer loop
      vertex   1.650000e+01 -1.683809e+01 3.664975e+00
      vertex   1.650000e+01 -8.155369e+00 3.645432e+00
      vertex   1.650000e+01 -1.708511e+01 3.919254e+00
    endloop
  endfacet
  facet normal 1.000000e+00 0.000000e+00 0.000000e+00
    outer loop
      vertex   1.650000e+01 -1.708511e+01 3.919254e+00
      vertex   1.650000e+01 -8.155369e+00 3.645432e+00
      vertex   1.650000e+01 -7.909081e+00 3.896991e+00
    endloop
  endfacet
  facet normal 1.000000e+00 -0.000000e+00 0.000000e+00
    outer loop
      vertex   1.650000e+01 -1.708511e+01 3.919254e+00
      vertex   1.650000e+01 -7.909081e+00 3.896991e+00
      vertex   1.650000e+01 -7.629897e+00 4.111460e+00
    endloop
  endfacet
  facet normal 1.000000e+00 0.000000e+00 0.000000e+00
    outer loop
      vertex   1.650000e+01 -8.155369e+00 3.645432e+00
      vertex   1.650000e+01 -1.683809e+01 3.664975e+00
      vertex   1.650000e+01 -8.363879e+00 3.361770e+00
    endloop
  endfacet
  facet normal 1.000000e+00 0.000000e+00 0.000000e+00
    outer loop
      vertex   1.650000e+01 -8.363879e+00 3.361770e+00
      vertex   1.650000e+01 -1.683809e+01 3.664975e+00
      vertex   1.650000e+01 -1.662951e+01 3.378311e+00
    endloop
  endfacet
  facet normal 1.000000e+00 0.000000e+00 0.000000e+00
    outer loop
      vertex   1.650000e+01 -8.363879e+00 3.361770e+00
      vertex   1.650000e+01 -1.662951e+01 3.378311e+00
      vertex   1.650000e+01 -8.530475e+00 3.051631e+00
    endloop
  endfacet
  facet normal 1.000000e+00 0.000000e+00 0.000000e+00
    outer loop
      vertex   1.650000e+01 -8.530475e+00 3.051631e+00
      vertex   1.650000e+01 -1.662951e+01 3.378311e+00
      vertex   1.650000e+01 -1.646358e+01 3.065027e+00
    endloop
  endfacet
  facet normal 1.000000e+00 0.000000e+00 0.000000e+00
    outer loop
      vertex   1.650000e+01 -8.530475e+00 3.051631e+00
      vertex   1.650000e+01 -1.646358e+01 3.065027e+00
      vertex   1.650000e+01 -8.651854e+00 2.721165e+00
    endloop
  endfacet
  facet normal 1.000000e+00 0.000000e+00 0.000000e+00
    outer loop
      vertex   1.650000e+01 -8.651854e+00 2.721165e+00
      vertex   1.650000e+01 -1.646358e+01 3.065027e+00
      vertex   1.650000e+01 -1.634364e+01 2.731423e+00
    endloop
  endfacet
  facet normal 1.000000e+00 0.000000e+00 0.000000e+00
    outer loop
      vertex   1.650000e+01 -8.651854e+00 2.721165e+00
      vertex   1.650000e+01 -1.634364e+01 2.731423e+00
      vertex   1.650000e+01 -8.725608e+00 2.376926e+00
    endloop
  endfacet
  facet normal 1.000000e+00 0.000000e+00 0.000000e+00
    outer loop
      vertex   1.650000e+01 -8.725608e+00 2.376926e+00
      vertex   1.650000e+01 -1.634364e+01 2.731423e+00
      vertex   1.650000e+01 -1.627208e+01 2.384206e+00
    endloop
  endfacet
  facet normal 1.000000e+00 0.000000e+00 0.000000e+00
    outer loop
      vertex   1.650000e+01 -8.725608e+00 2.376926e+00
      vertex   1.650000e+01 -1.627208e+01 2.384206e+00
      vertex   1.650000e+01 -8.750275e+00 2.025740e+00
    endloop
  endfacet
  facet normal 1.000000e+00 0.000000e+00 0.000000e+00
    outer loop
      vertex   1.650000e+01 -8.750275e+00 2.025740e+00
      vertex   1.650000e+01 -1.627208e+01 2.384206e+00
      vertex   1.650000e+01 -1.625036e+01 2.030359e+00
    endloop
  endfacet
  facet normal 1.000000e+00 0.000000e+00 0.000000e+00
    outer loop
      vertex   1.650000e+01 -8.750275e+00 2.025740e+00
      vertex   1.650000e+01 -1.625036e+01 2.030359e+00
      vertex   1.650000e+01 -8.725367e+00 1.674570e+00
    endloop
  endfacet
  facet normal 1.000000e+00 0.000000e+00 0.000000e+00
    outer loop
      vertex   1.650000e+01 -8.725367e+00 1.674570e+00
      vertex   1.650000e+01 -1.625036e+01 2.030359e+00
      vertex   1.650000e+01 -1.627891e+01 1.676997e+00
    endloop
  endfacet
  facet normal 1.000000e+00 0.000000e+00 0.000000e+00
    outer loop
      vertex   1.650000e+01 -8.725367e+00 1.674570e+00
      vertex   1.650000e+01 -1.627891e+01 1.676997e+00
      vertex   1.650000e+01 -8.651376e+00 1.330382e+00
    endloop
  endfacet
  facet normal 1.000000e+00 0.000000e+00 0.000000e+00
    outer loop
      vertex   1.650000e+01 -8.651376e+00 1.330382e+00
      vertex   1.650000e+01 -1.627891e+01 1.676997e+00
      vertex   1.650000e+01 -1.635715e+01 1.331227e+00
    endloop
  endfacet
  facet normal 1.000000e+00 2.357459e-18 2.150756e-14
    outer loop
      vertex   1.650000e+01 -8.651376e+00 1.330382e+00
      vertex   1.650000e+01 -1.635715e+01 1.331227e+00
      vertex   1.650000e+01 -8.529770e+00 1.000000e+00
    endloop
  endfacet
  facet normal 1.000000e+00 5.988709e-31 2.145185e-14
    outer loop
      vertex   1.650000e+01 -8.529770e+00 1.000000e+00
      vertex   1.650000e+01 -1.635715e+01 1.331227e+00
      vertex   1.650000e+01 -1.648352e+01 1.000000e+00
    endloop
  endfacet
  facet normal 1.000000e+00 -5.880967e-15 -2.442600e-15
    outer loop
      vertex   1.650000e+01 -4.014746e+00 3.145709e+00
      vertex   1.650000e+01 -3.879709e+00 2.820585e+00
      vertex   1.650000e+01 -1.500000e+00 0.000000e+00
    endloop
  endfacet
  facet normal 1.000000e+00 -4.302906e-15 -1.111201e-15
    outer loop
      vertex   1.650000e+01 -1.500000e+00 0.000000e+00
      vertex   1.650000e+01 -3.879709e+00 2.820585e+00
      vertex   1.650000e+01 -3.791682e+00 2.479717e+00
    endloop
  endfacet
  facet normal 1.000000e+00 -3.529201e-15 -3.961654e-16
    outer loop
      vertex   1.650000e+01 -1.500000e+00 0.000000e+00
      vertex   1.650000e+01 -3.791682e+00 2.479717e+00
      vertex   1.650000e+01 -3.752409e+00 2.129862e+00
    endloop
  endfacet
  facet normal 1.000000e+00 -3.069941e-15 8.951926e-17
    outer loop
      vertex   1.650000e+01 -3.752409e+00 2.129862e+00
      vertex   1.650000e+01 -3.762671e+00 1.777960e+00
      vertex   1.650000e+01 -1.500000e+00 0.000000e+00
    endloop
  endfacet
  facet normal 1.000000e+00 -2.766876e-15 4.752064e-16
    outer loop
      vertex   1.650000e+01 -1.500000e+00 0.000000e+00
      vertex   1.650000e+01 -3.762671e+00 1.777960e+00
      vertex   1.650000e+01 -3.822262e+00 1.430989e+00
    endloop
  endfacet
  facet normal 1.000000e+00 -2.553826e-15 8.209514e-16
    outer loop
      vertex   1.650000e+01 -1.500000e+00 0.000000e+00
      vertex   1.650000e+01 -3.822262e+00 1.430989e+00
      vertex   1.650000e+01 -3.930003e+00 1.095829e+00
    endloop
  endfacet
  facet normal 1.000000e+00 -2.398858e-15 1.164595e-15
    outer loop
      vertex   1.650000e+01 -3.930003e+00 1.095829e+00
      vertex   1.650000e+01 -4.083755e+00 7.791262e-01
      vertex   1.650000e+01 -1.500000e+00 0.000000e+00
    endloop
  endfacet
  facet normal 1.000000e+00 -2.285657e-15 1.539995e-15
    outer loop
      vertex   1.650000e+01 -1.500000e+00 0.000000e+00
      vertex   1.650000e+01 -4.083755e+00 7.791262e-01
      vertex   1.650000e+01 -4.280471e+00 4.871616e-01
    endloop
  endfacet
  facet normal 1.000000e+00 -2.206779e-15 1.990190e-15
    outer loop
      vertex   1.650000e+01 -1.500000e+00 0.000000e+00
      vertex   1.650000e+01 -4.280471e+00 4.871616e-01
      vertex   1.650000e+01 -4.516248e+00 2.257247e-01
    endloop
  endfacet
  facet normal 1.000000e+00 1.081031e-15 4.592357e-14
    outer loop
      vertex   1.650000e+01 -4.516248e+00 2.257247e-01
      vertex   1.650000e+01 -4.786412e+00 0.000000e+00
      vertex   1.650000e+01 -1.500000e+00 0.000000e+00
    endloop
  endfacet
  facet normal -9.914449e-01 -1.305262e-01 -0.000000e+00
    outer loop
      vertex   6.829555e+00 -2.344709e+00 5.000000e+00
      vertex   6.829555e+00 -2.344709e+00 3.000000e+00
      vertex   6.850000e+00 -2.500000e+00 5.000000e+00
    endloop
  endfacet
  facet normal -9.914449e-01 -1.305262e-01 -0.000000e+00
    outer loop
      vertex   6.850000e+00 -2.500000e+00 5.000000e+00
      vertex   6.829555e+00 -2.344709e+00 3.000000e+00
      vertex   6.850000e+00 -2.500000e+00 3.000000e+00
    endloop
  endfacet
  facet normal -9.914449e-01 1.305262e-01 0.000000e+00
    outer loop
      vertex   6.850000e+00 -2.500000e+00 5.000000e+00
      vertex   6.850000e+00 -2.500000e+00 3.000000e+00
      vertex   6.829555e+00 -2.655291e+00 5.000000e+00
    endloop
  endfacet
  facet normal -9.914449e-01 1.305262e-01 0.000000e+00
    outer loop
      vertex   6.829555e+00 -2.655291e+00 5.000000e+00
      vertex   6.850000e+00 -2.500000e+00 3.000000e+00
      vertex   6.829555e+00 -2.655291e+00 3.000000e+00
    endloop
  endfacet
  facet normal -9.238795e-01 3.826834e-01 0.000000e+00
    outer loop
      vertex   6.829555e+00 -2.655291e+00 5.000000e+00
      vertex   6.829555e+00 -2.655291e+00 3.000000e+00
      vertex   6.769615e+00 -2.800000e+00 5.000000e+00
    endloop
  endfacet
  facet normal -9.238795e-01 3.826834e-01 0.000000e+00
    outer loop
      vertex   6.769615e+00 -2.800000e+00 5.000000e+00
      vertex   6.829555e+00 -2.655291e+00 3.000000e+00
      vertex   6.769615e+00 -2.800000e+00 3.000000e+00
    endloop
  endfacet
  facet normal -7.933533e-01 6.087614e-01 0.000000e+00
    outer loop
      vertex   6.769615e+00 -2.800000e+00 5.000000e+00
      vertex   6.769615e+00 -2.800000e+00 3.000000e+00
      vertex   6.674264e+00 -2.924264e+00 5.000000e+00
    endloop
  endfacet
  facet normal -7.933533e-01 6.087614e-01 0.000000e+00
    outer loop
      vertex   6.674264e+00 -2.924264e+00 5.000000e+00
      vertex   6.769615e+00 -2.800000e+00 3.000000e+00
      vertex   6.674264e+00 -2.924264e+00 3.000000e+00
    endloop
  endfacet
  facet normal -6.087614e-01 7.933533e-01 0.000000e+00
    outer loop
      vertex   6.674264e+00 -2.924264e+00 5.000000e+00
      vertex   6.674264e+00 -2.924264e+00 3.000000e+00
      vertex   6.550000e+00 -3.019615e+00 5.000000e+00
    endloop
  endfacet
  facet normal -6.087614e-01 7.933533e-01 0.000000e+00
    outer loop
      vertex   6.550000e+00 -3.019615e+00 5.000000e+00
      vertex   6.674264e+00 -2.924264e+00 3.000000e+00
      vertex   6.550000e+00 -3.019615e+00 3.000000e+00
    endloop
  endfacet
  facet normal -3.826834e-01 9.238795e-01 0.000000e+00
    outer loop
      vertex   6.550000e+00 -3.019615e+00 5.000000e+00
      vertex   6.550000e+00 -3.019615e+00 3.000000e+00
      vertex   6.405291e+00 -3.079555e+00 5.000000e+00
    endloop
  endfacet
  facet normal -3.826834e-01 9.238795e-01 0.000000e+00
    outer loop
      vertex   6.405291e+00 -3.079555e+00 5.000000e+00
      vertex   6.550000e+00 -3.019615e+00 3.000000e+00
      vertex   6.405291e+00 -3.079555e+00 3.000000e+00
    endloop
  endfacet
  facet normal -1.305262e-01 9.914449e-01 0.000000e+00
    outer loop
      vertex   6.405291e+00 -3.079555e+00 5.000000e+00
      vertex   6.405291e+00 -3.079555e+00 3.000000e+00
      vertex   6.250000e+00 -3.100000e+00 5.000000e+00
    endloop
  endfacet
  facet normal -1.305262e-01 9.914449e-01 0.000000e+00
    outer loop
      vertex   6.250000e+00 -3.100000e+00 5.000000e+00
      vertex   6.405291e+00 -3.079555e+00 3.000000e+00
      vertex   6.250000e+00 -3.100000e+00 3.000000e+00
    endloop
  endfacet
  facet normal 1.305262e-01 9.914449e-01 0.000000e+00
    outer loop
      vertex   6.250000e+00 -3.100000e+00 5.000000e+00
      vertex   6.250000e+00 -3.100000e+00 3.000000e+00
      vertex   6.094709e+00 -3.079555e+00 5.000000e+00
    endloop
  endfacet
  facet normal 1.305262e-01 9.914449e-01 0.000000e+00
    outer loop
      vertex   6.094709e+00 -3.079555e+00 5.000000e+00
      vertex   6.250000e+00 -3.100000e+00 3.000000e+00
      vertex   6.094709e+00 -3.079555e+00 3.000000e+00
    endloop
  endfacet
  facet normal 3.826834e-01 9.238795e-01 0.000000e+00
    outer loop
      vertex   6.094709e+00 -3.079555e+00 5.000000e+00
      vertex   6.094709e+00 -3.079555e+00 3.000000e+00
      vertex   5.950000e+00 -3.019615e+00 5.000000e+00
    endloop
  endfacet
  facet normal 3.826834e-01 9.238795e-01 0.000000e+00
    outer loop
      vertex   5.950000e+00 -3.019615e+00 5.000000e+00
      vertex   6.094709e+00 -3.079555e+00 3.000000e+00
      vertex   5.950000e+00 -3.019615e+00 3.000000e+00
    endloop
  endfacet
  facet normal 6.087614e-01 7.933533e-01 0.000000e+00
    outer loop
      vertex   5.950000e+00 -3.019615e+00 5.000000e+00
      vertex   5.950000e+00 -3.019615e+00 3.000000e+00
      vertex   5.825736e+00 -2.924264e+00 5.000000e+00
    endloop
  endfacet
  facet normal 6.087614e-01 7.933533e-01 0.000000e+00
    outer loop
      vertex   5.825736e+00 -2.924264e+00 5.000000e+00
      vertex   5.950000e+00 -3.019615e+00 3.000000e+00
      vertex   5.825736e+00 -2.924264e+00 3.000000e+00
    endloop
  endfacet
  facet normal 7.933533e-01 6.087614e-01 0.000000e+00
    outer loop
      vertex   5.825736e+00 -2.924264e+00 5.000000e+00
      vertex   5.825736e+00 -2.924264e+00 3.000000e+00
      vertex   5.730385e+00 -2.800000e+00 5.000000e+00
    endloop
  endfacet
  facet normal 7.933533e-01 6.087614e-01 0.000000e+00
    outer loop
      vertex   5.730385e+00 -2.800000e+00 5.000000e+00
      vertex   5.825736e+00 -2.924264e+00 3.000000e+00
      vertex   5.730385e+00 -2.800000e+00 3.000000e+00
    endloop
  endfacet
  facet normal 9.238795e-01 3.826834e-01 0.000000e+00
    outer loop
      vertex   5.730385e+00 -2.800000e+00 5.000000e+00
      vertex   5.730385e+00 -2.800000e+00 3.000000e+00
      vertex   5.670445e+00 -2.655291e+00 5.000000e+00
    endloop
  endfacet
  facet normal 9.238795e-01 3.826834e-01 0.000000e+00
    outer loop
      vertex   5.670445e+00 -2.655291e+00 5.000000e+00
      vertex   5.730385e+00 -2.800000e+00 3.000000e+00
      vertex   5.670445e+00 -2.655291e+00 3.000000e+00
    endloop
  endfacet
  facet normal 9.914449e-01 1.305262e-01 0.000000e+00
    outer loop
      vertex   5.670445e+00 -2.655291e+00 5.000000e+00
      vertex   5.670445e+00 -2.655291e+00 3.000000e+00
      vertex   5.650000e+00 -2.500000e+00 5.000000e+00
    endloop
  endfacet
  facet normal 9.914449e-01 1.305262e-01 0.000000e+00
    outer loop
      vertex   5.650000e+00 -2.500000e+00 5.000000e+00
      vertex   5.670445e+00 -2.655291e+00 3.000000e+00
      vertex   5.650000e+00 -2.500000e+00 3.000000e+00
    endloop
  endfacet
  facet normal 9.914449e-01 -1.305262e-01 0.000000e+00
    outer loop
      vertex   5.650000e+00 -2.500000e+00 5.000000e+00
      vertex   5.650000e+00 -2.500000e+00 3.000000e+00
      vertex   5.670445e+00 -2.344709e+00 5.000000e+00
    endloop
  endfacet
  facet normal 9.914449e-01 -1.305262e-01 0.000000e+00
    outer loop
      vertex   5.670445e+00 -2.344709e+00 5.000000e+00
      vertex   5.650000e+00 -2.500000e+00 3.000000e+00
      vertex   5.670445e+00 -2.344709e+00 3.000000e+00
    endloop
  endfacet
  facet normal 9.238795e-01 -3.826834e-01 0.000000e+00
    outer loop
      vertex   5.670445e+00 -2.344709e+00 5.000000e+00
      vertex   5.670445e+00 -2.344709e+00 3.000000e+00
      vertex   5.730385e+00 -2.200000e+00 5.000000e+00
    endloop
  endfacet
  facet normal 9.238795e-01 -3.826834e-01 0.000000e+00
    outer loop
      vertex   5.730385e+00 -2.200000e+00 5.000000e+00
      vertex   5.670445e+00 -2.344709e+00 3.000000e+00
      vertex   5.730385e+00 -2.200000e+00 3.000000e+00
    endloop
  endfacet
  facet normal 7.933533e-01 -6.087614e-01 0.000000e+00
    outer loop
      vertex   5.730385e+00 -2.200000e+00 5.000000e+00
      vertex   5.730385e+00 -2.200000e+00 3.000000e+00
      vertex   5.825736e+00 -2.075736e+00 5.000000e+00
    endloop
  endfacet
  facet normal 7.933533e-01 -6.087614e-01 0.000000e+00
    outer loop
      vertex   5.825736e+00 -2.075736e+00 5.000000e+00
      vertex   5.730385e+00 -2.200000e+00 3.000000e+00
      vertex   5.825736e+00 -2.075736e+00 3.000000e+00
    endloop
  endfacet
  facet normal 6.087614e-01 -7.933533e-01 0.000000e+00
    outer loop
      vertex   5.825736e+00 -2.075736e+00 5.000000e+00
      vertex   5.825736e+00 -2.075736e+00 3.000000e+00
      vertex   5.950000e+00 -1.980385e+00 5.000000e+00
    endloop
  endfacet
  facet normal 6.087614e-01 -7.933533e-01 0.000000e+00
    outer loop
      vertex   5.950000e+00 -1.980385e+00 5.000000e+00
      vertex   5.825736e+00 -2.075736e+00 3.000000e+00
      vertex   5.950000e+00 -1.980385e+00 3.000000e+00
    endloop
  endfacet
  facet normal 3.826834e-01 -9.238795e-01 0.000000e+00
    outer loop
      vertex   5.950000e+00 -1.980385e+00 5.000000e+00
      vertex   5.950000e+00 -1.980385e+00 3.000000e+00
      vertex   6.094709e+00 -1.920445e+00 5.000000e+00
    endloop
  endfacet
  facet normal 3.826834e-01 -9.238795e-01 0.000000e+00
    outer loop
      vertex   6.094709e+00 -1.920445e+00 5.000000e+00
      vertex   5.950000e+00 -1.980385e+00 3.000000e+00
      vertex   6.094709e+00 -1.920445e+00 3.000000e+00
    endloop
  endfacet
  facet normal 1.305262e-01 -9.914449e-01 0.000000e+00
    outer loop
      vertex   6.094709e+00 -1.920445e+00 5.000000e+00
      vertex   6.094709e+00 -1.920445e+00 3.000000e+00
      vertex   6.250000e+00 -1.900000e+00 5.000000e+00
    endloop
  endfacet
  facet normal 1.305262e-01 -9.914449e-01 0.000000e+00
    outer loop
      vertex   6.250000e+00 -1.900000e+00 5.000000e+00
      vertex   6.094709e+00 -1.920445e+00 3.000000e+00
      vertex   6.250000e+00 -1.900000e+00 3.000000e+00
    endloop
  endfacet
  facet normal -1.305262e-01 -9.914449e-01 -0.000000e+00
    outer loop
      vertex   6.250000e+00 -1.900000e+00 5.000000e+00
      vertex   6.250000e+00 -1.900000e+00 3.000000e+00
      vertex   6.405291e+00 -1.920445e+00 5.000000e+00
    endloop
  endfacet
  facet normal -1.305262e-01 -9.914449e-01 -0.000000e+00
    outer loop
      vertex   6.405291e+00 -1.920445e+00 5.000000e+00
      vertex   6.250000e+00 -1.900000e+00 3.000000e+00
      vertex   6.405291e+00 -1.920445e+00 3.000000e+00
    endloop
  endfacet
  facet normal -3.826834e-01 -9.238795e-01 -0.000000e+00
    outer loop
      vertex   6.405291e+00 -1.920445e+00 5.000000e+00
      vertex   6.405291e+00 -1.920445e+00 3.000000e+00
      vertex   6.550000e+00 -1.980385e+00 5.000000e+00
    endloop
  endfacet
  facet normal -3.826834e-01 -9.238795e-01 -0.000000e+00
    outer loop
      vertex   6.550000e+00 -1.980385e+00 5.000000e+00
      vertex   6.405291e+00 -1.920445e+00 3.000000e+00
      vertex   6.550000e+00 -1.980385e+00 3.000000e+00
    endloop
  endfacet
  facet normal -6.087614e-01 -7.933533e-01 -0.000000e+00
    outer loop
      vertex   6.550000e+00 -1.980385e+00 5.000000e+00
      vertex   6.550000e+00 -1.980385e+00 3.000000e+00
      vertex   6.674264e+00 -2.075736e+00 5.000000e+00
    endloop
  endfacet
  facet normal -6.087614e-01 -7.933533e-01 -0.000000e+00
    outer loop
      vertex   6.674264e+00 -2.075736e+00 5.000000e+00
      vertex   6.550000e+00 -1.980385e+00 3.000000e+00
      vertex   6.674264e+00 -2.075736e+00 3.000000e+00
    endloop
  endfacet
  facet normal -7.933533e-01 -6.087614e-01 -0.000000e+00
    outer loop
      vertex   6.674264e+00 -2.075736e+00 5.000000e+00
      vertex   6.674264e+00 -2.075736e+00 3.000000e+00
      vertex   6.769615e+00 -2.200000e+00 5.000000e+00
    endloop
  endfacet
  facet normal -7.933533e-01 -6.087614e-01 -0.000000e+00
    outer loop
      vertex   6.769615e+00 -2.200000e+00 5.000000e+00
      vertex   6.674264e+00 -2.075736e+00 3.000000e+00
      vertex   6.769615e+00 -2.200000e+00 3.000000e+00
    endloop
  endfacet
  facet normal -9.238795e-01 -3.826834e-01 -0.000000e+00
    outer loop
      vertex   6.769615e+00 -2.200000e+00 5.000000e+00
      vertex   6.769615e+00 -2.200000e+00 3.000000e+00
      vertex   6.829555e+00 -2.344709e+00 5.000000e+00
    endloop
  endfacet
  facet normal -9.238795e-01 -3.826834e-01 -0.000000e+00
    outer loop
      vertex   6.829555e+00 -2.344709e+00 5.000000e+00
      vertex   6.769615e+00 -2.200000e+00 3.000000e+00
      vertex   6.829555e+00 -2.344709e+00 3.000000e+00
    endloop
  endfacet
  facet normal 0.000000e+00 0.000000e+00 -1.000000e+00
    outer loop
      vertex   6.829555e+00 -2.655291e+00 5.000000e+00
      vertex   5.670445e+00 -2.655291e+00 5.000000e+00
      vertex   6.850000e+00 -2.500000e+00 5.000000e+00
    endloop
  endfacet
  facet normal -0.000000e+00 0.000000e+00 -1.000000e+00
    outer loop
      vertex   6.850000e+00 -2.500000e+00 5.000000e+00
      vertex   5.670445e+00 -2.655291e+00 5.000000e+00
      vertex   5.650000e+00 -2.500000e+00 5.000000e+00
    endloop
  endfacet
  facet normal 0.000000e+00 0.000000e+00 -1.000000e+00
    outer loop
      vertex   6.850000e+00 -2.500000e+00 5.000000e+00
      vertex   5.650000e+00 -2.500000e+00 5.000000e+00
      vertex   6.829555e+00 -2.344709e+00 5.000000e+00
    endloop
  endfacet
  facet normal -0.000000e+00 0.000000e+00 -1.000000e+00
    outer loop
      vertex   6.829555e+00 -2.344709e+00 5.000000e+00
      vertex   5.650000e+00 -2.500000e+00 5.000000e+00
      vertex   5.670445e+00 -2.344709e+00 5.000000e+00
    endloop
  endfacet
  facet normal 0.000000e+00 0.000000e+00 -1.000000e+00
    outer loop
      vertex   6.829555e+00 -2.344709e+00 5.000000e+00
      vertex   5.670445e+00 -2.344709e+00 5.000000e+00
      vertex   6.769615e+00 -2.200000e+00 5.000000e+00
    endloop
  endfacet
  facet normal -0.000000e+00 0.000000e+00 -1.000000e+00
    outer loop
      vertex   6.769615e+00 -2.200000e+00 5.000000e+00
      vertex   5.670445e+00 -2.344709e+00 5.000000e+00
      vertex   5.730385e+00 -2.200000e+00 5.000000e+00
    endloop
  endfacet
  facet normal 0.000000e+00 0.000000e+00 -1.000000e+00
    outer loop
      vertex   6.769615e+00 -2.200000e+00 5.000000e+00
      vertex   5.730385e+00 -2.200000e+00 5.000000e+00
      vertex   6.674264e+00 -2.075736e+00 5.000000e+00
    endloop
  endfacet
  facet normal -0.000000e+00 0.000000e+00 -1.000000e+00
    outer loop
      vertex   6.674264e+00 -2.075736e+00 5.000000e+00
      vertex   5.730385e+00 -2.200000e+00 5.000000e+00
      vertex   5.825736e+00 -2.075736e+00 5.000000e+00
    endloop
  endfacet
  facet normal 0.000000e+00 0.000000e+00 -1.000000e+00
    outer loop
      vertex   6.674264e+00 -2.075736e+00 5.000000e+00
      vertex   5.825736e+00 -2.075736e+00 5.000000e+00
      vertex   6.550000e+00 -1.980385e+00 5.000000e+00
    endloop
  endfacet
  facet normal -0.000000e+00 0.000000e+00 -1.000000e+00
    outer loop
      vertex   6.550000e+00 -1.980385e+00 5.000000e+00
      vertex   5.825736e+00 -2.075736e+00 5.000000e+00
      vertex   5.950000e+00 -1.980385e+00 5.000000e+00
    endloop
  endfacet
  facet normal 0.000000e+00 0.000000e+00 -1.000000e+00
    outer loop
      vertex   6.550000e+00 -1.980385e+00 5.000000e+00
      vertex   5.950000e+00 -1.980385e+00 5.000000e+00
      vertex   6.405291e+00 -1.920445e+00 5.000000e+00
    endloop
  endfacet
  facet normal -0.000000e+00 0.000000e+00 -1.000000e+00
    outer loop
      vertex   6.405291e+00 -1.920445e+00 5.000000e+00
      vertex   5.950000e+00 -1.980385e+00 5.000000e+00
      vertex   6.094709e+00 -1.920445e+00 5.000000e+00
    endloop
  endfacet
  facet normal 0.000000e+00 0.000000e+00 -1.000000e+00
    outer loop
      vertex   6.405291e+00 -1.920445e+00 5.000000e+00
      vertex   6.094709e+00 -1.920445e+00 5.000000e+00
      vertex   6.250000e+00 -1.900000e+00 5.000000e+00
    endloop
  endfacet
  facet normal 0.000000e+00 0.000000e+00 -1.000000e+00
    outer loop
      vertex   5.670445e+00 -2.655291e+00 5.000000e+00
      vertex   6.829555e+00 -2.655291e+00 5.000000e+00
      vertex   5.730385e+00 -2.800000e+00 5.000000e+00
    endloop
  endfacet
  facet normal 0.000000e+00 0.000000e+00 -1.000000e+00
    outer loop
      vertex   5.730385e+00 -2.800000e+00 5.000000e+00
      vertex   6.829555e+00 -2.655291e+00 5.000000e+00
      vertex   6.769615e+00 -2.800000e+00 5.000000e+00
    endloop
  endfacet
  facet normal 0.000000e+00 0.000000e+00 -1.000000e+00
    outer loop
      vertex   5.730385e+00 -2.800000e+00 5.000000e+00
      vertex   6.769615e+00 -2.800000e+00 5.000000e+00
      vertex   5.825736e+00 -2.924264e+00 5.000000e+00
    endloop
  endfacet
  facet normal 0.000000e+00 0.000000e+00 -1.000000e+00
    outer loop
      vertex   5.825736e+00 -2.924264e+00 5.000000e+00
      vertex   6.769615e+00 -2.800000e+00 5.000000e+00
      vertex   6.674264e+00 -2.924264e+00 5.000000e+00
    endloop
  endfacet
  facet normal 0.000000e+00 0.000000e+00 -1.000000e+00
    outer loop
      vertex   5.825736e+00 -2.924264e+00 5.000000e+00
      vertex   6.674264e+00 -2.924264e+00 5.000000e+00
      vertex   5.950000e+00 -3.019615e+00 5.000000e+00
    endloop
  endfacet
  facet normal 0.000000e+00 0.000000e+00 -1.000000e+00
    outer loop
      vertex   5.950000e+00 -3.019615e+00 5.000000e+00
      vertex   6.674264e+00 -2.924264e+00 5.000000e+00
      vertex   6.550000e+00 -3.019615e+00 5.000000e+00
    endloop
  endfacet
  facet normal 0.000000e+00 0.000000e+00 -1.000000e+00
    outer loop
      vertex   5.950000e+00 -3.019615e+00 5.000000e+00
      vertex   6.550000e+00 -3.019615e+00 5.000000e+00
      vertex   6.094709e+00 -3.079555e+00 5.000000e+00
    endloop
  endfacet
  facet normal 0.000000e+00 0.000000e+00 -1.000000e+00
    outer loop
      vertex   6.094709e+00 -3.079555e+00 5.000000e+00
      vertex   6.550000e+00 -3.019615e+00 5.000000e+00
      vertex   6.405291e+00 -3.079555e+00 5.000000e+00
    endloop
  endfacet
  facet normal 0.000000e+00 0.000000e+00 -1.000000e+00
    outer loop
      vertex   6.094709e+00 -3.079555e+00 5.000000e+00
      vertex   6.405291e+00 -3.079555e+00 5.000000e+00
      vertex   6.250000e+00 -3.100000e+00 5.000000e+00
    endloop
  endfacet
  facet normal 0.000000e+00 1.045285e-01 -9.945219e-01
    outer loop
      vertex   2.000000e+01 -6.483563e+00 2.412702e+01
      vertex   1.650000e+01 -6.483563e+00 2.412702e+01
      vertex   2.000000e+01 -6.249662e+00 2.415160e+01
    endloop
  endfacet
  facet normal 0.000000e+00 1.045285e-01 -9.945219e-01
    outer loop
      vertex   2.000000e+01 -6.249662e+00 2.415160e+01
      vertex   1.650000e+01 -6.483563e+00 2.412702e+01
      vertex   1.650000e+01 -6.249662e+00 2.415160e+01
    endloop
  endfacet
  facet normal -0.000000e+00 -1.045285e-01 -9.945219e-01
    outer loop
      vertex   2.000000e+01 -6.249662e+00 2.415160e+01
      vertex   1.650000e+01 -6.249662e+00 2.415160e+01
      vertex   2.000000e+01 -6.015761e+00 2.412702e+01
    endloop
  endfacet
  facet normal -0.000000e+00 -1.045285e-01 -9.945219e-01
    outer loop
      vertex   2.000000e+01 -6.015761e+00 2.412702e+01
      vertex   1.650000e+01 -6.249662e+00 2.415160e+01
      vertex   1.650000e+01 -6.015761e+00 2.412702e+01
    endloop
  endfacet
  facet normal -0.000000e+00 -3.090170e-01 -9.510565e-01
    outer loop
      vertex   2.000000e+01 -6.015761e+00 2.412702e+01
      vertex   1.650000e+01 -6.015761e+00 2.412702e+01
      vertex   2.000000e+01 -5.792083e+00 2.405434e+01
    endloop
  endfacet
  facet normal -7.841778e-17 -3.090170e-01 -9.510565e-01
    outer loop
      vertex   2.000000e+01 -5.792083e+00 2.405434e+01
      vertex   1.650000e+01 -6.015761e+00 2.412702e+01
      vertex   1.650000e+01 -5.792083e+00 2.405434e+01
    endloop
  endfacet
  facet normal -1.268826e-16 -5.000000e-01 -8.660254e-01
    outer loop
      vertex   2.000000e+01 -5.792083e+00 2.405434e+01
      vertex   1.650000e+01 -5.792083e+00 2.405434e+01
      vertex   2.000000e+01 -5.588403e+00 2.393674e+01
    endloop
  endfacet
  facet normal -0.000000e+00 -5.000000e-01 -8.660254e-01
    outer loop
      vertex   2.000000e+01 -5.588403e+00 2.393674e+01
      vertex   1.650000e+01 -5.792083e+00 2.405434e+01
      vertex   1.650000e+01 -5.588403e+00 2.393674e+01
    endloop
  endfacet
  facet normal -0.000000e+00 -6.691306e-01 -7.431448e-01
    outer loop
      vertex   2.000000e+01 -5.588403e+00 2.393674e+01
      vertex   1.650000e+01 -5.588403e+00 2.393674e+01
      vertex   2.000000e+01 -5.413624e+00 2.377937e+01
    endloop
  endfacet
  facet normal -1.698021e-16 -6.691306e-01 -7.431448e-01
    outer loop
      vertex   2.000000e+01 -5.413624e+00 2.377937e+01
      vertex   1.650000e+01 -5.588403e+00 2.393674e+01
      vertex   1.650000e+01 -5.413624e+00 2.377937e+01
    endloop
  endfacet
  facet normal -2.053004e-16 -8.090170e-01 -5.877853e-01
    outer loop
      vertex   2.000000e+01 -5.413624e+00 2.377937e+01
      vertex   1.650000e+01 -5.413624e+00 2.377937e+01
      vertex   2.000000e+01 -5.275383e+00 2.358910e+01
    endloop
  endfacet
  facet normal -2.053004e-16 -8.090170e-01 -5.877853e-01
    outer loop
      vertex   2.000000e+01 -5.275383e+00 2.358910e+01
      vertex   1.650000e+01 -5.413624e+00 2.377937e+01
      vertex   1.650000e+01 -5.275383e+00 2.358910e+01
    endloop
  endfacet
  facet normal -2.318261e-16 -9.135455e-01 -4.067366e-01
    outer loop
      vertex   2.000000e+01 -5.275383e+00 2.358910e+01
      vertex   1.650000e+01 -5.275383e+00 2.358910e+01
      vertex   2.000000e+01 -5.179723e+00 2.337424e+01
    endloop
  endfacet
  facet normal -0.000000e+00 -9.135455e-01 -4.067366e-01
    outer loop
      vertex   2.000000e+01 -5.179723e+00 2.337424e+01
      vertex   1.650000e+01 -5.275383e+00 2.358910e+01
      vertex   1.650000e+01 -5.179723e+00 2.337424e+01
    endloop
  endfacet
  facet normal -0.000000e+00 -9.781476e-01 -2.079117e-01
    outer loop
      vertex   2.000000e+01 -5.179723e+00 2.337424e+01
      vertex   1.650000e+01 -5.179723e+00 2.337424e+01
      vertex   2.000000e+01 -5.130825e+00 2.314419e+01
    endloop
  endfacet
  facet normal -0.000000e+00 -9.781476e-01 -2.079117e-01
    outer loop
      vertex   2.000000e+01 -5.130825e+00 2.314419e+01
      vertex   1.650000e+01 -5.179723e+00 2.337424e+01
      vertex   1.650000e+01 -5.130825e+00 2.314419e+01
    endloop
  endfacet
  facet normal -0.000000e+00 -1.000000e+00 -0.000000e+00
    outer loop
      vertex   2.000000e+01 -5.130825e+00 2.314419e+01
      vertex   1.650000e+01 -5.130825e+00 2.314419e+01
      vertex   2.000000e+01 -5.130825e+00 2.290900e+01
    endloop
  endfacet
  facet normal 0.000000e+00 -1.000000e+00 0.000000e+00
    outer loop
      vertex   2.000000e+01 -5.130825e+00 2.290900e+01
      vertex   1.650000e+01 -5.130825e+00 2.314419e+01
      vertex   1.650000e+01 -5.130825e+00 2.290900e+01
    endloop
  endfacet
  facet normal 0.000000e+00 -9.781476e-01 2.079117e-01
    outer loop
      vertex   2.000000e+01 -5.130825e+00 2.290900e+01
      vertex   1.650000e+01 -5.130825e+00 2.290900e+01
      vertex   2.000000e+01 -5.179723e+00 2.267896e+01
    endloop
  endfacet
  facet normal 0.000000e+00 -9.781476e-01 2.079117e-01
    outer loop
      vertex   2.000000e+01 -5.179723e+00 2.267896e+01
      vertex   1.650000e+01 -5.130825e+00 2.290900e+01
      vertex   1.650000e+01 -5.179723e+00 2.267896e+01
    endloop
  endfacet
  facet normal 0.000000e+00 -9.135455e-01 4.067366e-01
    outer loop
      vertex   2.000000e+01 -5.179723e+00 2.267896e+01
      vertex   1.650000e+01 -5.179723e+00 2.267896e+01
      vertex   2.000000e+01 -5.275383e+00 2.246410e+01
    endloop
  endfacet
  facet normal 2.318261e-16 -9.135455e-01 4.067366e-01
    outer loop
      vertex   2.000000e+01 -5.275383e+00 2.246410e+01
      vertex   1.650000e+01 -5.179723e+00 2.267896e+01
      vertex   1.650000e+01 -5.275383e+00 2.246410e+01
    endloop
  endfacet
  facet normal 2.053004e-16 -8.090170e-01 5.877853e-01
    outer loop
      vertex   2.000000e+01 -5.275383e+00 2.246410e+01
      vertex   1.650000e+01 -5.275383e+00 2.246410e+01
      vertex   2.000000e+01 -5.413624e+00 2.227383e+01
    endloop
  endfacet
  facet normal 2.053004e-16 -8.090170e-01 5.877853e-01
    outer loop
      vertex   2.000000e+01 -5.413624e+00 2.227383e+01
      vertex   1.650000e+01 -5.275383e+00 2.246410e+01
      vertex   1.650000e+01 -5.413624e+00 2.227383e+01
    endloop
  endfacet
  facet normal 1.698021e-16 -6.691306e-01 7.431448e-01
    outer loop
      vertex   2.000000e+01 -5.413624e+00 2.227383e+01
      vertex   1.650000e+01 -5.413624e+00 2.227383e+01
      vertex   2.000000e+01 -5.588403e+00 2.211646e+01
    endloop
  endfacet
  facet normal 0.000000e+00 -6.691306e-01 7.431448e-01
    outer loop
      vertex   2.000000e+01 -5.588403e+00 2.211646e+01
      vertex   1.650000e+01 -5.413624e+00 2.227383e+01
      vertex   1.650000e+01 -5.588403e+00 2.211646e+01
    endloop
  endfacet
  facet normal 0.000000e+00 -5.000000e-01 8.660254e-01
    outer loop
      vertex   2.000000e+01 -5.588403e+00 2.211646e+01
      vertex   1.650000e+01 -5.588403e+00 2.211646e+01
      vertex   2.000000e+01 -5.792083e+00 2.199886e+01
    endloop
  endfacet
  facet normal 0.000000e+00 -5.000000e-01 8.660254e-01
    outer loop
      vertex   2.000000e+01 -5.792083e+00 2.199886e+01
      vertex   1.650000e+01 -5.588403e+00 2.211646e+01
      vertex   1.650000e+01 -5.792083e+00 2.199886e+01
    endloop
  endfacet
  facet normal 0.000000e+00 -3.090170e-01 9.510565e-01
    outer loop
      vertex   2.000000e+01 -5.792083e+00 2.199886e+01
      vertex   1.650000e+01 -5.792083e+00 2.199886e+01
      vertex   2.000000e+01 -6.015761e+00 2.192618e+01
    endloop
  endfacet
  facet normal 7.841778e-17 -3.090170e-01 9.510565e-01
    outer loop
      vertex   2.000000e+01 -6.015761e+00 2.192618e+01
      vertex   1.650000e+01 -5.792083e+00 2.199886e+01
      vertex   1.650000e+01 -6.015761e+00 2.192618e+01
    endloop
  endfacet
  facet normal 2.652569e-17 -1.045285e-01 9.945219e-01
    outer loop
      vertex   2.000000e+01 -6.015761e+00 2.192618e+01
      vertex   1.650000e+01 -6.015761e+00 2.192618e+01
      vertex   2.000000e+01 -6.249662e+00 2.190160e+01
    endloop
  endfacet
  facet normal 0.000000e+00 -1.045285e-01 9.945219e-01
    outer loop
      vertex   2.000000e+01 -6.249662e+00 2.190160e+01
      vertex   1.650000e+01 -6.015761e+00 2.192618e+01
      vertex   1.650000e+01 -6.249662e+00 2.190160e+01
    endloop
  endfacet
  facet normal 0.000000e+00 1.045285e-01 9.945219e-01
    outer loop
      vertex   2.000000e+01 -6.249662e+00 2.190160e+01
      vertex   1.650000e+01 -6.249662e+00 2.190160e+01
      vertex   2.000000e+01 -6.483563e+00 2.192618e+01
    endloop
  endfacet
  facet normal -2.652569e-17 1.045285e-01 9.945219e-01
    outer loop
      vertex   2.000000e+01 -6.483563e+00 2.192618e+01
      vertex   1.650000e+01 -6.249662e+00 2.190160e+01
      vertex   1.650000e+01 -6.483563e+00 2.192618e+01
    endloop
  endfacet
  facet normal -7.841778e-17 3.090170e-01 9.510565e-01
    outer loop
      vertex   2.000000e+01 -6.483563e+00 2.192618e+01
      vertex   1.650000e+01 -6.483563e+00 2.192618e+01
      vertex   2.000000e+01 -6.707241e+00 2.199886e+01
    endloop
  endfacet
  facet normal 0.000000e+00 3.090170e-01 9.510565e-01
    outer loop
      vertex   2.000000e+01 -6.707241e+00 2.199886e+01
      vertex   1.650000e+01 -6.483563e+00 2.192618e+01
      vertex   1.650000e+01 -6.707241e+00 2.199886e+01
    endloop
  endfacet
  facet normal 0.000000e+00 5.000000e-01 8.660254e-01
    outer loop
      vertex   2.000000e+01 -6.707241e+00 2.199886e+01
      vertex   1.650000e+01 -6.707241e+00 2.199886e+01
      vertex   2.000000e+01 -6.910920e+00 2.211646e+01
    endloop
  endfacet
  facet normal 0.000000e+00 5.000000e-01 8.660254e-01
    outer loop
      vertex   2.000000e+01 -6.910920e+00 2.211646e+01
      vertex   1.650000e+01 -6.707241e+00 2.199886e+01
      vertex   1.650000e+01 -6.910920e+00 2.211646e+01
    endloop
  endfacet
  facet normal 0.000000e+00 6.691306e-01 7.431448e-01
    outer loop
      vertex   2.000000e+01 -6.910920e+00 2.211646e+01
      vertex   1.650000e+01 -6.910920e+00 2.211646e+01
      vertex   2.000000e+01 -7.085700e+00 2.227383e+01
    endloop
  endfacet
  facet normal -1.698021e-16 6.691306e-01 7.431448e-01
    outer loop
      vertex   2.000000e+01 -7.085700e+00 2.227383e+01
      vertex   1.650000e+01 -6.910920e+00 2.211646e+01
      vertex   1.650000e+01 -7.085700e+00 2.227383e+01
    endloop
  endfacet
  facet normal -2.053004e-16 8.090170e-01 5.877853e-01
    outer loop
      vertex   2.000000e+01 -7.085700e+00 2.227383e+01
      vertex   1.650000e+01 -7.085700e+00 2.227383e+01
      vertex   2.000000e+01 -7.223940e+00 2.246410e+01
    endloop
  endfacet
  facet normal -2.053004e-16 8.090170e-01 5.877853e-01
    outer loop
      vertex   2.000000e+01 -7.223940e+00 2.246410e+01
      vertex   1.650000e+01 -7.085700e+00 2.227383e+01
      vertex   1.650000e+01 -7.223940e+00 2.246410e+01
    endloop
  endfacet
  facet normal -2.318261e-16 9.135455e-01 4.067366e-01
    outer loop
      vertex   2.000000e+01 -7.223940e+00 2.246410e+01
      vertex   1.650000e+01 -7.223940e+00 2.246410e+01
      vertex   2.000000e+01 -7.319600e+00 2.267896e+01
    endloop
  endfacet
  facet normal 0.000000e+00 9.135455e-01 4.067366e-01
    outer loop
      vertex   2.000000e+01 -7.319600e+00 2.267896e+01
      vertex   1.650000e+01 -7.223940e+00 2.246410e+01
      vertex   1.650000e+01 -7.319600e+00 2.267896e+01
    endloop
  endfacet
  facet normal 0.000000e+00 9.781476e-01 2.079117e-01
    outer loop
      vertex   2.000000e+01 -7.319600e+00 2.267896e+01
      vertex   1.650000e+01 -7.319600e+00 2.267896e+01
      vertex   2.000000e+01 -7.368499e+00 2.290900e+01
    endloop
  endfacet
  facet normal 0.000000e+00 9.781476e-01 2.079117e-01
    outer loop
      vertex   2.000000e+01 -7.368499e+00 2.290900e+01
      vertex   1.650000e+01 -7.319600e+00 2.267896e+01
      vertex   1.650000e+01 -7.368499e+00 2.290900e+01
    endloop
  endfacet
  facet normal 0.000000e+00 1.000000e+00 -0.000000e+00
    outer loop
      vertex   2.000000e+01 -7.368499e+00 2.290900e+01
      vertex   1.650000e+01 -7.368499e+00 2.290900e+01
      vertex   2.000000e+01 -7.368499e+00 2.314419e+01
    endloop
  endfacet
  facet normal 0.000000e+00 1.000000e+00 0.000000e+00
    outer loop
      vertex   2.000000e+01 -7.368499e+00 2.314419e+01
      vertex   1.650000e+01 -7.368499e+00 2.290900e+01
      vertex   1.650000e+01 -7.368499e+00 2.314419e+01
    endloop
  endfacet
  facet normal 0.000000e+00 9.781476e-01 -2.079117e-01
    outer loop
      vertex   2.000000e+01 -7.368499e+00 2.314419e+01
      vertex   1.650000e+01 -7.368499e+00 2.314419e+01
      vertex   2.000000e+01 -7.319600e+00 2.337424e+01
    endloop
  endfacet
  facet normal 0.000000e+00 9.781476e-01 -2.079117e-01
    outer loop
      vertex   2.000000e+01 -7.319600e+00 2.337424e+01
      vertex   1.650000e+01 -7.368499e+00 2.314419e+01
      vertex   1.650000e+01 -7.319600e+00 2.337424e+01
    endloop
  endfacet
  facet normal 0.000000e+00 9.135455e-01 -4.067366e-01
    outer loop
      vertex   2.000000e+01 -7.319600e+00 2.337424e+01
      vertex   1.650000e+01 -7.319600e+00 2.337424e+01
      vertex   2.000000e+01 -7.223940e+00 2.358910e+01
    endloop
  endfacet
  facet normal 2.318261e-16 9.135455e-01 -4.067366e-01
    outer loop
      vertex   2.000000e+01 -7.223940e+00 2.358910e+01
      vertex   1.650000e+01 -7.319600e+00 2.337424e+01
      vertex   1.650000e+01 -7.223940e+00 2.358910e+01
    endloop
  endfacet
  facet normal 2.053004e-16 8.090170e-01 -5.877853e-01
    outer loop
      vertex   2.000000e+01 -7.223940e+00 2.358910e+01
      vertex   1.650000e+01 -7.223940e+00 2.358910e+01
      vertex   2.000000e+01 -7.085700e+00 2.377937e+01
    endloop
  endfacet
  facet normal 2.053004e-16 8.090170e-01 -5.877853e-01
    outer loop
      vertex   2.000000e+01 -7.085700e+00 2.377937e+01
      vertex   1.650000e+01 -7.223940e+00 2.358910e+01
      vertex   1.650000e+01 -7.085700e+00 2.377937e+01
    endloop
  endfacet
  facet normal 1.698021e-16 6.691306e-01 -7.431448e-01
    outer loop
      vertex   2.000000e+01 -7.085700e+00 2.377937e+01
      vertex   1.650000e+01 -7.085700e+00 2.377937e+01
      vertex   2.000000e+01 -6.910920e+00 2.393674e+01
    endloop
  endfacet
  facet normal 0.000000e+00 6.691306e-01 -7.431448e-01
    outer loop
      vertex   2.000000e+01 -6.910920e+00 2.393674e+01
      vertex   1.650000e+01 -7.085700e+00 2.377937e+01
      vertex   1.650000e+01 -6.910920e+00 2.393674e+01
    endloop
  endfacet
  facet normal 0.000000e+00 5.000000e-01 -8.660254e-01
    outer loop
      vertex   2.000000e+01 -6.910920e+00 2.393674e+01
      vertex   1.650000e+01 -6.910920e+00 2.393674e+01
      vertex   2.000000e+01 -6.707241e+00 2.405434e+01
    endloop
  endfacet
  facet normal 1.268826e-16 5.000000e-01 -8.660254e-01
    outer loop
      vertex   2.000000e+01 -6.707241e+00 2.405434e+01
      vertex   1.650000e+01 -6.910920e+00 2.393674e+01
      vertex   1.650000e+01 -6.707241e+00 2.405434e+01
    endloop
  endfacet
  facet normal 7.841778e-17 3.090170e-01 -9.510565e-01
    outer loop
      vertex   2.000000e+01 -6.707241e+00 2.405434e+01
      vertex   1.650000e+01 -6.707241e+00 2.405434e+01
      vertex   2.000000e+01 -6.483563e+00 2.412702e+01
    endloop
  endfacet
  facet normal 0.000000e+00 3.090170e-01 -9.510565e-01
    outer loop
      vertex   2.000000e+01 -6.483563e+00 2.412702e+01
      vertex   1.650000e+01 -6.707241e+00 2.405434e+01
      vertex   1.650000e+01 -6.483563e+00 2.412702e+01
    endloop
  endfacet
  facet normal 0.000000e+00 1.045285e-01 -9.945219e-01
    outer loop
      vertex   2.000000e+01 -1.898353e+01 2.415491e+01
      vertex   1.650000e+01 -1.898353e+01 2.415491e+01
      vertex   2.000000e+01 -1.874963e+01 2.417949e+01
    endloop
  endfacet
  facet normal 0.000000e+00 1.045285e-01 -9.945219e-01
    outer loop
      vertex   2.000000e+01 -1.874963e+01 2.417949e+01
      vertex   1.650000e+01 -1.898353e+01 2.415491e+01
      vertex   1.650000e+01 -1.874963e+01 2.417949e+01
    endloop
  endfacet
  facet normal -0.000000e+00 -1.045285e-01 -9.945219e-01
    outer loop
      vertex   2.000000e+01 -1.874963e+01 2.417949e+01
      vertex   1.650000e+01 -1.874963e+01 2.417949e+01
      vertex   2.000000e+01 -1.851573e+01 2.415491e+01
    endloop
  endfacet
  facet normal -0.000000e+00 -1.045285e-01 -9.945219e-01
    outer loop
      vertex   2.000000e+01 -1.851573e+01 2.415491e+01
      vertex   1.650000e+01 -1.874963e+01 2.417949e+01
      vertex   1.650000e+01 -1.851573e+01 2.415491e+01
    endloop
  endfacet
  facet normal -0.000000e+00 -3.090170e-01 -9.510565e-01
    outer loop
      vertex   2.000000e+01 -1.851573e+01 2.415491e+01
      vertex   1.650000e+01 -1.851573e+01 2.415491e+01
      vertex   2.000000e+01 -1.829205e+01 2.408223e+01
    endloop
  endfacet
  facet normal -0.000000e+00 -3.090170e-01 -9.510565e-01
    outer loop
      vertex   2.000000e+01 -1.829205e+01 2.408223e+01
      vertex   1.650000e+01 -1.851573e+01 2.415491e+01
      vertex   1.650000e+01 -1.829205e+01 2.408223e+01
    endloop
  endfacet
  facet normal -0.000000e+00 -5.000000e-01 -8.660254e-01
    outer loop
      vertex   2.000000e+01 -1.829205e+01 2.408223e+01
      vertex   1.650000e+01 -1.829205e+01 2.408223e+01
      vertex   2.000000e+01 -1.808837e+01 2.396464e+01
    endloop
  endfacet
  facet normal -0.000000e+00 -5.000000e-01 -8.660254e-01
    outer loop
      vertex   2.000000e+01 -1.808837e+01 2.396464e+01
      vertex   1.650000e+01 -1.829205e+01 2.408223e+01
      vertex   1.650000e+01 -1.808837e+01 2.396464e+01
    endloop
  endfacet
  facet normal -0.000000e+00 -6.691306e-01 -7.431448e-01
    outer loop
      vertex   2.000000e+01 -1.808837e+01 2.396464e+01
      vertex   1.650000e+01 -1.808837e+01 2.396464e+01
      vertex   2.000000e+01 -1.791359e+01 2.380726e+01
    endloop
  endfacet
  facet normal -0.000000e+00 -6.691306e-01 -7.431448e-01
    outer loop
      vertex   2.000000e+01 -1.791359e+01 2.380726e+01
      vertex   1.650000e+01 -1.808837e+01 2.396464e+01
      vertex   1.650000e+01 -1.791359e+01 2.380726e+01
    endloop
  endfacet
  facet normal -0.000000e+00 -8.090170e-01 -5.877853e-01
    outer loop
      vertex   2.000000e+01 -1.791359e+01 2.380726e+01
      vertex   1.650000e+01 -1.791359e+01 2.380726e+01
      vertex   2.000000e+01 -1.777535e+01 2.361699e+01
    endloop
  endfacet
  facet normal -0.000000e+00 -8.090170e-01 -5.877853e-01
    outer loop
      vertex   2.000000e+01 -1.777535e+01 2.361699e+01
      vertex   1.650000e+01 -1.791359e+01 2.380726e+01
      vertex   1.650000e+01 -1.777535e+01 2.361699e+01
    endloop
  endfacet
  facet normal -0.000000e+00 -9.135455e-01 -4.067366e-01
    outer loop
      vertex   2.000000e+01 -1.777535e+01 2.361699e+01
      vertex   1.650000e+01 -1.777535e+01 2.361699e+01
      vertex   2.000000e+01 -1.767969e+01 2.340214e+01
    endloop
  endfacet
  facet normal -0.000000e+00 -9.135455e-01 -4.067366e-01
    outer loop
      vertex   2.000000e+01 -1.767969e+01 2.340214e+01
      vertex   1.650000e+01 -1.777535e+01 2.361699e+01
      vertex   1.650000e+01 -1.767969e+01 2.340214e+01
    endloop
  endfacet
  facet normal -0.000000e+00 -9.781476e-01 -2.079117e-01
    outer loop
      vertex   2.000000e+01 -1.767969e+01 2.340214e+01
      vertex   1.650000e+01 -1.767969e+01 2.340214e+01
      vertex   2.000000e+01 -1.763079e+01 2.317209e+01
    endloop
  endfacet
  facet normal -0.000000e+00 -9.781476e-01 -2.079117e-01
    outer loop
      vertex   2.000000e+01 -1.763079e+01 2.317209e+01
      vertex   1.650000e+01 -1.767969e+01 2.340214e+01
      vertex   1.650000e+01 -1.763079e+01 2.317209e+01
    endloop
  endfacet
  facet normal -0.000000e+00 -1.000000e+00 -0.000000e+00
    outer loop
      vertex   2.000000e+01 -1.763079e+01 2.317209e+01
      vertex   1.650000e+01 -1.763079e+01 2.317209e+01
      vertex   2.000000e+01 -1.763079e+01 2.293690e+01
    endloop
  endfacet
  facet normal 0.000000e+00 -1.000000e+00 0.000000e+00
    outer loop
      vertex   2.000000e+01 -1.763079e+01 2.293690e+01
      vertex   1.650000e+01 -1.763079e+01 2.317209e+01
      vertex   1.650000e+01 -1.763079e+01 2.293690e+01
    endloop
  endfacet
  facet normal 0.000000e+00 -9.781476e-01 2.079117e-01
    outer loop
      vertex   2.000000e+01 -1.763079e+01 2.293690e+01
      vertex   1.650000e+01 -1.763079e+01 2.293690e+01
      vertex   2.000000e+01 -1.767969e+01 2.270685e+01
    endloop
  endfacet
  facet normal 0.000000e+00 -9.781476e-01 2.079117e-01
    outer loop
      vertex   2.000000e+01 -1.767969e+01 2.270685e+01
      vertex   1.650000e+01 -1.763079e+01 2.293690e+01
      vertex   1.650000e+01 -1.767969e+01 2.270685e+01
    endloop
  endfacet
  facet normal 0.000000e+00 -9.135455e-01 4.067366e-01
    outer loop
      vertex   2.000000e+01 -1.767969e+01 2.270685e+01
      vertex   1.650000e+01 -1.767969e+01 2.270685e+01
      vertex   2.000000e+01 -1.777535e+01 2.249199e+01
    endloop
  endfacet
  facet normal 0.000000e+00 -9.135455e-01 4.067366e-01
    outer loop
      vertex   2.000000e+01 -1.777535e+01 2.249199e+01
      vertex   1.650000e+01 -1.767969e+01 2.270685e+01
      vertex   1.650000e+01 -1.777535e+01 2.249199e+01
    endloop
  endfacet
  facet normal 0.000000e+00 -8.090170e-01 5.877853e-01
    outer loop
      vertex   2.000000e+01 -1.777535e+01 2.249199e+01
      vertex   1.650000e+01 -1.777535e+01 2.249199e+01
      vertex   2.000000e+01 -1.791359e+01 2.230172e+01
    endloop
  endfacet
  facet normal 0.000000e+00 -8.090170e-01 5.877853e-01
    outer loop
      vertex   2.000000e+01 -1.791359e+01 2.230172e+01
      vertex   1.650000e+01 -1.777535e+01 2.249199e+01
      vertex   1.650000e+01 -1.791359e+01 2.230172e+01
    endloop
  endfacet
  facet normal 0.000000e+00 -6.691306e-01 7.431448e-01
    outer loop
      vertex   2.000000e+01 -1.791359e+01 2.230172e+01
      vertex   1.650000e+01 -1.791359e+01 2.230172e+01
      vertex   2.000000e+01 -1.808837e+01 2.214435e+01
    endloop
  endfacet
  facet normal 0.000000e+00 -6.691306e-01 7.431448e-01
    outer loop
      vertex   2.000000e+01 -1.808837e+01 2.214435e+01
      vertex   1.650000e+01 -1.791359e+01 2.230172e+01
      vertex   1.650000e+01 -1.808837e+01 2.214435e+01
    endloop
  endfacet
  facet normal 0.000000e+00 -5.000000e-01 8.660254e-01
    outer loop
      vertex   2.000000e+01 -1.808837e+01 2.214435e+01
      vertex   1.650000e+01 -1.808837e+01 2.214435e+01
      vertex   2.000000e+01 -1.829205e+01 2.202675e+01
    endloop
  endfacet
  facet normal 0.000000e+00 -5.000000e-01 8.660254e-01
    outer loop
      vertex   2.000000e+01 -1.829205e+01 2.202675e+01
      vertex   1.650000e+01 -1.808837e+01 2.214435e+01
      vertex   1.650000e+01 -1.829205e+01 2.202675e+01
    endloop
  endfacet
  facet normal 0.000000e+00 -3.090170e-01 9.510565e-01
    outer loop
      vertex   2.000000e+01 -1.829205e+01 2.202675e+01
      vertex   1.650000e+01 -1.829205e+01 2.202675e+01
      vertex   2.000000e+01 -1.851573e+01 2.195408e+01
    endloop
  endfacet
  facet normal 0.000000e+00 -3.090170e-01 9.510565e-01
    outer loop
      vertex   2.000000e+01 -1.851573e+01 2.195408e+01
      vertex   1.650000e+01 -1.829205e+01 2.202675e+01
      vertex   1.650000e+01 -1.851573e+01 2.195408e+01
    endloop
  endfacet
  facet normal 0.000000e+00 -1.045285e-01 9.945219e-01
    outer loop
      vertex   2.000000e+01 -1.851573e+01 2.195408e+01
      vertex   1.650000e+01 -1.851573e+01 2.195408e+01
      vertex   2.000000e+01 -1.874963e+01 2.192949e+01
    endloop
  endfacet
  facet normal 0.000000e+00 -1.045285e-01 9.945219e-01
    outer loop
      vertex   2.000000e+01 -1.874963e+01 2.192949e+01
      vertex   1.650000e+01 -1.851573e+01 2.195408e+01
      vertex   1.650000e+01 -1.874963e+01 2.192949e+01
    endloop
  endfacet
  facet normal 0.000000e+00 1.045285e-01 9.945219e-01
    outer loop
      vertex   2.000000e+01 -1.874963e+01 2.192949e+01
      vertex   1.650000e+01 -1.874963e+01 2.192949e+01
      vertex   2.000000e+01 -1.898353e+01 2.195408e+01
    endloop
  endfacet
  facet normal 0.000000e+00 1.045285e-01 9.945219e-01
    outer loop
      vertex   2.000000e+01 -1.898353e+01 2.195408e+01
      vertex   1.650000e+01 -1.874963e+01 2.192949e+01
      vertex   1.650000e+01 -1.898353e+01 2.195408e+01
    endloop
  endfacet
  facet normal 0.000000e+00 3.090170e-01 9.510565e-01
    outer loop
      vertex   2.000000e+01 -1.898353e+01 2.195408e+01
      vertex   1.650000e+01 -1.898353e+01 2.195408e+01
      vertex   2.000000e+01 -1.920721e+01 2.202675e+01
    endloop
  endfacet
  facet normal 0.000000e+00 3.090170e-01 9.510565e-01
    outer loop
      vertex   2.000000e+01 -1.920721e+01 2.202675e+01
      vertex   1.650000e+01 -1.898353e+01 2.195408e+01
      vertex   1.650000e+01 -1.920721e+01 2.202675e+01
    endloop
  endfacet
  facet normal 0.000000e+00 5.000000e-01 8.660254e-01
    outer loop
      vertex   2.000000e+01 -1.920721e+01 2.202675e+01
      vertex   1.650000e+01 -1.920721e+01 2.202675e+01
      vertex   2.000000e+01 -1.941089e+01 2.214435e+01
    endloop
  endfacet
  facet normal 0.000000e+00 5.000000e-01 8.660254e-01
    outer loop
      vertex   2.000000e+01 -1.941089e+01 2.214435e+01
      vertex   1.650000e+01 -1.920721e+01 2.202675e+01
      vertex   1.650000e+01 -1.941089e+01 2.214435e+01
    endloop
  endfacet
  facet normal 0.000000e+00 6.691306e-01 7.431448e-01
    outer loop
      vertex   2.000000e+01 -1.941089e+01 2.214435e+01
      vertex   1.650000e+01 -1.941089e+01 2.214435e+01
      vertex   2.000000e+01 -1.958567e+01 2.230172e+01
    endloop
  endfacet
  facet normal 0.000000e+00 6.691306e-01 7.431448e-01
    outer loop
      vertex   2.000000e+01 -1.958567e+01 2.230172e+01
      vertex   1.650000e+01 -1.941089e+01 2.214435e+01
      vertex   1.650000e+01 -1.958567e+01 2.230172e+01
    endloop
  endfacet
  facet normal 0.000000e+00 8.090170e-01 5.877853e-01
    outer loop
      vertex   2.000000e+01 -1.958567e+01 2.230172e+01
      vertex   1.650000e+01 -1.958567e+01 2.230172e+01
      vertex   2.000000e+01 -1.972391e+01 2.249199e+01
    endloop
  endfacet
  facet normal 0.000000e+00 8.090170e-01 5.877853e-01
    outer loop
      vertex   2.000000e+01 -1.972391e+01 2.249199e+01
      vertex   1.650000e+01 -1.958567e+01 2.230172e+01
      vertex   1.650000e+01 -1.972391e+01 2.249199e+01
    endloop
  endfacet
  facet normal 0.000000e+00 9.135455e-01 4.067366e-01
    outer loop
      vertex   2.000000e+01 -1.972391e+01 2.249199e+01
      vertex   1.650000e+01 -1.972391e+01 2.249199e+01
      vertex   2.000000e+01 -1.981957e+01 2.270685e+01
    endloop
  endfacet
  facet normal 0.000000e+00 9.135455e-01 4.067366e-01
    outer loop
      vertex   2.000000e+01 -1.981957e+01 2.270685e+01
      vertex   1.650000e+01 -1.972391e+01 2.249199e+01
      vertex   1.650000e+01 -1.981957e+01 2.270685e+01
    endloop
  endfacet
  facet normal 0.000000e+00 9.781476e-01 2.079117e-01
    outer loop
      vertex   2.000000e+01 -1.981957e+01 2.270685e+01
      vertex   1.650000e+01 -1.981957e+01 2.270685e+01
      vertex   2.000000e+01 -1.986847e+01 2.293690e+01
    endloop
  endfacet
  facet normal 0.000000e+00 9.781476e-01 2.079117e-01
    outer loop
      vertex   2.000000e+01 -1.986847e+01 2.293690e+01
      vertex   1.650000e+01 -1.981957e+01 2.270685e+01
      vertex   1.650000e+01 -1.986847e+01 2.293690e+01
    endloop
  endfacet
  facet normal 0.000000e+00 1.000000e+00 -0.000000e+00
    outer loop
      vertex   2.000000e+01 -1.986847e+01 2.293690e+01
      vertex   1.650000e+01 -1.986847e+01 2.293690e+01
      vertex   2.000000e+01 -1.986847e+01 2.317209e+01
    endloop
  endfacet
  facet normal 0.000000e+00 1.000000e+00 0.000000e+00
    outer loop
      vertex   2.000000e+01 -1.986847e+01 2.317209e+01
      vertex   1.650000e+01 -1.986847e+01 2.293690e+01
      vertex   1.650000e+01 -1.986847e+01 2.317209e+01
    endloop
  endfacet
  facet normal 0.000000e+00 9.781476e-01 -2.079117e-01
    outer loop
      vertex   2.000000e+01 -1.986847e+01 2.317209e+01
      vertex   1.650000e+01 -1.986847e+01 2.317209e+01
      vertex   2.000000e+01 -1.981957e+01 2.340214e+01
    endloop
  endfacet
  facet normal 0.000000e+00 9.781476e-01 -2.079117e-01
    outer loop
      vertex   2.000000e+01 -1.981957e+01 2.340214e+01
      vertex   1.650000e+01 -1.986847e+01 2.317209e+01
      vertex   1.650000e+01 -1.981957e+01 2.340214e+01
    endloop
  endfacet
  facet normal 0.000000e+00 9.135455e-01 -4.067366e-01
    outer loop
      vertex   2.000000e+01 -1.981957e+01 2.340214e+01
      vertex   1.650000e+01 -1.981957e+01 2.340214e+01
      vertex   2.000000e+01 -1.972391e+01 2.361699e+01
    endloop
  endfacet
  facet normal 0.000000e+00 9.135455e-01 -4.067366e-01
    outer loop
      vertex   2.000000e+01 -1.972391e+01 2.361699e+01
      vertex   1.650000e+01 -1.981957e+01 2.340214e+01
      vertex   1.650000e+01 -1.972391e+01 2.361699e+01
    endloop
  endfacet
  facet normal 0.000000e+00 8.090170e-01 -5.877853e-01
    outer loop
      vertex   2.000000e+01 -1.972391e+01 2.361699e+01
      vertex   1.650000e+01 -1.972391e+01 2.361699e+01
      vertex   2.000000e+01 -1.958567e+01 2.380726e+01
    endloop
  endfacet
  facet normal 0.000000e+00 8.090170e-01 -5.877853e-01
    outer loop
      vertex   2.000000e+01 -1.958567e+01 2.380726e+01
      vertex   1.650000e+01 -1.972391e+01 2.361699e+01
      vertex   1.650000e+01 -1.958567e+01 2.380726e+01
    endloop
  endfacet
  facet normal 0.000000e+00 6.691306e-01 -7.431448e-01
    outer loop
      vertex   2.000000e+01 -1.958567e+01 2.380726e+01
      vertex   1.650000e+01 -1.958567e+01 2.380726e+01
      vertex   2.000000e+01 -1.941089e+01 2.396464e+01
    endloop
  endfacet
  facet normal 0.000000e+00 6.691306e-01 -7.431448e-01
    outer loop
      vertex   2.000000e+01 -1.941089e+01 2.396464e+01
      vertex   1.650000e+01 -1.958567e+01 2.380726e+01
      vertex   1.650000e+01 -1.941089e+01 2.396464e+01
    endloop
  endfacet
  facet normal 0.000000e+00 5.000000e-01 -8.660254e-01
    outer loop
      vertex   2.000000e+01 -1.941089e+01 2.396464e+01
      vertex   1.650000e+01 -1.941089e+01 2.396464e+01
      vertex   2.000000e+01 -1.920721e+01 2.408223e+01
    endloop
  endfacet
  facet normal 0.000000e+00 5.000000e-01 -8.660254e-01
    outer loop
      vertex   2.000000e+01 -1.920721e+01 2.408223e+01
      vertex   1.650000e+01 -1.941089e+01 2.396464e+01
      vertex   1.650000e+01 -1.920721e+01 2.408223e+01
    endloop
  endfacet
  facet normal 0.000000e+00 3.090170e-01 -9.510565e-01
    outer loop
      vertex   2.000000e+01 -1.920721e+01 2.408223e+01
      vertex   1.650000e+01 -1.920721e+01 2.408223e+01
      vertex   2.000000e+01 -1.898353e+01 2.415491e+01
    endloop
  endfacet
  facet normal 0.000000e+00 3.090170e-01 -9.510565e-01
    outer loop
      vertex   2.000000e+01 -1.898353e+01 2.415491e+01
      vertex   1.650000e+01 -1.920721e+01 2.408223e+01
      vertex   1.650000e+01 -1.898353e+01 2.415491e+01
    endloop
  endfacet
  facet normal 0.000000e+00 -9.459174e-01 3.244077e-01
    outer loop
      vertex   2.000000e+01 -8.552376e+00 2.400000e+01
      vertex   1.650000e+01 -8.552376e+00 2.400000e+01
      vertex   2.000000e+01 -8.665100e+00 2.367132e+01
    endloop
  endfacet
  facet normal -1.507883e-16 -9.459174e-01 3.244077e-01
    outer loop
      vertex   2.000000e+01 -8.665100e+00 2.367132e+01
      vertex   1.650000e+01 -8.552376e+00 2.400000e+01
      vertex   1.650000e+01 -8.665100e+00 2.367132e+01
    endloop
  endfacet
  facet normal -3.052923e-16 -9.817612e-01 1.901181e-01
    outer loop
      vertex   2.000000e+01 -8.665100e+00 2.367132e+01
      vertex   1.650000e+01 -8.665100e+00 2.367132e+01
      vertex   1.650000e+01 -8.731162e+00 2.333018e+01
    endloop
  endfacet
  facet normal -1.928834e-16 -9.817612e-01 1.901181e-01
    outer loop
      vertex   2.000000e+01 -8.665100e+00 2.367132e+01
      vertex   1.650000e+01 -8.731162e+00 2.333018e+01
      vertex   2.000000e+01 -8.731162e+00 2.333018e+01
    endloop
  endfacet
  facet normal -5.294133e-17 -9.986390e-01 5.215581e-02
    outer loop
      vertex   2.000000e+01 -8.731162e+00 2.333018e+01
      vertex   1.650000e+01 -8.731162e+00 2.333018e+01
      vertex   1.650000e+01 -8.749285e+00 2.298317e+01
    endloop
  endfacet
  facet normal -2.574728e-19 -9.986390e-01 5.215581e-02
    outer loop
      vertex   2.000000e+01 -8.731162e+00 2.333018e+01
      vertex   1.650000e+01 -8.749285e+00 2.298317e+01
      vertex   2.000000e+01 -8.749285e+00 2.298317e+01
    endloop
  endfacet
  facet normal -0.000000e+00 -9.962245e-01 -8.681409e-02
    outer loop
      vertex   2.000000e+01 -8.749285e+00 2.298317e+01
      vertex   1.650000e+01 -8.749285e+00 2.298317e+01
      vertex   1.650000e+01 -8.719119e+00 2.263701e+01
    endloop
  endfacet
  facet normal -9.411231e-20 -9.962245e-01 -8.681409e-02
    outer loop
      vertex   2.000000e+01 -8.749285e+00 2.298317e+01
      vertex   1.650000e+01 -8.719119e+00 2.263701e+01
      vertex   2.000000e+01 -8.719119e+00 2.263701e+01
    endloop
  endfacet
  facet normal -0.000000e+00 -9.745646e-01 -2.241069e-01
    outer loop
      vertex   2.000000e+01 -8.719119e+00 2.263701e+01
      vertex   1.650000e+01 -8.719119e+00 2.263701e+01
      vertex   1.650000e+01 -8.641247e+00 2.229837e+01
    endloop
  endfacet
  facet normal -5.948298e-21 -9.745646e-01 -2.241069e-01
    outer loop
      vertex   2.000000e+01 -8.719119e+00 2.263701e+01
      vertex   1.650000e+01 -8.641247e+00 2.229837e+01
      vertex   2.000000e+01 -8.641247e+00 2.229837e+01
    endloop
  endfacet
  facet normal -0.000000e+00 -9.340775e-01 -3.570703e-01
    outer loop
      vertex   2.000000e+01 -8.641247e+00 2.229837e+01
      vertex   1.650000e+01 -8.641247e+00 2.229837e+01
      vertex   1.650000e+01 -8.517173e+00 2.197380e+01
    endloop
  endfacet
  facet normal 4.723027e-16 -9.340775e-01 -3.570703e-01
    outer loop
      vertex   2.000000e+01 -8.641247e+00 2.229837e+01
      vertex   1.650000e+01 -8.517173e+00 2.197380e+01
      vertex   2.000000e+01 -8.517173e+00 2.197380e+01
    endloop
  endfacet
  facet normal 4.443661e-16 -8.755455e-01 -4.831356e-01
    outer loop
      vertex   2.000000e+01 -8.517173e+00 2.197380e+01
      vertex   1.650000e+01 -8.517173e+00 2.197380e+01
      vertex   1.650000e+01 -8.349294e+00 2.166956e+01
    endloop
  endfacet
  facet normal -1.411915e-18 -8.755455e-01 -4.831356e-01
    outer loop
      vertex   2.000000e+01 -8.517173e+00 2.197380e+01
      vertex   1.650000e+01 -8.349294e+00 2.166956e+01
      vertex   2.000000e+01 -8.349294e+00 2.166956e+01
    endloop
  endfacet
  facet normal -0.000000e+00 -8.000993e-01 -5.998675e-01
    outer loop
      vertex   2.000000e+01 -8.349294e+00 2.166956e+01
      vertex   1.650000e+01 -8.349294e+00 2.166956e+01
      vertex   1.650000e+01 -8.140854e+00 2.139155e+01
    endloop
  endfacet
  facet normal -1.151678e-18 -8.000993e-01 -5.998675e-01
    outer loop
      vertex   2.000000e+01 -8.349294e+00 2.166956e+01
      vertex   1.650000e+01 -8.140854e+00 2.139155e+01
      vertex   2.000000e+01 -8.140854e+00 2.139155e+01
    endloop
  endfacet
  facet normal -0.000000e+00 -7.091965e-01 -7.050109e-01
    outer loop
      vertex   2.000000e+01 -8.140854e+00 2.139155e+01
      vertex   1.650000e+01 -8.140854e+00 2.139155e+01
      vertex   1.650000e+01 -7.895879e+00 2.114512e+01
    endloop
  endfacet
  facet normal 1.356963e-18 -7.091965e-01 -7.050109e-01
    outer loop
      vertex   2.000000e+01 -8.140854e+00 2.139155e+01
      vertex   1.650000e+01 -7.895879e+00 2.114512e+01
      vertex   2.000000e+01 -7.895879e+00 2.114512e+01
    endloop
  endfacet
  facet normal -0.000000e+00 -6.045930e-01 -7.965345e-01
    outer loop
      vertex   2.000000e+01 -7.895879e+00 2.114512e+01
      vertex   1.650000e+01 -7.895879e+00 2.114512e+01
      vertex   1.650000e+01 -7.619101e+00 2.093504e+01
    endloop
  endfacet
  facet normal -1.549185e-16 -6.045930e-01 -7.965345e-01
    outer loop
      vertex   2.000000e+01 -7.895879e+00 2.114512e+01
      vertex   1.650000e+01 -7.619101e+00 2.093504e+01
      vertex   2.000000e+01 -7.619101e+00 2.093504e+01
    endloop
  endfacet
  facet normal -1.239161e-16 -4.883097e-01 -8.726704e-01
    outer loop
      vertex   2.000000e+01 -7.619101e+00 2.093504e+01
      vertex   1.650000e+01 -7.619101e+00 2.093504e+01
      vertex   1.650000e+01 -7.315868e+00 2.076536e+01
    endloop
  endfacet
  facet normal -2.759092e-18 -4.883097e-01 -8.726704e-01
    outer loop
      vertex   2.000000e+01 -7.619101e+00 2.093504e+01
      vertex   1.650000e+01 -7.315868e+00 2.076536e+01
      vertex   2.000000e+01 -7.315868e+00 2.076536e+01
    endloop
  endfacet
  facet normal -0.000000e+00 -3.625931e-01 -9.319476e-01
    outer loop
      vertex   2.000000e+01 -7.315868e+00 2.076536e+01
      vertex   1.650000e+01 -7.315868e+00 2.076536e+01
      vertex   1.650000e+01 -6.992038e+00 2.063937e+01
    endloop
  endfacet
  facet normal -1.832353e-16 -3.625931e-01 -9.319476e-01
    outer loop
      vertex   2.000000e+01 -7.315868e+00 2.076536e+01
      vertex   1.650000e+01 -6.992038e+00 2.063937e+01
      vertex   2.000000e+01 -6.992038e+00 2.063937e+01
    endloop
  endfacet
  facet normal -1.166669e-16 -2.298717e-01 -9.732209e-01
    outer loop
      vertex   2.000000e+01 -6.992038e+00 2.063937e+01
      vertex   1.650000e+01 -6.992038e+00 2.063937e+01
      vertex   1.650000e+01 -6.653866e+00 2.055949e+01
    endloop
  endfacet
  facet normal -1.882506e-19 -2.298717e-01 -9.732209e-01
    outer loop
      vertex   2.000000e+01 -6.992038e+00 2.063937e+01
      vertex   1.650000e+01 -6.653866e+00 2.055949e+01
      vertex   2.000000e+01 -6.653866e+00 2.055949e+01
    endloop
  endfacet
  facet normal -0.000000e+00 -9.270950e-02 -9.956932e-01
    outer loop
      vertex   2.000000e+01 -6.653866e+00 2.055949e+01
      vertex   1.650000e+01 -6.653866e+00 2.055949e+01
      vertex   1.650000e+01 -6.307885e+00 2.052728e+01
    endloop
  endfacet
  facet normal -9.867794e-16 -9.270950e-02 -9.956932e-01
    outer loop
      vertex   2.000000e+01 -6.653866e+00 2.055949e+01
      vertex   1.650000e+01 -6.307885e+00 2.052728e+01
      vertex   2.000000e+01 -6.307885e+00 2.052728e+01
    endloop
  endfacet
  facet normal -1.025710e-15 4.624367e-02 -9.989302e-01
    outer loop
      vertex   2.000000e+01 -6.307885e+00 2.052728e+01
      vertex   1.650000e+01 -6.307885e+00 2.052728e+01
      vertex   1.650000e+01 -5.960779e+00 2.054335e+01
    endloop
  endfacet
  facet normal 2.831550e-19 4.624367e-02 -9.989302e-01
    outer loop
      vertex   2.000000e+01 -6.307885e+00 2.052728e+01
      vertex   1.650000e+01 -5.960779e+00 2.054335e+01
      vertex   2.000000e+01 -5.960779e+00 2.054335e+01
    endloop
  endfacet
  facet normal 0.000000e+00 1.843035e-01 -9.828694e-01
    outer loop
      vertex   2.000000e+01 -5.960779e+00 2.054335e+01
      vertex   1.650000e+01 -5.960779e+00 2.054335e+01
      vertex   1.650000e+01 -5.619255e+00 2.060739e+01
    endloop
  endfacet
  facet normal 4.796284e-17 1.843035e-01 -9.828694e-01
    outer loop
      vertex   2.000000e+01 -5.960779e+00 2.054335e+01
      vertex   1.650000e+01 -5.619255e+00 2.060739e+01
      vertex   2.000000e+01 -5.619255e+00 2.060739e+01
    endloop
  endfacet
  facet normal 8.090109e-17 3.188029e-01 -9.478210e-01
    outer loop
      vertex   2.000000e+01 -5.619255e+00 2.060739e+01
      vertex   1.650000e+01 -5.619255e+00 2.060739e+01
      vertex   1.650000e+01 -5.289909e+00 2.071816e+01
    endloop
  endfacet
  facet normal -8.308303e-17 3.188029e-01 -9.478210e-01
    outer loop
      vertex   2.000000e+01 -5.619255e+00 2.060739e+01
      vertex   1.650000e+01 -5.289909e+00 2.071816e+01
      vertex   2.000000e+01 -5.289909e+00 2.071816e+01
    endloop
  endfacet
  facet normal -1.134695e-16 4.471434e-01 -8.944623e-01
    outer loop
      vertex   2.000000e+01 -5.289909e+00 2.071816e+01
      vertex   1.650000e+01 -5.289909e+00 2.071816e+01
      vertex   1.650000e+01 -4.979103e+00 2.087354e+01
    endloop
  endfacet
  facet normal -1.156807e-16 4.471434e-01 -8.944623e-01
    outer loop
      vertex   2.000000e+01 -5.289909e+00 2.071816e+01
      vertex   1.650000e+01 -4.979103e+00 2.087354e+01
      vertex   2.000000e+01 -4.979103e+00 2.087354e+01
    endloop
  endfacet
  facet normal -1.438458e-16 5.668459e-01 -8.238239e-01
    outer loop
      vertex   2.000000e+01 -4.979103e+00 2.087354e+01
      vertex   1.650000e+01 -4.979103e+00 2.087354e+01
      vertex   1.650000e+01 -4.692843e+00 2.107050e+01
    endloop
  endfacet
  facet normal -1.600574e-18 5.668459e-01 -8.238239e-01
    outer loop
      vertex   2.000000e+01 -4.979103e+00 2.087354e+01
      vertex   1.650000e+01 -4.692843e+00 2.107050e+01
      vertex   2.000000e+01 -4.692843e+00 2.107050e+01
    endloop
  endfacet
  facet normal 0.000000e+00 6.755978e-01 -7.372704e-01
    outer loop
      vertex   2.000000e+01 -4.692843e+00 2.107050e+01
      vertex   1.650000e+01 -4.692843e+00 2.107050e+01
      vertex   1.650000e+01 -4.436659e+00 2.130526e+01
    endloop
  endfacet
  facet normal -5.744591e-16 6.755978e-01 -7.372704e-01
    outer loop
      vertex   2.000000e+01 -4.692843e+00 2.107050e+01
      vertex   1.650000e+01 -4.436659e+00 2.130526e+01
      vertex   2.000000e+01 -4.436659e+00 2.130526e+01
    endloop
  endfacet
  facet normal -4.503314e-16 7.712981e-01 -6.364741e-01
    outer loop
      vertex   2.000000e+01 -4.436659e+00 2.130526e+01
      vertex   1.650000e+01 -4.436659e+00 2.130526e+01
      vertex   1.650000e+01 -4.215498e+00 2.157327e+01
    endloop
  endfacet
  facet normal -2.071761e-19 7.712981e-01 -6.364741e-01
    outer loop
      vertex   2.000000e+01 -4.436659e+00 2.130526e+01
      vertex   1.650000e+01 -4.215498e+00 2.157327e+01
      vertex   2.000000e+01 -4.215498e+00 2.157327e+01
    endloop
  endfacet
  facet normal 0.000000e+00 8.520982e-01 -5.233820e-01
    outer loop
      vertex   2.000000e+01 -4.215498e+00 2.157327e+01
      vertex   1.650000e+01 -4.215498e+00 2.157327e+01
      vertex   1.650000e+01 -4.033635e+00 2.186935e+01
    endloop
  endfacet
  facet normal 2.182173e-16 8.520982e-01 -5.233820e-01
    outer loop
      vertex   2.000000e+01 -4.215498e+00 2.157327e+01
      vertex   1.650000e+01 -4.033635e+00 2.186935e+01
      vertex   2.000000e+01 -4.033635e+00 2.186935e+01
    endloop
  endfacet
  facet normal 2.325599e-16 9.164370e-01 -4.001790e-01
    outer loop
      vertex   2.000000e+01 -4.033635e+00 2.186935e+01
      vertex   1.650000e+01 -4.033635e+00 2.186935e+01
      vertex   1.650000e+01 -3.894582e+00 2.218779e+01
    endloop
  endfacet
  facet normal 9.631835e-19 9.164370e-01 -4.001790e-01
    outer loop
      vertex   2.000000e+01 -4.033635e+00 2.186935e+01
      vertex   1.650000e+01 -3.894582e+00 2.218779e+01
      vertex   2.000000e+01 -3.894582e+00 2.218779e+01
    endloop
  endfacet
  facet normal 0.000000e+00 9.630717e-01 -2.692452e-01
    outer loop
      vertex   2.000000e+01 -3.894582e+00 2.218779e+01
      vertex   1.650000e+01 -3.894582e+00 2.218779e+01
      vertex   1.650000e+01 -3.801026e+00 2.252244e+01
    endloop
  endfacet
  facet normal 1.243727e-16 9.630717e-01 -2.692452e-01
    outer loop
      vertex   2.000000e+01 -3.894582e+00 2.218779e+01
      vertex   1.650000e+01 -3.801026e+00 2.252244e+01
      vertex   2.000000e+01 -3.801026e+00 2.252244e+01
    endloop
  endfacet
  facet normal 1.257535e-16 9.911013e-01 -1.331099e-01
    outer loop
      vertex   2.000000e+01 -3.801026e+00 2.252244e+01
      vertex   1.650000e+01 -3.801026e+00 2.252244e+01
      vertex   1.650000e+01 -3.754773e+00 2.286682e+01
    endloop
  endfacet
  facet normal -8.249660e-19 9.911013e-01 -1.331099e-01
    outer loop
      vertex   2.000000e+01 -3.801026e+00 2.252244e+01
      vertex   1.650000e+01 -3.754773e+00 2.286682e+01
      vertex   2.000000e+01 -3.754773e+00 2.286682e+01
    endloop
  endfacet
  facet normal 0.000000e+00 9.999843e-01 5.596800e-03
    outer loop
      vertex   2.000000e+01 -3.754773e+00 2.286682e+01
      vertex   1.650000e+01 -3.754773e+00 2.286682e+01
      vertex   1.650000e+01 -3.756718e+00 2.321429e+01
    endloop
  endfacet
  facet normal 1.268871e-16 9.999843e-01 5.596800e-03
    outer loop
      vertex   2.000000e+01 -3.754773e+00 2.286682e+01
      vertex   1.650000e+01 -3.756718e+00 2.321429e+01
      vertex   2.000000e+01 -3.756718e+00 2.321429e+01
    endloop
  endfacet
  facet normal 1.255566e-16 9.895492e-01 1.441954e-01
    outer loop
      vertex   2.000000e+01 -3.756718e+00 2.321429e+01
      vertex   1.650000e+01 -3.756718e+00 2.321429e+01
      vertex   1.650000e+01 -3.806822e+00 2.355814e+01
    endloop
  endfacet
  facet normal -3.431884e-19 9.895492e-01 1.441954e-01
    outer loop
      vertex   2.000000e+01 -3.756718e+00 2.321429e+01
      vertex   1.650000e+01 -3.806822e+00 2.355814e+01
      vertex   2.000000e+01 -3.806822e+00 2.355814e+01
    endloop
  endfacet
  facet normal 0.000000e+00 9.599976e-01 2.800084e-01
    outer loop
      vertex   2.000000e+01 -3.806822e+00 2.355814e+01
      vertex   1.650000e+01 -3.806822e+00 2.355814e+01
      vertex   1.650000e+01 -3.904119e+00 2.389172e+01
    endloop
  endfacet
  facet normal -3.434659e-20 9.599976e-01 2.800084e-01
    outer loop
      vertex   2.000000e+01 -3.806822e+00 2.355814e+01
      vertex   1.650000e+01 -3.904119e+00 2.389172e+01
      vertex   2.000000e+01 -3.904119e+00 2.389172e+01
    endloop
  endfacet
  facet normal 0.000000e+00 9.119002e-01 4.104120e-01
    outer loop
      vertex   2.000000e+01 -3.904119e+00 2.389172e+01
      vertex   1.650000e+01 -3.904119e+00 2.389172e+01
      vertex   1.650000e+01 -4.046728e+00 2.420858e+01
    endloop
  endfacet
  facet normal -2.308872e-16 9.119002e-01 4.104120e-01
    outer loop
      vertex   2.000000e+01 -3.904119e+00 2.389172e+01
      vertex   1.650000e+01 -4.046728e+00 2.420858e+01
      vertex   2.000000e+01 -4.046728e+00 2.420858e+01
    endloop
  endfacet
  facet normal -2.147327e-16 8.461863e-01 5.328871e-01
    outer loop
      vertex   2.000000e+01 -4.046728e+00 2.420858e+01
      vertex   1.650000e+01 -4.046728e+00 2.420858e+01
      vertex   1.650000e+01 -4.231894e+00 2.450261e+01
    endloop
  endfacet
  facet normal 1.408386e-15 8.461863e-01 5.328871e-01
    outer loop
      vertex   2.000000e+01 -4.046728e+00 2.420858e+01
      vertex   1.650000e+01 -4.231894e+00 2.450261e+01
      vertex   2.000000e+01 -4.231894e+00 2.450261e+01
    endloop
  endfacet
  facet normal 1.770441e-15 7.641255e-01 6.450677e-01
    outer loop
      vertex   2.000000e+01 -4.231894e+00 2.450261e+01
      vertex   1.650000e+01 -4.231894e+00 2.450261e+01
      vertex   1.650000e+01 -4.456040e+00 2.476813e+01
    endloop
  endfacet
  facet normal -1.982876e-18 7.641255e-01 6.450677e-01
    outer loop
      vertex   2.000000e+01 -4.231894e+00 2.450261e+01
      vertex   1.650000e+01 -4.456040e+00 2.476813e+01
      vertex   2.000000e+01 -4.456040e+00 2.476813e+01
    endloop
  endfacet
  facet normal 0.000000e+00 6.673028e-01 7.447865e-01
    outer loop
      vertex   2.000000e+01 -4.456040e+00 2.476813e+01
      vertex   1.650000e+01 -4.456040e+00 2.476813e+01
      vertex   2.000000e+01 -4.714836e+00 2.500000e+01
    endloop
  endfacet
  facet normal 1.693383e-16 6.673028e-01 7.447865e-01
    outer loop
      vertex   2.000000e+01 -4.714836e+00 2.500000e+01
      vertex   1.650000e+01 -4.456040e+00 2.476813e+01
      vertex   1.650000e+01 -4.714836e+00 2.500000e+01
    endloop
  endfacet
  facet normal 0.000000e+00 0.000000e+00 -1.000000e+00
    outer loop
      vertex   1.650000e+01 -1.643532e+01 2.400000e+01
      vertex   1.650000e+01 -8.552376e+00 2.400000e+01
      vertex   2.000000e+01 -1.643532e+01 2.400000e+01
    endloop
  endfacet
  facet normal 0.000000e+00 0.000000e+00 -1.000000e+00
    outer loop
      vertex   2.000000e+01 -1.643532e+01 2.400000e+01
      vertex   1.650000e+01 -8.552376e+00 2.400000e+01
      vertex   2.000000e+01 -8.552376e+00 2.400000e+01
    endloop
  endfacet
  facet normal 0.000000e+00 -6.818635e-01 7.314794e-01
    outer loop
      vertex   2.000000e+01 -2.031966e+01 2.500000e+01
      vertex   1.650000e+01 -2.031966e+01 2.500000e+01
      vertex   2.000000e+01 -2.058025e+01 2.475709e+01
    endloop
  endfacet
  facet normal -7.424963e-16 -6.818635e-01 7.314794e-01
    outer loop
      vertex   2.000000e+01 -2.058025e+01 2.475709e+01
      vertex   1.650000e+01 -2.031966e+01 2.500000e+01
      vertex   1.650000e+01 -2.058025e+01 2.475709e+01
    endloop
  endfacet
  facet normal -6.365793e-16 -7.789114e-01 6.271340e-01
    outer loop
      vertex   2.000000e+01 -2.058025e+01 2.475709e+01
      vertex   1.650000e+01 -2.058025e+01 2.475709e+01
      vertex   2.000000e+01 -2.080367e+01 2.447960e+01
    endloop
  endfacet
  facet normal -1.909738e-15 -7.789114e-01 6.271340e-01
    outer loop
      vertex   2.000000e+01 -2.080367e+01 2.447960e+01
      vertex   1.650000e+01 -2.058025e+01 2.475709e+01
      vertex   1.650000e+01 -2.080367e+01 2.447960e+01
    endloop
  endfacet
  facet normal -1.553207e-15 -8.601425e-01 5.100539e-01
    outer loop
      vertex   2.000000e+01 -2.080367e+01 2.447960e+01
      vertex   1.650000e+01 -2.080367e+01 2.447960e+01
      vertex   2.000000e+01 -2.098538e+01 2.417317e+01
    endloop
  endfacet
  facet normal -1.553207e-15 -8.601425e-01 5.100539e-01
    outer loop
      vertex   2.000000e+01 -2.098538e+01 2.417317e+01
      vertex   1.650000e+01 -2.080367e+01 2.447960e+01
      vertex   1.650000e+01 -2.098538e+01 2.417317e+01
    endloop
  endfacet
  facet normal -1.165137e-15 -9.239073e-01 3.826164e-01
    outer loop
      vertex   2.000000e+01 -2.098538e+01 2.417317e+01
      vertex   1.650000e+01 -2.098538e+01 2.417317e+01
      vertex   2.000000e+01 -2.112168e+01 2.384403e+01
    endloop
  endfacet
  facet normal 0.000000e+00 -9.239073e-01 3.826164e-01
    outer loop
      vertex   2.000000e+01 -2.112168e+01 2.384403e+01
      vertex   1.650000e+01 -2.098538e+01 2.417317e+01
      vertex   1.650000e+01 -2.112168e+01 2.384403e+01
    endloop
  endfacet
  facet normal 0.000000e+00 -9.689110e-01 2.474095e-01
    outer loop
      vertex   2.000000e+01 -2.112168e+01 2.384403e+01
      vertex   1.650000e+01 -2.112168e+01 2.384403e+01
      vertex   2.000000e+01 -2.120982e+01 2.349886e+01
    endloop
  endfacet
  facet normal 0.000000e+00 -9.689110e-01 2.474095e-01
    outer loop
      vertex   2.000000e+01 -2.120982e+01 2.349886e+01
      vertex   1.650000e+01 -2.112168e+01 2.384403e+01
      vertex   1.650000e+01 -2.120982e+01 2.349886e+01
    endloop
  endfacet
  facet normal 0.000000e+00 -9.942398e-01 1.071786e-01
    outer loop
      vertex   2.000000e+01 -2.120982e+01 2.349886e+01
      vertex   1.650000e+01 -2.120982e+01 2.349886e+01
      vertex   2.000000e+01 -2.124800e+01 2.314466e+01
    endloop
  endfacet
  facet normal -2.018428e-15 -9.942398e-01 1.071786e-01
    outer loop
      vertex   2.000000e+01 -2.124800e+01 2.314466e+01
      vertex   1.650000e+01 -2.120982e+01 2.349886e+01
      vertex   1.650000e+01 -2.124800e+01 2.314466e+01
    endloop
  endfacet
  facet normal -2.028862e-15 -9.993793e-01 -3.522874e-02
    outer loop
      vertex   2.000000e+01 -2.124800e+01 2.314466e+01
      vertex   1.650000e+01 -2.124800e+01 2.314466e+01
      vertex   2.000000e+01 -2.123545e+01 2.278863e+01
    endloop
  endfacet
  facet normal -0.000000e+00 -9.993793e-01 -3.522874e-02
    outer loop
      vertex   2.000000e+01 -2.123545e+01 2.278863e+01
      vertex   1.650000e+01 -2.124800e+01 2.314466e+01
      vertex   1.650000e+01 -2.123545e+01 2.278863e+01
    endloop
  endfacet
  facet normal -0.000000e+00 -9.842251e-01 -1.769207e-01
    outer loop
      vertex   2.000000e+01 -2.123545e+01 2.278863e+01
      vertex   1.650000e+01 -2.123545e+01 2.278863e+01
      vertex   2.000000e+01 -2.117243e+01 2.243800e+01
    endloop
  endfacet
  facet normal -0.000000e+00 -9.842251e-01 -1.769207e-01
    outer loop
      vertex   2.000000e+01 -2.117243e+01 2.243800e+01
      vertex   1.650000e+01 -2.123545e+01 2.278863e+01
      vertex   1.650000e+01 -2.117243e+01 2.243800e+01
    endloop
  endfacet
  facet normal -0.000000e+00 -9.490850e-01 -3.150200e-01
    outer loop
      vertex   2.000000e+01 -2.117243e+01 2.243800e+01
      vertex   1.650000e+01 -2.117243e+01 2.243800e+01
      vertex   2.000000e+01 -2.106020e+01 2.209989e+01
    endloop
  endfacet
  facet normal 3.197646e-16 -9.490850e-01 -3.150200e-01
    outer loop
      vertex   2.000000e+01 -2.106020e+01 2.209989e+01
      vertex   1.650000e+01 -2.117243e+01 2.243800e+01
      vertex   1.650000e+01 -2.106020e+01 2.209989e+01
    endloop
  endfacet
  facet normal 4.534506e-16 -8.946726e-01 -4.467225e-01
    outer loop
      vertex   2.000000e+01 -2.106020e+01 2.209989e+01
      vertex   1.650000e+01 -2.106020e+01 2.209989e+01
      vertex   2.000000e+01 -2.090106e+01 2.178116e+01
    endloop
  endfacet
  facet normal -0.000000e+00 -8.946726e-01 -4.467225e-01
    outer loop
      vertex   2.000000e+01 -2.090106e+01 2.178116e+01
      vertex   1.650000e+01 -2.106020e+01 2.209989e+01
      vertex   1.650000e+01 -2.090106e+01 2.178116e+01
    endloop
  endfacet
  facet normal -0.000000e+00 -8.220927e-01 -5.693537e-01
    outer loop
      vertex   2.000000e+01 -2.090106e+01 2.178116e+01
      vertex   1.650000e+01 -2.090106e+01 2.178116e+01
      vertex   2.000000e+01 -2.069822e+01 2.148829e+01
    endloop
  endfacet
  facet normal -0.000000e+00 -8.220927e-01 -5.693537e-01
    outer loop
      vertex   2.000000e+01 -2.069822e+01 2.148829e+01
      vertex   1.650000e+01 -2.090106e+01 2.178116e+01
      vertex   1.650000e+01 -2.069822e+01 2.148829e+01
    endloop
  endfacet
  facet normal -0.000000e+00 -7.328191e-01 -6.804235e-01
    outer loop
      vertex   2.000000e+01 -2.069822e+01 2.148829e+01
      vertex   1.650000e+01 -2.069822e+01 2.148829e+01
      vertex   2.000000e+01 -2.045582e+01 2.122722e+01
    endloop
  endfacet
  facet normal -0.000000e+00 -7.328191e-01 -6.804235e-01
    outer loop
      vertex   2.000000e+01 -2.045582e+01 2.122722e+01
      vertex   1.650000e+01 -2.069822e+01 2.148829e+01
      vertex   1.650000e+01 -2.045582e+01 2.122722e+01
    endloop
  endfacet
  facet normal -0.000000e+00 -6.286648e-01 -7.776764e-01
    outer loop
      vertex   2.000000e+01 -2.045582e+01 2.122722e+01
      vertex   1.650000e+01 -2.045582e+01 2.122722e+01
      vertex   2.000000e+01 -2.017877e+01 2.100326e+01
    endloop
  endfacet
  facet normal -0.000000e+00 -6.286648e-01 -7.776764e-01
    outer loop
      vertex   2.000000e+01 -2.017877e+01 2.100326e+01
      vertex   1.650000e+01 -2.045582e+01 2.122722e+01
      vertex   1.650000e+01 -2.017877e+01 2.100326e+01
    endloop
  endfacet
  facet normal -0.000000e+00 -5.117446e-01 -8.591376e-01
    outer loop
      vertex   2.000000e+01 -2.017877e+01 2.100326e+01
      vertex   1.650000e+01 -2.017877e+01 2.100326e+01
      vertex   2.000000e+01 -1.987271e+01 2.082095e+01
    endloop
  endfacet
  facet normal -5.194521e-16 -5.117446e-01 -8.591376e-01
    outer loop
      vertex   2.000000e+01 -1.987271e+01 2.082095e+01
      vertex   1.650000e+01 -2.017877e+01 2.100326e+01
      vertex   1.650000e+01 -1.987271e+01 2.082095e+01
    endloop
  endfacet
  facet normal -3.902228e-16 -3.844329e-01 -9.231530e-01
    outer loop
      vertex   2.000000e+01 -1.987271e+01 2.082095e+01
      vertex   1.650000e+01 -1.987271e+01 2.082095e+01
      vertex   2.000000e+01 -1.954383e+01 2.068400e+01
    endloop
  endfacet
  facet normal -0.000000e+00 -3.844329e-01 -9.231530e-01
    outer loop
      vertex   2.000000e+01 -1.954383e+01 2.068400e+01
      vertex   1.650000e+01 -1.987271e+01 2.082095e+01
      vertex   1.650000e+01 -1.954383e+01 2.068400e+01
    endloop
  endfacet
  facet normal -0.000000e+00 -2.493147e-01 -9.684225e-01
    outer loop
      vertex   2.000000e+01 -1.954383e+01 2.068400e+01
      vertex   1.650000e+01 -1.954383e+01 2.068400e+01
      vertex   2.000000e+01 -1.919883e+01 2.059518e+01
    endloop
  endfacet
  facet normal -2.530696e-16 -2.493147e-01 -9.684225e-01
    outer loop
      vertex   2.000000e+01 -1.919883e+01 2.059518e+01
      vertex   1.650000e+01 -1.954383e+01 2.068400e+01
      vertex   1.650000e+01 -1.919883e+01 2.059518e+01
    endloop
  endfacet
  facet normal -1.107775e-16 -1.091339e-01 -9.940271e-01
    outer loop
      vertex   2.000000e+01 -1.919883e+01 2.059518e+01
      vertex   1.650000e+01 -1.919883e+01 2.059518e+01
      vertex   2.000000e+01 -1.884471e+01 2.055630e+01
    endloop
  endfacet
  facet normal -1.107775e-16 -1.091339e-01 -9.940271e-01
    outer loop
      vertex   2.000000e+01 -1.884471e+01 2.055630e+01
      vertex   1.650000e+01 -1.919883e+01 2.059518e+01
      vertex   1.650000e+01 -1.884471e+01 2.055630e+01
    endloop
  endfacet
  facet normal 3.376403e-17 3.326306e-02 -9.994466e-01
    outer loop
      vertex   2.000000e+01 -1.884471e+01 2.055630e+01
      vertex   1.650000e+01 -1.884471e+01 2.055630e+01
      vertex   2.000000e+01 -1.848866e+01 2.056815e+01
    endloop
  endfacet
  facet normal 0.000000e+00 3.326306e-02 -9.994466e-01
    outer loop
      vertex   2.000000e+01 -1.848866e+01 2.056815e+01
      vertex   1.650000e+01 -1.884471e+01 2.055630e+01
      vertex   1.650000e+01 -1.848866e+01 2.056815e+01
    endloop
  endfacet
  facet normal 0.000000e+00 1.749845e-01 -9.845712e-01
    outer loop
      vertex   2.000000e+01 -1.848866e+01 2.056815e+01
      vertex   1.650000e+01 -1.848866e+01 2.056815e+01
      vertex   2.000000e+01 -1.813790e+01 2.063049e+01
    endloop
  endfacet
  facet normal 0.000000e+00 1.749845e-01 -9.845712e-01
    outer loop
      vertex   2.000000e+01 -1.813790e+01 2.063049e+01
      vertex   1.650000e+01 -1.848866e+01 2.056815e+01
      vertex   1.650000e+01 -1.813790e+01 2.063049e+01
    endloop
  endfacet
  facet normal 0.000000e+00 3.131527e-01 -9.497028e-01
    outer loop
      vertex   2.000000e+01 -1.813790e+01 2.063049e+01
      vertex   1.650000e+01 -1.813790e+01 2.063049e+01
      vertex   2.000000e+01 -1.779957e+01 2.074205e+01
    endloop
  endfacet
  facet normal 0.000000e+00 3.131527e-01 -9.497028e-01
    outer loop
      vertex   2.000000e+01 -1.779957e+01 2.074205e+01
      vertex   1.650000e+01 -1.813790e+01 2.063049e+01
      vertex   1.650000e+01 -1.779957e+01 2.074205e+01
    endloop
  endfacet
  facet normal 0.000000e+00 4.449620e-01 -8.955495e-01
    outer loop
      vertex   2.000000e+01 -1.779957e+01 2.074205e+01
      vertex   1.650000e+01 -1.779957e+01 2.074205e+01
      vertex   2.000000e+01 -1.748053e+01 2.090057e+01
    endloop
  endfacet
  facet normal 0.000000e+00 4.449620e-01 -8.955495e-01
    outer loop
      vertex   2.000000e+01 -1.748053e+01 2.090057e+01
      vertex   1.650000e+01 -1.779957e+01 2.074205e+01
      vertex   1.650000e+01 -1.748053e+01 2.090057e+01
    endloop
  endfacet
  facet normal 0.000000e+00 5.677357e-01 -8.232109e-01
    outer loop
      vertex   2.000000e+01 -1.748053e+01 2.090057e+01
      vertex   1.650000e+01 -1.748053e+01 2.090057e+01
      vertex   2.000000e+01 -1.718726e+01 2.110282e+01
    endloop
  endfacet
  facet normal 0.000000e+00 5.677357e-01 -8.232109e-01
    outer loop
      vertex   2.000000e+01 -1.718726e+01 2.110282e+01
      vertex   1.650000e+01 -1.748053e+01 2.090057e+01
      vertex   1.650000e+01 -1.718726e+01 2.110282e+01
    endloop
  endfacet
  facet normal 0.000000e+00 6.789808e-01 -7.341560e-01
    outer loop
      vertex   2.000000e+01 -1.718726e+01 2.110282e+01
      vertex   1.650000e+01 -1.718726e+01 2.110282e+01
      vertex   2.000000e+01 -1.692572e+01 2.134471e+01
    endloop
  endfacet
  facet normal -7.452132e-16 6.789808e-01 -7.341560e-01
    outer loop
      vertex   2.000000e+01 -1.692572e+01 2.134471e+01
      vertex   1.650000e+01 -1.718726e+01 2.110282e+01
      vertex   1.650000e+01 -1.692572e+01 2.134471e+01
    endloop
  endfacet
  facet normal -6.396845e-16 7.764384e-01 -6.301932e-01
    outer loop
      vertex   2.000000e+01 -1.692572e+01 2.134471e+01
      vertex   1.650000e+01 -1.692572e+01 2.134471e+01
      vertex   2.000000e+01 -1.670121e+01 2.162132e+01
    endloop
  endfacet
  facet normal 7.881324e-16 7.764384e-01 -6.301932e-01
    outer loop
      vertex   2.000000e+01 -1.670121e+01 2.162132e+01
      vertex   1.650000e+01 -1.692572e+01 2.134471e+01
      vertex   1.650000e+01 -1.670121e+01 2.162132e+01
    endloop
  endfacet
  facet normal 8.710538e-16 8.581294e-01 -5.134334e-01
    outer loop
      vertex   2.000000e+01 -1.670121e+01 2.162132e+01
      vertex   1.650000e+01 -1.670121e+01 2.162132e+01
      vertex   2.000000e+01 -1.651830e+01 2.192703e+01
    endloop
  endfacet
  facet normal 0.000000e+00 8.581294e-01 -5.134334e-01
    outer loop
      vertex   2.000000e+01 -1.651830e+01 2.192703e+01
      vertex   1.650000e+01 -1.670121e+01 2.162132e+01
      vertex   1.650000e+01 -1.651830e+01 2.192703e+01
    endloop
  endfacet
  facet normal 0.000000e+00 9.223951e-01 -3.862478e-01
    outer loop
      vertex   2.000000e+01 -1.651830e+01 2.192703e+01
      vertex   1.650000e+01 -1.651830e+01 2.192703e+01
      vertex   2.000000e+01 -1.638070e+01 2.225563e+01
    endloop
  endfacet
  facet normal 0.000000e+00 9.223951e-01 -3.862478e-01
    outer loop
      vertex   2.000000e+01 -1.638070e+01 2.225563e+01
      vertex   1.650000e+01 -1.651830e+01 2.192703e+01
      vertex   1.650000e+01 -1.638070e+01 2.225563e+01
    endloop
  endfacet
  facet normal 0.000000e+00 9.679303e-01 -2.512189e-01
    outer loop
      vertex   2.000000e+01 -1.638070e+01 2.225563e+01
      vertex   1.650000e+01 -1.638070e+01 2.225563e+01
      vertex   2.000000e+01 -1.629121e+01 2.260045e+01
    endloop
  endfacet
  facet normal 0.000000e+00 9.679303e-01 -2.512189e-01
    outer loop
      vertex   2.000000e+01 -1.629121e+01 2.260045e+01
      vertex   1.650000e+01 -1.638070e+01 2.225563e+01
      vertex   1.650000e+01 -1.629121e+01 2.260045e+01
    endloop
  endfacet
  facet normal 0.000000e+00 9.938105e-01 -1.110887e-01
    outer loop
      vertex   2.000000e+01 -1.629121e+01 2.260045e+01
      vertex   1.650000e+01 -1.629121e+01 2.260045e+01
      vertex   2.000000e+01 -1.625163e+01 2.295450e+01
    endloop
  endfacet
  facet normal 0.000000e+00 9.938105e-01 -1.110887e-01
    outer loop
      vertex   2.000000e+01 -1.625163e+01 2.295450e+01
      vertex   1.650000e+01 -1.629121e+01 2.260045e+01
      vertex   1.650000e+01 -1.625163e+01 2.295450e+01
    endloop
  endfacet
  facet normal 0.000000e+00 9.995101e-01 3.129725e-02
    outer loop
      vertex   2.000000e+01 -1.625163e+01 2.295450e+01
      vertex   1.650000e+01 -1.625163e+01 2.295450e+01
      vertex   2.000000e+01 -1.626278e+01 2.331057e+01
    endloop
  endfacet
  facet normal 0.000000e+00 9.995101e-01 3.129725e-02
    outer loop
      vertex   2.000000e+01 -1.626278e+01 2.331057e+01
      vertex   1.650000e+01 -1.625163e+01 2.295450e+01
      vertex   1.650000e+01 -1.626278e+01 2.331057e+01
    endloop
  endfacet
  facet normal 0.000000e+00 9.849134e-01 1.730477e-01
    outer loop
      vertex   2.000000e+01 -1.626278e+01 2.331057e+01
      vertex   1.650000e+01 -1.626278e+01 2.331057e+01
      vertex   2.000000e+01 -1.632443e+01 2.366145e+01
    endloop
  endfacet
  facet normal 0.000000e+00 9.849134e-01 1.730477e-01
    outer loop
      vertex   2.000000e+01 -1.632443e+01 2.366145e+01
      vertex   1.650000e+01 -1.626278e+01 2.331057e+01
      vertex   1.650000e+01 -1.632443e+01 2.366145e+01
    endloop
  endfacet
  facet normal 0.000000e+00 9.503169e-01 3.112842e-01
    outer loop
      vertex   2.000000e+01 -1.632443e+01 2.366145e+01
      vertex   1.650000e+01 -1.632443e+01 2.366145e+01
      vertex   2.000000e+01 -1.643532e+01 2.400000e+01
    endloop
  endfacet
  facet normal 0.000000e+00 9.503169e-01 3.112842e-01
    outer loop
      vertex   2.000000e+01 -1.643532e+01 2.400000e+01
      vertex   1.650000e+01 -1.632443e+01 2.366145e+01
      vertex   1.650000e+01 -1.643532e+01 2.400000e+01
    endloop
  endfacet
  facet normal 1.000000e+00 5.696574e-16 5.419928e-15
    outer loop
      vertex   2.000000e+01 -1.851573e+01 2.415491e+01
      vertex   2.000000e+01 -2.031966e+01 2.500000e+01
      vertex   2.000000e+01 -1.874963e+01 2.417949e+01
    endloop
  endfacet
  facet normal 1.000000e+00 3.447634e-15 1.092690e-14
    outer loop
      vertex   2.000000e+01 -1.874963e+01 2.417949e+01
      vertex   2.000000e+01 -2.031966e+01 2.500000e+01
      vertex   2.000000e+01 -2.058025e+01 2.475709e+01
    endloop
  endfacet
  facet normal 1.000000e+00 0.000000e+00 0.000000e+00
    outer loop
      vertex   2.000000e+01 -1.874963e+01 2.417949e+01
      vertex   2.000000e+01 -2.058025e+01 2.475709e+01
      vertex   2.000000e+01 -2.080367e+01 2.447960e+01
    endloop
  endfacet
  facet normal 1.000000e+00 3.721836e-16 4.998401e-15
    outer loop
      vertex   2.000000e+01 -2.031966e+01 2.500000e+01
      vertex   2.000000e+01 -1.851573e+01 2.415491e+01
      vertex   2.000000e+01 -1.643532e+01 2.400000e+01
    endloop
  endfacet
  facet normal 1.000000e+00 0.000000e+00 0.000000e+00
    outer loop
      vertex   2.000000e+01 -1.643532e+01 2.400000e+01
      vertex   2.000000e+01 -1.851573e+01 2.415491e+01
      vertex   2.000000e+01 -1.829205e+01 2.408223e+01
    endloop
  endfacet
  facet normal 1.000000e+00 0.000000e+00 0.000000e+00
    outer loop
      vertex   2.000000e+01 -1.643532e+01 2.400000e+01
      vertex   2.000000e+01 -1.829205e+01 2.408223e+01
      vertex   2.000000e+01 -1.808837e+01 2.396464e+01
    endloop
  endfacet
  facet normal 1.000000e+00 -0.000000e+00 0.000000e+00
    outer loop
      vertex   2.000000e+01 -1.808837e+01 2.396464e+01
      vertex   2.000000e+01 -1.791359e+01 2.380726e+01
      vertex   2.000000e+01 -1.643532e+01 2.400000e+01
    endloop
  endfacet
  facet normal 1.000000e+00 0.000000e+00 0.000000e+00
    outer loop
      vertex   2.000000e+01 -1.643532e+01 2.400000e+01
      vertex   2.000000e+01 -1.791359e+01 2.380726e+01
      vertex   2.000000e+01 -1.632443e+01 2.366145e+01
    endloop
  endfacet
  facet normal 1.000000e+00 0.000000e+00 0.000000e+00
    outer loop
      vertex   2.000000e+01 -1.632443e+01 2.366145e+01
      vertex   2.000000e+01 -1.791359e+01 2.380726e+01
      vertex   2.000000e+01 -1.777535e+01 2.361699e+01
    endloop
  endfacet
  facet normal 1.000000e+00 0.000000e+00 0.000000e+00
    outer loop
      vertex   2.000000e+01 -1.632443e+01 2.366145e+01
      vertex   2.000000e+01 -1.777535e+01 2.361699e+01
      vertex   2.000000e+01 -1.767969e+01 2.340214e+01
    endloop
  endfacet
  facet normal 1.000000e+00 0.000000e+00 0.000000e+00
    outer loop
      vertex   2.000000e+01 -1.632443e+01 2.366145e+01
      vertex   2.000000e+01 -1.767969e+01 2.340214e+01
      vertex   2.000000e+01 -1.626278e+01 2.331057e+01
    endloop
  endfacet
  facet normal 1.000000e+00 0.000000e+00 0.000000e+00
    outer loop
      vertex   2.000000e+01 -1.626278e+01 2.331057e+01
      vertex   2.000000e+01 -1.767969e+01 2.340214e+01
      vertex   2.000000e+01 -1.763079e+01 2.317209e+01
    endloop
  endfacet
  facet normal 1.000000e+00 0.000000e+00 0.000000e+00
    outer loop
      vertex   2.000000e+01 -1.626278e+01 2.331057e+01
      vertex   2.000000e+01 -1.763079e+01 2.317209e+01
      vertex   2.000000e+01 -1.625163e+01 2.295450e+01
    endloop
  endfacet
  facet normal 1.000000e+00 0.000000e+00 0.000000e+00
    outer loop
      vertex   2.000000e+01 -1.625163e+01 2.295450e+01
      vertex   2.000000e+01 -1.763079e+01 2.317209e+01
      vertex   2.000000e+01 -1.763079e+01 2.293690e+01
    endloop
  endfacet
  facet normal 1.000000e+00 0.000000e+00 0.000000e+00
    outer loop
      vertex   2.000000e+01 -1.625163e+01 2.295450e+01
      vertex   2.000000e+01 -1.763079e+01 2.293690e+01
      vertex   2.000000e+01 -1.767969e+01 2.270685e+01
    endloop
  endfacet
  facet normal 1.000000e+00 0.000000e+00 0.000000e+00
    outer loop
      vertex   2.000000e+01 -1.625163e+01 2.295450e+01
      vertex   2.000000e+01 -1.767969e+01 2.270685e+01
      vertex   2.000000e+01 -1.629121e+01 2.260045e+01
    endloop
  endfacet
  facet normal 1.000000e+00 0.000000e+00 0.000000e+00
    outer loop
      vertex   2.000000e+01 -1.629121e+01 2.260045e+01
      vertex   2.000000e+01 -1.767969e+01 2.270685e+01
      vertex   2.000000e+01 -1.777535e+01 2.249199e+01
    endloop
  endfacet
  facet normal 1.000000e+00 0.000000e+00 0.000000e+00
    outer loop
      vertex   2.000000e+01 -1.629121e+01 2.260045e+01
      vertex   2.000000e+01 -1.777535e+01 2.249199e+01
      vertex   2.000000e+01 -1.638070e+01 2.225563e+01
    endloop
  endfacet
  facet normal 1.000000e+00 0.000000e+00 0.000000e+00
    outer loop
      vertex   2.000000e+01 -1.638070e+01 2.225563e+01
      vertex   2.000000e+01 -1.777535e+01 2.249199e+01
      vertex   2.000000e+01 -1.791359e+01 2.230172e+01
    endloop
  endfacet
  facet normal 1.000000e+00 0.000000e+00 0.000000e+00
    outer loop
      vertex   2.000000e+01 -1.638070e+01 2.225563e+01
      vertex   2.000000e+01 -1.791359e+01 2.230172e+01
      vertex   2.000000e+01 -1.808837e+01 2.214435e+01
    endloop
  endfacet
  facet normal 1.000000e+00 0.000000e+00 0.000000e+00
    outer loop
      vertex   2.000000e+01 -1.638070e+01 2.225563e+01
      vertex   2.000000e+01 -1.808837e+01 2.214435e+01
      vertex   2.000000e+01 -1.651830e+01 2.192703e+01
    endloop
  endfacet
  facet normal 1.000000e+00 0.000000e+00 0.000000e+00
    outer loop
      vertex   2.000000e+01 -1.651830e+01 2.192703e+01
      vertex   2.000000e+01 -1.808837e+01 2.214435e+01
      vertex   2.000000e+01 -1.829205e+01 2.202675e+01
    endloop
  endfacet
  facet normal 1.000000e+00 0.000000e+00 0.000000e+00
    outer loop
      vertex   2.000000e+01 -1.651830e+01 2.192703e+01
      vertex   2.000000e+01 -1.829205e+01 2.202675e+01
      vertex   2.000000e+01 -1.851573e+01 2.195408e+01
    endloop
  endfacet
  facet normal 1.000000e+00 0.000000e+00 0.000000e+00
    outer loop
      vertex   2.000000e+01 -1.651830e+01 2.192703e+01
      vertex   2.000000e+01 -1.851573e+01 2.195408e+01
      vertex   2.000000e+01 -1.670121e+01 2.162132e+01
    endloop
  endfacet
  facet normal 1.000000e+00 0.000000e+00 0.000000e+00
    outer loop
      vertex   2.000000e+01 -1.670121e+01 2.162132e+01
      vertex   2.000000e+01 -1.851573e+01 2.195408e+01
      vertex   2.000000e+01 -1.874963e+01 2.192949e+01
    endloop
  endfacet
  facet normal 1.000000e+00 0.000000e+00 0.000000e+00
    outer loop
      vertex   2.000000e+01 -1.670121e+01 2.162132e+01
      vertex   2.000000e+01 -1.874963e+01 2.192949e+01
      vertex   2.000000e+01 -1.692572e+01 2.134471e+01
    endloop
  endfacet
  facet normal 1.000000e+00 0.000000e+00 0.000000e+00
    outer loop
      vertex   2.000000e+01 -1.692572e+01 2.134471e+01
      vertex   2.000000e+01 -1.874963e+01 2.192949e+01
      vertex   2.000000e+01 -2.045582e+01 2.122722e+01
    endloop
  endfacet
  facet normal 1.000000e+00 0.000000e+00 0.000000e+00
    outer loop
      vertex   2.000000e+01 -1.692572e+01 2.134471e+01
      vertex   2.000000e+01 -2.045582e+01 2.122722e+01
      vertex   2.000000e+01 -1.718726e+01 2.110282e+01
    endloop
  endfacet
  facet normal 1.000000e+00 0.000000e+00 0.000000e+00
    outer loop
      vertex   2.000000e+01 -1.718726e+01 2.110282e+01
      vertex   2.000000e+01 -2.045582e+01 2.122722e+01
      vertex   2.000000e+01 -2.017877e+01 2.100326e+01
    endloop
  endfacet
  facet normal 1.000000e+00 0.000000e+00 0.000000e+00
    outer loop
      vertex   2.000000e+01 -1.718726e+01 2.110282e+01
      vertex   2.000000e+01 -2.017877e+01 2.100326e+01
      vertex   2.000000e+01 -1.748053e+01 2.090057e+01
    endloop
  endfacet
  facet normal 1.000000e+00 0.000000e+00 0.000000e+00
    outer loop
      vertex   2.000000e+01 -1.748053e+01 2.090057e+01
      vertex   2.000000e+01 -2.017877e+01 2.100326e+01
      vertex   2.000000e+01 -1.987271e+01 2.082095e+01
    endloop
  endfacet
  facet normal 1.000000e+00 0.000000e+00 0.000000e+00
    outer loop
      vertex   2.000000e+01 -1.748053e+01 2.090057e+01
      vertex   2.000000e+01 -1.987271e+01 2.082095e+01
      vertex   2.000000e+01 -1.779957e+01 2.074205e+01
    endloop
  endfacet
  facet normal 1.000000e+00 0.000000e+00 0.000000e+00
    outer loop
      vertex   2.000000e+01 -1.779957e+01 2.074205e+01
      vertex   2.000000e+01 -1.987271e+01 2.082095e+01
      vertex   2.000000e+01 -1.954383e+01 2.068400e+01
    endloop
  endfacet
  facet normal 1.000000e+00 0.000000e+00 0.000000e+00
    outer loop
      vertex   2.000000e+01 -1.779957e+01 2.074205e+01
      vertex   2.000000e+01 -1.954383e+01 2.068400e+01
      vertex   2.000000e+01 -1.813790e+01 2.063049e+01
    endloop
  endfacet
  facet normal 1.000000e+00 0.000000e+00 0.000000e+00
    outer loop
      vertex   2.000000e+01 -1.813790e+01 2.063049e+01
      vertex   2.000000e+01 -1.954383e+01 2.068400e+01
      vertex   2.000000e+01 -1.919883e+01 2.059518e+01
    endloop
  endfacet
  facet normal 1.000000e+00 0.000000e+00 0.000000e+00
    outer loop
      vertex   2.000000e+01 -1.813790e+01 2.063049e+01
      vertex   2.000000e+01 -1.919883e+01 2.059518e+01
      vertex   2.000000e+01 -1.848866e+01 2.056815e+01
    endloop
  endfacet
  facet normal 1.000000e+00 0.000000e+00 0.000000e+00
    outer loop
      vertex   2.000000e+01 -1.848866e+01 2.056815e+01
      vertex   2.000000e+01 -1.919883e+01 2.059518e+01
      vertex   2.000000e+01 -1.884471e+01 2.055630e+01
    endloop
  endfacet
  facet normal 1.000000e+00 0.000000e+00 -0.000000e+00
    outer loop
      vertex   2.000000e+01 -2.045582e+01 2.122722e+01
      vertex   2.000000e+01 -1.874963e+01 2.192949e+01
      vertex   2.000000e+01 -2.069822e+01 2.148829e+01
    endloop
  endfacet
  facet normal 1.000000e+00 0.000000e+00 0.000000e+00
    outer loop
      vertex   2.000000e+01 -2.069822e+01 2.148829e+01
      vertex   2.000000e+01 -1.874963e+01 2.192949e+01
      vertex   2.000000e+01 -1.898353e+01 2.195408e+01
    endloop
  endfacet
  facet normal 1.000000e+00 0.000000e+00 -0.000000e+00
    outer loop
      vertex   2.000000e+01 -2.069822e+01 2.148829e+01
      vertex   2.000000e+01 -1.898353e+01 2.195408e+01
      vertex   2.000000e+01 -2.090106e+01 2.178116e+01
    endloop
  endfacet
  facet normal 1.000000e+00 0.000000e+00 0.000000e+00
    outer loop
      vertex   2.000000e+01 -2.090106e+01 2.178116e+01
      vertex   2.000000e+01 -1.898353e+01 2.195408e+01
      vertex   2.000000e+01 -1.920721e+01 2.202675e+01
    endloop
  endfacet
  facet normal 1.000000e+00 0.000000e+00 -0.000000e+00
    outer loop
      vertex   2.000000e+01 -2.090106e+01 2.178116e+01
      vertex   2.000000e+01 -1.920721e+01 2.202675e+01
      vertex   2.000000e+01 -2.106020e+01 2.209989e+01
    endloop
  endfacet
  facet normal 1.000000e+00 -0.000000e+00 0.000000e+00
    outer loop
      vertex   2.000000e+01 -2.106020e+01 2.209989e+01
      vertex   2.000000e+01 -1.920721e+01 2.202675e+01
      vertex   2.000000e+01 -1.941089e+01 2.214435e+01
    endloop
  endfacet
  facet normal 1.000000e+00 0.000000e+00 0.000000e+00
    outer loop
      vertex   2.000000e+01 -2.106020e+01 2.209989e+01
      vertex   2.000000e+01 -1.941089e+01 2.214435e+01
      vertex   2.000000e+01 -1.958567e+01 2.230172e+01
    endloop
  endfacet
  facet normal 1.000000e+00 0.000000e+00 -0.000000e+00
    outer loop
      vertex   2.000000e+01 -2.106020e+01 2.209989e+01
      vertex   2.000000e+01 -1.958567e+01 2.230172e+01
      vertex   2.000000e+01 -2.117243e+01 2.243800e+01
    endloop
  endfacet
  facet normal 1.000000e+00 -0.000000e+00 0.000000e+00
    outer loop
      vertex   2.000000e+01 -2.117243e+01 2.243800e+01
      vertex   2.000000e+01 -1.958567e+01 2.230172e+01
      vertex   2.000000e+01 -1.972391e+01 2.249199e+01
    endloop
  endfacet
  facet normal 1.000000e+00 0.000000e+00 0.000000e+00
    outer loop
      vertex   2.000000e+01 -2.117243e+01 2.243800e+01
      vertex   2.000000e+01 -1.972391e+01 2.249199e+01
      vertex   2.000000e+01 -1.981957e+01 2.270685e+01
    endloop
  endfacet
  facet normal 1.000000e+00 0.000000e+00 -0.000000e+00
    outer loop
      vertex   2.000000e+01 -2.117243e+01 2.243800e+01
      vertex   2.000000e+01 -1.981957e+01 2.270685e+01
      vertex   2.000000e+01 -2.123545e+01 2.278863e+01
    endloop
  endfacet
  facet normal 1.000000e+00 -0.000000e+00 0.000000e+00
    outer loop
      vertex   2.000000e+01 -2.123545e+01 2.278863e+01
      vertex   2.000000e+01 -1.981957e+01 2.270685e+01
      vertex   2.000000e+01 -1.986847e+01 2.293690e+01
    endloop
  endfacet
  facet normal 1.000000e+00 0.000000e+00 -0.000000e+00
    outer loop
      vertex   2.000000e+01 -2.123545e+01 2.278863e+01
      vertex   2.000000e+01 -1.986847e+01 2.293690e+01
      vertex   2.000000e+01 -2.124800e+01 2.314466e+01
    endloop
  endfacet
  facet normal 1.000000e+00 -0.000000e+00 0.000000e+00
    outer loop
      vertex   2.000000e+01 -2.124800e+01 2.314466e+01
      vertex   2.000000e+01 -1.986847e+01 2.293690e+01
      vertex   2.000000e+01 -1.986847e+01 2.317209e+01
    endloop
  endfacet
  facet normal 1.000000e+00 0.000000e+00 0.000000e+00
    outer loop
      vertex   2.000000e+01 -2.124800e+01 2.314466e+01
      vertex   2.000000e+01 -1.986847e+01 2.317209e+01
      vertex   2.000000e+01 -1.981957e+01 2.340214e+01
    endloop
  endfacet
  facet normal 1.000000e+00 0.000000e+00 0.000000e+00
    outer loop
      vertex   2.000000e+01 -2.124800e+01 2.314466e+01
      vertex   2.000000e+01 -1.981957e+01 2.340214e+01
      vertex   2.000000e+01 -2.120982e+01 2.349886e+01
    endloop
  endfacet
  facet normal 1.000000e+00 -0.000000e+00 0.000000e+00
    outer loop
      vertex   2.000000e+01 -2.120982e+01 2.349886e+01
      vertex   2.000000e+01 -1.981957e+01 2.340214e+01
      vertex   2.000000e+01 -1.972391e+01 2.361699e+01
    endloop
  endfacet
  facet normal 1.000000e+00 0.000000e+00 0.000000e+00
    outer loop
      vertex   2.000000e+01 -2.120982e+01 2.349886e+01
      vertex   2.000000e+01 -1.972391e+01 2.361699e+01
      vertex   2.000000e+01 -2.112168e+01 2.384403e+01
    endloop
  endfacet
  facet normal 1.000000e+00 0.000000e+00 0.000000e+00
    outer loop
      vertex   2.000000e+01 -2.112168e+01 2.384403e+01
      vertex   2.000000e+01 -1.972391e+01 2.361699e+01
      vertex   2.000000e+01 -1.958567e+01 2.380726e+01
    endloop
  endfacet
  facet normal 1.000000e+00 -0.000000e+00 0.000000e+00
    outer loop
      vertex   2.000000e+01 -2.112168e+01 2.384403e+01
      vertex   2.000000e+01 -1.958567e+01 2.380726e+01
      vertex   2.000000e+01 -1.941089e+01 2.396464e+01
    endloop
  endfacet
  facet normal 1.000000e+00 0.000000e+00 0.000000e+00
    outer loop
      vertex   2.000000e+01 -2.112168e+01 2.384403e+01
      vertex   2.000000e+01 -1.941089e+01 2.396464e+01
      vertex   2.000000e+01 -2.098538e+01 2.417317e+01
    endloop
  endfacet
  facet normal 1.000000e+00 0.000000e+00 0.000000e+00
    outer loop
      vertex   2.000000e+01 -2.098538e+01 2.417317e+01
      vertex   2.000000e+01 -1.941089e+01 2.396464e+01
      vertex   2.000000e+01 -1.920721e+01 2.408223e+01
    endloop
  endfacet
  facet normal 1.000000e+00 -0.000000e+00 0.000000e+00
    outer loop
      vertex   2.000000e+01 -2.098538e+01 2.417317e+01
      vertex   2.000000e+01 -1.920721e+01 2.408223e+01
      vertex   2.000000e+01 -2.080367e+01 2.447960e+01
    endloop
  endfacet
  facet normal 1.000000e+00 0.000000e+00 0.000000e+00
    outer loop
      vertex   2.000000e+01 -2.080367e+01 2.447960e+01
      vertex   2.000000e+01 -1.920721e+01 2.408223e+01
      vertex   2.000000e+01 -1.898353e+01 2.415491e+01
    endloop
  endfacet
  facet normal 1.000000e+00 0.000000e+00 0.000000e+00
    outer loop
      vertex   2.000000e+01 -2.080367e+01 2.447960e+01
      vertex   2.000000e+01 -1.898353e+01 2.415491e+01
      vertex   2.000000e+01 -1.874963e+01 2.417949e+01
    endloop
  endfacet
  facet normal 1.000000e+00 0.000000e+00 -0.000000e+00
    outer loop
      vertex   2.000000e+01 -6.015761e+00 2.412702e+01
      vertex   2.000000e+01 -4.231894e+00 2.450261e+01
      vertex   2.000000e+01 -6.249662e+00 2.415160e+01
    endloop
  endfacet
  facet normal 1.000000e+00 0.000000e+00 0.000000e+00
    outer loop
      vertex   2.000000e+01 -6.249662e+00 2.415160e+01
      vertex   2.000000e+01 -4.231894e+00 2.450261e+01
      vertex   2.000000e+01 -4.456040e+00 2.476813e+01
    endloop
  endfacet
  facet normal 1.000000e+00 0.000000e+00 0.000000e+00
    outer loop
      vertex   2.000000e+01 -6.249662e+00 2.415160e+01
      vertex   2.000000e+01 -4.456040e+00 2.476813e+01
      vertex   2.000000e+01 -4.714836e+00 2.500000e+01
    endloop
  endfacet
  facet normal 1.000000e+00 0.000000e+00 0.000000e+00
    outer loop
      vertex   2.000000e+01 -4.231894e+00 2.450261e+01
      vertex   2.000000e+01 -6.015761e+00 2.412702e+01
      vertex   2.000000e+01 -4.046728e+00 2.420858e+01
    endloop
  endfacet
  facet normal 1.000000e+00 0.000000e+00 0.000000e+00
    outer loop
      vertex   2.000000e+01 -4.046728e+00 2.420858e+01
      vertex   2.000000e+01 -6.015761e+00 2.412702e+01
      vertex   2.000000e+01 -5.792083e+00 2.405434e+01
    endloop
  endfacet
  facet normal 1.000000e+00 0.000000e+00 0.000000e+00
    outer loop
      vertex   2.000000e+01 -4.046728e+00 2.420858e+01
      vertex   2.000000e+01 -5.792083e+00 2.405434e+01
      vertex   2.000000e+01 -5.588403e+00 2.393674e+01
    endloop
  endfacet
  facet normal 1.000000e+00 0.000000e+00 0.000000e+00
    outer loop
      vertex   2.000000e+01 -4.046728e+00 2.420858e+01
      vertex   2.000000e+01 -5.588403e+00 2.393674e+01
      vertex   2.000000e+01 -3.904119e+00 2.389172e+01
    endloop
  endfacet
  facet normal 1.000000e+00 0.000000e+00 0.000000e+00
    outer loop
      vertex   2.000000e+01 -3.904119e+00 2.389172e+01
      vertex   2.000000e+01 -5.588403e+00 2.393674e+01
      vertex   2.000000e+01 -5.413624e+00 2.377937e+01
    endloop
  endfacet
  facet normal 1.000000e+00 0.000000e+00 0.000000e+00
    outer loop
      vertex   2.000000e+01 -3.904119e+00 2.389172e+01
      vertex   2.000000e+01 -5.413624e+00 2.377937e+01
      vertex   2.000000e+01 -5.275383e+00 2.358910e+01
    endloop
  endfacet
  facet normal 1.000000e+00 0.000000e+00 0.000000e+00
    outer loop
      vertex   2.000000e+01 -3.904119e+00 2.389172e+01
      vertex   2.000000e+01 -5.275383e+00 2.358910e+01
      vertex   2.000000e+01 -3.806822e+00 2.355814e+01
    endloop
  endfacet
  facet normal 1.000000e+00 0.000000e+00 0.000000e+00
    outer loop
      vertex   2.000000e+01 -3.806822e+00 2.355814e+01
      vertex   2.000000e+01 -5.275383e+00 2.358910e+01
      vertex   2.000000e+01 -5.179723e+00 2.337424e+01
    endloop
  endfacet
  facet normal 1.000000e+00 0.000000e+00 0.000000e+00
    outer loop
      vertex   2.000000e+01 -3.806822e+00 2.355814e+01
      vertex   2.000000e+01 -5.179723e+00 2.337424e+01
      vertex   2.000000e+01 -3.756718e+00 2.321429e+01
    endloop
  endfacet
  facet normal 1.000000e+00 0.000000e+00 0.000000e+00
    outer loop
      vertex   2.000000e+01 -3.756718e+00 2.321429e+01
      vertex   2.000000e+01 -5.179723e+00 2.337424e+01
      vertex   2.000000e+01 -5.130825e+00 2.314419e+01
    endloop
  endfacet
  facet normal 1.000000e+00 0.000000e+00 0.000000e+00
    outer loop
      vertex   2.000000e+01 -3.756718e+00 2.321429e+01
      vertex   2.000000e+01 -5.130825e+00 2.314419e+01
      vertex   2.000000e+01 -3.754773e+00 2.286682e+01
    endloop
  endfacet
  facet normal 1.000000e+00 0.000000e+00 0.000000e+00
    outer loop
      vertex   2.000000e+01 -3.754773e+00 2.286682e+01
      vertex   2.000000e+01 -5.130825e+00 2.314419e+01
      vertex   2.000000e+01 -5.130825e+00 2.290900e+01
    endloop
  endfacet
  facet normal 1.000000e+00 0.000000e+00 0.000000e+00
    outer loop
      vertex   2.000000e+01 -3.754773e+00 2.286682e+01
      vertex   2.000000e+01 -5.130825e+00 2.290900e+01
      vertex   2.000000e+01 -5.179723e+00 2.267896e+01
    endloop
  endfacet
  facet normal 1.000000e+00 0.000000e+00 0.000000e+00
    outer loop
      vertex   2.000000e+01 -3.754773e+00 2.286682e+01
      vertex   2.000000e+01 -5.179723e+00 2.267896e+01
      vertex   2.000000e+01 -3.801026e+00 2.252244e+01
    endloop
  endfacet
  facet normal 1.000000e+00 0.000000e+00 0.000000e+00
    outer loop
      vertex   2.000000e+01 -3.801026e+00 2.252244e+01
      vertex   2.000000e+01 -5.179723e+00 2.267896e+01
      vertex   2.000000e+01 -5.275383e+00 2.246410e+01
    endloop
  endfacet
  facet normal 1.000000e+00 0.000000e+00 0.000000e+00
    outer loop
      vertex   2.000000e+01 -3.801026e+00 2.252244e+01
      vertex   2.000000e+01 -5.275383e+00 2.246410e+01
      vertex   2.000000e+01 -3.894582e+00 2.218779e+01
    endloop
  endfacet
  facet normal 1.000000e+00 0.000000e+00 0.000000e+00
    outer loop
      vertex   2.000000e+01 -3.894582e+00 2.218779e+01
      vertex   2.000000e+01 -5.275383e+00 2.246410e+01
      vertex   2.000000e+01 -5.413624e+00 2.227383e+01
    endloop
  endfacet
  facet normal 1.000000e+00 0.000000e+00 0.000000e+00
    outer loop
      vertex   2.000000e+01 -3.894582e+00 2.218779e+01
      vertex   2.000000e+01 -5.413624e+00 2.227383e+01
      vertex   2.000000e+01 -5.588403e+00 2.211646e+01
    endloop
  endfacet
  facet normal 1.000000e+00 0.000000e+00 0.000000e+00
    outer loop
      vertex   2.000000e+01 -3.894582e+00 2.218779e+01
      vertex   2.000000e+01 -5.588403e+00 2.211646e+01
      vertex   2.000000e+01 -4.033635e+00 2.186935e+01
    endloop
  endfacet
  facet normal 1.000000e+00 0.000000e+00 0.000000e+00
    outer loop
      vertex   2.000000e+01 -4.033635e+00 2.186935e+01
      vertex   2.000000e+01 -5.588403e+00 2.211646e+01
      vertex   2.000000e+01 -5.792083e+00 2.199886e+01
    endloop
  endfacet
  facet normal 1.000000e+00 0.000000e+00 0.000000e+00
    outer loop
      vertex   2.000000e+01 -4.033635e+00 2.186935e+01
      vertex   2.000000e+01 -5.792083e+00 2.199886e+01
      vertex   2.000000e+01 -6.015761e+00 2.192618e+01
    endloop
  endfacet
  facet normal 1.000000e+00 0.000000e+00 0.000000e+00
    outer loop
      vertex   2.000000e+01 -4.033635e+00 2.186935e+01
      vertex   2.000000e+01 -6.015761e+00 2.192618e+01
      vertex   2.000000e+01 -4.215498e+00 2.157327e+01
    endloop
  endfacet
  facet normal 1.000000e+00 0.000000e+00 0.000000e+00
    outer loop
      vertex   2.000000e+01 -4.215498e+00 2.157327e+01
      vertex   2.000000e+01 -6.015761e+00 2.192618e+01
      vertex   2.000000e+01 -6.249662e+00 2.190160e+01
    endloop
  endfacet
  facet normal 1.000000e+00 0.000000e+00 0.000000e+00
    outer loop
      vertex   2.000000e+01 -4.215498e+00 2.157327e+01
      vertex   2.000000e+01 -6.249662e+00 2.190160e+01
      vertex   2.000000e+01 -4.436659e+00 2.130526e+01
    endloop
  endfacet
  facet normal 1.000000e+00 0.000000e+00 0.000000e+00
    outer loop
      vertex   2.000000e+01 -4.436659e+00 2.130526e+01
      vertex   2.000000e+01 -6.249662e+00 2.190160e+01
      vertex   2.000000e+01 -8.140854e+00 2.139155e+01
    endloop
  endfacet
  facet normal 1.000000e+00 0.000000e+00 0.000000e+00
    outer loop
      vertex   2.000000e+01 -4.436659e+00 2.130526e+01
      vertex   2.000000e+01 -8.140854e+00 2.139155e+01
      vertex   2.000000e+01 -7.895879e+00 2.114512e+01
    endloop
  endfacet
  facet normal 1.000000e+00 0.000000e+00 0.000000e+00
    outer loop
      vertex   2.000000e+01 -6.249662e+00 2.190160e+01
      vertex   2.000000e+01 -6.483563e+00 2.192618e+01
      vertex   2.000000e+01 -8.140854e+00 2.139155e+01
    endloop
  endfacet
  facet normal 1.000000e+00 0.000000e+00 -0.000000e+00
    outer loop
      vertex   2.000000e+01 -8.140854e+00 2.139155e+01
      vertex   2.000000e+01 -6.483563e+00 2.192618e+01
      vertex   2.000000e+01 -8.349294e+00 2.166956e+01
    endloop
  endfacet
  facet normal 1.000000e+00 0.000000e+00 0.000000e+00
    outer loop
      vertex   2.000000e+01 -8.349294e+00 2.166956e+01
      vertex   2.000000e+01 -6.483563e+00 2.192618e+01
      vertex   2.000000e+01 -6.707241e+00 2.199886e+01
    endloop
  endfacet
  facet normal 1.000000e+00 0.000000e+00 -0.000000e+00
    outer loop
      vertex   2.000000e+01 -8.349294e+00 2.166956e+01
      vertex   2.000000e+01 -6.707241e+00 2.199886e+01
      vertex   2.000000e+01 -8.517173e+00 2.197380e+01
    endloop
  endfacet
  facet normal 1.000000e+00 0.000000e+00 0.000000e+00
    outer loop
      vertex   2.000000e+01 -8.517173e+00 2.197380e+01
      vertex   2.000000e+01 -6.707241e+00 2.199886e+01
      vertex   2.000000e+01 -6.910920e+00 2.211646e+01
    endloop
  endfacet
  facet normal 1.000000e+00 0.000000e+00 0.000000e+00
    outer loop
      vertex   2.000000e+01 -8.517173e+00 2.197380e+01
      vertex   2.000000e+01 -6.910920e+00 2.211646e+01
      vertex   2.000000e+01 -7.085700e+00 2.227383e+01
    endloop
  endfacet
  facet normal 1.000000e+00 0.000000e+00 -0.000000e+00
    outer loop
      vertex   2.000000e+01 -8.517173e+00 2.197380e+01
      vertex   2.000000e+01 -7.085700e+00 2.227383e+01
      vertex   2.000000e+01 -8.641247e+00 2.229837e+01
    endloop
  endfacet
  facet normal 1.000000e+00 -0.000000e+00 0.000000e+00
    outer loop
      vertex   2.000000e+01 -8.641247e+00 2.229837e+01
      vertex   2.000000e+01 -7.085700e+00 2.227383e+01
      vertex   2.000000e+01 -7.223940e+00 2.246410e+01
    endloop
  endfacet
  facet normal 1.000000e+00 0.000000e+00 -0.000000e+00
    outer loop
      vertex   2.000000e+01 -8.641247e+00 2.229837e+01
      vertex   2.000000e+01 -7.223940e+00 2.246410e+01
      vertex   2.000000e+01 -8.719119e+00 2.263701e+01
    endloop
  endfacet
  facet normal 1.000000e+00 -0.000000e+00 0.000000e+00
    outer loop
      vertex   2.000000e+01 -8.719119e+00 2.263701e+01
      vertex   2.000000e+01 -7.223940e+00 2.246410e+01
      vertex   2.000000e+01 -7.319600e+00 2.267896e+01
    endloop
  endfacet
  facet normal 1.000000e+00 0.000000e+00 0.000000e+00
    outer loop
      vertex   2.000000e+01 -8.719119e+00 2.263701e+01
      vertex   2.000000e+01 -7.319600e+00 2.267896e+01
      vertex   2.000000e+01 -7.368499e+00 2.290900e+01
    endloop
  endfacet
  facet normal 1.000000e+00 0.000000e+00 -0.000000e+00
    outer loop
      vertex   2.000000e+01 -8.719119e+00 2.263701e+01
      vertex   2.000000e+01 -7.368499e+00 2.290900e+01
      vertex   2.000000e+01 -8.749285e+00 2.298317e+01
    endloop
  endfacet
  facet normal 1.000000e+00 -0.000000e+00 0.000000e+00
    outer loop
      vertex   2.000000e+01 -8.749285e+00 2.298317e+01
      vertex   2.000000e+01 -7.368499e+00 2.290900e+01
      vertex   2.000000e+01 -7.368499e+00 2.314419e+01
    endloop
  endfacet
  facet normal 1.000000e+00 0.000000e+00 0.000000e+00
    outer loop
      vertex   2.000000e+01 -8.749285e+00 2.298317e+01
      vertex   2.000000e+01 -7.368499e+00 2.314419e+01
      vertex   2.000000e+01 -8.731162e+00 2.333018e+01
    endloop
  endfacet
  facet normal 1.000000e+00 -0.000000e+00 0.000000e+00
    outer loop
      vertex   2.000000e+01 -8.731162e+00 2.333018e+01
      vertex   2.000000e+01 -7.368499e+00 2.314419e+01
      vertex   2.000000e+01 -7.319600e+00 2.337424e+01
    endloop
  endfacet
  facet normal 1.000000e+00 0.000000e+00 0.000000e+00
    outer loop
      vertex   2.000000e+01 -8.731162e+00 2.333018e+01
      vertex   2.000000e+01 -7.319600e+00 2.337424e+01
      vertex   2.000000e+01 -8.665100e+00 2.367132e+01
    endloop
  endfacet
  facet normal 1.000000e+00 0.000000e+00 0.000000e+00
    outer loop
      vertex   2.000000e+01 -8.665100e+00 2.367132e+01
      vertex   2.000000e+01 -7.319600e+00 2.337424e+01
      vertex   2.000000e+01 -7.223940e+00 2.358910e+01
    endloop
  endfacet
  facet normal 1.000000e+00 -0.000000e+00 0.000000e+00
    outer loop
      vertex   2.000000e+01 -8.665100e+00 2.367132e+01
      vertex   2.000000e+01 -7.223940e+00 2.358910e+01
      vertex   2.000000e+01 -7.085700e+00 2.377937e+01
    endloop
  endfacet
  facet normal 1.000000e+00 0.000000e+00 0.000000e+00
    outer loop
      vertex   2.000000e+01 -8.665100e+00 2.367132e+01
      vertex   2.000000e+01 -7.085700e+00 2.377937e+01
      vertex   2.000000e+01 -8.552376e+00 2.400000e+01
    endloop
  endfacet
  facet normal 1.000000e+00 0.000000e+00 0.000000e+00
    outer loop
      vertex   2.000000e+01 -8.552376e+00 2.400000e+01
      vertex   2.000000e+01 -7.085700e+00 2.377937e+01
      vertex   2.000000e+01 -6.910920e+00 2.393674e+01
    endloop
  endfacet
  facet normal 1.000000e+00 -0.000000e+00 0.000000e+00
    outer loop
      vertex   2.000000e+01 -8.552376e+00 2.400000e+01
      vertex   2.000000e+01 -6.910920e+00 2.393674e+01
      vertex   2.000000e+01 -6.707241e+00 2.405434e+01
    endloop
  endfacet
  facet normal 1.000000e+00 0.000000e+00 -0.000000e+00
    outer loop
      vertex   2.000000e+01 -6.707241e+00 2.405434e+01
      vertex   2.000000e+01 -6.483563e+00 2.412702e+01
      vertex   2.000000e+01 -8.552376e+00 2.400000e+01
    endloop
  endfacet
  facet normal 1.000000e+00 0.000000e+00 0.000000e+00
    outer loop
      vertex   2.000000e+01 -8.552376e+00 2.400000e+01
      vertex   2.000000e+01 -6.483563e+00 2.412702e+01
      vertex   2.000000e+01 -4.714836e+00 2.500000e+01
    endloop
  endfacet
  facet normal 1.000000e+00 0.000000e+00 -0.000000e+00
    outer loop
      vertex   2.000000e+01 -8.552376e+00 2.400000e+01
      vertex   2.000000e+01 -4.714836e+00 2.500000e+01
      vertex   2.000000e+01 -1.643532e+01 2.400000e+01
    endloop
  endfacet
  facet normal 1.000000e+00 -2.276676e-16 2.668376e-15
    outer loop
      vertex   2.000000e+01 -1.643532e+01 2.400000e+01
      vertex   2.000000e+01 -4.714836e+00 2.500000e+01
      vertex   2.000000e+01 -2.031966e+01 2.500000e+01
    endloop
  endfacet
  facet normal 1.000000e+00 0.000000e+00 0.000000e+00
    outer loop
      vertex   2.000000e+01 -6.483563e+00 2.412702e+01
      vertex   2.000000e+01 -6.249662e+00 2.415160e+01
      vertex   2.000000e+01 -4.714836e+00 2.500000e+01
    endloop
  endfacet
  facet normal 1.000000e+00 0.000000e+00 0.000000e+00
    outer loop
      vertex   2.000000e+01 -4.436659e+00 2.130526e+01
      vertex   2.000000e+01 -7.895879e+00 2.114512e+01
      vertex   2.000000e+01 -4.692843e+00 2.107050e+01
    endloop
  endfacet
  facet normal 1.000000e+00 0.000000e+00 0.000000e+00
    outer loop
      vertex   2.000000e+01 -4.692843e+00 2.107050e+01
      vertex   2.000000e+01 -7.895879e+00 2.114512e+01
      vertex   2.000000e+01 -7.619101e+00 2.093504e+01
    endloop
  endfacet
  facet normal 1.000000e+00 0.000000e+00 0.000000e+00
    outer loop
      vertex   2.000000e+01 -4.692843e+00 2.107050e+01
      vertex   2.000000e+01 -7.619101e+00 2.093504e+01
      vertex   2.000000e+01 -4.979103e+00 2.087354e+01
    endloop
  endfacet
  facet normal 1.000000e+00 0.000000e+00 0.000000e+00
    outer loop
      vertex   2.000000e+01 -4.979103e+00 2.087354e+01
      vertex   2.000000e+01 -7.619101e+00 2.093504e+01
      vertex   2.000000e+01 -7.315868e+00 2.076536e+01
    endloop
  endfacet
  facet normal 1.000000e+00 0.000000e+00 0.000000e+00
    outer loop
      vertex   2.000000e+01 -4.979103e+00 2.087354e+01
      vertex   2.000000e+01 -7.315868e+00 2.076536e+01
      vertex   2.000000e+01 -5.289909e+00 2.071816e+01
    endloop
  endfacet
  facet normal 1.000000e+00 0.000000e+00 0.000000e+00
    outer loop
      vertex   2.000000e+01 -5.289909e+00 2.071816e+01
      vertex   2.000000e+01 -7.315868e+00 2.076536e+01
      vertex   2.000000e+01 -6.992038e+00 2.063937e+01
    endloop
  endfacet
  facet normal 1.000000e+00 0.000000e+00 0.000000e+00
    outer loop
      vertex   2.000000e+01 -5.289909e+00 2.071816e+01
      vertex   2.000000e+01 -6.992038e+00 2.063937e+01
      vertex   2.000000e+01 -5.619255e+00 2.060739e+01
    endloop
  endfacet
  facet normal 1.000000e+00 0.000000e+00 0.000000e+00
    outer loop
      vertex   2.000000e+01 -5.619255e+00 2.060739e+01
      vertex   2.000000e+01 -6.992038e+00 2.063937e+01
      vertex   2.000000e+01 -6.653866e+00 2.055949e+01
    endloop
  endfacet
  facet normal 1.000000e+00 0.000000e+00 0.000000e+00
    outer loop
      vertex   2.000000e+01 -5.619255e+00 2.060739e+01
      vertex   2.000000e+01 -6.653866e+00 2.055949e+01
      vertex   2.000000e+01 -5.960779e+00 2.054335e+01
    endloop
  endfacet
  facet normal 1.000000e+00 0.000000e+00 0.000000e+00
    outer loop
      vertex   2.000000e+01 -5.960779e+00 2.054335e+01
      vertex   2.000000e+01 -6.653866e+00 2.055949e+01
      vertex   2.000000e+01 -6.307885e+00 2.052728e+01
    endloop
  endfacet
  facet normal 1.000000e+00 3.107214e-14 6.604588e-15
    outer loop
      vertex   1.650000e+01 -1.851573e+01 2.415491e+01
      vertex   1.650000e+01 -1.874963e+01 2.417949e+01
      vertex   1.650000e+01 -1.808837e+01 2.214435e+01
    endloop
  endfacet
  facet normal 1.000000e+00 -2.901997e-14 -1.292052e-14
    outer loop
      vertex   1.650000e+01 -1.808837e+01 2.214435e+01
      vertex   1.650000e+01 -1.874963e+01 2.417949e+01
      vertex   1.650000e+01 -1.898353e+01 2.415491e+01
    endloop
  endfacet
  facet normal 1.000000e+00 0.000000e+00 0.000000e+00
    outer loop
      vertex   1.650000e+01 -1.808837e+01 2.214435e+01
      vertex   1.650000e+01 -1.898353e+01 2.415491e+01
      vertex   1.650000e+01 -1.920721e+01 2.408223e+01
    endloop
  endfacet
  facet normal 1.000000e+00 0.000000e+00 0.000000e+00
    outer loop
      vertex   1.650000e+01 -1.920721e+01 2.408223e+01
      vertex   1.650000e+01 -1.941089e+01 2.396464e+01
      vertex   1.650000e+01 -1.808837e+01 2.214435e+01
    endloop
  endfacet
  facet normal 1.000000e+00 0.000000e+00 0.000000e+00
    outer loop
      vertex   1.650000e+01 -1.808837e+01 2.214435e+01
      vertex   1.650000e+01 -1.941089e+01 2.396464e+01
      vertex   1.650000e+01 -1.958567e+01 2.380726e+01
    endloop
  endfacet
  facet normal 1.000000e+00 0.000000e+00 0.000000e+00
    outer loop
      vertex   1.650000e+01 -1.808837e+01 2.214435e+01
      vertex   1.650000e+01 -1.958567e+01 2.380726e+01
      vertex   1.650000e+01 -1.972391e+01 2.361699e+01
    endloop
  endfacet
  facet normal 1.000000e+00 0.000000e+00 0.000000e+00
    outer loop
      vertex   1.650000e+01 -1.972391e+01 2.361699e+01
      vertex   1.650000e+01 -1.981957e+01 2.340214e+01
      vertex   1.650000e+01 -1.808837e+01 2.214435e+01
    endloop
  endfacet
  facet normal 1.000000e+00 0.000000e+00 0.000000e+00
    outer loop
      vertex   1.650000e+01 -1.808837e+01 2.214435e+01
      vertex   1.650000e+01 -1.981957e+01 2.340214e+01
      vertex   1.650000e+01 -1.986847e+01 2.317209e+01
    endloop
  endfacet
  facet normal 1.000000e+00 0.000000e+00 0.000000e+00
    outer loop
      vertex   1.650000e+01 -1.808837e+01 2.214435e+01
      vertex   1.650000e+01 -1.986847e+01 2.317209e+01
      vertex   1.650000e+01 -1.986847e+01 2.293690e+01
    endloop
  endfacet
  facet normal 1.000000e+00 0.000000e+00 0.000000e+00
    outer loop
      vertex   1.650000e+01 -1.986847e+01 2.293690e+01
      vertex   1.650000e+01 -1.981957e+01 2.270685e+01
      vertex   1.650000e+01 -1.808837e+01 2.214435e+01
    endloop
  endfacet
  facet normal 1.000000e+00 0.000000e+00 0.000000e+00
    outer loop
      vertex   1.650000e+01 -1.808837e+01 2.214435e+01
      vertex   1.650000e+01 -1.981957e+01 2.270685e+01
      vertex   1.650000e+01 -1.972391e+01 2.249199e+01
    endloop
  endfacet
  facet normal 1.000000e+00 0.000000e+00 0.000000e+00
    outer loop
      vertex   1.650000e+01 -1.808837e+01 2.214435e+01
      vertex   1.650000e+01 -1.972391e+01 2.249199e+01
      vertex   1.650000e+01 -1.958567e+01 2.230172e+01
    endloop
  endfacet
  facet normal 1.000000e+00 0.000000e+00 0.000000e+00
    outer loop
      vertex   1.650000e+01 -1.958567e+01 2.230172e+01
      vertex   1.650000e+01 -1.941089e+01 2.214435e+01
      vertex   1.650000e+01 -1.808837e+01 2.214435e+01
    endloop
  endfacet
  facet normal 1.000000e+00 0.000000e+00 0.000000e+00
    outer loop
      vertex   1.650000e+01 -1.808837e+01 2.214435e+01
      vertex   1.650000e+01 -1.941089e+01 2.214435e+01
      vertex   1.650000e+01 -1.829205e+01 2.202675e+01
    endloop
  endfacet
  facet normal 1.000000e+00 0.000000e+00 0.000000e+00
    outer loop
      vertex   1.650000e+01 -1.829205e+01 2.202675e+01
      vertex   1.650000e+01 -1.941089e+01 2.214435e+01
      vertex   1.650000e+01 -1.920721e+01 2.202675e+01
    endloop
  endfacet
  facet normal 1.000000e+00 0.000000e+00 0.000000e+00
    outer loop
      vertex   1.650000e+01 -1.829205e+01 2.202675e+01
      vertex   1.650000e+01 -1.920721e+01 2.202675e+01
      vertex   1.650000e+01 -1.851573e+01 2.195408e+01
    endloop
  endfacet
  facet normal 1.000000e+00 0.000000e+00 0.000000e+00
    outer loop
      vertex   1.650000e+01 -1.851573e+01 2.195408e+01
      vertex   1.650000e+01 -1.920721e+01 2.202675e+01
      vertex   1.650000e+01 -1.898353e+01 2.195408e+01
    endloop
  endfacet
  facet normal 1.000000e+00 0.000000e+00 0.000000e+00
    outer loop
      vertex   1.650000e+01 -1.851573e+01 2.195408e+01
      vertex   1.650000e+01 -1.898353e+01 2.195408e+01
      vertex   1.650000e+01 -1.874963e+01 2.192949e+01
    endloop
  endfacet
  facet normal 1.000000e+00 0.000000e+00 0.000000e+00
    outer loop
      vertex   1.650000e+01 -1.791359e+01 2.230172e+01
      vertex   1.650000e+01 -1.808837e+01 2.396464e+01
      vertex   1.650000e+01 -1.808837e+01 2.214435e+01
    endloop
  endfacet
  facet normal 1.000000e+00 0.000000e+00 -0.000000e+00
    outer loop
      vertex   1.650000e+01 -1.808837e+01 2.214435e+01
      vertex   1.650000e+01 -1.808837e+01 2.396464e+01
      vertex   1.650000e+01 -1.829205e+01 2.408223e+01
    endloop
  endfacet
  facet normal 1.000000e+00 0.000000e+00 0.000000e+00
    outer loop
      vertex   1.650000e+01 -1.808837e+01 2.214435e+01
      vertex   1.650000e+01 -1.829205e+01 2.408223e+01
      vertex   1.650000e+01 -1.851573e+01 2.415491e+01
    endloop
  endfacet
  facet normal 1.000000e+00 0.000000e+00 0.000000e+00
    outer loop
      vertex   1.650000e+01 -1.808837e+01 2.396464e+01
      vertex   1.650000e+01 -1.791359e+01 2.230172e+01
      vertex   1.650000e+01 -1.791359e+01 2.380726e+01
    endloop
  endfacet
  facet normal 1.000000e+00 0.000000e+00 0.000000e+00
    outer loop
      vertex   1.650000e+01 -1.791359e+01 2.380726e+01
      vertex   1.650000e+01 -1.791359e+01 2.230172e+01
      vertex   1.650000e+01 -1.777535e+01 2.249199e+01
    endloop
  endfacet
  facet normal 1.000000e+00 0.000000e+00 0.000000e+00
    outer loop
      vertex   1.650000e+01 -1.791359e+01 2.380726e+01
      vertex   1.650000e+01 -1.777535e+01 2.249199e+01
      vertex   1.650000e+01 -1.777535e+01 2.361699e+01
    endloop
  endfacet
  facet normal 1.000000e+00 0.000000e+00 0.000000e+00
    outer loop
      vertex   1.650000e+01 -1.777535e+01 2.361699e+01
      vertex   1.650000e+01 -1.777535e+01 2.249199e+01
      vertex   1.650000e+01 -1.767969e+01 2.270685e+01
    endloop
  endfacet
  facet normal 1.000000e+00 0.000000e+00 0.000000e+00
    outer loop
      vertex   1.650000e+01 -1.777535e+01 2.361699e+01
      vertex   1.650000e+01 -1.767969e+01 2.270685e+01
      vertex   1.650000e+01 -1.767969e+01 2.340214e+01
    endloop
  endfacet
  facet normal 1.000000e+00 0.000000e+00 0.000000e+00
    outer loop
      vertex   1.650000e+01 -1.767969e+01 2.340214e+01
      vertex   1.650000e+01 -1.767969e+01 2.270685e+01
      vertex   1.650000e+01 -1.763079e+01 2.293690e+01
    endloop
  endfacet
  facet normal 1.000000e+00 0.000000e+00 0.000000e+00
    outer loop
      vertex   1.650000e+01 -1.767969e+01 2.340214e+01
      vertex   1.650000e+01 -1.763079e+01 2.293690e+01
      vertex   1.650000e+01 -1.763079e+01 2.317209e+01
    endloop
  endfacet
  facet normal 1.000000e+00 4.660821e-14 9.906881e-15
    outer loop
      vertex   1.650000e+01 -6.015761e+00 2.412702e+01
      vertex   1.650000e+01 -6.249662e+00 2.415160e+01
      vertex   1.650000e+01 -5.588403e+00 2.211646e+01
    endloop
  endfacet
  facet normal 1.000000e+00 -4.352995e-14 -1.938078e-14
    outer loop
      vertex   1.650000e+01 -5.588403e+00 2.211646e+01
      vertex   1.650000e+01 -6.249662e+00 2.415160e+01
      vertex   1.650000e+01 -6.483563e+00 2.412702e+01
    endloop
  endfacet
  facet normal 1.000000e+00 0.000000e+00 0.000000e+00
    outer loop
      vertex   1.650000e+01 -5.588403e+00 2.211646e+01
      vertex   1.650000e+01 -6.483563e+00 2.412702e+01
      vertex   1.650000e+01 -6.707241e+00 2.405434e+01
    endloop
  endfacet
  facet normal 1.000000e+00 0.000000e+00 0.000000e+00
    outer loop
      vertex   1.650000e+01 -6.707241e+00 2.405434e+01
      vertex   1.650000e+01 -6.910920e+00 2.393674e+01
      vertex   1.650000e+01 -5.588403e+00 2.211646e+01
    endloop
  endfacet
  facet normal 1.000000e+00 0.000000e+00 0.000000e+00
    outer loop
      vertex   1.650000e+01 -5.588403e+00 2.211646e+01
      vertex   1.650000e+01 -6.910920e+00 2.393674e+01
      vertex   1.650000e+01 -7.085700e+00 2.377937e+01
    endloop
  endfacet
  facet normal 1.000000e+00 0.000000e+00 0.000000e+00
    outer loop
      vertex   1.650000e+01 -5.588403e+00 2.211646e+01
      vertex   1.650000e+01 -7.085700e+00 2.377937e+01
      vertex   1.650000e+01 -7.223940e+00 2.358910e+01
    endloop
  endfacet
  facet normal 1.000000e+00 0.000000e+00 0.000000e+00
    outer loop
      vertex   1.650000e+01 -7.223940e+00 2.358910e+01
      vertex   1.650000e+01 -7.319600e+00 2.337424e+01
      vertex   1.650000e+01 -5.588403e+00 2.211646e+01
    endloop
  endfacet
  facet normal 1.000000e+00 0.000000e+00 0.000000e+00
    outer loop
      vertex   1.650000e+01 -5.588403e+00 2.211646e+01
      vertex   1.650000e+01 -7.319600e+00 2.337424e+01
      vertex   1.650000e+01 -7.368499e+00 2.314419e+01
    endloop
  endfacet
  facet normal 1.000000e+00 0.000000e+00 0.000000e+00
    outer loop
      vertex   1.650000e+01 -5.588403e+00 2.211646e+01
      vertex   1.650000e+01 -7.368499e+00 2.314419e+01
      vertex   1.650000e+01 -7.368499e+00 2.290900e+01
    endloop
  endfacet
  facet normal 1.000000e+00 0.000000e+00 0.000000e+00
    outer loop
      vertex   1.650000e+01 -7.368499e+00 2.290900e+01
      vertex   1.650000e+01 -7.319600e+00 2.267896e+01
      vertex   1.650000e+01 -5.588403e+00 2.211646e+01
    endloop
  endfacet
  facet normal 1.000000e+00 0.000000e+00 0.000000e+00
    outer loop
      vertex   1.650000e+01 -5.588403e+00 2.211646e+01
      vertex   1.650000e+01 -7.319600e+00 2.267896e+01
      vertex   1.650000e+01 -7.223940e+00 2.246410e+01
    endloop
  endfacet
  facet normal 1.000000e+00 0.000000e+00 0.000000e+00
    outer loop
      vertex   1.650000e+01 -5.588403e+00 2.211646e+01
      vertex   1.650000e+01 -7.223940e+00 2.246410e+01
      vertex   1.650000e+01 -7.085700e+00 2.227383e+01
    endloop
  endfacet
  facet normal 1.000000e+00 0.000000e+00 0.000000e+00
    outer loop
      vertex   1.650000e+01 -7.085700e+00 2.227383e+01
      vertex   1.650000e+01 -6.910920e+00 2.211646e+01
      vertex   1.650000e+01 -5.588403e+00 2.211646e+01
    endloop
  endfacet
  facet normal 1.000000e+00 0.000000e+00 0.000000e+00
    outer loop
      vertex   1.650000e+01 -5.588403e+00 2.211646e+01
      vertex   1.650000e+01 -6.910920e+00 2.211646e+01
      vertex   1.650000e+01 -5.792083e+00 2.199886e+01
    endloop
  endfacet
  facet normal 1.000000e+00 0.000000e+00 0.000000e+00
    outer loop
      vertex   1.650000e+01 -5.792083e+00 2.199886e+01
      vertex   1.650000e+01 -6.910920e+00 2.211646e+01
      vertex   1.650000e+01 -6.707241e+00 2.199886e+01
    endloop
  endfacet
  facet normal 1.000000e+00 0.000000e+00 0.000000e+00
    outer loop
      vertex   1.650000e+01 -5.792083e+00 2.199886e+01
      vertex   1.650000e+01 -6.707241e+00 2.199886e+01
      vertex   1.650000e+01 -6.015761e+00 2.192618e+01
    endloop
  endfacet
  facet normal 1.000000e+00 0.000000e+00 0.000000e+00
    outer loop
      vertex   1.650000e+01 -6.015761e+00 2.192618e+01
      vertex   1.650000e+01 -6.707241e+00 2.199886e+01
      vertex   1.650000e+01 -6.483563e+00 2.192618e+01
    endloop
  endfacet
  facet normal 1.000000e+00 0.000000e+00 0.000000e+00
    outer loop
      vertex   1.650000e+01 -6.015761e+00 2.192618e+01
      vertex   1.650000e+01 -6.483563e+00 2.192618e+01
      vertex   1.650000e+01 -6.249662e+00 2.190160e+01
    endloop
  endfacet
  facet normal 1.000000e+00 0.000000e+00 0.000000e+00
    outer loop
      vertex   1.650000e+01 -5.413624e+00 2.227383e+01
      vertex   1.650000e+01 -5.588403e+00 2.393674e+01
      vertex   1.650000e+01 -5.588403e+00 2.211646e+01
    endloop
  endfacet
  facet normal 1.000000e+00 0.000000e+00 -0.000000e+00
    outer loop
      vertex   1.650000e+01 -5.588403e+00 2.211646e+01
      vertex   1.650000e+01 -5.588403e+00 2.393674e+01
      vertex   1.650000e+01 -5.792083e+00 2.405434e+01
    endloop
  endfacet
  facet normal 1.000000e+00 0.000000e+00 0.000000e+00
    outer loop
      vertex   1.650000e+01 -5.588403e+00 2.211646e+01
      vertex   1.650000e+01 -5.792083e+00 2.405434e+01
      vertex   1.650000e+01 -6.015761e+00 2.412702e+01
    endloop
  endfacet
  facet normal 1.000000e+00 0.000000e+00 0.000000e+00
    outer loop
      vertex   1.650000e+01 -5.588403e+00 2.393674e+01
      vertex   1.650000e+01 -5.413624e+00 2.227383e+01
      vertex   1.650000e+01 -5.413624e+00 2.377937e+01
    endloop
  endfacet
  facet normal 1.000000e+00 0.000000e+00 0.000000e+00
    outer loop
      vertex   1.650000e+01 -5.413624e+00 2.377937e+01
      vertex   1.650000e+01 -5.413624e+00 2.227383e+01
      vertex   1.650000e+01 -5.275383e+00 2.246410e+01
    endloop
  endfacet
  facet normal 1.000000e+00 0.000000e+00 0.000000e+00
    outer loop
      vertex   1.650000e+01 -5.413624e+00 2.377937e+01
      vertex   1.650000e+01 -5.275383e+00 2.246410e+01
      vertex   1.650000e+01 -5.275383e+00 2.358910e+01
    endloop
  endfacet
  facet normal 1.000000e+00 0.000000e+00 0.000000e+00
    outer loop
      vertex   1.650000e+01 -5.275383e+00 2.358910e+01
      vertex   1.650000e+01 -5.275383e+00 2.246410e+01
      vertex   1.650000e+01 -5.179723e+00 2.267896e+01
    endloop
  endfacet
  facet normal 1.000000e+00 0.000000e+00 0.000000e+00
    outer loop
      vertex   1.650000e+01 -5.275383e+00 2.358910e+01
      vertex   1.650000e+01 -5.179723e+00 2.267896e+01
      vertex   1.650000e+01 -5.179723e+00 2.337424e+01
    endloop
  endfacet
  facet normal 1.000000e+00 0.000000e+00 0.000000e+00
    outer loop
      vertex   1.650000e+01 -5.179723e+00 2.337424e+01
      vertex   1.650000e+01 -5.179723e+00 2.267896e+01
      vertex   1.650000e+01 -5.130825e+00 2.290900e+01
    endloop
  endfacet
  facet normal 1.000000e+00 0.000000e+00 0.000000e+00
    outer loop
      vertex   1.650000e+01 -5.179723e+00 2.337424e+01
      vertex   1.650000e+01 -5.130825e+00 2.290900e+01
      vertex   1.650000e+01 -5.130825e+00 2.314419e+01
    endloop
  endfacet
  facet normal 0.000000e+00 1.045285e-01 -9.945219e-01
    outer loop
      vertex   2.000000e+01 -6.484176e+00 3.127015e+00
      vertex   1.650000e+01 -6.484176e+00 3.127015e+00
      vertex   2.000000e+01 -6.250276e+00 3.151599e+00
    endloop
  endfacet
  facet normal 5.305139e-17 1.045285e-01 -9.945219e-01
    outer loop
      vertex   2.000000e+01 -6.250276e+00 3.151599e+00
      vertex   1.650000e+01 -6.484176e+00 3.127015e+00
      vertex   1.650000e+01 -6.250276e+00 3.151599e+00
    endloop
  endfacet
  facet normal -5.305139e-17 -1.045285e-01 -9.945219e-01
    outer loop
      vertex   2.000000e+01 -6.250276e+00 3.151599e+00
      vertex   1.650000e+01 -6.250276e+00 3.151599e+00
      vertex   2.000000e+01 -6.016375e+00 3.127015e+00
    endloop
  endfacet
  facet normal -0.000000e+00 -1.045285e-01 -9.945219e-01
    outer loop
      vertex   2.000000e+01 -6.016375e+00 3.127015e+00
      vertex   1.650000e+01 -6.250276e+00 3.151599e+00
      vertex   1.650000e+01 -6.016375e+00 3.127015e+00
    endloop
  endfacet
  facet normal -0.000000e+00 -3.090170e-01 -9.510565e-01
    outer loop
      vertex   2.000000e+01 -6.016375e+00 3.127015e+00
      vertex   1.650000e+01 -6.016375e+00 3.127015e+00
      vertex   2.000000e+01 -5.792697e+00 3.054338e+00
    endloop
  endfacet
  facet normal -0.000000e+00 -3.090170e-01 -9.510565e-01
    outer loop
      vertex   2.000000e+01 -5.792697e+00 3.054338e+00
      vertex   1.650000e+01 -6.016375e+00 3.127015e+00
      vertex   1.650000e+01 -5.792697e+00 3.054338e+00
    endloop
  endfacet
  facet normal -0.000000e+00 -5.000000e-01 -8.660254e-01
    outer loop
      vertex   2.000000e+01 -5.792697e+00 3.054338e+00
      vertex   1.650000e+01 -5.792697e+00 3.054338e+00
      vertex   2.000000e+01 -5.589017e+00 2.936743e+00
    endloop
  endfacet
  facet normal -0.000000e+00 -5.000000e-01 -8.660254e-01
    outer loop
      vertex   2.000000e+01 -5.589017e+00 2.936743e+00
      vertex   1.650000e+01 -5.792697e+00 3.054338e+00
      vertex   1.650000e+01 -5.589017e+00 2.936743e+00
    endloop
  endfacet
  facet normal -0.000000e+00 -6.691306e-01 -7.431448e-01
    outer loop
      vertex   2.000000e+01 -5.589017e+00 2.936743e+00
      vertex   1.650000e+01 -5.589017e+00 2.936743e+00
      vertex   2.000000e+01 -5.414238e+00 2.779371e+00
    endloop
  endfacet
  facet normal 9.429217e-17 -6.691306e-01 -7.431448e-01
    outer loop
      vertex   2.000000e+01 -5.414238e+00 2.779371e+00
      vertex   1.650000e+01 -5.589017e+00 2.936743e+00
      vertex   1.650000e+01 -5.414238e+00 2.779371e+00
    endloop
  endfacet
  facet normal 7.457974e-17 -8.090170e-01 -5.877853e-01
    outer loop
      vertex   2.000000e+01 -5.414238e+00 2.779371e+00
      vertex   1.650000e+01 -5.414238e+00 2.779371e+00
      vertex   2.000000e+01 -5.275997e+00 2.589099e+00
    endloop
  endfacet
  facet normal 1.491595e-16 -8.090170e-01 -5.877853e-01
    outer loop
      vertex   2.000000e+01 -5.275997e+00 2.589099e+00
      vertex   1.650000e+01 -5.414238e+00 2.779371e+00
      vertex   1.650000e+01 -5.275997e+00 2.589099e+00
    endloop
  endfacet
  facet normal 1.032156e-16 -9.135455e-01 -4.067366e-01
    outer loop
      vertex   2.000000e+01 -5.275997e+00 2.589099e+00
      vertex   1.650000e+01 -5.275997e+00 2.589099e+00
      vertex   2.000000e+01 -5.180337e+00 2.374243e+00
    endloop
  endfacet
  facet normal -0.000000e+00 -9.135455e-01 -4.067366e-01
    outer loop
      vertex   2.000000e+01 -5.180337e+00 2.374243e+00
      vertex   1.650000e+01 -5.275997e+00 2.589099e+00
      vertex   1.650000e+01 -5.180337e+00 2.374243e+00
    endloop
  endfacet
  facet normal -0.000000e+00 -9.781476e-01 -2.079117e-01
    outer loop
      vertex   2.000000e+01 -5.180337e+00 2.374243e+00
      vertex   1.650000e+01 -5.180337e+00 2.374243e+00
      vertex   2.000000e+01 -5.131438e+00 2.144194e+00
    endloop
  endfacet
  facet normal 2.638038e-17 -9.781476e-01 -2.079117e-01
    outer loop
      vertex   2.000000e+01 -5.131438e+00 2.144194e+00
      vertex   1.650000e+01 -5.180337e+00 2.374243e+00
      vertex   1.650000e+01 -5.131438e+00 2.144194e+00
    endloop
  endfacet
  facet normal 0.000000e+00 -1.000000e+00 -0.000000e+00
    outer loop
      vertex   2.000000e+01 -5.131438e+00 2.144194e+00
      vertex   1.650000e+01 -5.131438e+00 2.144194e+00
      vertex   2.000000e+01 -5.131438e+00 1.909005e+00
    endloop
  endfacet
  facet normal -0.000000e+00 -1.000000e+00 0.000000e+00
    outer loop
      vertex   2.000000e+01 -5.131438e+00 1.909005e+00
      vertex   1.650000e+01 -5.131438e+00 2.144194e+00
      vertex   1.650000e+01 -5.131438e+00 1.909005e+00
    endloop
  endfacet
  facet normal -5.276076e-17 -9.781476e-01 2.079117e-01
    outer loop
      vertex   2.000000e+01 -5.131438e+00 1.909005e+00
      vertex   1.650000e+01 -5.131438e+00 1.909005e+00
      vertex   2.000000e+01 -5.180337e+00 1.678955e+00
    endloop
  endfacet
  facet normal 0.000000e+00 -9.781476e-01 2.079117e-01
    outer loop
      vertex   2.000000e+01 -5.180337e+00 1.678955e+00
      vertex   1.650000e+01 -5.131438e+00 1.909005e+00
      vertex   1.650000e+01 -5.180337e+00 1.678955e+00
    endloop
  endfacet
  facet normal 0.000000e+00 -9.135455e-01 4.067366e-01
    outer loop
      vertex   2.000000e+01 -5.180337e+00 1.678955e+00
      vertex   1.650000e+01 -5.180337e+00 1.678955e+00
      vertex   2.000000e+01 -5.275997e+00 1.464099e+00
    endloop
  endfacet
  facet normal -2.580391e-17 -9.135455e-01 4.067366e-01
    outer loop
      vertex   2.000000e+01 -5.275997e+00 1.464099e+00
      vertex   1.650000e+01 -5.180337e+00 1.678955e+00
      vertex   1.650000e+01 -5.275997e+00 1.464099e+00
    endloop
  endfacet
  facet normal -3.728987e-17 -8.090170e-01 5.877853e-01
    outer loop
      vertex   2.000000e+01 -5.275997e+00 1.464099e+00
      vertex   1.650000e+01 -5.275997e+00 1.464099e+00
      vertex   2.000000e+01 -5.414238e+00 1.273827e+00
    endloop
  endfacet
  facet normal -7.457974e-17 -8.090170e-01 5.877853e-01
    outer loop
      vertex   2.000000e+01 -5.414238e+00 1.273827e+00
      vertex   1.650000e+01 -5.275997e+00 1.464099e+00
      vertex   1.650000e+01 -5.414238e+00 1.273827e+00
    endloop
  endfacet
  facet normal -9.429217e-17 -6.691306e-01 7.431448e-01
    outer loop
      vertex   2.000000e+01 -5.414238e+00 1.273827e+00
      vertex   1.650000e+01 -5.414238e+00 1.273827e+00
      vertex   2.000000e+01 -5.589017e+00 1.116455e+00
    endloop
  endfacet
  facet normal 0.000000e+00 -6.691306e-01 7.431448e-01
    outer loop
      vertex   2.000000e+01 -5.589017e+00 1.116455e+00
      vertex   1.650000e+01 -5.414238e+00 1.273827e+00
      vertex   1.650000e+01 -5.589017e+00 1.116455e+00
    endloop
  endfacet
  facet normal 0.000000e+00 -5.000000e-01 8.660254e-01
    outer loop
      vertex   2.000000e+01 -5.589017e+00 1.116455e+00
      vertex   1.650000e+01 -5.589017e+00 1.116455e+00
      vertex   2.000000e+01 -5.792697e+00 9.988606e-01
    endloop
  endfacet
  facet normal 9.941174e-17 -5.000000e-01 8.660254e-01
    outer loop
      vertex   2.000000e+01 -5.792697e+00 9.988606e-01
      vertex   1.650000e+01 -5.589017e+00 1.116455e+00
      vertex   1.650000e+01 -5.792697e+00 9.988606e-01
    endloop
  endfacet
  facet normal 4.824964e-17 -3.090170e-01 9.510565e-01
    outer loop
      vertex   2.000000e+01 -5.792697e+00 9.988606e-01
      vertex   1.650000e+01 -5.792697e+00 9.988606e-01
      vertex   2.000000e+01 -6.016375e+00 9.261832e-01
    endloop
  endfacet
  facet normal -3.016814e-17 -3.090170e-01 9.510565e-01
    outer loop
      vertex   2.000000e+01 -6.016375e+00 9.261832e-01
      vertex   1.650000e+01 -5.792697e+00 9.988606e-01
      vertex   1.650000e+01 -6.016375e+00 9.261832e-01
    endloop
  endfacet
  facet normal -3.154689e-17 -1.045285e-01 9.945219e-01
    outer loop
      vertex   2.000000e+01 -6.016375e+00 9.261832e-01
      vertex   1.650000e+01 -6.016375e+00 9.261832e-01
      vertex   2.000000e+01 -6.250276e+00 9.015993e-01
    endloop
  endfacet
  facet normal 0.000000e+00 -1.045285e-01 9.945219e-01
    outer loop
      vertex   2.000000e+01 -6.250276e+00 9.015993e-01
      vertex   1.650000e+01 -6.016375e+00 9.261832e-01
      vertex   1.650000e+01 -6.250276e+00 9.015993e-01
    endloop
  endfacet
  facet normal 0.000000e+00 1.045285e-01 9.945219e-01
    outer loop
      vertex   2.000000e+01 -6.250276e+00 9.015993e-01
      vertex   1.650000e+01 -6.250276e+00 9.015993e-01
      vertex   2.000000e+01 -6.484176e+00 9.261832e-01
    endloop
  endfacet
  facet normal 3.154689e-17 1.045285e-01 9.945219e-01
    outer loop
      vertex   2.000000e+01 -6.484176e+00 9.261832e-01
      vertex   1.650000e+01 -6.250276e+00 9.015993e-01
      vertex   1.650000e+01 -6.484176e+00 9.261832e-01
    endloop
  endfacet
  facet normal 3.016814e-17 3.090170e-01 9.510565e-01
    outer loop
      vertex   2.000000e+01 -6.484176e+00 9.261832e-01
      vertex   1.650000e+01 -6.484176e+00 9.261832e-01
      vertex   2.000000e+01 -6.707854e+00 9.988606e-01
    endloop
  endfacet
  facet normal -1.266674e-16 3.090170e-01 9.510565e-01
    outer loop
      vertex   2.000000e+01 -6.707854e+00 9.988606e-01
      vertex   1.650000e+01 -6.484176e+00 9.261832e-01
      vertex   1.650000e+01 -6.707854e+00 9.988606e-01
    endloop
  endfacet
  facet normal -2.262944e-16 5.000000e-01 8.660254e-01
    outer loop
      vertex   2.000000e+01 -6.707854e+00 9.988606e-01
      vertex   1.650000e+01 -6.707854e+00 9.988606e-01
      vertex   2.000000e+01 -6.911534e+00 1.116455e+00
    endloop
  endfacet
  facet normal 0.000000e+00 5.000000e-01 8.660254e-01
    outer loop
      vertex   2.000000e+01 -6.911534e+00 1.116455e+00
      vertex   1.650000e+01 -6.707854e+00 9.988606e-01
      vertex   1.650000e+01 -6.911534e+00 1.116455e+00
    endloop
  endfacet
  facet normal 0.000000e+00 6.691306e-01 7.431448e-01
    outer loop
      vertex   2.000000e+01 -6.911534e+00 1.116455e+00
      vertex   1.650000e+01 -6.911534e+00 1.116455e+00
      vertex   2.000000e+01 -7.086314e+00 1.273827e+00
    endloop
  endfacet
  facet normal 9.429217e-17 6.691306e-01 7.431448e-01
    outer loop
      vertex   2.000000e+01 -7.086314e+00 1.273827e+00
      vertex   1.650000e+01 -6.911534e+00 1.116455e+00
      vertex   1.650000e+01 -7.086314e+00 1.273827e+00
    endloop
  endfacet
  facet normal 7.457974e-17 8.090170e-01 5.877853e-01
    outer loop
      vertex   2.000000e+01 -7.086314e+00 1.273827e+00
      vertex   1.650000e+01 -7.086314e+00 1.273827e+00
      vertex   2.000000e+01 -7.224554e+00 1.464099e+00
    endloop
  endfacet
  facet normal 3.728987e-17 8.090170e-01 5.877853e-01
    outer loop
      vertex   2.000000e+01 -7.224554e+00 1.464099e+00
      vertex   1.650000e+01 -7.086314e+00 1.273827e+00
      vertex   1.650000e+01 -7.224554e+00 1.464099e+00
    endloop
  endfacet
  facet normal 2.580391e-17 9.135455e-01 4.067366e-01
    outer loop
      vertex   2.000000e+01 -7.224554e+00 1.464099e+00
      vertex   1.650000e+01 -7.224554e+00 1.464099e+00
      vertex   2.000000e+01 -7.320214e+00 1.678955e+00
    endloop
  endfacet
  facet normal 0.000000e+00 9.135455e-01 4.067366e-01
    outer loop
      vertex   2.000000e+01 -7.320214e+00 1.678955e+00
      vertex   1.650000e+01 -7.224554e+00 1.464099e+00
      vertex   1.650000e+01 -7.320214e+00 1.678955e+00
    endloop
  endfacet
  facet normal 0.000000e+00 9.781476e-01 2.079117e-01
    outer loop
      vertex   2.000000e+01 -7.320214e+00 1.678955e+00
      vertex   1.650000e+01 -7.320214e+00 1.678955e+00
      vertex   2.000000e+01 -7.369113e+00 1.909005e+00
    endloop
  endfacet
  facet normal 5.276076e-17 9.781476e-01 2.079117e-01
    outer loop
      vertex   2.000000e+01 -7.369113e+00 1.909005e+00
      vertex   1.650000e+01 -7.320214e+00 1.678955e+00
      vertex   1.650000e+01 -7.369113e+00 1.909005e+00
    endloop
  endfacet
  facet normal 0.000000e+00 1.000000e+00 -0.000000e+00
    outer loop
      vertex   2.000000e+01 -7.369113e+00 1.909005e+00
      vertex   1.650000e+01 -7.369113e+00 1.909005e+00
      vertex   2.000000e+01 -7.369113e+00 2.144194e+00
    endloop
  endfacet
  facet normal 0.000000e+00 1.000000e+00 0.000000e+00
    outer loop
      vertex   2.000000e+01 -7.369113e+00 2.144194e+00
      vertex   1.650000e+01 -7.369113e+00 1.909005e+00
      vertex   1.650000e+01 -7.369113e+00 2.144194e+00
    endloop
  endfacet
  facet normal -2.638038e-17 9.781476e-01 -2.079117e-01
    outer loop
      vertex   2.000000e+01 -7.369113e+00 2.144194e+00
      vertex   1.650000e+01 -7.369113e+00 2.144194e+00
      vertex   2.000000e+01 -7.320214e+00 2.374243e+00
    endloop
  endfacet
  facet normal 0.000000e+00 9.781476e-01 -2.079117e-01
    outer loop
      vertex   2.000000e+01 -7.320214e+00 2.374243e+00
      vertex   1.650000e+01 -7.369113e+00 2.144194e+00
      vertex   1.650000e+01 -7.320214e+00 2.374243e+00
    endloop
  endfacet
  facet normal 0.000000e+00 9.135455e-01 -4.067366e-01
    outer loop
      vertex   2.000000e+01 -7.320214e+00 2.374243e+00
      vertex   1.650000e+01 -7.320214e+00 2.374243e+00
      vertex   2.000000e+01 -7.224554e+00 2.589099e+00
    endloop
  endfacet
  facet normal -1.032156e-16 9.135455e-01 -4.067366e-01
    outer loop
      vertex   2.000000e+01 -7.224554e+00 2.589099e+00
      vertex   1.650000e+01 -7.320214e+00 2.374243e+00
      vertex   1.650000e+01 -7.224554e+00 2.589099e+00
    endloop
  endfacet
  facet normal -1.491595e-16 8.090170e-01 -5.877853e-01
    outer loop
      vertex   2.000000e+01 -7.224554e+00 2.589099e+00
      vertex   1.650000e+01 -7.224554e+00 2.589099e+00
      vertex   2.000000e+01 -7.086314e+00 2.779371e+00
    endloop
  endfacet
  facet normal -7.457974e-17 8.090170e-01 -5.877853e-01
    outer loop
      vertex   2.000000e+01 -7.086314e+00 2.779371e+00
      vertex   1.650000e+01 -7.224554e+00 2.589099e+00
      vertex   1.650000e+01 -7.086314e+00 2.779371e+00
    endloop
  endfacet
  facet normal -9.429217e-17 6.691306e-01 -7.431448e-01
    outer loop
      vertex   2.000000e+01 -7.086314e+00 2.779371e+00
      vertex   1.650000e+01 -7.086314e+00 2.779371e+00
      vertex   2.000000e+01 -6.911534e+00 2.936743e+00
    endloop
  endfacet
  facet normal 0.000000e+00 6.691306e-01 -7.431448e-01
    outer loop
      vertex   2.000000e+01 -6.911534e+00 2.936743e+00
      vertex   1.650000e+01 -7.086314e+00 2.779371e+00
      vertex   1.650000e+01 -6.911534e+00 2.936743e+00
    endloop
  endfacet
  facet normal 0.000000e+00 5.000000e-01 -8.660254e-01
    outer loop
      vertex   2.000000e+01 -6.911534e+00 2.936743e+00
      vertex   1.650000e+01 -6.911534e+00 2.936743e+00
      vertex   2.000000e+01 -6.707854e+00 3.054338e+00
    endloop
  endfacet
  facet normal 0.000000e+00 5.000000e-01 -8.660254e-01
    outer loop
      vertex   2.000000e+01 -6.707854e+00 3.054338e+00
      vertex   1.650000e+01 -6.911534e+00 2.936743e+00
      vertex   1.650000e+01 -6.707854e+00 3.054338e+00
    endloop
  endfacet
  facet normal 0.000000e+00 3.090170e-01 -9.510565e-01
    outer loop
      vertex   2.000000e+01 -6.707854e+00 3.054338e+00
      vertex   1.650000e+01 -6.707854e+00 3.054338e+00
      vertex   2.000000e+01 -6.484176e+00 3.127015e+00
    endloop
  endfacet
  facet normal 0.000000e+00 3.090170e-01 -9.510565e-01
    outer loop
      vertex   2.000000e+01 -6.484176e+00 3.127015e+00
      vertex   1.650000e+01 -6.707854e+00 3.054338e+00
      vertex   1.650000e+01 -6.484176e+00 3.127015e+00
    endloop
  endfacet
  facet normal 0.000000e+00 1.045285e-01 -9.945219e-01
    outer loop
      vertex   2.000000e+01 -1.898415e+01 3.154908e+00
      vertex   1.650000e+01 -1.898415e+01 3.154908e+00
      vertex   2.000000e+01 -1.875024e+01 3.179492e+00
    endloop
  endfacet
  facet normal 0.000000e+00 1.045285e-01 -9.945219e-01
    outer loop
      vertex   2.000000e+01 -1.875024e+01 3.179492e+00
      vertex   1.650000e+01 -1.898415e+01 3.154908e+00
      vertex   1.650000e+01 -1.875024e+01 3.179492e+00
    endloop
  endfacet
  facet normal -0.000000e+00 -1.045285e-01 -9.945219e-01
    outer loop
      vertex   2.000000e+01 -1.875024e+01 3.179492e+00
      vertex   1.650000e+01 -1.875024e+01 3.179492e+00
      vertex   2.000000e+01 -1.851634e+01 3.154908e+00
    endloop
  endfacet
  facet normal -1.061028e-16 -1.045285e-01 -9.945219e-01
    outer loop
      vertex   2.000000e+01 -1.851634e+01 3.154908e+00
      vertex   1.650000e+01 -1.875024e+01 3.179492e+00
      vertex   1.650000e+01 -1.851634e+01 3.154908e+00
    endloop
  endfacet
  facet normal -3.136711e-16 -3.090170e-01 -9.510565e-01
    outer loop
      vertex   2.000000e+01 -1.851634e+01 3.154908e+00
      vertex   1.650000e+01 -1.851634e+01 3.154908e+00
      vertex   2.000000e+01 -1.829267e+01 3.082231e+00
    endloop
  endfacet
  facet normal -1.929986e-16 -3.090170e-01 -9.510565e-01
    outer loop
      vertex   2.000000e+01 -1.829267e+01 3.082231e+00
      vertex   1.650000e+01 -1.851634e+01 3.154908e+00
      vertex   1.650000e+01 -1.829267e+01 3.082231e+00
    endloop
  endfacet
  facet normal -3.976469e-16 -5.000000e-01 -8.660254e-01
    outer loop
      vertex   2.000000e+01 -1.829267e+01 3.082231e+00
      vertex   1.650000e+01 -1.829267e+01 3.082231e+00
      vertex   2.000000e+01 -1.808899e+01 2.964636e+00
    endloop
  endfacet
  facet normal -0.000000e+00 -5.000000e-01 -8.660254e-01
    outer loop
      vertex   2.000000e+01 -1.808899e+01 2.964636e+00
      vertex   1.650000e+01 -1.829267e+01 3.082231e+00
      vertex   1.650000e+01 -1.808899e+01 2.964636e+00
    endloop
  endfacet
  facet normal -0.000000e+00 -6.691306e-01 -7.431448e-01
    outer loop
      vertex   2.000000e+01 -1.808899e+01 2.964636e+00
      vertex   1.650000e+01 -1.808899e+01 2.964636e+00
      vertex   2.000000e+01 -1.791421e+01 2.807264e+00
    endloop
  endfacet
  facet normal -6.792084e-16 -6.691306e-01 -7.431448e-01
    outer loop
      vertex   2.000000e+01 -1.791421e+01 2.807264e+00
      vertex   1.650000e+01 -1.808899e+01 2.964636e+00
      vertex   1.650000e+01 -1.791421e+01 2.807264e+00
    endloop
  endfacet
  facet normal -8.212016e-16 -8.090170e-01 -5.877853e-01
    outer loop
      vertex   2.000000e+01 -1.791421e+01 2.807264e+00
      vertex   1.650000e+01 -1.791421e+01 2.807264e+00
      vertex   2.000000e+01 -1.777597e+01 2.616992e+00
    endloop
  endfacet
  facet normal 2.237392e-16 -8.090170e-01 -5.877853e-01
    outer loop
      vertex   2.000000e+01 -1.777597e+01 2.616992e+00
      vertex   1.650000e+01 -1.791421e+01 2.807264e+00
      vertex   1.650000e+01 -1.777597e+01 2.616992e+00
    endloop
  endfacet
  facet normal 1.548234e-16 -9.135455e-01 -4.067366e-01
    outer loop
      vertex   2.000000e+01 -1.777597e+01 2.616992e+00
      vertex   1.650000e+01 -1.777597e+01 2.616992e+00
      vertex   2.000000e+01 -1.768031e+01 2.402136e+00
    endloop
  endfacet
  facet normal -0.000000e+00 -9.135455e-01 -4.067366e-01
    outer loop
      vertex   2.000000e+01 -1.768031e+01 2.402136e+00
      vertex   1.650000e+01 -1.777597e+01 2.616992e+00
      vertex   1.650000e+01 -1.768031e+01 2.402136e+00
    endloop
  endfacet
  facet normal -0.000000e+00 -9.781476e-01 -2.079117e-01
    outer loop
      vertex   2.000000e+01 -1.768031e+01 2.402136e+00
      vertex   1.650000e+01 -1.768031e+01 2.402136e+00
      vertex   2.000000e+01 -1.763141e+01 2.172087e+00
    endloop
  endfacet
  facet normal 2.638038e-17 -9.781476e-01 -2.079117e-01
    outer loop
      vertex   2.000000e+01 -1.763141e+01 2.172087e+00
      vertex   1.650000e+01 -1.768031e+01 2.402136e+00
      vertex   1.650000e+01 -1.763141e+01 2.172087e+00
    endloop
  endfacet
  facet normal 0.000000e+00 -1.000000e+00 -0.000000e+00
    outer loop
      vertex   2.000000e+01 -1.763141e+01 2.172087e+00
      vertex   1.650000e+01 -1.763141e+01 2.172087e+00
      vertex   2.000000e+01 -1.763141e+01 1.936898e+00
    endloop
  endfacet
  facet normal -0.000000e+00 -1.000000e+00 0.000000e+00
    outer loop
      vertex   2.000000e+01 -1.763141e+01 1.936898e+00
      vertex   1.650000e+01 -1.763141e+01 2.172087e+00
      vertex   1.650000e+01 -1.763141e+01 1.936898e+00
    endloop
  endfacet
  facet normal -5.276076e-17 -9.781476e-01 2.079117e-01
    outer loop
      vertex   2.000000e+01 -1.763141e+01 1.936898e+00
      vertex   1.650000e+01 -1.763141e+01 1.936898e+00
      vertex   2.000000e+01 -1.768031e+01 1.706848e+00
    endloop
  endfacet
  facet normal 0.000000e+00 -9.781476e-01 2.079117e-01
    outer loop
      vertex   2.000000e+01 -1.768031e+01 1.706848e+00
      vertex   1.650000e+01 -1.763141e+01 1.936898e+00
      vertex   1.650000e+01 -1.768031e+01 1.706848e+00
    endloop
  endfacet
  facet normal 0.000000e+00 -9.135455e-01 4.067366e-01
    outer loop
      vertex   2.000000e+01 -1.768031e+01 1.706848e+00
      vertex   1.650000e+01 -1.768031e+01 1.706848e+00
      vertex   2.000000e+01 -1.777597e+01 1.491992e+00
    endloop
  endfacet
  facet normal -2.580391e-17 -9.135455e-01 4.067366e-01
    outer loop
      vertex   2.000000e+01 -1.777597e+01 1.491992e+00
      vertex   1.650000e+01 -1.768031e+01 1.706848e+00
      vertex   1.650000e+01 -1.777597e+01 1.491992e+00
    endloop
  endfacet
  facet normal -3.728987e-17 -8.090170e-01 5.877853e-01
    outer loop
      vertex   2.000000e+01 -1.777597e+01 1.491992e+00
      vertex   1.650000e+01 -1.777597e+01 1.491992e+00
      vertex   2.000000e+01 -1.791421e+01 1.301720e+00
    endloop
  endfacet
  facet normal 0.000000e+00 -8.090170e-01 5.877853e-01
    outer loop
      vertex   2.000000e+01 -1.791421e+01 1.301720e+00
      vertex   1.650000e+01 -1.777597e+01 1.491992e+00
      vertex   1.650000e+01 -1.791421e+01 1.301720e+00
    endloop
  endfacet
  facet normal 0.000000e+00 -6.691306e-01 7.431448e-01
    outer loop
      vertex   2.000000e+01 -1.791421e+01 1.301720e+00
      vertex   1.650000e+01 -1.791421e+01 1.301720e+00
      vertex   2.000000e+01 -1.808899e+01 1.144348e+00
    endloop
  endfacet
  facet normal 0.000000e+00 -6.691306e-01 7.431448e-01
    outer loop
      vertex   2.000000e+01 -1.808899e+01 1.144348e+00
      vertex   1.650000e+01 -1.791421e+01 1.301720e+00
      vertex   1.650000e+01 -1.808899e+01 1.144348e+00
    endloop
  endfacet
  facet normal 0.000000e+00 -5.000000e-01 8.660254e-01
    outer loop
      vertex   2.000000e+01 -1.808899e+01 1.144348e+00
      vertex   1.650000e+01 -1.808899e+01 1.144348e+00
      vertex   2.000000e+01 -1.829267e+01 1.026753e+00
    endloop
  endfacet
  facet normal -5.494179e-17 -5.000000e-01 8.660254e-01
    outer loop
      vertex   2.000000e+01 -1.829267e+01 1.026753e+00
      vertex   1.650000e+01 -1.808899e+01 1.144348e+00
      vertex   1.650000e+01 -1.829267e+01 1.026753e+00
    endloop
  endfacet
  facet normal -6.033628e-17 -3.090170e-01 9.510565e-01
    outer loop
      vertex   2.000000e+01 -1.829267e+01 1.026753e+00
      vertex   1.650000e+01 -1.829267e+01 1.026753e+00
      vertex   2.000000e+01 -1.851634e+01 9.540761e-01
    endloop
  endfacet
  facet normal 2.835030e-16 -3.090170e-01 9.510565e-01
    outer loop
      vertex   2.000000e+01 -1.851634e+01 9.540761e-01
      vertex   1.650000e+01 -1.829267e+01 1.026753e+00
      vertex   1.650000e+01 -1.851634e+01 9.540761e-01
    endloop
  endfacet
  facet normal 7.455588e-17 -1.045285e-01 9.945219e-01
    outer loop
      vertex   2.000000e+01 -1.851634e+01 9.540761e-01
      vertex   1.650000e+01 -1.851634e+01 9.540761e-01
      vertex   2.000000e+01 -1.875024e+01 9.294921e-01
    endloop
  endfacet
  facet normal 0.000000e+00 -1.045285e-01 9.945219e-01
    outer loop
      vertex   2.000000e+01 -1.875024e+01 9.294921e-01
      vertex   1.650000e+01 -1.851634e+01 9.540761e-01
      vertex   1.650000e+01 -1.875024e+01 9.294921e-01
    endloop
  endfacet
  facet normal 0.000000e+00 1.045285e-01 9.945219e-01
    outer loop
      vertex   2.000000e+01 -1.875024e+01 9.294921e-01
      vertex   1.650000e+01 -1.875024e+01 9.294921e-01
      vertex   2.000000e+01 -1.898415e+01 9.540761e-01
    endloop
  endfacet
  facet normal 3.154689e-17 1.045285e-01 9.945219e-01
    outer loop
      vertex   2.000000e+01 -1.898415e+01 9.540761e-01
      vertex   1.650000e+01 -1.875024e+01 9.294921e-01
      vertex   1.650000e+01 -1.898415e+01 9.540761e-01
    endloop
  endfacet
  facet normal 3.016814e-17 3.090170e-01 9.510565e-01
    outer loop
      vertex   2.000000e+01 -1.898415e+01 9.540761e-01
      vertex   1.650000e+01 -1.898415e+01 9.540761e-01
      vertex   2.000000e+01 -1.920782e+01 1.026753e+00
    endloop
  endfacet
  facet normal 6.033628e-17 3.090170e-01 9.510565e-01
    outer loop
      vertex   2.000000e+01 -1.920782e+01 1.026753e+00
      vertex   1.650000e+01 -1.898415e+01 9.540761e-01
      vertex   1.650000e+01 -1.920782e+01 1.026753e+00
    endloop
  endfacet
  facet normal 5.494179e-17 5.000000e-01 8.660254e-01
    outer loop
      vertex   2.000000e+01 -1.920782e+01 1.026753e+00
      vertex   1.650000e+01 -1.920782e+01 1.026753e+00
      vertex   2.000000e+01 -1.941150e+01 1.144348e+00
    endloop
  endfacet
  facet normal 0.000000e+00 5.000000e-01 8.660254e-01
    outer loop
      vertex   2.000000e+01 -1.941150e+01 1.144348e+00
      vertex   1.650000e+01 -1.920782e+01 1.026753e+00
      vertex   1.650000e+01 -1.941150e+01 1.144348e+00
    endloop
  endfacet
  facet normal 0.000000e+00 6.691306e-01 7.431448e-01
    outer loop
      vertex   2.000000e+01 -1.941150e+01 1.144348e+00
      vertex   1.650000e+01 -1.941150e+01 1.144348e+00
      vertex   2.000000e+01 -1.958628e+01 1.301720e+00
    endloop
  endfacet
  facet normal 0.000000e+00 6.691306e-01 7.431448e-01
    outer loop
      vertex   2.000000e+01 -1.958628e+01 1.301720e+00
      vertex   1.650000e+01 -1.941150e+01 1.144348e+00
      vertex   1.650000e+01 -1.958628e+01 1.301720e+00
    endloop
  endfacet
  facet normal 0.000000e+00 8.090170e-01 5.877853e-01
    outer loop
      vertex   2.000000e+01 -1.958628e+01 1.301720e+00
      vertex   1.650000e+01 -1.958628e+01 1.301720e+00
      vertex   2.000000e+01 -1.972452e+01 1.491992e+00
    endloop
  endfacet
  facet normal 3.728987e-17 8.090170e-01 5.877853e-01
    outer loop
      vertex   2.000000e+01 -1.972452e+01 1.491992e+00
      vertex   1.650000e+01 -1.958628e+01 1.301720e+00
      vertex   1.650000e+01 -1.972452e+01 1.491992e+00
    endloop
  endfacet
  facet normal 2.580391e-17 9.135455e-01 4.067366e-01
    outer loop
      vertex   2.000000e+01 -1.972452e+01 1.491992e+00
      vertex   1.650000e+01 -1.972452e+01 1.491992e+00
      vertex   2.000000e+01 -1.982018e+01 1.706848e+00
    endloop
  endfacet
  facet normal 0.000000e+00 9.135455e-01 4.067366e-01
    outer loop
      vertex   2.000000e+01 -1.982018e+01 1.706848e+00
      vertex   1.650000e+01 -1.972452e+01 1.491992e+00
      vertex   1.650000e+01 -1.982018e+01 1.706848e+00
    endloop
  endfacet
  facet normal 0.000000e+00 9.781476e-01 2.079117e-01
    outer loop
      vertex   2.000000e+01 -1.982018e+01 1.706848e+00
      vertex   1.650000e+01 -1.982018e+01 1.706848e+00
      vertex   2.000000e+01 -1.986908e+01 1.936898e+00
    endloop
  endfacet
  facet normal 5.276076e-17 9.781476e-01 2.079117e-01
    outer loop
      vertex   2.000000e+01 -1.986908e+01 1.936898e+00
      vertex   1.650000e+01 -1.982018e+01 1.706848e+00
      vertex   1.650000e+01 -1.986908e+01 1.936898e+00
    endloop
  endfacet
  facet normal 0.000000e+00 1.000000e+00 -0.000000e+00
    outer loop
      vertex   2.000000e+01 -1.986908e+01 1.936898e+00
      vertex   1.650000e+01 -1.986908e+01 1.936898e+00
      vertex   2.000000e+01 -1.986908e+01 2.172087e+00
    endloop
  endfacet
  facet normal 0.000000e+00 1.000000e+00 0.000000e+00
    outer loop
      vertex   2.000000e+01 -1.986908e+01 2.172087e+00
      vertex   1.650000e+01 -1.986908e+01 1.936898e+00
      vertex   1.650000e+01 -1.986908e+01 2.172087e+00
    endloop
  endfacet
  facet normal -2.638038e-17 9.781476e-01 -2.079117e-01
    outer loop
      vertex   2.000000e+01 -1.986908e+01 2.172087e+00
      vertex   1.650000e+01 -1.986908e+01 2.172087e+00
      vertex   2.000000e+01 -1.982018e+01 2.402136e+00
    endloop
  endfacet
  facet normal 0.000000e+00 9.781476e-01 -2.079117e-01
    outer loop
      vertex   2.000000e+01 -1.982018e+01 2.402136e+00
      vertex   1.650000e+01 -1.986908e+01 2.172087e+00
      vertex   1.650000e+01 -1.982018e+01 2.402136e+00
    endloop
  endfacet
  facet normal 0.000000e+00 9.135455e-01 -4.067366e-01
    outer loop
      vertex   2.000000e+01 -1.982018e+01 2.402136e+00
      vertex   1.650000e+01 -1.982018e+01 2.402136e+00
      vertex   2.000000e+01 -1.972452e+01 2.616992e+00
    endloop
  endfacet
  facet normal -1.548234e-16 9.135455e-01 -4.067366e-01
    outer loop
      vertex   2.000000e+01 -1.972452e+01 2.616992e+00
      vertex   1.650000e+01 -1.982018e+01 2.402136e+00
      vertex   1.650000e+01 -1.972452e+01 2.616992e+00
    endloop
  endfacet
  facet normal -2.237392e-16 8.090170e-01 -5.877853e-01
    outer loop
      vertex   2.000000e+01 -1.972452e+01 2.616992e+00
      vertex   1.650000e+01 -1.972452e+01 2.616992e+00
      vertex   2.000000e+01 -1.958628e+01 2.807264e+00
    endloop
  endfacet
  facet normal 8.212016e-16 8.090170e-01 -5.877853e-01
    outer loop
      vertex   2.000000e+01 -1.958628e+01 2.807264e+00
      vertex   1.650000e+01 -1.972452e+01 2.616992e+00
      vertex   1.650000e+01 -1.958628e+01 2.807264e+00
    endloop
  endfacet
  facet normal 6.792084e-16 6.691306e-01 -7.431448e-01
    outer loop
      vertex   2.000000e+01 -1.958628e+01 2.807264e+00
      vertex   1.650000e+01 -1.958628e+01 2.807264e+00
      vertex   2.000000e+01 -1.941150e+01 2.964636e+00
    endloop
  endfacet
  facet normal 0.000000e+00 6.691306e-01 -7.431448e-01
    outer loop
      vertex   2.000000e+01 -1.941150e+01 2.964636e+00
      vertex   1.650000e+01 -1.958628e+01 2.807264e+00
      vertex   1.650000e+01 -1.941150e+01 2.964636e+00
    endloop
  endfacet
  facet normal 0.000000e+00 5.000000e-01 -8.660254e-01
    outer loop
      vertex   2.000000e+01 -1.941150e+01 2.964636e+00
      vertex   1.650000e+01 -1.941150e+01 2.964636e+00
      vertex   2.000000e+01 -1.920782e+01 3.082231e+00
    endloop
  endfacet
  facet normal 3.976469e-16 5.000000e-01 -8.660254e-01
    outer loop
      vertex   2.000000e+01 -1.920782e+01 3.082231e+00
      vertex   1.650000e+01 -1.941150e+01 2.964636e+00
      vertex   1.650000e+01 -1.920782e+01 3.082231e+00
    endloop
  endfacet
  facet normal 1.929986e-16 3.090170e-01 -9.510565e-01
    outer loop
      vertex   2.000000e+01 -1.920782e+01 3.082231e+00
      vertex   1.650000e+01 -1.920782e+01 3.082231e+00
      vertex   2.000000e+01 -1.898415e+01 3.154908e+00
    endloop
  endfacet
  facet normal 0.000000e+00 3.090170e-01 -9.510565e-01
    outer loop
      vertex   2.000000e+01 -1.898415e+01 3.154908e+00
      vertex   1.650000e+01 -1.920782e+01 3.082231e+00
      vertex   1.650000e+01 -1.898415e+01 3.154908e+00
    endloop
  endfacet
  facet normal 0.000000e+00 9.343149e-01 -3.564486e-01
    outer loop
      vertex   2.000000e+01 -1.648352e+01 1.000000e+00
      vertex   1.650000e+01 -1.648352e+01 1.000000e+00
      vertex   2.000000e+01 -1.635715e+01 1.331227e+00
    endloop
  endfacet
  facet normal -1.582950e-16 9.343149e-01 -3.564486e-01
    outer loop
      vertex   2.000000e+01 -1.635715e+01 1.331227e+00
      vertex   1.650000e+01 -1.648352e+01 1.000000e+00
      vertex   1.650000e+01 -1.635715e+01 1.331227e+00
    endloop
  endfacet
  facet normal -9.801381e-17 9.753400e-01 -2.207075e-01
    outer loop
      vertex   2.000000e+01 -1.635715e+01 1.331227e+00
      vertex   1.650000e+01 -1.635715e+01 1.331227e+00
      vertex   2.000000e+01 -1.627891e+01 1.676997e+00
    endloop
  endfacet
  facet normal 0.000000e+00 9.753400e-01 -2.207075e-01
    outer loop
      vertex   2.000000e+01 -1.627891e+01 1.676997e+00
      vertex   1.650000e+01 -1.635715e+01 1.331227e+00
      vertex   1.650000e+01 -1.627891e+01 1.676997e+00
    endloop
  endfacet
  facet normal 0.000000e+00 9.967523e-01 -8.052823e-02
    outer loop
      vertex   2.000000e+01 -1.627891e+01 1.676997e+00
      vertex   1.650000e+01 -1.627891e+01 1.676997e+00
      vertex   2.000000e+01 -1.625036e+01 2.030359e+00
    endloop
  endfacet
  facet normal 0.000000e+00 9.967523e-01 -8.052823e-02
    outer loop
      vertex   2.000000e+01 -1.625036e+01 2.030359e+00
      vertex   1.650000e+01 -1.627891e+01 1.676997e+00
      vertex   1.650000e+01 -1.625036e+01 2.030359e+00
    endloop
  endfacet
  facet normal 0.000000e+00 9.981212e-01 6.127034e-02
    outer loop
      vertex   2.000000e+01 -1.625036e+01 2.030359e+00
      vertex   1.650000e+01 -1.625036e+01 2.030359e+00
      vertex   2.000000e+01 -1.627208e+01 2.384206e+00
    endloop
  endfacet
  facet normal 1.554828e-17 9.981212e-01 6.127034e-02
    outer loop
      vertex   2.000000e+01 -1.627208e+01 2.384206e+00
      vertex   1.650000e+01 -1.625036e+01 2.030359e+00
      vertex   1.650000e+01 -1.627208e+01 2.384206e+00
    endloop
  endfacet
  facet normal 5.121918e-17 9.794192e-01 2.018368e-01
    outer loop
      vertex   2.000000e+01 -1.627208e+01 2.384206e+00
      vertex   1.650000e+01 -1.627208e+01 2.384206e+00
      vertex   2.000000e+01 -1.634364e+01 2.731423e+00
    endloop
  endfacet
  facet normal -5.121918e-17 9.794192e-01 2.018368e-01
    outer loop
      vertex   2.000000e+01 -1.634364e+01 2.731423e+00
      vertex   1.650000e+01 -1.627208e+01 2.384206e+00
      vertex   1.650000e+01 -1.634364e+01 2.731423e+00
    endloop
  endfacet
  facet normal -8.586012e-17 9.410223e-01 3.383447e-01
    outer loop
      vertex   2.000000e+01 -1.634364e+01 2.731423e+00
      vertex   1.650000e+01 -1.634364e+01 2.731423e+00
      vertex   2.000000e+01 -1.646358e+01 3.065027e+00
    endloop
  endfacet
  facet normal -4.293006e-17 9.410223e-01 3.383447e-01
    outer loop
      vertex   2.000000e+01 -1.646358e+01 3.065027e+00
      vertex   1.650000e+01 -1.634364e+01 2.731423e+00
      vertex   1.650000e+01 -1.646358e+01 3.065027e+00
    endloop
  endfacet
  facet normal -5.938726e-17 8.837026e-01 4.680488e-01
    outer loop
      vertex   2.000000e+01 -1.646358e+01 3.065027e+00
      vertex   1.650000e+01 -1.646358e+01 3.065027e+00
      vertex   2.000000e+01 -1.662951e+01 3.378311e+00
    endloop
  endfacet
  facet normal 5.938726e-17 8.837026e-01 4.680488e-01
    outer loop
      vertex   2.000000e+01 -1.662951e+01 3.378311e+00
      vertex   1.650000e+01 -1.646358e+01 3.065027e+00
      vertex   1.650000e+01 -1.662951e+01 3.378311e+00
    endloop
  endfacet
  facet normal 7.465027e-17 8.086129e-01 5.883411e-01
    outer loop
      vertex   2.000000e+01 -1.662951e+01 3.378311e+00
      vertex   1.650000e+01 -1.662951e+01 3.378311e+00
      vertex   2.000000e+01 -1.683809e+01 3.664975e+00
    endloop
  endfacet
  facet normal 0.000000e+00 8.086129e-01 5.883411e-01
    outer loop
      vertex   2.000000e+01 -1.683809e+01 3.664975e+00
      vertex   1.650000e+01 -1.662951e+01 3.378311e+00
      vertex   1.650000e+01 -1.683809e+01 3.664975e+00
    endloop
  endfacet
  facet normal 0.000000e+00 7.172629e-01 6.968026e-01
    outer loop
      vertex   2.000000e+01 -1.683809e+01 3.664975e+00
      vertex   1.650000e+01 -1.683809e+01 3.664975e+00
      vertex   2.000000e+01 -1.708511e+01 3.919254e+00
    endloop
  endfacet
  facet normal -8.841215e-17 7.172629e-01 6.968026e-01
    outer loop
      vertex   2.000000e+01 -1.708511e+01 3.919254e+00
      vertex   1.650000e+01 -1.683809e+01 3.664975e+00
      vertex   1.650000e+01 -1.708511e+01 3.919254e+00
    endloop
  endfacet
  facet normal -1.003962e-16 6.114898e-01 7.912523e-01
    outer loop
      vertex   2.000000e+01 -1.708511e+01 3.919254e+00
      vertex   1.650000e+01 -1.708511e+01 3.919254e+00
      vertex   2.000000e+01 -1.736562e+01 4.136035e+00
    endloop
  endfacet
  facet normal -4.015847e-16 6.114898e-01 7.912523e-01
    outer loop
      vertex   2.000000e+01 -1.736562e+01 4.136035e+00
      vertex   1.650000e+01 -1.708511e+01 3.919254e+00
      vertex   1.650000e+01 -1.736562e+01 4.136035e+00
    endloop
  endfacet
  facet normal -4.414455e-16 4.934204e-01 8.697910e-01
    outer loop
      vertex   2.000000e+01 -1.736562e+01 4.136035e+00
      vertex   1.650000e+01 -1.736562e+01 4.136035e+00
      vertex   2.000000e+01 -1.767397e+01 4.310959e+00
    endloop
  endfacet
  facet normal -2.801291e-16 4.934204e-01 8.697910e-01
    outer loop
      vertex   2.000000e+01 -1.767397e+01 4.310959e+00
      vertex   1.650000e+01 -1.736562e+01 4.136035e+00
      vertex   1.650000e+01 -1.767397e+01 4.310959e+00
    endloop
  endfacet
  facet normal -1.347180e-16 3.654289e-01 9.308393e-01
    outer loop
      vertex   2.000000e+01 -1.767397e+01 4.310959e+00
      vertex   1.650000e+01 -1.767397e+01 4.310959e+00
      vertex   2.000000e+01 -1.800397e+01 4.440508e+00
    endloop
  endfacet
  facet normal 0.000000e+00 3.654289e-01 9.308393e-01
    outer loop
      vertex   2.000000e+01 -1.800397e+01 4.440508e+00
      vertex   1.650000e+01 -1.767397e+01 4.310959e+00
      vertex   1.650000e+01 -1.800397e+01 4.440508e+00
    endloop
  endfacet
  facet normal 0.000000e+00 2.300891e-01 9.731696e-01
    outer loop
      vertex   2.000000e+01 -1.800397e+01 4.440508e+00
      vertex   1.650000e+01 -1.800397e+01 4.440508e+00
      vertex   2.000000e+01 -1.834897e+01 4.522078e+00
    endloop
  endfacet
  facet normal 0.000000e+00 2.300891e-01 9.731696e-01
    outer loop
      vertex   2.000000e+01 -1.834897e+01 4.522078e+00
      vertex   1.650000e+01 -1.800397e+01 4.440508e+00
      vertex   1.650000e+01 -1.834897e+01 4.522078e+00
    endloop
  endfacet
  facet normal 0.000000e+00 9.012256e-02 9.959307e-01
    outer loop
      vertex   2.000000e+01 -1.834897e+01 4.522078e+00
      vertex   1.650000e+01 -1.834897e+01 4.522078e+00
      vertex   2.000000e+01 -1.870204e+01 4.554027e+00
    endloop
  endfacet
  facet normal 9.147990e-17 9.012256e-02 9.959307e-01
    outer loop
      vertex   2.000000e+01 -1.870204e+01 4.554027e+00
      vertex   1.650000e+01 -1.834897e+01 4.522078e+00
      vertex   1.650000e+01 -1.870204e+01 4.554027e+00
    endloop
  endfacet
  facet normal -5.243425e-17 -5.165625e-02 9.986649e-01
    outer loop
      vertex   2.000000e+01 -1.870204e+01 4.554027e+00
      vertex   1.650000e+01 -1.870204e+01 4.554027e+00
      vertex   2.000000e+01 -1.905608e+01 4.535715e+00
    endloop
  endfacet
  facet normal 0.000000e+00 -5.165625e-02 9.986649e-01
    outer loop
      vertex   2.000000e+01 -1.905608e+01 4.535715e+00
      vertex   1.650000e+01 -1.870204e+01 4.554027e+00
      vertex   1.650000e+01 -1.905608e+01 4.535715e+00
    endloop
  endfacet
  facet normal 0.000000e+00 -1.923963e-01 9.813173e-01
    outer loop
      vertex   2.000000e+01 -1.905608e+01 4.535715e+00
      vertex   1.650000e+01 -1.905608e+01 4.535715e+00
      vertex   2.000000e+01 -1.940397e+01 4.467508e+00
    endloop
  endfacet
  facet normal -4.443183e-16 -1.923963e-01 9.813173e-01
    outer loop
      vertex   2.000000e+01 -1.940397e+01 4.467508e+00
      vertex   1.650000e+01 -1.905608e+01 4.535715e+00
      vertex   1.650000e+01 -1.940397e+01 4.467508e+00
    endloop
  endfacet
  facet normal -5.738411e-16 -3.292676e-01 9.442367e-01
    outer loop
      vertex   2.000000e+01 -1.940397e+01 4.467508e+00
      vertex   1.650000e+01 -1.940397e+01 4.467508e+00
      vertex   2.000000e+01 -1.973871e+01 4.350778e+00
    endloop
  endfacet
  facet normal 0.000000e+00 -3.292676e-01 9.442367e-01
    outer loop
      vertex   2.000000e+01 -1.973871e+01 4.350778e+00
      vertex   1.650000e+01 -1.940397e+01 4.467508e+00
      vertex   1.650000e+01 -1.973871e+01 4.350778e+00
    endloop
  endfacet
  facet normal 0.000000e+00 -4.595176e-01 8.881686e-01
    outer loop
      vertex   2.000000e+01 -1.973871e+01 4.350778e+00
      vertex   1.650000e+01 -1.973871e+01 4.350778e+00
      vertex   2.000000e+01 -2.005358e+01 4.187873e+00
    endloop
  endfacet
  facet normal 0.000000e+00 -4.595176e-01 8.881686e-01
    outer loop
      vertex   2.000000e+01 -2.005358e+01 4.187873e+00
      vertex   1.650000e+01 -1.973871e+01 4.350778e+00
      vertex   1.650000e+01 -2.005358e+01 4.187873e+00
    endloop
  endfacet
  facet normal 0.000000e+00 -5.805274e-01 8.142407e-01
    outer loop
      vertex   2.000000e+01 -2.005358e+01 4.187873e+00
      vertex   1.650000e+01 -2.005358e+01 4.187873e+00
      vertex   2.000000e+01 -2.034224e+01 3.982068e+00
    endloop
  endfacet
  facet normal 0.000000e+00 -5.805274e-01 8.142407e-01
    outer loop
      vertex   2.000000e+01 -2.034224e+01 3.982068e+00
      vertex   1.650000e+01 -2.005358e+01 4.187873e+00
      vertex   1.650000e+01 -2.034224e+01 3.982068e+00
    endloop
  endfacet
  facet normal 0.000000e+00 -6.898635e-01 7.239394e-01
    outer loop
      vertex   2.000000e+01 -2.034224e+01 3.982068e+00
      vertex   1.650000e+01 -2.034224e+01 3.982068e+00
      vertex   2.000000e+01 -2.059889e+01 3.737503e+00
    endloop
  endfacet
  facet normal 2.755660e-16 -6.898635e-01 7.239394e-01
    outer loop
      vertex   2.000000e+01 -2.059889e+01 3.737503e+00
      vertex   1.650000e+01 -2.034224e+01 3.982068e+00
      vertex   1.650000e+01 -2.059889e+01 3.737503e+00
    endloop
  endfacet
  facet normal 2.356518e-16 -7.853274e-01 6.190807e-01
    outer loop
      vertex   2.000000e+01 -2.059889e+01 3.737503e+00
      vertex   1.650000e+01 -2.059889e+01 3.737503e+00
      vertex   2.000000e+01 -2.081836e+01 3.459094e+00
    endloop
  endfacet
  facet normal -5.615035e-16 -7.853274e-01 6.190807e-01
    outer loop
      vertex   2.000000e+01 -2.081836e+01 3.459094e+00
      vertex   1.650000e+01 -2.059889e+01 3.737503e+00
      vertex   1.650000e+01 -2.081836e+01 3.459094e+00
    endloop
  endfacet
  facet normal -6.870283e-16 -8.649993e-01 5.017730e-01
    outer loop
      vertex   2.000000e+01 -2.081836e+01 3.459094e+00
      vertex   1.650000e+01 -2.081836e+01 3.459094e+00
      vertex   2.000000e+01 -2.099624e+01 3.152441e+00
    endloop
  endfacet
  facet normal 1.909988e-16 -8.649993e-01 5.017730e-01
    outer loop
      vertex   2.000000e+01 -2.099624e+01 3.152441e+00
      vertex   1.650000e+01 -2.081836e+01 3.459094e+00
      vertex   1.650000e+01 -2.099624e+01 3.152441e+00
    endloop
  endfacet
  facet normal 1.425052e-16 -9.272773e-01 3.743753e-01
    outer loop
      vertex   2.000000e+01 -2.099624e+01 3.152441e+00
      vertex   1.650000e+01 -2.099624e+01 3.152441e+00
      vertex   2.000000e+01 -2.112896e+01 2.823709e+00
    endloop
  endfacet
  facet normal -7.987379e-16 -9.272773e-01 3.743753e-01
    outer loop
      vertex   2.000000e+01 -2.112896e+01 2.823709e+00
      vertex   1.650000e+01 -2.099624e+01 3.152441e+00
      vertex   1.650000e+01 -2.112896e+01 2.823709e+00
    endloop
  endfacet
  facet normal -8.943858e-16 -9.709088e-01 2.394494e-01
    outer loop
      vertex   2.000000e+01 -2.112896e+01 2.823709e+00
      vertex   1.650000e+01 -2.112896e+01 2.823709e+00
      vertex   2.000000e+01 -2.121385e+01 2.479509e+00
    endloop
  endfacet
  facet normal -9.247678e-16 -9.709088e-01 2.394494e-01
    outer loop
      vertex   2.000000e+01 -2.121385e+01 2.479509e+00
      vertex   1.650000e+01 -2.112896e+01 2.823709e+00
      vertex   1.650000e+01 -2.121385e+01 2.479509e+00
    endloop
  endfacet
  facet normal -9.847001e-16 -9.950167e-01 9.970853e-02
    outer loop
      vertex   2.000000e+01 -2.121385e+01 2.479509e+00
      vertex   1.650000e+01 -2.121385e+01 2.479509e+00
      vertex   2.000000e+01 -2.124920e+01 2.126763e+00
    endloop
  endfacet
  facet normal 3.795384e-17 -9.950167e-01 9.970853e-02
    outer loop
      vertex   2.000000e+01 -2.124920e+01 2.126763e+00
      vertex   1.650000e+01 -2.121385e+01 2.479509e+00
      vertex   1.650000e+01 -2.124920e+01 2.126763e+00
    endloop
  endfacet
  facet normal -1.600144e-17 -9.991160e-01 -4.203738e-02
    outer loop
      vertex   2.000000e+01 -2.124920e+01 2.126763e+00
      vertex   1.650000e+01 -2.124920e+01 2.126763e+00
      vertex   2.000000e+01 -2.123430e+01 1.772563e+00
    endloop
  endfacet
  facet normal -5.333813e-18 -9.991160e-01 -4.203738e-02
    outer loop
      vertex   2.000000e+01 -2.123430e+01 1.772563e+00
      vertex   1.650000e+01 -2.124920e+01 2.126763e+00
      vertex   1.650000e+01 -2.123430e+01 1.772563e+00
    endloop
  endfacet
  facet normal -2.321165e-17 -9.831245e-01 -1.829380e-01
    outer loop
      vertex   2.000000e+01 -2.123430e+01 1.772563e+00
      vertex   1.650000e+01 -2.123430e+01 1.772563e+00
      vertex   2.000000e+01 -2.116944e+01 1.424033e+00
    endloop
  endfacet
  facet normal -6.963495e-17 -9.831245e-01 -1.829380e-01
    outer loop
      vertex   2.000000e+01 -2.116944e+01 1.424033e+00
      vertex   1.650000e+01 -2.123430e+01 1.772563e+00
      vertex   1.650000e+01 -2.116944e+01 1.424033e+00
    endloop
  endfacet
  facet normal -1.218682e-16 -9.473635e-01 -3.201599e-01
    outer loop
      vertex   2.000000e+01 -2.116944e+01 1.424033e+00
      vertex   1.650000e+01 -2.116944e+01 1.424033e+00
      vertex   2.000000e+01 -2.105594e+01 1.088180e+00
    endloop
  endfacet
  facet normal -1.218682e-16 -9.473635e-01 -3.201599e-01
    outer loop
      vertex   2.000000e+01 -2.105594e+01 1.088180e+00
      vertex   1.650000e+01 -2.116944e+01 1.424033e+00
      vertex   1.650000e+01 -2.105594e+01 1.088180e+00
    endloop
  endfacet
  facet normal -1.716508e-16 -8.925523e-01 -4.509439e-01
    outer loop
      vertex   2.000000e+01 -2.105594e+01 1.088180e+00
      vertex   1.650000e+01 -2.105594e+01 1.088180e+00
      vertex   2.000000e+01 -2.089608e+01 7.717591e-01
    endloop
  endfacet
  facet normal -3.146932e-16 -8.925523e-01 -4.509439e-01
    outer loop
      vertex   2.000000e+01 -2.089608e+01 7.717591e-01
      vertex   1.650000e+01 -2.105594e+01 1.088180e+00
      vertex   1.650000e+01 -2.089608e+01 7.717591e-01
    endloop
  endfacet
  facet normal -3.996333e-16 -8.197930e-01 -5.726599e-01
    outer loop
      vertex   2.000000e+01 -2.089608e+01 7.717591e-01
      vertex   1.650000e+01 -2.089608e+01 7.717591e-01
      vertex   2.000000e+01 -2.069306e+01 4.811318e-01
    endloop
  endfacet
  facet normal 1.482628e-15 -8.197930e-01 -5.726599e-01
    outer loop
      vertex   2.000000e+01 -2.069306e+01 4.811318e-01
      vertex   1.650000e+01 -2.089608e+01 7.717591e-01
      vertex   1.650000e+01 -2.069306e+01 4.811318e-01
    endloop
  endfacet
  facet normal 1.266495e-15 -7.305488e-01 -6.828605e-01
    outer loop
      vertex   2.000000e+01 -2.069306e+01 4.811318e-01
      vertex   1.650000e+01 -2.069306e+01 4.811318e-01
      vertex   2.000000e+01 -2.045098e+01 2.221428e-01
    endloop
  endfacet
  facet normal 4.707918e-16 -7.305488e-01 -6.828605e-01
    outer loop
      vertex   2.000000e+01 -2.045098e+01 2.221428e-01
      vertex   1.650000e+01 -2.069306e+01 4.811318e-01
      vertex   1.650000e+01 -2.045098e+01 2.221428e-01
    endloop
  endfacet
  facet normal 3.270410e-16 -6.266141e-01 -7.793297e-01
    outer loop
      vertex   2.000000e+01 -2.045098e+01 2.221428e-01
      vertex   1.650000e+01 -2.045098e+01 2.221428e-01
      vertex   2.000000e+01 -2.017470e+01 -1.665335e-15
    endloop
  endfacet
  facet normal -0.000000e+00 -6.266141e-01 -7.793297e-01
    outer loop
      vertex   2.000000e+01 -2.017470e+01 -1.665335e-15
      vertex   1.650000e+01 -2.045098e+01 2.221428e-01
      vertex   1.650000e+01 -2.017470e+01 -1.665335e-15
    endloop
  endfacet
  facet normal -0.000000e+00 2.791698e-17 1.000000e+00
    outer loop
      vertex   1.650000e+01 -8.529770e+00 1.000000e+00
      vertex   1.650000e+01 -1.648352e+01 1.000000e+00
      vertex   2.000000e+01 -8.529770e+00 1.000000e+00
    endloop
  endfacet
  facet normal 0.000000e+00 2.791698e-17 1.000000e+00
    outer loop
      vertex   2.000000e+01 -8.529770e+00 1.000000e+00
      vertex   1.650000e+01 -1.648352e+01 1.000000e+00
      vertex   2.000000e+01 -1.648352e+01 1.000000e+00
    endloop
  endfacet
  facet normal 1.627065e-16 6.411694e-01 -7.673994e-01
    outer loop
      vertex   2.000000e+01 -4.786412e+00 0.000000e+00
      vertex   1.650000e+01 -4.786412e+00 0.000000e+00
      vertex   2.000000e+01 -4.516248e+00 2.257247e-01
    endloop
  endfacet
  facet normal 6.085603e-18 6.411694e-01 -7.673994e-01
    outer loop
      vertex   2.000000e+01 -4.516248e+00 2.257247e-01
      vertex   1.650000e+01 -4.786412e+00 0.000000e+00
      vertex   1.650000e+01 -4.516248e+00 2.257247e-01
    endloop
  endfacet
  facet normal 5.311026e-18 7.426095e-01 -6.697246e-01
    outer loop
      vertex   2.000000e+01 -4.516248e+00 2.257247e-01
      vertex   1.650000e+01 -4.516248e+00 2.257247e-01
      vertex   2.000000e+01 -4.280471e+00 4.871616e-01
    endloop
  endfacet
  facet normal -7.710282e-17 7.426095e-01 -6.697246e-01
    outer loop
      vertex   2.000000e+01 -4.280471e+00 4.871616e-01
      vertex   1.650000e+01 -4.516248e+00 2.257247e-01
      vertex   1.650000e+01 -4.280471e+00 4.871616e-01
    endloop
  endfacet
  facet normal -1.110302e-17 8.293234e-01 -5.587690e-01
    outer loop
      vertex   2.000000e+01 -4.280471e+00 4.871616e-01
      vertex   1.650000e+01 -4.280471e+00 4.871616e-01
      vertex   2.000000e+01 -4.083755e+00 7.791262e-01
    endloop
  endfacet
  facet normal -1.417962e-16 8.293234e-01 -5.587690e-01
    outer loop
      vertex   2.000000e+01 -4.083755e+00 7.791262e-01
      vertex   1.650000e+01 -4.280471e+00 4.871616e-01
      vertex   1.650000e+01 -4.083755e+00 7.791262e-01
    endloop
  endfacet
  facet normal -1.108276e-16 8.995914e-01 -4.367326e-01
    outer loop
      vertex   2.000000e+01 -4.083755e+00 7.791262e-01
      vertex   1.650000e+01 -4.083755e+00 7.791262e-01
      vertex   2.000000e+01 -3.930003e+00 1.095829e+00
    endloop
  endfacet
  facet normal 0.000000e+00 8.995914e-01 -4.367326e-01
    outer loop
      vertex   2.000000e+01 -3.930003e+00 1.095829e+00
      vertex   1.650000e+01 -4.083755e+00 7.791262e-01
      vertex   1.650000e+01 -3.930003e+00 1.095829e+00
    endloop
  endfacet
  facet normal 0.000000e+00 9.520200e-01 -3.060357e-01
    outer loop
      vertex   2.000000e+01 -3.930003e+00 1.095829e+00
      vertex   1.650000e+01 -3.930003e+00 1.095829e+00
      vertex   2.000000e+01 -3.822262e+00 1.430989e+00
    endloop
  endfacet
  facet normal 2.804202e-16 9.520200e-01 -3.060357e-01
    outer loop
      vertex   2.000000e+01 -3.822262e+00 1.430989e+00
      vertex   1.650000e+01 -3.930003e+00 1.095829e+00
      vertex   1.650000e+01 -3.822262e+00 1.430989e+00
    endloop
  endfacet
  facet normal 2.715808e-16 9.855697e-01 -1.692700e-01
    outer loop
      vertex   2.000000e+01 -3.822262e+00 1.430989e+00
      vertex   1.650000e+01 -3.822262e+00 1.430989e+00
      vertex   2.000000e+01 -3.762671e+00 1.777960e+00
    endloop
  endfacet
  facet normal 9.283555e-17 9.855697e-01 -1.692700e-01
    outer loop
      vertex   2.000000e+01 -3.762671e+00 1.777960e+00
      vertex   1.650000e+01 -3.822262e+00 1.430989e+00
      vertex   1.650000e+01 -3.762671e+00 1.777960e+00
    endloop
  endfacet
  facet normal 1.212812e-16 9.995751e-01 -2.914754e-02
    outer loop
      vertex   2.000000e+01 -3.762671e+00 1.777960e+00
      vertex   1.650000e+01 -3.762671e+00 1.777960e+00
      vertex   2.000000e+01 -3.752409e+00 2.129862e+00
    endloop
  endfacet
  facet normal 0.000000e+00 9.995751e-01 -2.914754e-02
    outer loop
      vertex   2.000000e+01 -3.752409e+00 2.129862e+00
      vertex   1.650000e+01 -3.762671e+00 1.777960e+00
      vertex   1.650000e+01 -3.752409e+00 2.129862e+00
    endloop
  endfacet
  facet normal 0.000000e+00 9.937585e-01 1.115529e-01
    outer loop
      vertex   2.000000e+01 -3.752409e+00 2.129862e+00
      vertex   1.650000e+01 -3.752409e+00 2.129862e+00
      vertex   2.000000e+01 -3.791682e+00 2.479717e+00
    endloop
  endfacet
  facet normal 1.119366e-16 9.937585e-01 1.115529e-01
    outer loop
      vertex   2.000000e+01 -3.791682e+00 2.479717e+00
      vertex   1.650000e+01 -3.752409e+00 2.129862e+00
      vertex   1.650000e+01 -3.791682e+00 2.479717e+00
    endloop
  endfacet
  facet normal 9.112634e-17 9.682352e-01 2.500412e-01
    outer loop
      vertex   2.000000e+01 -3.791682e+00 2.479717e+00
      vertex   1.650000e+01 -3.791682e+00 2.479717e+00
      vertex   2.000000e+01 -3.879709e+00 2.820585e+00
    endloop
  endfacet
  facet normal -2.767456e-17 9.682352e-01 2.500412e-01
    outer loop
      vertex   2.000000e+01 -3.879709e+00 2.820585e+00
      vertex   1.650000e+01 -3.791682e+00 2.479717e+00
      vertex   1.650000e+01 -3.879709e+00 2.820585e+00
    endloop
  endfacet
  facet normal 2.882798e-17 9.235113e-01 3.835711e-01
    outer loop
      vertex   2.000000e+01 -3.879709e+00 2.820585e+00
      vertex   1.650000e+01 -3.879709e+00 2.820585e+00
      vertex   2.000000e+01 -4.014746e+00 3.145709e+00
    endloop
  endfacet
  facet normal -1.856866e-16 9.235113e-01 3.835711e-01
    outer loop
      vertex   2.000000e+01 -4.014746e+00 3.145709e+00
      vertex   1.650000e+01 -3.879709e+00 2.820585e+00
      vertex   1.650000e+01 -4.014746e+00 3.145709e+00
    endloop
  endfacet
  facet normal -1.537124e-16 8.604739e-01 5.094946e-01
    outer loop
      vertex   2.000000e+01 -4.014746e+00 3.145709e+00
      vertex   1.650000e+01 -4.014746e+00 3.145709e+00
      vertex   2.000000e+01 -4.194114e+00 3.448640e+00
    endloop
  endfacet
  facet normal -6.464601e-17 8.604739e-01 5.094946e-01
    outer loop
      vertex   2.000000e+01 -4.194114e+00 3.448640e+00
      vertex   1.650000e+01 -4.014746e+00 3.145709e+00
      vertex   1.650000e+01 -4.194114e+00 3.448640e+00
    endloop
  endfacet
  facet normal -7.934156e-17 7.803728e-01 6.253146e-01
    outer loop
      vertex   2.000000e+01 -4.194114e+00 3.448640e+00
      vertex   1.650000e+01 -4.194114e+00 3.448640e+00
      vertex   2.000000e+01 -4.414257e+00 3.723372e+00
    endloop
  endfacet
  facet normal 7.934156e-17 7.803728e-01 6.253146e-01
    outer loop
      vertex   2.000000e+01 -4.414257e+00 3.723372e+00
      vertex   1.650000e+01 -4.194114e+00 3.448640e+00
      vertex   1.650000e+01 -4.414257e+00 3.723372e+00
    endloop
  endfacet
  facet normal 9.246372e-17 6.847966e-01 7.287343e-01
    outer loop
      vertex   2.000000e+01 -4.414257e+00 3.723372e+00
      vertex   1.650000e+01 -4.414257e+00 3.723372e+00
      vertex   2.000000e+01 -4.670809e+00 3.964455e+00
    endloop
  endfacet
  facet normal 9.246372e-17 6.847966e-01 7.287343e-01
    outer loop
      vertex   2.000000e+01 -4.670809e+00 3.964455e+00
      vertex   1.650000e+01 -4.414257e+00 3.723372e+00
      vertex   1.650000e+01 -4.670809e+00 3.964455e+00
    endloop
  endfacet
  facet normal 1.037523e-16 5.756405e-01 8.177029e-01
    outer loop
      vertex   2.000000e+01 -4.670809e+00 3.964455e+00
      vertex   1.650000e+01 -4.670809e+00 3.964455e+00
      vertex   2.000000e+01 -4.958683e+00 4.167110e+00
    endloop
  endfacet
  facet normal 2.075046e-16 5.756405e-01 8.177029e-01
    outer loop
      vertex   2.000000e+01 -4.958683e+00 4.167110e+00
      vertex   1.650000e+01 -4.670809e+00 3.964455e+00
      vertex   1.650000e+01 -4.958683e+00 4.167110e+00
    endloop
  endfacet
  facet normal 2.259668e-16 4.550693e-01 8.904560e-01
    outer loop
      vertex   2.000000e+01 -4.958683e+00 4.167110e+00
      vertex   1.650000e+01 -4.958683e+00 4.167110e+00
      vertex   2.000000e+01 -5.272169e+00 4.327318e+00
    endloop
  endfacet
  facet normal -2.259668e-16 4.550693e-01 8.904560e-01
    outer loop
      vertex   2.000000e+01 -5.272169e+00 4.327318e+00
      vertex   1.650000e+01 -4.958683e+00 4.167110e+00
      vertex   1.650000e+01 -5.272169e+00 4.327318e+00
    endloop
  endfacet
  facet normal -2.399480e-16 3.254738e-01 9.455511e-01
    outer loop
      vertex   2.000000e+01 -5.272169e+00 4.327318e+00
      vertex   1.650000e+01 -5.272169e+00 4.327318e+00
      vertex   2.000000e+01 -5.605052e+00 4.441902e+00
    endloop
  endfacet
  facet normal 0.000000e+00 3.254738e-01 9.455511e-01
    outer loop
      vertex   2.000000e+01 -5.605052e+00 4.441902e+00
      vertex   1.650000e+01 -5.272169e+00 4.327318e+00
      vertex   1.650000e+01 -5.605052e+00 4.441902e+00
    endloop
  endfacet
  facet normal 0.000000e+00 1.894240e-01 9.818954e-01
    outer loop
      vertex   2.000000e+01 -5.605052e+00 4.441902e+00
      vertex   1.650000e+01 -5.605052e+00 4.441902e+00
      vertex   2.000000e+01 -5.950730e+00 4.508589e+00
    endloop
  endfacet
  facet normal -2.491709e-16 1.894240e-01 9.818954e-01
    outer loop
      vertex   2.000000e+01 -5.950730e+00 4.508589e+00
      vertex   1.650000e+01 -5.605052e+00 4.441902e+00
      vertex   1.650000e+01 -5.950730e+00 4.508589e+00
    endloop
  endfacet
  facet normal -2.534527e-16 4.961787e-02 9.987683e-01
    outer loop
      vertex   2.000000e+01 -5.950730e+00 4.508589e+00
      vertex   1.650000e+01 -5.950730e+00 4.508589e+00
      vertex   2.000000e+01 -6.302348e+00 4.526057e+00
    endloop
  endfacet
  facet normal 0.000000e+00 4.961787e-02 9.987683e-01
    outer loop
      vertex   2.000000e+01 -6.302348e+00 4.526057e+00
      vertex   1.650000e+01 -5.950730e+00 4.508589e+00
      vertex   1.650000e+01 -6.302348e+00 4.526057e+00
    endloop
  endfacet
  facet normal 0.000000e+00 -9.117222e-02 9.958351e-01
    outer loop
      vertex   2.000000e+01 -6.302348e+00 4.526057e+00
      vertex   1.650000e+01 -6.302348e+00 4.526057e+00
      vertex   2.000000e+01 -6.652933e+00 4.493960e+00
    endloop
  endfacet
  facet normal 0.000000e+00 -9.117222e-02 9.958351e-01
    outer loop
      vertex   2.000000e+01 -6.652933e+00 4.493960e+00
      vertex   1.650000e+01 -6.302348e+00 4.526057e+00
      vertex   1.650000e+01 -6.652933e+00 4.493960e+00
    endloop
  endfacet
  facet normal 0.000000e+00 -2.301543e-01 9.731541e-01
    outer loop
      vertex   2.000000e+01 -6.652933e+00 4.493960e+00
      vertex   1.650000e+01 -6.652933e+00 4.493960e+00
      vertex   2.000000e+01 -6.995534e+00 4.412933e+00
    endloop
  endfacet
  facet normal -1.301424e-16 -2.301543e-01 9.731541e-01
    outer loop
      vertex   2.000000e+01 -6.995534e+00 4.412933e+00
      vertex   1.650000e+01 -6.652933e+00 4.493960e+00
      vertex   1.650000e+01 -6.995534e+00 4.412933e+00
    endloop
  endfacet
  facet normal -5.126829e-17 -3.645723e-01 9.311751e-01
    outer loop
      vertex   2.000000e+01 -6.995534e+00 4.412933e+00
      vertex   1.650000e+01 -6.995534e+00 4.412933e+00
      vertex   2.000000e+01 -7.323355e+00 4.284585e+00
    endloop
  endfacet
  facet normal 2.362999e-16 -3.645723e-01 9.311751e-01
    outer loop
      vertex   2.000000e+01 -7.323355e+00 4.284585e+00
      vertex   1.650000e+01 -6.995534e+00 4.412933e+00
      vertex   1.650000e+01 -7.323355e+00 4.284585e+00
    endloop
  endfacet
  facet normal 2.209611e-16 -4.917607e-01 8.707304e-01
    outer loop
      vertex   2.000000e+01 -7.323355e+00 4.284585e+00
      vertex   1.650000e+01 -7.323355e+00 4.284585e+00
      vertex   2.000000e+01 -7.629897e+00 4.111460e+00
    endloop
  endfacet
  facet normal 1.247918e-16 -4.917607e-01 8.707304e-01
    outer loop
      vertex   2.000000e+01 -7.629897e+00 4.111460e+00
      vertex   1.650000e+01 -7.323355e+00 4.284585e+00
      vertex   1.650000e+01 -7.629897e+00 4.111460e+00
    endloop
  endfacet
  facet normal 1.545931e-16 -6.091973e-01 7.930187e-01
    outer loop
      vertex   2.000000e+01 -7.629897e+00 4.111460e+00
      vertex   1.650000e+01 -7.629897e+00 4.111460e+00
      vertex   2.000000e+01 -7.909081e+00 3.896991e+00
    endloop
  endfacet
  facet normal 3.091862e-16 -6.091973e-01 7.930187e-01
    outer loop
      vertex   2.000000e+01 -7.909081e+00 3.896991e+00
      vertex   1.650000e+01 -7.629897e+00 4.111460e+00
      vertex   1.650000e+01 -7.909081e+00 3.896991e+00
    endloop
  endfacet
  facet normal 3.626576e-16 -7.145532e-01 6.995811e-01
    outer loop
      vertex   2.000000e+01 -7.909081e+00 3.896991e+00
      vertex   1.650000e+01 -7.909081e+00 3.896991e+00
      vertex   2.000000e+01 -8.155369e+00 3.645432e+00
    endloop
  endfacet
  facet normal 1.775294e-16 -7.145532e-01 6.995811e-01
    outer loop
      vertex   2.000000e+01 -8.155369e+00 3.645432e+00
      vertex   1.650000e+01 -7.909081e+00 3.896991e+00
      vertex   1.650000e+01 -8.155369e+00 3.645432e+00
    endloop
  endfacet
  facet normal 1.502977e-16 -8.057392e-01 5.922705e-01
    outer loop
      vertex   2.000000e+01 -8.155369e+00 3.645432e+00
      vertex   1.650000e+01 -8.155369e+00 3.645432e+00
      vertex   2.000000e+01 -8.363879e+00 3.361770e+00
    endloop
  endfacet
  facet normal 4.089372e-16 -8.057392e-01 5.922705e-01
    outer loop
      vertex   2.000000e+01 -8.363879e+00 3.361770e+00
      vertex   1.650000e+01 -8.155369e+00 3.645432e+00
      vertex   1.650000e+01 -8.363879e+00 3.361770e+00
    endloop
  endfacet
  facet normal 4.471075e-16 -8.809470e-01 4.732149e-01
    outer loop
      vertex   2.000000e+01 -8.363879e+00 3.361770e+00
      vertex   1.650000e+01 -8.363879e+00 3.361770e+00
      vertex   2.000000e+01 -8.530475e+00 3.051631e+00
    endloop
  endfacet
  facet normal 3.870648e-16 -8.809470e-01 4.732149e-01
    outer loop
      vertex   2.000000e+01 -8.530475e+00 3.051631e+00
      vertex   1.650000e+01 -8.363879e+00 3.361770e+00
      vertex   1.650000e+01 -8.530475e+00 3.051631e+00
    endloop
  endfacet
  facet normal 4.326654e-16 -9.386853e-01 3.447752e-01
    outer loop
      vertex   2.000000e+01 -8.530475e+00 3.051631e+00
      vertex   1.650000e+01 -8.530475e+00 3.051631e+00
      vertex   2.000000e+01 -8.651854e+00 2.721165e+00
    endloop
  endfacet
  facet normal 0.000000e+00 -9.386853e-01 3.447752e-01
    outer loop
      vertex   2.000000e+01 -8.651854e+00 2.721165e+00
      vertex   1.650000e+01 -8.530475e+00 3.051631e+00
      vertex   1.650000e+01 -8.651854e+00 2.721165e+00
    endloop
  endfacet
  facet normal 0.000000e+00 -9.778090e-01 2.094985e-01
    outer loop
      vertex   2.000000e+01 -8.651854e+00 2.721165e+00
      vertex   1.650000e+01 -8.651854e+00 2.721165e+00
      vertex   2.000000e+01 -8.725608e+00 2.376926e+00
    endloop
  endfacet
  facet normal 0.000000e+00 -9.778090e-01 2.094985e-01
    outer loop
      vertex   2.000000e+01 -8.725608e+00 2.376926e+00
      vertex   1.650000e+01 -8.651854e+00 2.721165e+00
      vertex   1.650000e+01 -8.725608e+00 2.376926e+00
    endloop
  endfacet
  facet normal 0.000000e+00 -9.975423e-01 7.006738e-02
    outer loop
      vertex   2.000000e+01 -8.725608e+00 2.376926e+00
      vertex   1.650000e+01 -8.725608e+00 2.376926e+00
      vertex   2.000000e+01 -8.750275e+00 2.025740e+00
    endloop
  endfacet
  facet normal -8.890333e-18 -9.975423e-01 7.006738e-02
    outer loop
      vertex   2.000000e+01 -8.750275e+00 2.025740e+00
      vertex   1.650000e+01 -8.725608e+00 2.376926e+00
      vertex   1.650000e+01 -8.750275e+00 2.025740e+00
    endloop
  endfacet
  facet normal 8.977358e-18 -9.974938e-01 -7.075325e-02
    outer loop
      vertex   2.000000e+01 -8.750275e+00 2.025740e+00
      vertex   1.650000e+01 -8.750275e+00 2.025740e+00
      vertex   2.000000e+01 -8.725367e+00 1.674570e+00
    endloop
  endfacet
  facet normal 1.795472e-17 -9.974938e-01 -7.075325e-02
    outer loop
      vertex   2.000000e+01 -8.725367e+00 1.674570e+00
      vertex   1.650000e+01 -8.750275e+00 2.025740e+00
      vertex   1.650000e+01 -8.725367e+00 1.674570e+00
    endloop
  endfacet
  facet normal 5.333405e-17 -9.776647e-01 -2.101708e-01
    outer loop
      vertex   2.000000e+01 -8.725367e+00 1.674570e+00
      vertex   1.650000e+01 -8.725367e+00 1.674570e+00
      vertex   2.000000e+01 -8.651376e+00 1.330382e+00
    endloop
  endfacet
  facet normal -4.000054e-17 -9.776647e-01 -2.101708e-01
    outer loop
      vertex   2.000000e+01 -8.651376e+00 1.330382e+00
      vertex   1.650000e+01 -8.725367e+00 1.674570e+00
      vertex   1.650000e+01 -8.651376e+00 1.330382e+00
    endloop
  endfacet
  facet normal -6.574181e-17 -9.384480e-01 -3.454206e-01
    outer loop
      vertex   2.000000e+01 -8.651376e+00 1.330382e+00
      vertex   1.650000e+01 -8.651376e+00 1.330382e+00
      vertex   2.000000e+01 -8.529770e+00 1.000000e+00
    endloop
  endfacet
  facet normal -0.000000e+00 -9.384480e-01 -3.454206e-01
    outer loop
      vertex   2.000000e+01 -8.529770e+00 1.000000e+00
      vertex   1.650000e+01 -8.651376e+00 1.330382e+00
      vertex   1.650000e+01 -8.529770e+00 1.000000e+00
    endloop
  endfacet
  facet normal 1.000000e+00 0.000000e+00 -0.000000e+00
    outer loop
      vertex   2.000000e+01 -1.851634e+01 3.154908e+00
      vertex   2.000000e+01 -1.683809e+01 3.664975e+00
      vertex   2.000000e+01 -1.875024e+01 3.179492e+00
    endloop
  endfacet
  facet normal 1.000000e+00 0.000000e+00 -0.000000e+00
    outer loop
      vertex   2.000000e+01 -1.875024e+01 3.179492e+00
      vertex   2.000000e+01 -1.683809e+01 3.664975e+00
      vertex   2.000000e+01 -2.059889e+01 3.737503e+00
    endloop
  endfacet
  facet normal 1.000000e+00 0.000000e+00 0.000000e+00
    outer loop
      vertex   2.000000e+01 -1.875024e+01 3.179492e+00
      vertex   2.000000e+01 -2.059889e+01 3.737503e+00
      vertex   2.000000e+01 -1.898415e+01 3.154908e+00
    endloop
  endfacet
  facet normal 1.000000e+00 0.000000e+00 0.000000e+00
    outer loop
      vertex   2.000000e+01 -1.898415e+01 3.154908e+00
      vertex   2.000000e+01 -2.059889e+01 3.737503e+00
      vertex   2.000000e+01 -1.920782e+01 3.082231e+00
    endloop
  endfacet
  facet normal 1.000000e+00 0.000000e+00 0.000000e+00
    outer loop
      vertex   2.000000e+01 -1.920782e+01 3.082231e+00
      vertex   2.000000e+01 -2.059889e+01 3.737503e+00
      vertex   2.000000e+01 -1.941150e+01 2.964636e+00
    endloop
  endfacet
  facet normal 1.000000e+00 0.000000e+00 0.000000e+00
    outer loop
      vertex   2.000000e+01 -1.941150e+01 2.964636e+00
      vertex   2.000000e+01 -2.059889e+01 3.737503e+00
      vertex   2.000000e+01 -1.958628e+01 2.807264e+00
    endloop
  endfacet
  facet normal 1.000000e+00 0.000000e+00 0.000000e+00
    outer loop
      vertex   2.000000e+01 -1.958628e+01 2.807264e+00
      vertex   2.000000e+01 -2.059889e+01 3.737503e+00
      vertex   2.000000e+01 -1.972452e+01 2.616992e+00
    endloop
  endfacet
  facet normal 1.000000e+00 0.000000e+00 0.000000e+00
    outer loop
      vertex   2.000000e+01 -1.972452e+01 2.616992e+00
      vertex   2.000000e+01 -2.059889e+01 3.737503e+00
      vertex   2.000000e+01 -2.081836e+01 3.459094e+00
    endloop
  endfacet
  facet normal 1.000000e+00 0.000000e+00 0.000000e+00
    outer loop
      vertex   2.000000e+01 -1.972452e+01 2.616992e+00
      vertex   2.000000e+01 -2.081836e+01 3.459094e+00
      vertex   2.000000e+01 -2.099624e+01 3.152441e+00
    endloop
  endfacet
  facet normal 1.000000e+00 0.000000e+00 0.000000e+00
    outer loop
      vertex   2.000000e+01 -1.683809e+01 3.664975e+00
      vertex   2.000000e+01 -1.851634e+01 3.154908e+00
      vertex   2.000000e+01 -1.662951e+01 3.378311e+00
    endloop
  endfacet
  facet normal 1.000000e+00 0.000000e+00 0.000000e+00
    outer loop
      vertex   2.000000e+01 -1.662951e+01 3.378311e+00
      vertex   2.000000e+01 -1.851634e+01 3.154908e+00
      vertex   2.000000e+01 -1.829267e+01 3.082231e+00
    endloop
  endfacet
  facet normal 1.000000e+00 0.000000e+00 0.000000e+00
    outer loop
      vertex   2.000000e+01 -1.662951e+01 3.378311e+00
      vertex   2.000000e+01 -1.829267e+01 3.082231e+00
      vertex   2.000000e+01 -1.646358e+01 3.065027e+00
    endloop
  endfacet
  facet normal 1.000000e+00 0.000000e+00 0.000000e+00
    outer loop
      vertex   2.000000e+01 -1.646358e+01 3.065027e+00
      vertex   2.000000e+01 -1.829267e+01 3.082231e+00
      vertex   2.000000e+01 -1.808899e+01 2.964636e+00
    endloop
  endfacet
  facet normal 1.000000e+00 0.000000e+00 0.000000e+00
    outer loop
      vertex   2.000000e+01 -1.646358e+01 3.065027e+00
      vertex   2.000000e+01 -1.808899e+01 2.964636e+00
      vertex   2.000000e+01 -1.791421e+01 2.807264e+00
    endloop
  endfacet
  facet normal 1.000000e+00 0.000000e+00 0.000000e+00
    outer loop
      vertex   2.000000e+01 -1.646358e+01 3.065027e+00
      vertex   2.000000e+01 -1.791421e+01 2.807264e+00
      vertex   2.000000e+01 -1.634364e+01 2.731423e+00
    endloop
  endfacet
  facet normal 1.000000e+00 0.000000e+00 0.000000e+00
    outer loop
      vertex   2.000000e+01 -1.634364e+01 2.731423e+00
      vertex   2.000000e+01 -1.791421e+01 2.807264e+00
      vertex   2.000000e+01 -1.777597e+01 2.616992e+00
    endloop
  endfacet
  facet normal 1.000000e+00 0.000000e+00 0.000000e+00
    outer loop
      vertex   2.000000e+01 -1.634364e+01 2.731423e+00
      vertex   2.000000e+01 -1.777597e+01 2.616992e+00
      vertex   2.000000e+01 -1.627208e+01 2.384206e+00
    endloop
  endfacet
  facet normal 1.000000e+00 0.000000e+00 0.000000e+00
    outer loop
      vertex   2.000000e+01 -1.627208e+01 2.384206e+00
      vertex   2.000000e+01 -1.777597e+01 2.616992e+00
      vertex   2.000000e+01 -1.768031e+01 2.402136e+00
    endloop
  endfacet
  facet normal 1.000000e+00 0.000000e+00 0.000000e+00
    outer loop
      vertex   2.000000e+01 -1.627208e+01 2.384206e+00
      vertex   2.000000e+01 -1.768031e+01 2.402136e+00
      vertex   2.000000e+01 -1.763141e+01 2.172087e+00
    endloop
  endfacet
  facet normal 1.000000e+00 0.000000e+00 0.000000e+00
    outer loop
      vertex   2.000000e+01 -1.627208e+01 2.384206e+00
      vertex   2.000000e+01 -1.763141e+01 2.172087e+00
      vertex   2.000000e+01 -1.625036e+01 2.030359e+00
    endloop
  endfacet
  facet normal 1.000000e+00 0.000000e+00 0.000000e+00
    outer loop
      vertex   2.000000e+01 -1.625036e+01 2.030359e+00
      vertex   2.000000e+01 -1.763141e+01 2.172087e+00
      vertex   2.000000e+01 -1.763141e+01 1.936898e+00
    endloop
  endfacet
  facet normal 1.000000e+00 0.000000e+00 0.000000e+00
    outer loop
      vertex   2.000000e+01 -1.625036e+01 2.030359e+00
      vertex   2.000000e+01 -1.763141e+01 1.936898e+00
      vertex   2.000000e+01 -1.627891e+01 1.676997e+00
    endloop
  endfacet
  facet normal 1.000000e+00 0.000000e+00 0.000000e+00
    outer loop
      vertex   2.000000e+01 -1.627891e+01 1.676997e+00
      vertex   2.000000e+01 -1.763141e+01 1.936898e+00
      vertex   2.000000e+01 -1.768031e+01 1.706848e+00
    endloop
  endfacet
  facet normal 1.000000e+00 0.000000e+00 0.000000e+00
    outer loop
      vertex   2.000000e+01 -1.627891e+01 1.676997e+00
      vertex   2.000000e+01 -1.768031e+01 1.706848e+00
      vertex   2.000000e+01 -1.777597e+01 1.491992e+00
    endloop
  endfacet
  facet normal 1.000000e+00 0.000000e+00 0.000000e+00
    outer loop
      vertex   2.000000e+01 -1.627891e+01 1.676997e+00
      vertex   2.000000e+01 -1.777597e+01 1.491992e+00
      vertex   2.000000e+01 -1.635715e+01 1.331227e+00
    endloop
  endfacet
  facet normal 1.000000e+00 0.000000e+00 0.000000e+00
    outer loop
      vertex   2.000000e+01 -1.635715e+01 1.331227e+00
      vertex   2.000000e+01 -1.777597e+01 1.491992e+00
      vertex   2.000000e+01 -1.791421e+01 1.301720e+00
    endloop
  endfacet
  facet normal 1.000000e+00 0.000000e+00 0.000000e+00
    outer loop
      vertex   2.000000e+01 -1.635715e+01 1.331227e+00
      vertex   2.000000e+01 -1.791421e+01 1.301720e+00
      vertex   2.000000e+01 -1.648352e+01 1.000000e+00
    endloop
  endfacet
  facet normal 1.000000e+00 0.000000e+00 0.000000e+00
    outer loop
      vertex   2.000000e+01 -1.648352e+01 1.000000e+00
      vertex   2.000000e+01 -1.791421e+01 1.301720e+00
      vertex   2.000000e+01 -1.808899e+01 1.144348e+00
    endloop
  endfacet
  facet normal 1.000000e+00 0.000000e+00 0.000000e+00
    outer loop
      vertex   2.000000e+01 -1.648352e+01 1.000000e+00
      vertex   2.000000e+01 -1.808899e+01 1.144348e+00
      vertex   2.000000e+01 -1.829267e+01 1.026753e+00
    endloop
  endfacet
  facet normal 1.000000e+00 0.000000e+00 0.000000e+00
    outer loop
      vertex   2.000000e+01 -1.829267e+01 1.026753e+00
      vertex   2.000000e+01 -1.851634e+01 9.540761e-01
      vertex   2.000000e+01 -1.648352e+01 1.000000e+00
    endloop
  endfacet
  facet normal 1.000000e+00 0.000000e+00 0.000000e+00
    outer loop
      vertex   2.000000e+01 -1.648352e+01 1.000000e+00
      vertex   2.000000e+01 -1.851634e+01 9.540761e-01
      vertex   2.000000e+01 -2.017470e+01 -1.665335e-15
    endloop
  endfacet
  facet normal 1.000000e+00 0.000000e+00 0.000000e+00
    outer loop
      vertex   2.000000e+01 -1.648352e+01 1.000000e+00
      vertex   2.000000e+01 -2.017470e+01 -1.665335e-15
      vertex   2.000000e+01 -8.529770e+00 1.000000e+00
    endloop
  endfacet
  facet normal 1.000000e+00 -2.308713e-16 2.688480e-15
    outer loop
      vertex   2.000000e+01 -8.529770e+00 1.000000e+00
      vertex   2.000000e+01 -2.017470e+01 -1.665335e-15
      vertex   2.000000e+01 -4.786412e+00 0.000000e+00
    endloop
  endfacet
  facet normal 1.000000e+00 1.482248e-16 4.107572e-15
    outer loop
      vertex   2.000000e+01 -8.529770e+00 1.000000e+00
      vertex   2.000000e+01 -4.786412e+00 0.000000e+00
      vertex   2.000000e+01 -6.484176e+00 9.261832e-01
    endloop
  endfacet
  facet normal 1.000000e+00 4.993778e-16 4.751262e-15
    outer loop
      vertex   2.000000e+01 -6.484176e+00 9.261832e-01
      vertex   2.000000e+01 -4.786412e+00 0.000000e+00
      vertex   2.000000e+01 -6.250276e+00 9.015993e-01
    endloop
  endfacet
  facet normal 1.000000e+00 4.183184e-15 1.073240e-14
    outer loop
      vertex   2.000000e+01 -6.250276e+00 9.015993e-01
      vertex   2.000000e+01 -4.786412e+00 0.000000e+00
      vertex   2.000000e+01 -4.516248e+00 2.257247e-01
    endloop
  endfacet
  facet normal 1.000000e+00 0.000000e+00 0.000000e+00
    outer loop
      vertex   2.000000e+01 -6.250276e+00 9.015993e-01
      vertex   2.000000e+01 -4.516248e+00 2.257247e-01
      vertex   2.000000e+01 -4.280471e+00 4.871616e-01
    endloop
  endfacet
  facet normal 1.000000e+00 0.000000e+00 0.000000e+00
    outer loop
      vertex   2.000000e+01 -1.851634e+01 9.540761e-01
      vertex   2.000000e+01 -1.875024e+01 9.294921e-01
      vertex   2.000000e+01 -2.017470e+01 -1.665335e-15
    endloop
  endfacet
  facet normal 1.000000e+00 0.000000e+00 -0.000000e+00
    outer loop
      vertex   2.000000e+01 -2.017470e+01 -1.665335e-15
      vertex   2.000000e+01 -1.875024e+01 9.294921e-01
      vertex   2.000000e+01 -2.045098e+01 2.221428e-01
    endloop
  endfacet
  facet normal 1.000000e+00 0.000000e+00 -0.000000e+00
    outer loop
      vertex   2.000000e+01 -2.045098e+01 2.221428e-01
      vertex   2.000000e+01 -1.875024e+01 9.294921e-01
      vertex   2.000000e+01 -2.069306e+01 4.811318e-01
    endloop
  endfacet
  facet normal 1.000000e+00 0.000000e+00 0.000000e+00
    outer loop
      vertex   2.000000e+01 -2.069306e+01 4.811318e-01
      vertex   2.000000e+01 -1.875024e+01 9.294921e-01
      vertex   2.000000e+01 -1.898415e+01 9.540761e-01
    endloop
  endfacet
  facet normal 1.000000e+00 0.000000e+00 -0.000000e+00
    outer loop
      vertex   2.000000e+01 -2.069306e+01 4.811318e-01
      vertex   2.000000e+01 -1.898415e+01 9.540761e-01
      vertex   2.000000e+01 -2.089608e+01 7.717591e-01
    endloop
  endfacet
  facet normal 1.000000e+00 0.000000e+00 0.000000e+00
    outer loop
      vertex   2.000000e+01 -2.089608e+01 7.717591e-01
      vertex   2.000000e+01 -1.898415e+01 9.540761e-01
      vertex   2.000000e+01 -1.920782e+01 1.026753e+00
    endloop
  endfacet
  facet normal 1.000000e+00 0.000000e+00 -0.000000e+00
    outer loop
      vertex   2.000000e+01 -2.089608e+01 7.717591e-01
      vertex   2.000000e+01 -1.920782e+01 1.026753e+00
      vertex   2.000000e+01 -2.105594e+01 1.088180e+00
    endloop
  endfacet
  facet normal 1.000000e+00 -0.000000e+00 0.000000e+00
    outer loop
      vertex   2.000000e+01 -2.105594e+01 1.088180e+00
      vertex   2.000000e+01 -1.920782e+01 1.026753e+00
      vertex   2.000000e+01 -1.941150e+01 1.144348e+00
    endloop
  endfacet
  facet normal 1.000000e+00 0.000000e+00 0.000000e+00
    outer loop
      vertex   2.000000e+01 -2.105594e+01 1.088180e+00
      vertex   2.000000e+01 -1.941150e+01 1.144348e+00
      vertex   2.000000e+01 -1.958628e+01 1.301720e+00
    endloop
  endfacet
  facet normal 1.000000e+00 0.000000e+00 -0.000000e+00
    outer loop
      vertex   2.000000e+01 -2.105594e+01 1.088180e+00
      vertex   2.000000e+01 -1.958628e+01 1.301720e+00
      vertex   2.000000e+01 -2.116944e+01 1.424033e+00
    endloop
  endfacet
  facet normal 1.000000e+00 -0.000000e+00 0.000000e+00
    outer loop
      vertex   2.000000e+01 -2.116944e+01 1.424033e+00
      vertex   2.000000e+01 -1.958628e+01 1.301720e+00
      vertex   2.000000e+01 -1.972452e+01 1.491992e+00
    endloop
  endfacet
  facet normal 1.000000e+00 0.000000e+00 0.000000e+00
    outer loop
      vertex   2.000000e+01 -2.116944e+01 1.424033e+00
      vertex   2.000000e+01 -1.972452e+01 1.491992e+00
      vertex   2.000000e+01 -1.982018e+01 1.706848e+00
    endloop
  endfacet
  facet normal 1.000000e+00 0.000000e+00 -0.000000e+00
    outer loop
      vertex   2.000000e+01 -2.116944e+01 1.424033e+00
      vertex   2.000000e+01 -1.982018e+01 1.706848e+00
      vertex   2.000000e+01 -2.123430e+01 1.772563e+00
    endloop
  endfacet
  facet normal 1.000000e+00 -0.000000e+00 0.000000e+00
    outer loop
      vertex   2.000000e+01 -2.123430e+01 1.772563e+00
      vertex   2.000000e+01 -1.982018e+01 1.706848e+00
      vertex   2.000000e+01 -1.986908e+01 1.936898e+00
    endloop
  endfacet
  facet normal 1.000000e+00 0.000000e+00 -0.000000e+00
    outer loop
      vertex   2.000000e+01 -2.123430e+01 1.772563e+00
      vertex   2.000000e+01 -1.986908e+01 1.936898e+00
      vertex   2.000000e+01 -2.124920e+01 2.126763e+00
    endloop
  endfacet
  facet normal 1.000000e+00 -0.000000e+00 0.000000e+00
    outer loop
      vertex   2.000000e+01 -2.124920e+01 2.126763e+00
      vertex   2.000000e+01 -1.986908e+01 1.936898e+00
      vertex   2.000000e+01 -1.986908e+01 2.172087e+00
    endloop
  endfacet
  facet normal 1.000000e+00 0.000000e+00 0.000000e+00
    outer loop
      vertex   2.000000e+01 -2.124920e+01 2.126763e+00
      vertex   2.000000e+01 -1.986908e+01 2.172087e+00
      vertex   2.000000e+01 -2.121385e+01 2.479509e+00
    endloop
  endfacet
  facet normal 1.000000e+00 0.000000e+00 0.000000e+00
    outer loop
      vertex   2.000000e+01 -2.121385e+01 2.479509e+00
      vertex   2.000000e+01 -1.986908e+01 2.172087e+00
      vertex   2.000000e+01 -1.982018e+01 2.402136e+00
    endloop
  endfacet
  facet normal 1.000000e+00 -0.000000e+00 0.000000e+00
    outer loop
      vertex   2.000000e+01 -2.121385e+01 2.479509e+00
      vertex   2.000000e+01 -1.982018e+01 2.402136e+00
      vertex   2.000000e+01 -1.972452e+01 2.616992e+00
    endloop
  endfacet
  facet normal 1.000000e+00 0.000000e+00 -0.000000e+00
    outer loop
      vertex   2.000000e+01 -6.016375e+00 3.127015e+00
      vertex   2.000000e+01 -4.194114e+00 3.448640e+00
      vertex   2.000000e+01 -6.250276e+00 3.151599e+00
    endloop
  endfacet
  facet normal 1.000000e+00 0.000000e+00 0.000000e+00
    outer loop
      vertex   2.000000e+01 -6.250276e+00 3.151599e+00
      vertex   2.000000e+01 -4.194114e+00 3.448640e+00
      vertex   2.000000e+01 -4.414257e+00 3.723372e+00
    endloop
  endfacet
  facet normal 1.000000e+00 0.000000e+00 -0.000000e+00
    outer loop
      vertex   2.000000e+01 -6.250276e+00 3.151599e+00
      vertex   2.000000e+01 -4.414257e+00 3.723372e+00
      vertex   2.000000e+01 -8.155369e+00 3.645432e+00
    endloop
  endfacet
  facet normal 1.000000e+00 0.000000e+00 0.000000e+00
    outer loop
      vertex   2.000000e+01 -8.155369e+00 3.645432e+00
      vertex   2.000000e+01 -4.414257e+00 3.723372e+00
      vertex   2.000000e+01 -7.909081e+00 3.896991e+00
    endloop
  endfacet
  facet normal 1.000000e+00 -0.000000e+00 0.000000e+00
    outer loop
      vertex   2.000000e+01 -7.909081e+00 3.896991e+00
      vertex   2.000000e+01 -4.414257e+00 3.723372e+00
      vertex   2.000000e+01 -4.670809e+00 3.964455e+00
    endloop
  endfacet
  facet normal 1.000000e+00 0.000000e+00 0.000000e+00
    outer loop
      vertex   2.000000e+01 -7.909081e+00 3.896991e+00
      vertex   2.000000e+01 -4.670809e+00 3.964455e+00
      vertex   2.000000e+01 -7.629897e+00 4.111460e+00
    endloop
  endfacet
  facet normal 1.000000e+00 -0.000000e+00 0.000000e+00
    outer loop
      vertex   2.000000e+01 -7.629897e+00 4.111460e+00
      vertex   2.000000e+01 -4.670809e+00 3.964455e+00
      vertex   2.000000e+01 -4.958683e+00 4.167110e+00
    endloop
  endfacet
  facet normal 1.000000e+00 0.000000e+00 0.000000e+00
    outer loop
      vertex   2.000000e+01 -7.629897e+00 4.111460e+00
      vertex   2.000000e+01 -4.958683e+00 4.167110e+00
      vertex   2.000000e+01 -7.323355e+00 4.284585e+00
    endloop
  endfacet
  facet normal 1.000000e+00 -0.000000e+00 0.000000e+00
    outer loop
      vertex   2.000000e+01 -7.323355e+00 4.284585e+00
      vertex   2.000000e+01 -4.958683e+00 4.167110e+00
      vertex   2.000000e+01 -5.272169e+00 4.327318e+00
    endloop
  endfacet
  facet normal 1.000000e+00 0.000000e+00 0.000000e+00
    outer loop
      vertex   2.000000e+01 -7.323355e+00 4.284585e+00
      vertex   2.000000e+01 -5.272169e+00 4.327318e+00
      vertex   2.000000e+01 -6.995534e+00 4.412933e+00
    endloop
  endfacet
  facet normal 1.000000e+00 -0.000000e+00 0.000000e+00
    outer loop
      vertex   2.000000e+01 -6.995534e+00 4.412933e+00
      vertex   2.000000e+01 -5.272169e+00 4.327318e+00
      vertex   2.000000e+01 -5.605052e+00 4.441902e+00
    endloop
  endfacet
  facet normal 1.000000e+00 0.000000e+00 0.000000e+00
    outer loop
      vertex   2.000000e+01 -6.995534e+00 4.412933e+00
      vertex   2.000000e+01 -5.605052e+00 4.441902e+00
      vertex   2.000000e+01 -6.652933e+00 4.493960e+00
    endloop
  endfacet
  facet normal 1.000000e+00 -0.000000e+00 0.000000e+00
    outer loop
      vertex   2.000000e+01 -6.652933e+00 4.493960e+00
      vertex   2.000000e+01 -5.605052e+00 4.441902e+00
      vertex   2.000000e+01 -5.950730e+00 4.508589e+00
    endloop
  endfacet
  facet normal 1.000000e+00 0.000000e+00 0.000000e+00
    outer loop
      vertex   2.000000e+01 -6.652933e+00 4.493960e+00
      vertex   2.000000e+01 -5.950730e+00 4.508589e+00
      vertex   2.000000e+01 -6.302348e+00 4.526057e+00
    endloop
  endfacet
  facet normal 1.000000e+00 -0.000000e+00 0.000000e+00
    outer loop
      vertex   2.000000e+01 -6.016375e+00 3.127015e+00
      vertex   2.000000e+01 -5.792697e+00 3.054338e+00
      vertex   2.000000e+01 -4.194114e+00 3.448640e+00
    endloop
  endfacet
  facet normal 1.000000e+00 0.000000e+00 0.000000e+00
    outer loop
      vertex   2.000000e+01 -4.194114e+00 3.448640e+00
      vertex   2.000000e+01 -5.792697e+00 3.054338e+00
      vertex   2.000000e+01 -4.014746e+00 3.145709e+00
    endloop
  endfacet
  facet normal 1.000000e+00 0.000000e+00 0.000000e+00
    outer loop
      vertex   2.000000e+01 -4.014746e+00 3.145709e+00
      vertex   2.000000e+01 -5.792697e+00 3.054338e+00
      vertex   2.000000e+01 -5.589017e+00 2.936743e+00
    endloop
  endfacet
  facet normal 1.000000e+00 0.000000e+00 0.000000e+00
    outer loop
      vertex   2.000000e+01 -4.014746e+00 3.145709e+00
      vertex   2.000000e+01 -5.589017e+00 2.936743e+00
      vertex   2.000000e+01 -3.879709e+00 2.820585e+00
    endloop
  endfacet
  facet normal 1.000000e+00 0.000000e+00 0.000000e+00
    outer loop
      vertex   2.000000e+01 -3.879709e+00 2.820585e+00
      vertex   2.000000e+01 -5.589017e+00 2.936743e+00
      vertex   2.000000e+01 -5.414238e+00 2.779371e+00
    endloop
  endfacet
  facet normal 1.000000e+00 0.000000e+00 0.000000e+00
    outer loop
      vertex   2.000000e+01 -3.879709e+00 2.820585e+00
      vertex   2.000000e+01 -5.414238e+00 2.779371e+00
      vertex   2.000000e+01 -5.275997e+00 2.589099e+00
    endloop
  endfacet
  facet normal 1.000000e+00 0.000000e+00 0.000000e+00
    outer loop
      vertex   2.000000e+01 -3.879709e+00 2.820585e+00
      vertex   2.000000e+01 -5.275997e+00 2.589099e+00
      vertex   2.000000e+01 -3.791682e+00 2.479717e+00
    endloop
  endfacet
  facet normal 1.000000e+00 0.000000e+00 0.000000e+00
    outer loop
      vertex   2.000000e+01 -3.791682e+00 2.479717e+00
      vertex   2.000000e+01 -5.275997e+00 2.589099e+00
      vertex   2.000000e+01 -5.180337e+00 2.374243e+00
    endloop
  endfacet
  facet normal 1.000000e+00 0.000000e+00 0.000000e+00
    outer loop
      vertex   2.000000e+01 -3.791682e+00 2.479717e+00
      vertex   2.000000e+01 -5.180337e+00 2.374243e+00
      vertex   2.000000e+01 -3.752409e+00 2.129862e+00
    endloop
  endfacet
  facet normal 1.000000e+00 0.000000e+00 0.000000e+00
    outer loop
      vertex   2.000000e+01 -3.752409e+00 2.129862e+00
      vertex   2.000000e+01 -5.180337e+00 2.374243e+00
      vertex   2.000000e+01 -5.131438e+00 2.144194e+00
    endloop
  endfacet
  facet normal 1.000000e+00 0.000000e+00 0.000000e+00
    outer loop
      vertex   2.000000e+01 -3.752409e+00 2.129862e+00
      vertex   2.000000e+01 -5.131438e+00 2.144194e+00
      vertex   2.000000e+01 -5.131438e+00 1.909005e+00
    endloop
  endfacet
  facet normal 1.000000e+00 0.000000e+00 0.000000e+00
    outer loop
      vertex   2.000000e+01 -3.752409e+00 2.129862e+00
      vertex   2.000000e+01 -5.131438e+00 1.909005e+00
      vertex   2.000000e+01 -3.762671e+00 1.777960e+00
    endloop
  endfacet
  facet normal 1.000000e+00 0.000000e+00 0.000000e+00
    outer loop
      vertex   2.000000e+01 -3.762671e+00 1.777960e+00
      vertex   2.000000e+01 -5.131438e+00 1.909005e+00
      vertex   2.000000e+01 -5.180337e+00 1.678955e+00
    endloop
  endfacet
  facet normal 1.000000e+00 0.000000e+00 0.000000e+00
    outer loop
      vertex   2.000000e+01 -3.762671e+00 1.777960e+00
      vertex   2.000000e+01 -5.180337e+00 1.678955e+00
      vertex   2.000000e+01 -3.822262e+00 1.430989e+00
    endloop
  endfacet
  facet normal 1.000000e+00 0.000000e+00 0.000000e+00
    outer loop
      vertex   2.000000e+01 -3.822262e+00 1.430989e+00
      vertex   2.000000e+01 -5.180337e+00 1.678955e+00
      vertex   2.000000e+01 -5.275997e+00 1.464099e+00
    endloop
  endfacet
  facet normal 1.000000e+00 0.000000e+00 0.000000e+00
    outer loop
      vertex   2.000000e+01 -3.822262e+00 1.430989e+00
      vertex   2.000000e+01 -5.275997e+00 1.464099e+00
      vertex   2.000000e+01 -5.414238e+00 1.273827e+00
    endloop
  endfacet
  facet normal 1.000000e+00 0.000000e+00 0.000000e+00
    outer loop
      vertex   2.000000e+01 -3.822262e+00 1.430989e+00
      vertex   2.000000e+01 -5.414238e+00 1.273827e+00
      vertex   2.000000e+01 -3.930003e+00 1.095829e+00
    endloop
  endfacet
  facet normal 1.000000e+00 0.000000e+00 0.000000e+00
    outer loop
      vertex   2.000000e+01 -3.930003e+00 1.095829e+00
      vertex   2.000000e+01 -5.414238e+00 1.273827e+00
      vertex   2.000000e+01 -5.589017e+00 1.116455e+00
    endloop
  endfacet
  facet normal 1.000000e+00 0.000000e+00 0.000000e+00
    outer loop
      vertex   2.000000e+01 -3.930003e+00 1.095829e+00
      vertex   2.000000e+01 -5.589017e+00 1.116455e+00
      vertex   2.000000e+01 -4.083755e+00 7.791262e-01
    endloop
  endfacet
  facet normal 1.000000e+00 0.000000e+00 0.000000e+00
    outer loop
      vertex   2.000000e+01 -4.083755e+00 7.791262e-01
      vertex   2.000000e+01 -5.589017e+00 1.116455e+00
      vertex   2.000000e+01 -5.792697e+00 9.988606e-01
    endloop
  endfacet
  facet normal 1.000000e+00 0.000000e+00 0.000000e+00
    outer loop
      vertex   2.000000e+01 -4.083755e+00 7.791262e-01
      vertex   2.000000e+01 -5.792697e+00 9.988606e-01
      vertex   2.000000e+01 -6.016375e+00 9.261832e-01
    endloop
  endfacet
  facet normal 1.000000e+00 0.000000e+00 0.000000e+00
    outer loop
      vertex   2.000000e+01 -4.083755e+00 7.791262e-01
      vertex   2.000000e+01 -6.016375e+00 9.261832e-01
      vertex   2.000000e+01 -4.280471e+00 4.871616e-01
    endloop
  endfacet
  facet normal 1.000000e+00 0.000000e+00 0.000000e+00
    outer loop
      vertex   2.000000e+01 -4.280471e+00 4.871616e-01
      vertex   2.000000e+01 -6.016375e+00 9.261832e-01
      vertex   2.000000e+01 -6.250276e+00 9.015993e-01
    endloop
  endfacet
  facet normal 1.000000e+00 0.000000e+00 0.000000e+00
    outer loop
      vertex   2.000000e+01 -6.484176e+00 9.261832e-01
      vertex   2.000000e+01 -6.707854e+00 9.988606e-01
      vertex   2.000000e+01 -8.529770e+00 1.000000e+00
    endloop
  endfacet
  facet normal 1.000000e+00 -0.000000e+00 0.000000e+00
    outer loop
      vertex   2.000000e+01 -8.529770e+00 1.000000e+00
      vertex   2.000000e+01 -6.707854e+00 9.988606e-01
      vertex   2.000000e+01 -6.911534e+00 1.116455e+00
    endloop
  endfacet
  facet normal 1.000000e+00 0.000000e+00 0.000000e+00
    outer loop
      vertex   2.000000e+01 -8.529770e+00 1.000000e+00
      vertex   2.000000e+01 -6.911534e+00 1.116455e+00
      vertex   2.000000e+01 -7.086314e+00 1.273827e+00
    endloop
  endfacet
  facet normal 1.000000e+00 0.000000e+00 -0.000000e+00
    outer loop
      vertex   2.000000e+01 -8.529770e+00 1.000000e+00
      vertex   2.000000e+01 -7.086314e+00 1.273827e+00
      vertex   2.000000e+01 -8.651376e+00 1.330382e+00
    endloop
  endfacet
  facet normal 1.000000e+00 -0.000000e+00 0.000000e+00
    outer loop
      vertex   2.000000e+01 -8.651376e+00 1.330382e+00
      vertex   2.000000e+01 -7.086314e+00 1.273827e+00
      vertex   2.000000e+01 -7.224554e+00 1.464099e+00
    endloop
  endfacet
  facet normal 1.000000e+00 0.000000e+00 -0.000000e+00
    outer loop
      vertex   2.000000e+01 -8.651376e+00 1.330382e+00
      vertex   2.000000e+01 -7.224554e+00 1.464099e+00
      vertex   2.000000e+01 -8.725367e+00 1.674570e+00
    endloop
  endfacet
  facet normal 1.000000e+00 -0.000000e+00 0.000000e+00
    outer loop
      vertex   2.000000e+01 -8.725367e+00 1.674570e+00
      vertex   2.000000e+01 -7.224554e+00 1.464099e+00
      vertex   2.000000e+01 -7.320214e+00 1.678955e+00
    endloop
  endfacet
  facet normal 1.000000e+00 0.000000e+00 0.000000e+00
    outer loop
      vertex   2.000000e+01 -8.725367e+00 1.674570e+00
      vertex   2.000000e+01 -7.320214e+00 1.678955e+00
      vertex   2.000000e+01 -7.369113e+00 1.909005e+00
    endloop
  endfacet
  facet normal 1.000000e+00 0.000000e+00 -0.000000e+00
    outer loop
      vertex   2.000000e+01 -8.725367e+00 1.674570e+00
      vertex   2.000000e+01 -7.369113e+00 1.909005e+00
      vertex   2.000000e+01 -8.750275e+00 2.025740e+00
    endloop
  endfacet
  facet normal 1.000000e+00 -0.000000e+00 0.000000e+00
    outer loop
      vertex   2.000000e+01 -8.750275e+00 2.025740e+00
      vertex   2.000000e+01 -7.369113e+00 1.909005e+00
      vertex   2.000000e+01 -7.369113e+00 2.144194e+00
    endloop
  endfacet
  facet normal 1.000000e+00 0.000000e+00 0.000000e+00
    outer loop
      vertex   2.000000e+01 -8.750275e+00 2.025740e+00
      vertex   2.000000e+01 -7.369113e+00 2.144194e+00
      vertex   2.000000e+01 -8.725608e+00 2.376926e+00
    endloop
  endfacet
  facet normal 1.000000e+00 0.000000e+00 0.000000e+00
    outer loop
      vertex   2.000000e+01 -8.725608e+00 2.376926e+00
      vertex   2.000000e+01 -7.369113e+00 2.144194e+00
      vertex   2.000000e+01 -7.320214e+00 2.374243e+00
    endloop
  endfacet
  facet normal 1.000000e+00 -0.000000e+00 0.000000e+00
    outer loop
      vertex   2.000000e+01 -8.725608e+00 2.376926e+00
      vertex   2.000000e+01 -7.320214e+00 2.374243e+00
      vertex   2.000000e+01 -7.224554e+00 2.589099e+00
    endloop
  endfacet
  facet normal 1.000000e+00 0.000000e+00 0.000000e+00
    outer loop
      vertex   2.000000e+01 -8.725608e+00 2.376926e+00
      vertex   2.000000e+01 -7.224554e+00 2.589099e+00
      vertex   2.000000e+01 -8.651854e+00 2.721165e+00
    endloop
  endfacet
  facet normal 1.000000e+00 -0.000000e+00 0.000000e+00
    outer loop
      vertex   2.000000e+01 -8.651854e+00 2.721165e+00
      vertex   2.000000e+01 -7.224554e+00 2.589099e+00
      vertex   2.000000e+01 -7.086314e+00 2.779371e+00
    endloop
  endfacet
  facet normal 1.000000e+00 0.000000e+00 0.000000e+00
    outer loop
      vertex   2.000000e+01 -8.651854e+00 2.721165e+00
      vertex   2.000000e+01 -7.086314e+00 2.779371e+00
      vertex   2.000000e+01 -8.530475e+00 3.051631e+00
    endloop
  endfacet
  facet normal 1.000000e+00 0.000000e+00 0.000000e+00
    outer loop
      vertex   2.000000e+01 -8.530475e+00 3.051631e+00
      vertex   2.000000e+01 -7.086314e+00 2.779371e+00
      vertex   2.000000e+01 -6.911534e+00 2.936743e+00
    endloop
  endfacet
  facet normal 1.000000e+00 -0.000000e+00 0.000000e+00
    outer loop
      vertex   2.000000e+01 -8.530475e+00 3.051631e+00
      vertex   2.000000e+01 -6.911534e+00 2.936743e+00
      vertex   2.000000e+01 -6.707854e+00 3.054338e+00
    endloop
  endfacet
  facet normal 1.000000e+00 0.000000e+00 0.000000e+00
    outer loop
      vertex   2.000000e+01 -8.530475e+00 3.051631e+00
      vertex   2.000000e+01 -6.707854e+00 3.054338e+00
      vertex   2.000000e+01 -8.363879e+00 3.361770e+00
    endloop
  endfacet
  facet normal 1.000000e+00 0.000000e+00 0.000000e+00
    outer loop
      vertex   2.000000e+01 -8.363879e+00 3.361770e+00
      vertex   2.000000e+01 -6.707854e+00 3.054338e+00
      vertex   2.000000e+01 -6.484176e+00 3.127015e+00
    endloop
  endfacet
  facet normal 1.000000e+00 -0.000000e+00 0.000000e+00
    outer loop
      vertex   2.000000e+01 -8.363879e+00 3.361770e+00
      vertex   2.000000e+01 -6.484176e+00 3.127015e+00
      vertex   2.000000e+01 -8.155369e+00 3.645432e+00
    endloop
  endfacet
  facet normal 1.000000e+00 0.000000e+00 0.000000e+00
    outer loop
      vertex   2.000000e+01 -8.155369e+00 3.645432e+00
      vertex   2.000000e+01 -6.484176e+00 3.127015e+00
      vertex   2.000000e+01 -6.250276e+00 3.151599e+00
    endloop
  endfacet
  facet normal 1.000000e+00 0.000000e+00 0.000000e+00
    outer loop
      vertex   2.000000e+01 -1.683809e+01 3.664975e+00
      vertex   2.000000e+01 -1.708511e+01 3.919254e+00
      vertex   2.000000e+01 -2.059889e+01 3.737503e+00
    endloop
  endfacet
  facet normal 1.000000e+00 0.000000e+00 0.000000e+00
    outer loop
      vertex   2.000000e+01 -2.059889e+01 3.737503e+00
      vertex   2.000000e+01 -1.708511e+01 3.919254e+00
      vertex   2.000000e+01 -2.034224e+01 3.982068e+00
    endloop
  endfacet
  facet normal 1.000000e+00 -0.000000e+00 0.000000e+00
    outer loop
      vertex   2.000000e+01 -2.034224e+01 3.982068e+00
      vertex   2.000000e+01 -1.708511e+01 3.919254e+00
      vertex   2.000000e+01 -1.736562e+01 4.136035e+00
    endloop
  endfacet
  facet normal 1.000000e+00 0.000000e+00 0.000000e+00
    outer loop
      vertex   2.000000e+01 -2.034224e+01 3.982068e+00
      vertex   2.000000e+01 -1.736562e+01 4.136035e+00
      vertex   2.000000e+01 -2.005358e+01 4.187873e+00
    endloop
  endfacet
  facet normal 1.000000e+00 -0.000000e+00 0.000000e+00
    outer loop
      vertex   2.000000e+01 -2.005358e+01 4.187873e+00
      vertex   2.000000e+01 -1.736562e+01 4.136035e+00
      vertex   2.000000e+01 -1.767397e+01 4.310959e+00
    endloop
  endfacet
  facet normal 1.000000e+00 0.000000e+00 0.000000e+00
    outer loop
      vertex   2.000000e+01 -2.005358e+01 4.187873e+00
      vertex   2.000000e+01 -1.767397e+01 4.310959e+00
      vertex   2.000000e+01 -1.973871e+01 4.350778e+00
    endloop
  endfacet
  facet normal 1.000000e+00 -0.000000e+00 0.000000e+00
    outer loop
      vertex   2.000000e+01 -1.973871e+01 4.350778e+00
      vertex   2.000000e+01 -1.767397e+01 4.310959e+00
      vertex   2.000000e+01 -1.800397e+01 4.440508e+00
    endloop
  endfacet
  facet normal 1.000000e+00 0.000000e+00 0.000000e+00
    outer loop
      vertex   2.000000e+01 -1.973871e+01 4.350778e+00
      vertex   2.000000e+01 -1.800397e+01 4.440508e+00
      vertex   2.000000e+01 -1.940397e+01 4.467508e+00
    endloop
  endfacet
  facet normal 1.000000e+00 -0.000000e+00 0.000000e+00
    outer loop
      vertex   2.000000e+01 -1.940397e+01 4.467508e+00
      vertex   2.000000e+01 -1.800397e+01 4.440508e+00
      vertex   2.000000e+01 -1.834897e+01 4.522078e+00
    endloop
  endfacet
  facet normal 1.000000e+00 0.000000e+00 0.000000e+00
    outer loop
      vertex   2.000000e+01 -1.940397e+01 4.467508e+00
      vertex   2.000000e+01 -1.834897e+01 4.522078e+00
      vertex   2.000000e+01 -1.905608e+01 4.535715e+00
    endloop
  endfacet
  facet normal 1.000000e+00 -0.000000e+00 0.000000e+00
    outer loop
      vertex   2.000000e+01 -1.905608e+01 4.535715e+00
      vertex   2.000000e+01 -1.834897e+01 4.522078e+00
      vertex   2.000000e+01 -1.870204e+01 4.554027e+00
    endloop
  endfacet
  facet normal 1.000000e+00 0.000000e+00 0.000000e+00
    outer loop
      vertex   2.000000e+01 -2.099624e+01 3.152441e+00
      vertex   2.000000e+01 -2.112896e+01 2.823709e+00
      vertex   2.000000e+01 -1.972452e+01 2.616992e+00
    endloop
  endfacet
  facet normal 1.000000e+00 0.000000e+00 0.000000e+00
    outer loop
      vertex   2.000000e+01 -1.972452e+01 2.616992e+00
      vertex   2.000000e+01 -2.112896e+01 2.823709e+00
      vertex   2.000000e+01 -2.121385e+01 2.479509e+00
    endloop
  endfacet
  facet normal 1.000000e+00 3.107214e-14 6.604588e-15
    outer loop
      vertex   1.650000e+01 -1.851634e+01 3.154908e+00
      vertex   1.650000e+01 -1.875024e+01 3.179492e+00
      vertex   1.650000e+01 -1.808899e+01 1.144348e+00
    endloop
  endfacet
  facet normal 1.000000e+00 -2.901997e-14 -1.292052e-14
    outer loop
      vertex   1.650000e+01 -1.808899e+01 1.144348e+00
      vertex   1.650000e+01 -1.875024e+01 3.179492e+00
      vertex   1.650000e+01 -1.898415e+01 3.154908e+00
    endloop
  endfacet
  facet normal 1.000000e+00 0.000000e+00 0.000000e+00
    outer loop
      vertex   1.650000e+01 -1.808899e+01 1.144348e+00
      vertex   1.650000e+01 -1.898415e+01 3.154908e+00
      vertex   1.650000e+01 -1.920782e+01 3.082231e+00
    endloop
  endfacet
  facet normal 1.000000e+00 0.000000e+00 0.000000e+00
    outer loop
      vertex   1.650000e+01 -1.920782e+01 3.082231e+00
      vertex   1.650000e+01 -1.941150e+01 2.964636e+00
      vertex   1.650000e+01 -1.808899e+01 1.144348e+00
    endloop
  endfacet
  facet normal 1.000000e+00 0.000000e+00 0.000000e+00
    outer loop
      vertex   1.650000e+01 -1.808899e+01 1.144348e+00
      vertex   1.650000e+01 -1.941150e+01 2.964636e+00
      vertex   1.650000e+01 -1.958628e+01 2.807264e+00
    endloop
  endfacet
  facet normal 1.000000e+00 0.000000e+00 0.000000e+00
    outer loop
      vertex   1.650000e+01 -1.808899e+01 1.144348e+00
      vertex   1.650000e+01 -1.958628e+01 2.807264e+00
      vertex   1.650000e+01 -1.972452e+01 2.616992e+00
    endloop
  endfacet
  facet normal 1.000000e+00 0.000000e+00 0.000000e+00
    outer loop
      vertex   1.650000e+01 -1.972452e+01 2.616992e+00
      vertex   1.650000e+01 -1.982018e+01 2.402136e+00
      vertex   1.650000e+01 -1.808899e+01 1.144348e+00
    endloop
  endfacet
  facet normal 1.000000e+00 0.000000e+00 0.000000e+00
    outer loop
      vertex   1.650000e+01 -1.808899e+01 1.144348e+00
      vertex   1.650000e+01 -1.982018e+01 2.402136e+00
      vertex   1.650000e+01 -1.986908e+01 2.172087e+00
    endloop
  endfacet
  facet normal 1.000000e+00 0.000000e+00 0.000000e+00
    outer loop
      vertex   1.650000e+01 -1.808899e+01 1.144348e+00
      vertex   1.650000e+01 -1.986908e+01 2.172087e+00
      vertex   1.650000e+01 -1.986908e+01 1.936898e+00
    endloop
  endfacet
  facet normal 1.000000e+00 0.000000e+00 0.000000e+00
    outer loop
      vertex   1.650000e+01 -1.986908e+01 1.936898e+00
      vertex   1.650000e+01 -1.982018e+01 1.706848e+00
      vertex   1.650000e+01 -1.808899e+01 1.144348e+00
    endloop
  endfacet
  facet normal 1.000000e+00 0.000000e+00 0.000000e+00
    outer loop
      vertex   1.650000e+01 -1.808899e+01 1.144348e+00
      vertex   1.650000e+01 -1.982018e+01 1.706848e+00
      vertex   1.650000e+01 -1.972452e+01 1.491992e+00
    endloop
  endfacet
  facet normal 1.000000e+00 0.000000e+00 0.000000e+00
    outer loop
      vertex   1.650000e+01 -1.808899e+01 1.144348e+00
      vertex   1.650000e+01 -1.972452e+01 1.491992e+00
      vertex   1.650000e+01 -1.958628e+01 1.301720e+00
    endloop
  endfacet
  facet normal 1.000000e+00 0.000000e+00 0.000000e+00
    outer loop
      vertex   1.650000e+01 -1.958628e+01 1.301720e+00
      vertex   1.650000e+01 -1.941150e+01 1.144348e+00
      vertex   1.650000e+01 -1.808899e+01 1.144348e+00
    endloop
  endfacet
  facet normal 1.000000e+00 0.000000e+00 0.000000e+00
    outer loop
      vertex   1.650000e+01 -1.808899e+01 1.144348e+00
      vertex   1.650000e+01 -1.941150e+01 1.144348e+00
      vertex   1.650000e+01 -1.829267e+01 1.026753e+00
    endloop
  endfacet
  facet normal 1.000000e+00 0.000000e+00 0.000000e+00
    outer loop
      vertex   1.650000e+01 -1.829267e+01 1.026753e+00
      vertex   1.650000e+01 -1.941150e+01 1.144348e+00
      vertex   1.650000e+01 -1.920782e+01 1.026753e+00
    endloop
  endfacet
  facet normal 1.000000e+00 0.000000e+00 0.000000e+00
    outer loop
      vertex   1.650000e+01 -1.829267e+01 1.026753e+00
      vertex   1.650000e+01 -1.920782e+01 1.026753e+00
      vertex   1.650000e+01 -1.851634e+01 9.540761e-01
    endloop
  endfacet
  facet normal 1.000000e+00 0.000000e+00 0.000000e+00
    outer loop
      vertex   1.650000e+01 -1.851634e+01 9.540761e-01
      vertex   1.650000e+01 -1.920782e+01 1.026753e+00
      vertex   1.650000e+01 -1.898415e+01 9.540761e-01
    endloop
  endfacet
  facet normal 1.000000e+00 0.000000e+00 0.000000e+00
    outer loop
      vertex   1.650000e+01 -1.851634e+01 9.540761e-01
      vertex   1.650000e+01 -1.898415e+01 9.540761e-01
      vertex   1.650000e+01 -1.875024e+01 9.294921e-01
    endloop
  endfacet
  facet normal 1.000000e+00 0.000000e+00 0.000000e+00
    outer loop
      vertex   1.650000e+01 -1.791421e+01 1.301720e+00
      vertex   1.650000e+01 -1.808899e+01 2.964636e+00
      vertex   1.650000e+01 -1.808899e+01 1.144348e+00
    endloop
  endfacet
  facet normal 1.000000e+00 0.000000e+00 -0.000000e+00
    outer loop
      vertex   1.650000e+01 -1.808899e+01 1.144348e+00
      vertex   1.650000e+01 -1.808899e+01 2.964636e+00
      vertex   1.650000e+01 -1.829267e+01 3.082231e+00
    endloop
  endfacet
  facet normal 1.000000e+00 0.000000e+00 0.000000e+00
    outer loop
      vertex   1.650000e+01 -1.808899e+01 1.144348e+00
      vertex   1.650000e+01 -1.829267e+01 3.082231e+00
      vertex   1.650000e+01 -1.851634e+01 3.154908e+00
    endloop
  endfacet
  facet normal 1.000000e+00 0.000000e+00 0.000000e+00
    outer loop
      vertex   1.650000e+01 -1.808899e+01 2.964636e+00
      vertex   1.650000e+01 -1.791421e+01 1.301720e+00
      vertex   1.650000e+01 -1.791421e+01 2.807264e+00
    endloop
  endfacet
  facet normal 1.000000e+00 0.000000e+00 0.000000e+00
    outer loop
      vertex   1.650000e+01 -1.791421e+01 2.807264e+00
      vertex   1.650000e+01 -1.791421e+01 1.301720e+00
      vertex   1.650000e+01 -1.777597e+01 1.491992e+00
    endloop
  endfacet
  facet normal 1.000000e+00 0.000000e+00 0.000000e+00
    outer loop
      vertex   1.650000e+01 -1.791421e+01 2.807264e+00
      vertex   1.650000e+01 -1.777597e+01 1.491992e+00
      vertex   1.650000e+01 -1.777597e+01 2.616992e+00
    endloop
  endfacet
  facet normal 1.000000e+00 0.000000e+00 0.000000e+00
    outer loop
      vertex   1.650000e+01 -1.777597e+01 2.616992e+00
      vertex   1.650000e+01 -1.777597e+01 1.491992e+00
      vertex   1.650000e+01 -1.768031e+01 1.706848e+00
    endloop
  endfacet
  facet normal 1.000000e+00 0.000000e+00 0.000000e+00
    outer loop
      vertex   1.650000e+01 -1.777597e+01 2.616992e+00
      vertex   1.650000e+01 -1.768031e+01 1.706848e+00
      vertex   1.650000e+01 -1.768031e+01 2.402136e+00
    endloop
  endfacet
  facet normal 1.000000e+00 0.000000e+00 0.000000e+00
    outer loop
      vertex   1.650000e+01 -1.768031e+01 2.402136e+00
      vertex   1.650000e+01 -1.768031e+01 1.706848e+00
      vertex   1.650000e+01 -1.763141e+01 1.936898e+00
    endloop
  endfacet
  facet normal 1.000000e+00 0.000000e+00 0.000000e+00
    outer loop
      vertex   1.650000e+01 -1.768031e+01 2.402136e+00
      vertex   1.650000e+01 -1.763141e+01 1.936898e+00
      vertex   1.650000e+01 -1.763141e+01 2.172087e+00
    endloop
  endfacet
  facet normal 1.000000e+00 3.107214e-14 6.604588e-15
    outer loop
      vertex   1.650000e+01 -6.016375e+00 3.127015e+00
      vertex   1.650000e+01 -6.250276e+00 3.151599e+00
      vertex   1.650000e+01 -5.589017e+00 1.116455e+00
    endloop
  endfacet
  facet normal 1.000000e+00 -2.901997e-14 -1.292052e-14
    outer loop
      vertex   1.650000e+01 -5.589017e+00 1.116455e+00
      vertex   1.650000e+01 -6.250276e+00 3.151599e+00
      vertex   1.650000e+01 -6.484176e+00 3.127015e+00
    endloop
  endfacet
  facet normal 1.000000e+00 0.000000e+00 0.000000e+00
    outer loop
      vertex   1.650000e+01 -5.589017e+00 1.116455e+00
      vertex   1.650000e+01 -6.484176e+00 3.127015e+00
      vertex   1.650000e+01 -6.707854e+00 3.054338e+00
    endloop
  endfacet
  facet normal 1.000000e+00 0.000000e+00 0.000000e+00
    outer loop
      vertex   1.650000e+01 -6.707854e+00 3.054338e+00
      vertex   1.650000e+01 -6.911534e+00 2.936743e+00
      vertex   1.650000e+01 -5.589017e+00 1.116455e+00
    endloop
  endfacet
  facet normal 1.000000e+00 0.000000e+00 0.000000e+00
    outer loop
      vertex   1.650000e+01 -5.589017e+00 1.116455e+00
      vertex   1.650000e+01 -6.911534e+00 2.936743e+00
      vertex   1.650000e+01 -7.086314e+00 2.779371e+00
    endloop
  endfacet
  facet normal 1.000000e+00 0.000000e+00 0.000000e+00
    outer loop
      vertex   1.650000e+01 -5.589017e+00 1.116455e+00
      vertex   1.650000e+01 -7.086314e+00 2.779371e+00
      vertex   1.650000e+01 -7.224554e+00 2.589099e+00
    endloop
  endfacet
  facet normal 1.000000e+00 0.000000e+00 0.000000e+00
    outer loop
      vertex   1.650000e+01 -7.224554e+00 2.589099e+00
      vertex   1.650000e+01 -7.320214e+00 2.374243e+00
      vertex   1.650000e+01 -5.589017e+00 1.116455e+00
    endloop
  endfacet
  facet normal 1.000000e+00 0.000000e+00 0.000000e+00
    outer loop
      vertex   1.650000e+01 -5.589017e+00 1.116455e+00
      vertex   1.650000e+01 -7.320214e+00 2.374243e+00
      vertex   1.650000e+01 -7.369113e+00 2.144194e+00
    endloop
  endfacet
  facet normal 1.000000e+00 0.000000e+00 0.000000e+00
    outer loop
      vertex   1.650000e+01 -5.589017e+00 1.116455e+00
      vertex   1.650000e+01 -7.369113e+00 2.144194e+00
      vertex   1.650000e+01 -7.369113e+00 1.909005e+00
    endloop
  endfacet
  facet normal 1.000000e+00 0.000000e+00 0.000000e+00
    outer loop
      vertex   1.650000e+01 -7.369113e+00 1.909005e+00
      vertex   1.650000e+01 -7.320214e+00 1.678955e+00
      vertex   1.650000e+01 -5.589017e+00 1.116455e+00
    endloop
  endfacet
  facet normal 1.000000e+00 0.000000e+00 0.000000e+00
    outer loop
      vertex   1.650000e+01 -5.589017e+00 1.116455e+00
      vertex   1.650000e+01 -7.320214e+00 1.678955e+00
      vertex   1.650000e+01 -7.224554e+00 1.464099e+00
    endloop
  endfacet
  facet normal 1.000000e+00 0.000000e+00 0.000000e+00
    outer loop
      vertex   1.650000e+01 -5.589017e+00 1.116455e+00
      vertex   1.650000e+01 -7.224554e+00 1.464099e+00
      vertex   1.650000e+01 -7.086314e+00 1.273827e+00
    endloop
  endfacet
  facet normal 1.000000e+00 0.000000e+00 0.000000e+00
    outer loop
      vertex   1.650000e+01 -7.086314e+00 1.273827e+00
      vertex   1.650000e+01 -6.911534e+00 1.116455e+00
      vertex   1.650000e+01 -5.589017e+00 1.116455e+00
    endloop
  endfacet
  facet normal 1.000000e+00 0.000000e+00 0.000000e+00
    outer loop
      vertex   1.650000e+01 -5.589017e+00 1.116455e+00
      vertex   1.650000e+01 -6.911534e+00 1.116455e+00
      vertex   1.650000e+01 -5.792697e+00 9.988606e-01
    endloop
  endfacet
  facet normal 1.000000e+00 0.000000e+00 0.000000e+00
    outer loop
      vertex   1.650000e+01 -5.792697e+00 9.988606e-01
      vertex   1.650000e+01 -6.911534e+00 1.116455e+00
      vertex   1.650000e+01 -6.707854e+00 9.988606e-01
    endloop
  endfacet
  facet normal 1.000000e+00 0.000000e+00 0.000000e+00
    outer loop
      vertex   1.650000e+01 -5.792697e+00 9.988606e-01
      vertex   1.650000e+01 -6.707854e+00 9.988606e-01
      vertex   1.650000e+01 -6.016375e+00 9.261832e-01
    endloop
  endfacet
  facet normal 1.000000e+00 0.000000e+00 0.000000e+00
    outer loop
      vertex   1.650000e+01 -6.016375e+00 9.261832e-01
      vertex   1.650000e+01 -6.707854e+00 9.988606e-01
      vertex   1.650000e+01 -6.484176e+00 9.261832e-01
    endloop
  endfacet
  facet normal 1.000000e+00 0.000000e+00 0.000000e+00
    outer loop
      vertex   1.650000e+01 -6.016375e+00 9.261832e-01
      vertex   1.650000e+01 -6.484176e+00 9.261832e-01
      vertex   1.650000e+01 -6.250276e+00 9.015993e-01
    endloop
  endfacet
  facet normal 1.000000e+00 0.000000e+00 0.000000e+00
    outer loop
      vertex   1.650000e+01 -5.414238e+00 1.273827e+00
      vertex   1.650000e+01 -5.589017e+00 2.936743e+00
      vertex   1.650000e+01 -5.589017e+00 1.116455e+00
    endloop
  endfacet
  facet normal 1.000000e+00 0.000000e+00 -0.000000e+00
    outer loop
      vertex   1.650000e+01 -5.589017e+00 1.116455e+00
      vertex   1.650000e+01 -5.589017e+00 2.936743e+00
      vertex   1.650000e+01 -5.792697e+00 3.054338e+00
    endloop
  endfacet
  facet normal 1.000000e+00 0.000000e+00 0.000000e+00
    outer loop
      vertex   1.650000e+01 -5.589017e+00 1.116455e+00
      vertex   1.650000e+01 -5.792697e+00 3.054338e+00
      vertex   1.650000e+01 -6.016375e+00 3.127015e+00
    endloop
  endfacet
  facet normal 1.000000e+00 0.000000e+00 0.000000e+00
    outer loop
      vertex   1.650000e+01 -5.589017e+00 2.936743e+00
      vertex   1.650000e+01 -5.414238e+00 1.273827e+00
      vertex   1.650000e+01 -5.414238e+00 2.779371e+00
    endloop
  endfacet
  facet normal 1.000000e+00 0.000000e+00 0.000000e+00
    outer loop
      vertex   1.650000e+01 -5.414238e+00 2.779371e+00
      vertex   1.650000e+01 -5.414238e+00 1.273827e+00
      vertex   1.650000e+01 -5.275997e+00 1.464099e+00
    endloop
  endfacet
  facet normal 1.000000e+00 0.000000e+00 0.000000e+00
    outer loop
      vertex   1.650000e+01 -5.414238e+00 2.779371e+00
      vertex   1.650000e+01 -5.275997e+00 1.464099e+00
      vertex   1.650000e+01 -5.275997e+00 2.589099e+00
    endloop
  endfacet
  facet normal 1.000000e+00 0.000000e+00 0.000000e+00
    outer loop
      vertex   1.650000e+01 -5.275997e+00 2.589099e+00
      vertex   1.650000e+01 -5.275997e+00 1.464099e+00
      vertex   1.650000e+01 -5.180337e+00 1.678955e+00
    endloop
  endfacet
  facet normal 1.000000e+00 0.000000e+00 0.000000e+00
    outer loop
      vertex   1.650000e+01 -5.275997e+00 2.589099e+00
      vertex   1.650000e+01 -5.180337e+00 1.678955e+00
      vertex   1.650000e+01 -5.180337e+00 2.374243e+00
    endloop
  endfacet
  facet normal 1.000000e+00 0.000000e+00 0.000000e+00
    outer loop
      vertex   1.650000e+01 -5.180337e+00 2.374243e+00
      vertex   1.650000e+01 -5.180337e+00 1.678955e+00
      vertex   1.650000e+01 -5.131438e+00 1.909005e+00
    endloop
  endfacet
  facet normal 1.000000e+00 0.000000e+00 0.000000e+00
    outer loop
      vertex   1.650000e+01 -5.180337e+00 2.374243e+00
      vertex   1.650000e+01 -5.131438e+00 1.909005e+00
      vertex   1.650000e+01 -5.131438e+00 2.144194e+00
    endloop
  endfacet
  facet normal 0.000000e+00 0.000000e+00 -1.000000e+00
    outer loop
      vertex   6.829555e+00 -2.344709e+00 3.000000e+00
      vertex   1.250000e+01 0.000000e+00 3.000000e+00
      vertex   6.850000e+00 -2.500000e+00 3.000000e+00
    endloop
  endfacet
  facet normal 0.000000e+00 0.000000e+00 -1.000000e+00
    outer loop
      vertex   6.850000e+00 -2.500000e+00 3.000000e+00
      vertex   1.250000e+01 0.000000e+00 3.000000e+00
      vertex   1.250000e+01 -5.000000e+00 3.000000e+00
    endloop
  endfacet
  facet normal 0.000000e+00 -0.000000e+00 -1.000000e+00
    outer loop
      vertex   6.850000e+00 -2.500000e+00 3.000000e+00
      vertex   1.250000e+01 -5.000000e+00 3.000000e+00
      vertex   6.829555e+00 -2.655291e+00 3.000000e+00
    endloop
  endfacet
  facet normal 0.000000e+00 -0.000000e+00 -1.000000e+00
    outer loop
      vertex   6.829555e+00 -2.655291e+00 3.000000e+00
      vertex   1.250000e+01 -5.000000e+00 3.000000e+00
      vertex   6.769615e+00 -2.800000e+00 3.000000e+00
    endloop
  endfacet
  facet normal 0.000000e+00 -0.000000e+00 -1.000000e+00
    outer loop
      vertex   6.769615e+00 -2.800000e+00 3.000000e+00
      vertex   1.250000e+01 -5.000000e+00 3.000000e+00
      vertex   6.674264e+00 -2.924264e+00 3.000000e+00
    endloop
  endfacet
  facet normal 0.000000e+00 -0.000000e+00 -1.000000e+00
    outer loop
      vertex   6.674264e+00 -2.924264e+00 3.000000e+00
      vertex   1.250000e+01 -5.000000e+00 3.000000e+00
      vertex   6.550000e+00 -3.019615e+00 3.000000e+00
    endloop
  endfacet
  facet normal 0.000000e+00 -0.000000e+00 -1.000000e+00
    outer loop
      vertex   6.550000e+00 -3.019615e+00 3.000000e+00
      vertex   1.250000e+01 -5.000000e+00 3.000000e+00
      vertex   6.405291e+00 -3.079555e+00 3.000000e+00
    endloop
  endfacet
  facet normal 0.000000e+00 -0.000000e+00 -1.000000e+00
    outer loop
      vertex   6.405291e+00 -3.079555e+00 3.000000e+00
      vertex   1.250000e+01 -5.000000e+00 3.000000e+00
      vertex   6.250000e+00 -3.100000e+00 3.000000e+00
    endloop
  endfacet
  facet normal 0.000000e+00 -0.000000e+00 -1.000000e+00
    outer loop
      vertex   6.250000e+00 -3.100000e+00 3.000000e+00
      vertex   1.250000e+01 -5.000000e+00 3.000000e+00
      vertex   0.000000e+00 -5.000000e+00 3.000000e+00
    endloop
  endfacet
  facet normal -0.000000e+00 0.000000e+00 -1.000000e+00
    outer loop
      vertex   6.250000e+00 -3.100000e+00 3.000000e+00
      vertex   0.000000e+00 -5.000000e+00 3.000000e+00
      vertex   6.094709e+00 -3.079555e+00 3.000000e+00
    endloop
  endfacet
  facet normal -0.000000e+00 0.000000e+00 -1.000000e+00
    outer loop
      vertex   6.094709e+00 -3.079555e+00 3.000000e+00
      vertex   0.000000e+00 -5.000000e+00 3.000000e+00
      vertex   5.950000e+00 -3.019615e+00 3.000000e+00
    endloop
  endfacet
  facet normal -0.000000e+00 0.000000e+00 -1.000000e+00
    outer loop
      vertex   5.950000e+00 -3.019615e+00 3.000000e+00
      vertex   0.000000e+00 -5.000000e+00 3.000000e+00
      vertex   5.825736e+00 -2.924264e+00 3.000000e+00
    endloop
  endfacet
  facet normal -0.000000e+00 0.000000e+00 -1.000000e+00
    outer loop
      vertex   5.825736e+00 -2.924264e+00 3.000000e+00
      vertex   0.000000e+00 -5.000000e+00 3.000000e+00
      vertex   5.730385e+00 -2.800000e+00 3.000000e+00
    endloop
  endfacet
  facet normal -0.000000e+00 0.000000e+00 -1.000000e+00
    outer loop
      vertex   5.730385e+00 -2.800000e+00 3.000000e+00
      vertex   0.000000e+00 -5.000000e+00 3.000000e+00
      vertex   5.670445e+00 -2.655291e+00 3.000000e+00
    endloop
  endfacet
  facet normal -0.000000e+00 0.000000e+00 -1.000000e+00
    outer loop
      vertex   5.670445e+00 -2.655291e+00 3.000000e+00
      vertex   0.000000e+00 -5.000000e+00 3.000000e+00
      vertex   5.650000e+00 -2.500000e+00 3.000000e+00
    endloop
  endfacet
  facet normal -0.000000e+00 0.000000e+00 -1.000000e+00
    outer loop
      vertex   5.650000e+00 -2.500000e+00 3.000000e+00
      vertex   0.000000e+00 -5.000000e+00 3.000000e+00
      vertex   0.000000e+00 0.000000e+00 3.000000e+00
    endloop
  endfacet
  facet normal 0.000000e+00 0.000000e+00 -1.000000e+00
    outer loop
      vertex   5.650000e+00 -2.500000e+00 3.000000e+00
      vertex   0.000000e+00 0.000000e+00 3.000000e+00
      vertex   5.670445e+00 -2.344709e+00 3.000000e+00
    endloop
  endfacet
  facet normal 0.000000e+00 0.000000e+00 -1.000000e+00
    outer loop
      vertex   5.670445e+00 -2.344709e+00 3.000000e+00
      vertex   0.000000e+00 0.000000e+00 3.000000e+00
      vertex   5.730385e+00 -2.200000e+00 3.000000e+00
    endloop
  endfacet
  facet normal 0.000000e+00 0.000000e+00 -1.000000e+00
    outer loop
      vertex   5.730385e+00 -2.200000e+00 3.000000e+00
      vertex   0.000000e+00 0.000000e+00 3.000000e+00
      vertex   5.825736e+00 -2.075736e+00 3.000000e+00
    endloop
  endfacet
  facet normal 0.000000e+00 0.000000e+00 -1.000000e+00
    outer loop
      vertex   5.825736e+00 -2.075736e+00 3.000000e+00
      vertex   0.000000e+00 0.000000e+00 3.000000e+00
      vertex   5.950000e+00 -1.980385e+00 3.000000e+00
    endloop
  endfacet
  facet normal 0.000000e+00 0.000000e+00 -1.000000e+00
    outer loop
      vertex   5.950000e+00 -1.980385e+00 3.000000e+00
      vertex   0.000000e+00 0.000000e+00 3.000000e+00
      vertex   6.094709e+00 -1.920445e+00 3.000000e+00
    endloop
  endfacet
  facet normal 0.000000e+00 0.000000e+00 -1.000000e+00
    outer loop
      vertex   6.094709e+00 -1.920445e+00 3.000000e+00
      vertex   0.000000e+00 0.000000e+00 3.000000e+00
      vertex   6.250000e+00 -1.900000e+00 3.000000e+00
    endloop
  endfacet
  facet normal 0.000000e+00 0.000000e+00 -1.000000e+00
    outer loop
      vertex   6.250000e+00 -1.900000e+00 3.000000e+00
      vertex   0.000000e+00 0.000000e+00 3.000000e+00
      vertex   1.250000e+01 0.000000e+00 3.000000e+00
    endloop
  endfacet
  facet normal 0.000000e+00 0.000000e+00 -1.000000e+00
    outer loop
      vertex   6.250000e+00 -1.900000e+00 3.000000e+00
      vertex   1.250000e+01 0.000000e+00 3.000000e+00
      vertex   6.405291e+00 -1.920445e+00 3.000000e+00
    endloop
  endfacet
  facet normal 0.000000e+00 0.000000e+00 -1.000000e+00
    outer loop
      vertex   6.405291e+00 -1.920445e+00 3.000000e+00
      vertex   1.250000e+01 0.000000e+00 3.000000e+00
      vertex   6.550000e+00 -1.980385e+00 3.000000e+00
    endloop
  endfacet
  facet normal 0.000000e+00 0.000000e+00 -1.000000e+00
    outer loop
      vertex   6.550000e+00 -1.980385e+00 3.000000e+00
      vertex   1.250000e+01 0.000000e+00 3.000000e+00
      vertex   6.674264e+00 -2.075736e+00 3.000000e+00
    endloop
  endfacet
  facet normal 0.000000e+00 0.000000e+00 -1.000000e+00
    outer loop
      vertex   6.674264e+00 -2.075736e+00 3.000000e+00
      vertex   1.250000e+01 0.000000e+00 3.000000e+00
      vertex   6.769615e+00 -2.200000e+00 3.000000e+00
    endloop
  endfacet
  facet normal 0.000000e+00 0.000000e+00 -1.000000e+00
    outer loop
      vertex   6.769615e+00 -2.200000e+00 3.000000e+00
      vertex   1.250000e+01 0.000000e+00 3.000000e+00
      vertex   6.829555e+00 -2.344709e+00 3.000000e+00
    endloop
  endfacet
  facet normal 5.602705e-32 1.000000e+00 0.000000e+00
    outer loop
      vertex   1.250000e+01 -1.400676e-31 2.500000e+01
      vertex   1.500000e+01 -2.801353e-31 2.500000e+01
      vertex   1.250000e+01 -1.400676e-31 2.300000e+01
    endloop
  endfacet
  facet normal 5.042435e-32 1.000000e+00 7.003381e-33
    outer loop
      vertex   1.250000e+01 -1.400676e-31 2.300000e+01
      vertex   1.500000e+01 -2.801353e-31 2.500000e+01
      vertex   1.250000e+01 0.000000e+00 3.000000e+00
    endloop
  endfacet
  facet normal 4.458677e-49 1.000000e+00 7.003381e-33
    outer loop
      vertex   1.250000e+01 -1.400676e-31 2.300000e+01
      vertex   1.250000e+01 0.000000e+00 3.000000e+00
      vertex   0.000000e+00 0.000000e+00 3.000000e+00
    endloop
  endfacet
  facet normal 1.120541e-31 1.000000e+00 0.000000e+00
    outer loop
      vertex   1.500000e+01 -2.801353e-31 2.500000e+01
      vertex   1.500000e+01 -2.801353e-31 0.000000e+00
      vertex   1.250000e+01 0.000000e+00 3.000000e+00
    endloop
  endfacet
  facet normal 1.120541e-31 1.000000e+00 0.000000e+00
    outer loop
      vertex   1.250000e+01 0.000000e+00 3.000000e+00
      vertex   1.500000e+01 -2.801353e-31 0.000000e+00
      vertex   1.250000e+01 0.000000e+00 0.000000e+00
    endloop
  endfacet
  facet normal 4.458677e-49 1.000000e+00 7.003381e-33
    outer loop
      vertex   0.000000e+00 0.000000e+00 3.000000e+00
      vertex   0.000000e+00 -1.400676e-31 2.300000e+01
      vertex   1.250000e+01 -1.400676e-31 2.300000e+01
    endloop
  endfacet
  facet normal -1.000000e+00 0.000000e+00 0.000000e+00
    outer loop
      vertex   0.000000e+00 -5.000000e+00 2.300000e+01
      vertex   0.000000e+00 -1.400676e-31 2.300000e+01
      vertex   0.000000e+00 -5.000000e+00 3.000000e+00
    endloop
  endfacet
  facet normal -1.000000e+00 0.000000e+00 0.000000e+00
    outer loop
      vertex   0.000000e+00 -5.000000e+00 3.000000e+00
      vertex   0.000000e+00 -1.400676e-31 2.300000e+01
      vertex   0.000000e+00 0.000000e+00 3.000000e+00
    endloop
  endfacet
  facet normal 0.000000e+00 -1.000000e+00 0.000000e+00
    outer loop
      vertex   1.250000e+01 -2.500000e+01 0.000000e+00
      vertex   1.650000e+01 -2.500000e+01 0.000000e+00
      vertex   1.250000e+01 -2.500000e+01 2.500000e+01
    endloop
  endfacet
  facet normal 0.000000e+00 -1.000000e+00 0.000000e+00
    outer loop
      vertex   1.250000e+01 -2.500000e+01 2.500000e+01
      vertex   1.650000e+01 -2.500000e+01 0.000000e+00
      vertex   1.650000e+01 -2.500000e+01 2.500000e+01
    endloop
  endfacet
  facet normal -1.000000e+00 -0.000000e+00 -0.000000e+00
    outer loop
      vertex   1.250000e+01 0.000000e+00 3.000000e+00
      vertex   1.250000e+01 0.000000e+00 0.000000e+00
      vertex   1.250000e+01 -5.000000e+00 3.000000e+00
    endloop
  endfacet
  facet normal -1.000000e+00 -7.105427e-17 -1.184238e-16
    outer loop
      vertex   1.250000e+01 -5.000000e+00 3.000000e+00
      vertex   1.250000e+01 0.000000e+00 0.000000e+00
      vertex   1.250000e+01 -2.500000e+01 0.000000e+00
    endloop
  endfacet
  facet normal -1.000000e+00 -8.881784e-17 0.000000e+00
    outer loop
      vertex   1.250000e+01 -5.000000e+00 3.000000e+00
      vertex   1.250000e+01 -2.500000e+01 0.000000e+00
      vertex   1.250000e+01 -2.500000e+01 2.500000e+01
    endloop
  endfacet
  facet normal -1.000000e+00 -8.881784e-17 0.000000e+00
    outer loop
      vertex   1.250000e+01 -5.000000e+00 3.000000e+00
      vertex   1.250000e+01 -2.500000e+01 2.500000e+01
      vertex   1.250000e+01 -5.000000e+00 2.300000e+01
    endloop
  endfacet
  facet normal -1.000000e+00 -7.105427e-17 1.776357e-16
    outer loop
      vertex   1.250000e+01 -5.000000e+00 2.300000e+01
      vertex   1.250000e+01 -2.500000e+01 2.500000e+01
      vertex   1.250000e+01 -1.400676e-31 2.500000e+01
    endloop
  endfacet
  facet normal -1.000000e+00 0.000000e+00 0.000000e+00
    outer loop
      vertex   1.250000e+01 -5.000000e+00 2.300000e+01
      vertex   1.250000e+01 -1.400676e-31 2.500000e+01
      vertex   1.250000e+01 -1.400676e-31 2.300000e+01
    endloop
  endfacet
endsolid
