solid ASCII
  facet normal 0.000000e+00 1.000000e+00 0.000000e+00
    outer loop
      vertex   4.336172e+01 2.200000e+01 0.000000e+00
      vertex   4.336172e+01 2.200000e+01 3.000000e+00
      vertex   4.530468e+01 2.200000e+01 0.000000e+00
    endloop
  endfacet
  facet normal 0.000000e+00 1.000000e+00 -0.000000e+00
    outer loop
      vertex   4.530468e+01 2.200000e+01 0.000000e+00
      vertex   4.336172e+01 2.200000e+01 3.000000e+00
      vertex   4.736172e+01 2.200000e+01 3.000000e+00
    endloop
  endfacet
  facet normal 0.000000e+00 1.000000e+00 0.000000e+00
    outer loop
      vertex   4.530468e+01 2.200000e+01 0.000000e+00
      vertex   4.736172e+01 2.200000e+01 3.000000e+00
      vertex   4.583685e+01 2.200000e+01 0.000000e+00
    endloop
  endfacet
  facet normal 0.000000e+00 1.000000e+00 0.000000e+00
    outer loop
      vertex   4.583685e+01 2.200000e+01 0.000000e+00
      vertex   4.736172e+01 2.200000e+01 3.000000e+00
      vertex   4.628250e+01 2.200000e+01 0.000000e+00
    endloop
  endfacet
  facet normal 0.000000e+00 1.000000e+00 0.000000e+00
    outer loop
      vertex   4.628250e+01 2.200000e+01 0.000000e+00
      vertex   4.736172e+01 2.200000e+01 3.000000e+00
      vertex   4.662480e+01 2.200000e+01 0.000000e+00
    endloop
  endfacet
  facet normal 0.000000e+00 1.000000e+00 0.000000e+00
    outer loop
      vertex   4.662480e+01 2.200000e+01 0.000000e+00
      vertex   4.736172e+01 2.200000e+01 3.000000e+00
      vertex   4.736172e+01 2.200000e+01 0.000000e+00
    endloop
  endfacet
  facet normal 1.000000e+00 -0.000000e+00 0.000000e+00
    outer loop
      vertex   4.336172e+01 2.200000e+01 3.000000e+00
      vertex   4.336172e+01 2.251108e+01 0.000000e+00
      vertex   4.336172e+01 2.672337e+01 3.000000e+00
    endloop
  endfacet
  facet normal 1.000000e+00 0.000000e+00 0.000000e+00
    outer loop
      vertex   4.336172e+01 2.672337e+01 3.000000e+00
      vertex   4.336172e+01 2.251108e+01 0.000000e+00
      vertex   4.336172e+01 3.020231e+01 0.000000e+00
    endloop
  endfacet
  facet normal 1.000000e+00 -0.000000e+00 0.000000e+00
    outer loop
      vertex   4.336172e+01 2.672337e+01 3.000000e+00
      vertex   4.336172e+01 3.020231e+01 0.000000e+00
      vertex   4.336172e+01 2.928472e+01 3.000000e+00
    endloop
  endfacet
  facet normal 1.000000e+00 -0.000000e+00 0.000000e+00
    outer loop
      vertex   4.336172e+01 2.928472e+01 3.000000e+00
      vertex   4.336172e+01 3.020231e+01 0.000000e+00
      vertex   4.336172e+01 2.945391e+01 3.000000e+00
    endloop
  endfacet
  facet normal 1.000000e+00 -0.000000e+00 0.000000e+00
    outer loop
      vertex   4.336172e+01 2.945391e+01 3.000000e+00
      vertex   4.336172e+01 3.020231e+01 0.000000e+00
      vertex   4.336172e+01 2.965163e+01 3.000000e+00
    endloop
  endfacet
  facet normal 1.000000e+00 -0.000000e+00 0.000000e+00
    outer loop
      vertex   4.336172e+01 2.965163e+01 3.000000e+00
      vertex   4.336172e+01 3.020231e+01 0.000000e+00
      vertex   4.336172e+01 2.985369e+01 3.000000e+00
    endloop
  endfacet
  facet normal 1.000000e+00 -0.000000e+00 0.000000e+00
    outer loop
      vertex   4.336172e+01 2.985369e+01 3.000000e+00
      vertex   4.336172e+01 3.020231e+01 0.000000e+00
      vertex   4.336172e+01 3.003763e+01 3.000000e+00
    endloop
  endfacet
  facet normal 1.000000e+00 0.000000e+00 0.000000e+00
    outer loop
      vertex   4.336172e+01 3.003763e+01 3.000000e+00
      vertex   4.336172e+01 3.020231e+01 0.000000e+00
      vertex   4.336172e+01 3.364188e+01 0.000000e+00
    endloop
  endfacet
  facet normal 1.000000e+00 -0.000000e+00 0.000000e+00
    outer loop
      vertex   4.336172e+01 3.003763e+01 3.000000e+00
      vertex   4.336172e+01 3.364188e+01 0.000000e+00
      vertex   4.336172e+01 3.552784e+01 3.000000e+00
    endloop
  endfacet
  facet normal 1.000000e+00 0.000000e+00 0.000000e+00
    outer loop
      vertex   4.336172e+01 3.552784e+01 3.000000e+00
      vertex   4.336172e+01 3.364188e+01 0.000000e+00
      vertex   4.336172e+01 3.385279e+01 0.000000e+00
    endloop
  endfacet
  facet normal 1.000000e+00 0.000000e+00 0.000000e+00
    outer loop
      vertex   4.336172e+01 3.552784e+01 3.000000e+00
      vertex   4.336172e+01 3.385279e+01 0.000000e+00
      vertex   4.336172e+01 3.409284e+01 0.000000e+00
    endloop
  endfacet
  facet normal 1.000000e+00 0.000000e+00 0.000000e+00
    outer loop
      vertex   4.336172e+01 2.200000e+01 0.000000e+00
      vertex   4.336172e+01 2.221491e+01 0.000000e+00
      vertex   4.336172e+01 2.200000e+01 3.000000e+00
    endloop
  endfacet
  facet normal 1.000000e+00 0.000000e+00 0.000000e+00
    outer loop
      vertex   4.336172e+01 2.200000e+01 3.000000e+00
      vertex   4.336172e+01 2.221491e+01 0.000000e+00
      vertex   4.336172e+01 2.231055e+01 0.000000e+00
    endloop
  endfacet
  facet normal 1.000000e+00 0.000000e+00 0.000000e+00
    outer loop
      vertex   4.336172e+01 2.200000e+01 3.000000e+00
      vertex   4.336172e+01 2.231055e+01 0.000000e+00
      vertex   4.336172e+01 2.241292e+01 0.000000e+00
    endloop
  endfacet
  facet normal 1.000000e+00 0.000000e+00 -0.000000e+00
    outer loop
      vertex   4.336172e+01 2.241292e+01 0.000000e+00
      vertex   4.336172e+01 2.251108e+01 0.000000e+00
      vertex   4.336172e+01 2.200000e+01 3.000000e+00
    endloop
  endfacet
  facet normal 1.000000e+00 0.000000e+00 0.000000e+00
    outer loop
      vertex   4.336172e+01 3.409284e+01 0.000000e+00
      vertex   4.336172e+01 3.433419e+01 0.000000e+00
      vertex   4.336172e+01 3.552784e+01 3.000000e+00
    endloop
  endfacet
  facet normal 1.000000e+00 0.000000e+00 0.000000e+00
    outer loop
      vertex   4.336172e+01 3.552784e+01 3.000000e+00
      vertex   4.336172e+01 3.433419e+01 0.000000e+00
      vertex   4.336172e+01 3.455036e+01 0.000000e+00
    endloop
  endfacet
  facet normal 1.000000e+00 0.000000e+00 0.000000e+00
    outer loop
      vertex   4.336172e+01 3.552784e+01 3.000000e+00
      vertex   4.336172e+01 3.455036e+01 0.000000e+00
      vertex   4.336172e+01 3.600000e+01 0.000000e+00
    endloop
  endfacet
  facet normal 1.000000e+00 0.000000e+00 -0.000000e+00
    outer loop
      vertex   4.336172e+01 3.600000e+01 0.000000e+00
      vertex   4.336172e+01 3.600000e+01 3.000000e+00
      vertex   4.336172e+01 3.552784e+01 3.000000e+00
    endloop
  endfacet
  facet normal 0.000000e+00 -1.000000e+00 0.000000e+00
    outer loop
      vertex   4.336172e+01 3.600000e+01 3.000000e+00
      vertex   4.336172e+01 3.600000e+01 0.000000e+00
      vertex   4.531086e+01 3.600000e+01 3.000000e+00
    endloop
  endfacet
  facet normal 0.000000e+00 -1.000000e+00 -0.000000e+00
    outer loop
      vertex   4.531086e+01 3.600000e+01 3.000000e+00
      vertex   4.336172e+01 3.600000e+01 0.000000e+00
      vertex   4.736172e+01 3.600000e+01 0.000000e+00
    endloop
  endfacet
  facet normal 0.000000e+00 -1.000000e+00 0.000000e+00
    outer loop
      vertex   4.531086e+01 3.600000e+01 3.000000e+00
      vertex   4.736172e+01 3.600000e+01 0.000000e+00
      vertex   4.736172e+01 3.600000e+01 3.000000e+00
    endloop
  endfacet
  facet normal -1.000000e+00 -0.000000e+00 0.000000e+00
    outer loop
      vertex   4.736172e+01 3.600000e+01 3.000000e+00
      vertex   4.736172e+01 3.122467e+01 0.000000e+00
      vertex   4.736172e+01 2.837930e+01 3.000000e+00
    endloop
  endfacet
  facet normal -1.000000e+00 0.000000e+00 0.000000e+00
    outer loop
      vertex   4.736172e+01 2.837930e+01 3.000000e+00
      vertex   4.736172e+01 3.122467e+01 0.000000e+00
      vertex   4.736172e+01 3.090505e+01 0.000000e+00
    endloop
  endfacet
  facet normal -1.000000e+00 0.000000e+00 0.000000e+00
    outer loop
      vertex   4.736172e+01 2.837930e+01 3.000000e+00
      vertex   4.736172e+01 3.090505e+01 0.000000e+00
      vertex   4.736172e+01 3.054821e+01 0.000000e+00
    endloop
  endfacet
  facet normal -1.000000e+00 0.000000e+00 -0.000000e+00
    outer loop
      vertex   4.736172e+01 3.600000e+01 3.000000e+00
      vertex   4.736172e+01 3.600000e+01 0.000000e+00
      vertex   4.736172e+01 3.122467e+01 0.000000e+00
    endloop
  endfacet
  facet normal -1.000000e+00 0.000000e+00 0.000000e+00
    outer loop
      vertex   4.736172e+01 3.054821e+01 0.000000e+00
      vertex   4.736172e+01 3.019328e+01 0.000000e+00
      vertex   4.736172e+01 2.837930e+01 3.000000e+00
    endloop
  endfacet
  facet normal -1.000000e+00 0.000000e+00 0.000000e+00
    outer loop
      vertex   4.736172e+01 2.837930e+01 3.000000e+00
      vertex   4.736172e+01 3.019328e+01 0.000000e+00
      vertex   4.736172e+01 2.988144e+01 0.000000e+00
    endloop
  endfacet
  facet normal -1.000000e+00 -0.000000e+00 -0.000000e+00
    outer loop
      vertex   4.736172e+01 2.837930e+01 3.000000e+00
      vertex   4.736172e+01 2.988144e+01 0.000000e+00
      vertex   4.736172e+01 2.810735e+01 3.000000e+00
    endloop
  endfacet
  facet normal -1.000000e+00 -0.000000e+00 -0.000000e+00
    outer loop
      vertex   4.736172e+01 2.810735e+01 3.000000e+00
      vertex   4.736172e+01 2.988144e+01 0.000000e+00
      vertex   4.736172e+01 2.780859e+01 3.000000e+00
    endloop
  endfacet
  facet normal -1.000000e+00 -0.000000e+00 -0.000000e+00
    outer loop
      vertex   4.736172e+01 2.780859e+01 3.000000e+00
      vertex   4.736172e+01 2.988144e+01 0.000000e+00
      vertex   4.736172e+01 2.751625e+01 3.000000e+00
    endloop
  endfacet
  facet normal -1.000000e+00 -0.000000e+00 -0.000000e+00
    outer loop
      vertex   4.736172e+01 2.751625e+01 3.000000e+00
      vertex   4.736172e+01 2.988144e+01 0.000000e+00
      vertex   4.736172e+01 2.726609e+01 3.000000e+00
    endloop
  endfacet
  facet normal -1.000000e+00 0.000000e+00 -0.000000e+00
    outer loop
      vertex   4.736172e+01 2.726609e+01 3.000000e+00
      vertex   4.736172e+01 2.988144e+01 0.000000e+00
      vertex   4.736172e+01 2.479589e+01 0.000000e+00
    endloop
  endfacet
  facet normal -1.000000e+00 -0.000000e+00 0.000000e+00
    outer loop
      vertex   4.736172e+01 2.726609e+01 3.000000e+00
      vertex   4.736172e+01 2.479589e+01 0.000000e+00
      vertex   4.736172e+01 2.347903e+01 3.000000e+00
    endloop
  endfacet
  facet normal -1.000000e+00 0.000000e+00 -0.000000e+00
    outer loop
      vertex   4.736172e+01 2.347903e+01 3.000000e+00
      vertex   4.736172e+01 2.479589e+01 0.000000e+00
      vertex   4.736172e+01 2.200000e+01 0.000000e+00
    endloop
  endfacet
  facet normal -1.000000e+00 -0.000000e+00 0.000000e+00
    outer loop
      vertex   4.736172e+01 2.347903e+01 3.000000e+00
      vertex   4.736172e+01 2.200000e+01 0.000000e+00
      vertex   4.736172e+01 2.200000e+01 3.000000e+00
    endloop
  endfacet
  facet normal -1.000000e+00 -0.000000e+00 -0.000000e+00
    outer loop
      vertex   5.500000e+01 -1.200000e+01 3.000000e+00
      vertex   5.500000e+01 -1.200000e+01 0.000000e+00
      vertex   5.500000e+01 -1.390767e+01 3.000000e+00
    endloop
  endfacet
  facet normal -1.000000e+00 -0.000000e+00 -0.000000e+00
    outer loop
      vertex   5.500000e+01 -1.390767e+01 3.000000e+00
      vertex   5.500000e+01 -1.200000e+01 0.000000e+00
      vertex   5.500000e+01 -1.490118e+01 3.000000e+00
    endloop
  endfacet
  facet normal -1.000000e+00 0.000000e+00 -0.000000e+00
    outer loop
      vertex   5.500000e+01 -1.490118e+01 3.000000e+00
      vertex   5.500000e+01 -1.200000e+01 0.000000e+00
      vertex   5.500000e+01 -1.695224e+01 0.000000e+00
    endloop
  endfacet
  facet normal -1.000000e+00 -0.000000e+00 0.000000e+00
    outer loop
      vertex   5.500000e+01 -1.490118e+01 3.000000e+00
      vertex   5.500000e+01 -1.695224e+01 0.000000e+00
      vertex   5.500000e+01 -1.531326e+01 3.000000e+00
    endloop
  endfacet
  facet normal -1.000000e+00 -0.000000e+00 0.000000e+00
    outer loop
      vertex   5.500000e+01 -1.531326e+01 3.000000e+00
      vertex   5.500000e+01 -1.695224e+01 0.000000e+00
      vertex   5.500000e+01 -1.547998e+01 3.000000e+00
    endloop
  endfacet
  facet normal -1.000000e+00 -0.000000e+00 0.000000e+00
    outer loop
      vertex   5.500000e+01 -1.547998e+01 3.000000e+00
      vertex   5.500000e+01 -1.695224e+01 0.000000e+00
      vertex   5.500000e+01 -1.700000e+01 3.000000e+00
    endloop
  endfacet
  facet normal -1.000000e+00 0.000000e+00 0.000000e+00
    outer loop
      vertex   5.500000e+01 -1.700000e+01 3.000000e+00
      vertex   5.500000e+01 -1.695224e+01 0.000000e+00
      vertex   5.500000e+01 -1.698745e+01 0.000000e+00
    endloop
  endfacet
  facet normal -1.000000e+00 0.000000e+00 0.000000e+00
    outer loop
      vertex   5.500000e+01 -1.700000e+01 3.000000e+00
      vertex   5.500000e+01 -1.698745e+01 0.000000e+00
      vertex   5.500000e+01 -1.700000e+01 0.000000e+00
    endloop
  endfacet
  facet normal 0.000000e+00 1.000000e+00 0.000000e+00
    outer loop
      vertex   5.500000e+01 -1.700000e+01 3.000000e+00
      vertex   5.500000e+01 -1.700000e+01 0.000000e+00
      vertex   5.387354e+01 -1.700000e+01 3.000000e+00
    endloop
  endfacet
  facet normal 0.000000e+00 1.000000e+00 0.000000e+00
    outer loop
      vertex   5.387354e+01 -1.700000e+01 3.000000e+00
      vertex   5.500000e+01 -1.700000e+01 0.000000e+00
      vertex   5.307394e+01 -1.700000e+01 3.000000e+00
    endloop
  endfacet
  facet normal 0.000000e+00 1.000000e+00 0.000000e+00
    outer loop
      vertex   5.307394e+01 -1.700000e+01 3.000000e+00
      vertex   5.500000e+01 -1.700000e+01 0.000000e+00
      vertex   5.147322e+01 -1.700000e+01 3.000000e+00
    endloop
  endfacet
  facet normal 0.000000e+00 1.000000e+00 0.000000e+00
    outer loop
      vertex   5.147322e+01 -1.700000e+01 3.000000e+00
      vertex   5.500000e+01 -1.700000e+01 0.000000e+00
      vertex   4.837248e+01 -1.700000e+01 0.000000e+00
    endloop
  endfacet
  facet normal 0.000000e+00 1.000000e+00 0.000000e+00
    outer loop
      vertex   5.147322e+01 -1.700000e+01 3.000000e+00
      vertex   4.837248e+01 -1.700000e+01 0.000000e+00
      vertex   4.889691e+01 -1.700000e+01 3.000000e+00
    endloop
  endfacet
  facet normal 0.000000e+00 1.000000e+00 0.000000e+00
    outer loop
      vertex   4.889691e+01 -1.700000e+01 3.000000e+00
      vertex   4.837248e+01 -1.700000e+01 0.000000e+00
      vertex   4.812388e+01 -1.700000e+01 0.000000e+00
    endloop
  endfacet
  facet normal 0.000000e+00 1.000000e+00 0.000000e+00
    outer loop
      vertex   4.889691e+01 -1.700000e+01 3.000000e+00
      vertex   4.812388e+01 -1.700000e+01 0.000000e+00
      vertex   4.790957e+01 -1.700000e+01 0.000000e+00
    endloop
  endfacet
  facet normal 0.000000e+00 1.000000e+00 -0.000000e+00
    outer loop
      vertex   4.790957e+01 -1.700000e+01 0.000000e+00
      vertex   4.775548e+01 -1.700000e+01 0.000000e+00
      vertex   4.889691e+01 -1.700000e+01 3.000000e+00
    endloop
  endfacet
  facet normal 0.000000e+00 1.000000e+00 0.000000e+00
    outer loop
      vertex   4.889691e+01 -1.700000e+01 3.000000e+00
      vertex   4.775548e+01 -1.700000e+01 0.000000e+00
      vertex   3.357279e+01 -1.700000e+01 3.000000e+00
    endloop
  endfacet
  facet normal 0.000000e+00 1.000000e+00 0.000000e+00
    outer loop
      vertex   3.357279e+01 -1.700000e+01 3.000000e+00
      vertex   4.775548e+01 -1.700000e+01 0.000000e+00
      vertex   1.840802e+01 -1.700000e+01 3.000000e+00
    endloop
  endfacet
  facet normal 0.000000e+00 1.000000e+00 0.000000e+00
    outer loop
      vertex   1.840802e+01 -1.700000e+01 3.000000e+00
      vertex   4.775548e+01 -1.700000e+01 0.000000e+00
      vertex   3.853283e+00 -1.700000e+01 0.000000e+00
    endloop
  endfacet
  facet normal 0.000000e+00 1.000000e+00 0.000000e+00
    outer loop
      vertex   1.840802e+01 -1.700000e+01 3.000000e+00
      vertex   3.853283e+00 -1.700000e+01 0.000000e+00
      vertex   -7.450000e-01 -1.700000e+01 2.998000e+00
    endloop
  endfacet
  facet normal 0.000000e+00 1.000000e+00 0.000000e+00
    outer loop
      vertex   -7.450000e-01 -1.700000e+01 2.998000e+00
      vertex   3.853283e+00 -1.700000e+01 0.000000e+00
      vertex   3.705704e+00 -1.700000e+01 0.000000e+00
    endloop
  endfacet
  facet normal 0.000000e+00 1.000000e+00 0.000000e+00
    outer loop
      vertex   -7.450000e-01 -1.700000e+01 2.998000e+00
      vertex   3.705704e+00 -1.700000e+01 0.000000e+00
      vertex   3.510815e+00 -1.700000e+01 0.000000e+00
    endloop
  endfacet
  facet normal 0.000000e+00 1.000000e+00 0.000000e+00
    outer loop
      vertex   3.510815e+00 -1.700000e+01 0.000000e+00
      vertex   3.291000e+00 -1.700000e+01 0.000000e+00
      vertex   -7.450000e-01 -1.700000e+01 2.998000e+00
    endloop
  endfacet
  facet normal 0.000000e+00 1.000000e+00 0.000000e+00
    outer loop
      vertex   -7.450000e-01 -1.700000e+01 2.998000e+00
      vertex   3.291000e+00 -1.700000e+01 0.000000e+00
      vertex   1.114974e+00 -1.700000e+01 0.000000e+00
    endloop
  endfacet
  facet normal 0.000000e+00 1.000000e+00 0.000000e+00
    outer loop
      vertex   -7.450000e-01 -1.700000e+01 2.998000e+00
      vertex   1.114974e+00 -1.700000e+01 0.000000e+00
      vertex   6.612986e-01 -1.700000e+01 0.000000e+00
    endloop
  endfacet
  facet normal 0.000000e+00 1.000000e+00 0.000000e+00
    outer loop
      vertex   6.612986e-01 -1.700000e+01 0.000000e+00
      vertex   3.967327e-01 -1.700000e+01 0.000000e+00
      vertex   -7.450000e-01 -1.700000e+01 2.998000e+00
    endloop
  endfacet
  facet normal 0.000000e+00 1.000000e+00 0.000000e+00
    outer loop
      vertex   -7.450000e-01 -1.700000e+01 2.998000e+00
      vertex   3.967327e-01 -1.700000e+01 0.000000e+00
      vertex   -1.755210e-01 -1.700000e+01 0.000000e+00
    endloop
  endfacet
  facet normal 0.000000e+00 1.000000e+00 0.000000e+00
    outer loop
      vertex   -7.450000e-01 -1.700000e+01 2.998000e+00
      vertex   -1.755210e-01 -1.700000e+01 0.000000e+00
      vertex   -7.788818e-01 -1.700000e+01 0.000000e+00
    endloop
  endfacet
  facet normal 0.000000e+00 1.000000e+00 -0.000000e+00
    outer loop
      vertex   -7.788818e-01 -1.700000e+01 0.000000e+00
      vertex   -1.375675e+00 -1.700000e+01 0.000000e+00
      vertex   -7.450000e-01 -1.700000e+01 2.998000e+00
    endloop
  endfacet
  facet normal 0.000000e+00 1.000000e+00 0.000000e+00
    outer loop
      vertex   -7.450000e-01 -1.700000e+01 2.998000e+00
      vertex   -1.375675e+00 -1.700000e+01 0.000000e+00
      vertex   -1.995696e+00 -1.700000e+01 0.000000e+00
    endloop
  endfacet
  facet normal 0.000000e+00 1.000000e+00 0.000000e+00
    outer loop
      vertex   -7.450000e-01 -1.700000e+01 2.998000e+00
      vertex   -1.995696e+00 -1.700000e+01 0.000000e+00
      vertex   -2.889878e+00 -1.700000e+01 2.998000e+00
    endloop
  endfacet
  facet normal 0.000000e+00 1.000000e+00 0.000000e+00
    outer loop
      vertex   -2.889878e+00 -1.700000e+01 2.998000e+00
      vertex   -1.995696e+00 -1.700000e+01 0.000000e+00
      vertex   -2.670278e+00 -1.700000e+01 0.000000e+00
    endloop
  endfacet
  facet normal 0.000000e+00 1.000000e+00 0.000000e+00
    outer loop
      vertex   -2.889878e+00 -1.700000e+01 2.998000e+00
      vertex   -2.670278e+00 -1.700000e+01 0.000000e+00
      vertex   -3.000000e+00 -1.700000e+01 0.000000e+00
    endloop
  endfacet
  facet normal 0.000000e+00 1.000000e+00 0.000000e+00
    outer loop
      vertex   -3.000000e+00 -1.700000e+01 0.000000e+00
      vertex   -3.000000e+00 -1.700000e+01 2.998000e+00
      vertex   -2.889878e+00 -1.700000e+01 2.998000e+00
    endloop
  endfacet
  facet normal 0.000000e+00 1.000000e+00 0.000000e+00
    outer loop
      vertex   -7.450000e-01 -1.700000e+01 2.998000e+00
      vertex   -7.450000e-01 -1.700000e+01 2.998857e+00
      vertex   1.840802e+01 -1.700000e+01 3.000000e+00
    endloop
  endfacet
  facet normal 0.000000e+00 1.000000e+00 0.000000e+00
    outer loop
      vertex   1.840802e+01 -1.700000e+01 3.000000e+00
      vertex   -7.450000e-01 -1.700000e+01 2.998857e+00
      vertex   -7.450000e-01 -1.700000e+01 3.000000e+00
    endloop
  endfacet
  facet normal 1.000000e+00 -0.000000e+00 0.000000e+00
    outer loop
      vertex   -3.000000e+00 -1.700000e+01 2.998000e+00
      vertex   -3.000000e+00 -1.652329e+01 0.000000e+00
      vertex   -3.000000e+00 -1.619355e+01 2.998000e+00
    endloop
  endfacet
  facet normal 1.000000e+00 -5.239973e-16 5.763265e-17
    outer loop
      vertex   -3.000000e+00 -1.619355e+01 2.998000e+00
      vertex   -3.000000e+00 -1.652329e+01 0.000000e+00
      vertex   -3.000000e+00 -1.567578e+01 0.000000e+00
    endloop
  endfacet
  facet normal 1.000000e+00 5.554618e-16 2.440583e-16
    outer loop
      vertex   -3.000000e+00 -1.619355e+01 2.998000e+00
      vertex   -3.000000e+00 -1.567578e+01 0.000000e+00
      vertex   -3.000000e+00 -1.487629e+01 0.000000e+00
    endloop
  endfacet
  facet normal 1.000000e+00 0.000000e+00 0.000000e+00
    outer loop
      vertex   -3.000000e+00 -1.700000e+01 2.998000e+00
      vertex   -3.000000e+00 -1.700000e+01 0.000000e+00
      vertex   -3.000000e+00 -1.652329e+01 0.000000e+00
    endloop
  endfacet
  facet normal 1.000000e+00 -0.000000e+00 0.000000e+00
    outer loop
      vertex   -3.000000e+00 -1.619355e+01 2.998000e+00
      vertex   -3.000000e+00 -1.487629e+01 0.000000e+00
      vertex   -3.000000e+00 -1.378837e+01 2.998000e+00
    endloop
  endfacet
  facet normal 1.000000e+00 0.000000e+00 0.000000e+00
    outer loop
      vertex   -3.000000e+00 -1.378837e+01 2.998000e+00
      vertex   -3.000000e+00 -1.487629e+01 0.000000e+00
      vertex   -3.000000e+00 -1.412581e+01 0.000000e+00
    endloop
  endfacet
  facet normal 1.000000e+00 0.000000e+00 0.000000e+00
    outer loop
      vertex   -3.000000e+00 -1.378837e+01 2.998000e+00
      vertex   -3.000000e+00 -1.412581e+01 0.000000e+00
      vertex   -3.000000e+00 -1.342046e+01 0.000000e+00
    endloop
  endfacet
  facet normal 1.000000e+00 -0.000000e+00 0.000000e+00
    outer loop
      vertex   -3.000000e+00 -1.378837e+01 2.998000e+00
      vertex   -3.000000e+00 -1.342046e+01 0.000000e+00
      vertex   -3.000000e+00 -1.327286e+01 2.998000e+00
    endloop
  endfacet
  facet normal 1.000000e+00 0.000000e+00 0.000000e+00
    outer loop
      vertex   -3.000000e+00 -1.327286e+01 2.998000e+00
      vertex   -3.000000e+00 -1.342046e+01 0.000000e+00
      vertex   -3.000000e+00 -1.276016e+01 0.000000e+00
    endloop
  endfacet
  facet normal 1.000000e+00 -0.000000e+00 0.000000e+00
    outer loop
      vertex   -3.000000e+00 -1.327286e+01 2.998000e+00
      vertex   -3.000000e+00 -1.276016e+01 0.000000e+00
      vertex   -3.000000e+00 -1.242789e+01 2.998000e+00
    endloop
  endfacet
  facet normal 1.000000e+00 0.000000e+00 0.000000e+00
    outer loop
      vertex   -3.000000e+00 -1.242789e+01 2.998000e+00
      vertex   -3.000000e+00 -1.276016e+01 0.000000e+00
      vertex   -3.000000e+00 -1.214367e+01 0.000000e+00
    endloop
  endfacet
  facet normal 1.000000e+00 -0.000000e+00 0.000000e+00
    outer loop
      vertex   -3.000000e+00 -1.242789e+01 2.998000e+00
      vertex   -3.000000e+00 -1.214367e+01 0.000000e+00
      vertex   -3.000000e+00 -1.222637e+01 2.998000e+00
    endloop
  endfacet
  facet normal 1.000000e+00 -0.000000e+00 0.000000e+00
    outer loop
      vertex   -3.000000e+00 -1.222637e+01 2.998000e+00
      vertex   -3.000000e+00 -1.214367e+01 0.000000e+00
      vertex   -3.000000e+00 -1.203902e+01 2.998000e+00
    endloop
  endfacet
  facet normal 1.000000e+00 0.000000e+00 0.000000e+00
    outer loop
      vertex   -3.000000e+00 -1.203902e+01 2.998000e+00
      vertex   -3.000000e+00 -1.214367e+01 0.000000e+00
      vertex   -3.000000e+00 -1.200000e+01 0.000000e+00
    endloop
  endfacet
  facet normal 1.000000e+00 -0.000000e+00 0.000000e+00
    outer loop
      vertex   -3.000000e+00 -1.203902e+01 2.998000e+00
      vertex   -3.000000e+00 -1.200000e+01 0.000000e+00
      vertex   -3.000000e+00 -1.200000e+01 2.998000e+00
    endloop
  endfacet
  facet normal 0.000000e+00 -1.000000e+00 0.000000e+00
    outer loop
      vertex   -7.450000e-01 -1.200000e+01 3.000000e+00
      vertex   -7.450000e-01 -1.200000e+01 2.999809e+00
      vertex   2.452489e+00 -1.200000e+01 3.000000e+00
    endloop
  endfacet
  facet normal 0.000000e+00 -1.000000e+00 0.000000e+00
    outer loop
      vertex   2.452489e+00 -1.200000e+01 3.000000e+00
      vertex   -7.450000e-01 -1.200000e+01 2.999809e+00
      vertex   -7.450000e-01 -1.200000e+01 2.998000e+00
    endloop
  endfacet
  facet normal 0.000000e+00 -1.000000e+00 -0.000000e+00
    outer loop
      vertex   2.452489e+00 -1.200000e+01 3.000000e+00
      vertex   -7.450000e-01 -1.200000e+01 2.998000e+00
      vertex   4.627233e+00 -1.200000e+01 0.000000e+00
    endloop
  endfacet
  facet normal 0.000000e+00 -1.000000e+00 0.000000e+00
    outer loop
      vertex   4.627233e+00 -1.200000e+01 0.000000e+00
      vertex   -7.450000e-01 -1.200000e+01 2.998000e+00
      vertex   -1.103075e+00 -1.200000e+01 2.998000e+00
    endloop
  endfacet
  facet normal 0.000000e+00 -1.000000e+00 0.000000e+00
    outer loop
      vertex   4.627233e+00 -1.200000e+01 0.000000e+00
      vertex   -1.103075e+00 -1.200000e+01 2.998000e+00
      vertex   -1.179894e+00 -1.200000e+01 2.998000e+00
    endloop
  endfacet
  facet normal 0.000000e+00 -1.000000e+00 0.000000e+00
    outer loop
      vertex   4.627233e+00 -1.200000e+01 0.000000e+00
      vertex   -1.179894e+00 -1.200000e+01 2.998000e+00
      vertex   3.353471e+00 -1.200000e+01 0.000000e+00
    endloop
  endfacet
  facet normal 0.000000e+00 -1.000000e+00 0.000000e+00
    outer loop
      vertex   3.353471e+00 -1.200000e+01 0.000000e+00
      vertex   -1.179894e+00 -1.200000e+01 2.998000e+00
      vertex   -1.554754e+00 -1.200000e+01 2.998000e+00
    endloop
  endfacet
  facet normal 0.000000e+00 -1.000000e+00 0.000000e+00
    outer loop
      vertex   3.353471e+00 -1.200000e+01 0.000000e+00
      vertex   -1.554754e+00 -1.200000e+01 2.998000e+00
      vertex   -1.738251e+00 -1.200000e+01 2.998000e+00
    endloop
  endfacet
  facet normal -0.000000e+00 -1.000000e+00 -0.000000e+00
    outer loop
      vertex   -1.738251e+00 -1.200000e+01 2.998000e+00
      vertex   -2.325198e+00 -1.200000e+01 2.998000e+00
      vertex   3.353471e+00 -1.200000e+01 0.000000e+00
    endloop
  endfacet
  facet normal 0.000000e+00 -1.000000e+00 0.000000e+00
    outer loop
      vertex   3.353471e+00 -1.200000e+01 0.000000e+00
      vertex   -2.325198e+00 -1.200000e+01 2.998000e+00
      vertex   -2.584433e+00 -1.200000e+01 2.998000e+00
    endloop
  endfacet
  facet normal 0.000000e+00 -1.000000e+00 0.000000e+00
    outer loop
      vertex   3.353471e+00 -1.200000e+01 0.000000e+00
      vertex   -2.584433e+00 -1.200000e+01 2.998000e+00
      vertex   -2.915481e+00 -1.200000e+01 2.998000e+00
    endloop
  endfacet
  facet normal -0.000000e+00 -1.000000e+00 -0.000000e+00
    outer loop
      vertex   -2.915481e+00 -1.200000e+01 2.998000e+00
      vertex   -3.000000e+00 -1.200000e+01 2.998000e+00
      vertex   3.353471e+00 -1.200000e+01 0.000000e+00
    endloop
  endfacet
  facet normal 0.000000e+00 -1.000000e+00 0.000000e+00
    outer loop
      vertex   3.353471e+00 -1.200000e+01 0.000000e+00
      vertex   -3.000000e+00 -1.200000e+01 2.998000e+00
      vertex   2.093574e+00 -1.200000e+01 0.000000e+00
    endloop
  endfacet
  facet normal 0.000000e+00 -1.000000e+00 0.000000e+00
    outer loop
      vertex   2.093574e+00 -1.200000e+01 0.000000e+00
      vertex   -3.000000e+00 -1.200000e+01 2.998000e+00
      vertex   1.696486e+00 -1.200000e+01 0.000000e+00
    endloop
  endfacet
  facet normal 0.000000e+00 -1.000000e+00 0.000000e+00
    outer loop
      vertex   1.696486e+00 -1.200000e+01 0.000000e+00
      vertex   -3.000000e+00 -1.200000e+01 2.998000e+00
      vertex   1.264455e+00 -1.200000e+01 0.000000e+00
    endloop
  endfacet
  facet normal 0.000000e+00 -1.000000e+00 0.000000e+00
    outer loop
      vertex   1.264455e+00 -1.200000e+01 0.000000e+00
      vertex   -3.000000e+00 -1.200000e+01 2.998000e+00
      vertex   7.970012e-01 -1.200000e+01 0.000000e+00
    endloop
  endfacet
  facet normal 0.000000e+00 -1.000000e+00 0.000000e+00
    outer loop
      vertex   7.970012e-01 -1.200000e+01 0.000000e+00
      vertex   -3.000000e+00 -1.200000e+01 2.998000e+00
      vertex   2.934216e-01 -1.200000e+01 0.000000e+00
    endloop
  endfacet
  facet normal 0.000000e+00 -1.000000e+00 0.000000e+00
    outer loop
      vertex   2.934216e-01 -1.200000e+01 0.000000e+00
      vertex   -3.000000e+00 -1.200000e+01 2.998000e+00
      vertex   -2.480383e-01 -1.200000e+01 0.000000e+00
    endloop
  endfacet
  facet normal 0.000000e+00 -1.000000e+00 0.000000e+00
    outer loop
      vertex   -2.480383e-01 -1.200000e+01 0.000000e+00
      vertex   -3.000000e+00 -1.200000e+01 2.998000e+00
      vertex   -8.277134e-01 -1.200000e+01 0.000000e+00
    endloop
  endfacet
  facet normal 0.000000e+00 -1.000000e+00 0.000000e+00
    outer loop
      vertex   -8.277134e-01 -1.200000e+01 0.000000e+00
      vertex   -3.000000e+00 -1.200000e+01 2.998000e+00
      vertex   -1.449342e+00 -1.200000e+01 0.000000e+00
    endloop
  endfacet
  facet normal 0.000000e+00 -1.000000e+00 0.000000e+00
    outer loop
      vertex   -1.449342e+00 -1.200000e+01 0.000000e+00
      vertex   -3.000000e+00 -1.200000e+01 2.998000e+00
      vertex   -2.113480e+00 -1.200000e+01 0.000000e+00
    endloop
  endfacet
  facet normal 0.000000e+00 -1.000000e+00 0.000000e+00
    outer loop
      vertex   -2.113480e+00 -1.200000e+01 0.000000e+00
      vertex   -3.000000e+00 -1.200000e+01 2.998000e+00
      vertex   -2.821034e+00 -1.200000e+01 0.000000e+00
    endloop
  endfacet
  facet normal 0.000000e+00 -1.000000e+00 0.000000e+00
    outer loop
      vertex   -2.821034e+00 -1.200000e+01 0.000000e+00
      vertex   -3.000000e+00 -1.200000e+01 2.998000e+00
      vertex   -3.000000e+00 -1.200000e+01 0.000000e+00
    endloop
  endfacet
  facet normal 0.000000e+00 -1.000000e+00 0.000000e+00
    outer loop
      vertex   4.627233e+00 -1.200000e+01 0.000000e+00
      vertex   5.835324e+00 -1.200000e+01 0.000000e+00
      vertex   2.452489e+00 -1.200000e+01 3.000000e+00
    endloop
  endfacet
  facet normal 0.000000e+00 -1.000000e+00 0.000000e+00
    outer loop
      vertex   2.452489e+00 -1.200000e+01 3.000000e+00
      vertex   5.835324e+00 -1.200000e+01 0.000000e+00
      vertex   6.393852e+00 -1.200000e+01 0.000000e+00
    endloop
  endfacet
  facet normal 0.000000e+00 -1.000000e+00 0.000000e+00
    outer loop
      vertex   2.452489e+00 -1.200000e+01 3.000000e+00
      vertex   6.393852e+00 -1.200000e+01 0.000000e+00
      vertex   7.351611e+00 -1.200000e+01 0.000000e+00
    endloop
  endfacet
  facet normal 0.000000e+00 -1.000000e+00 0.000000e+00
    outer loop
      vertex   7.351611e+00 -1.200000e+01 0.000000e+00
      vertex   1.194544e+01 -1.200000e+01 0.000000e+00
      vertex   2.452489e+00 -1.200000e+01 3.000000e+00
    endloop
  endfacet
  facet normal 0.000000e+00 -1.000000e+00 0.000000e+00
    outer loop
      vertex   2.452489e+00 -1.200000e+01 3.000000e+00
      vertex   1.194544e+01 -1.200000e+01 0.000000e+00
      vertex   1.240950e+01 -1.200000e+01 0.000000e+00
    endloop
  endfacet
  facet normal 0.000000e+00 -1.000000e+00 0.000000e+00
    outer loop
      vertex   2.452489e+00 -1.200000e+01 3.000000e+00
      vertex   1.240950e+01 -1.200000e+01 0.000000e+00
      vertex   1.282093e+01 -1.200000e+01 0.000000e+00
    endloop
  endfacet
  facet normal 0.000000e+00 -1.000000e+00 0.000000e+00
    outer loop
      vertex   1.282093e+01 -1.200000e+01 0.000000e+00
      vertex   1.313249e+01 -1.200000e+01 0.000000e+00
      vertex   2.452489e+00 -1.200000e+01 3.000000e+00
    endloop
  endfacet
  facet normal 0.000000e+00 -1.000000e+00 0.000000e+00
    outer loop
      vertex   2.452489e+00 -1.200000e+01 3.000000e+00
      vertex   1.313249e+01 -1.200000e+01 0.000000e+00
      vertex   3.446701e+01 -1.200000e+01 3.000000e+00
    endloop
  endfacet
  facet normal 0.000000e+00 -1.000000e+00 -0.000000e+00
    outer loop
      vertex   3.446701e+01 -1.200000e+01 3.000000e+00
      vertex   1.313249e+01 -1.200000e+01 0.000000e+00
      vertex   3.660936e+01 -1.200000e+01 0.000000e+00
    endloop
  endfacet
  facet normal 0.000000e+00 -1.000000e+00 0.000000e+00
    outer loop
      vertex   3.446701e+01 -1.200000e+01 3.000000e+00
      vertex   3.660936e+01 -1.200000e+01 0.000000e+00
      vertex   3.693466e+01 -1.200000e+01 0.000000e+00
    endloop
  endfacet
  facet normal 0.000000e+00 -1.000000e+00 0.000000e+00
    outer loop
      vertex   3.693466e+01 -1.200000e+01 0.000000e+00
      vertex   3.738709e+01 -1.200000e+01 0.000000e+00
      vertex   3.446701e+01 -1.200000e+01 3.000000e+00
    endloop
  endfacet
  facet normal 0.000000e+00 -1.000000e+00 0.000000e+00
    outer loop
      vertex   3.446701e+01 -1.200000e+01 3.000000e+00
      vertex   3.738709e+01 -1.200000e+01 0.000000e+00
      vertex   4.020996e+01 -1.200000e+01 3.000000e+00
    endloop
  endfacet
  facet normal 0.000000e+00 -1.000000e+00 0.000000e+00
    outer loop
      vertex   4.020996e+01 -1.200000e+01 3.000000e+00
      vertex   3.738709e+01 -1.200000e+01 0.000000e+00
      vertex   3.791191e+01 -1.200000e+01 0.000000e+00
    endloop
  endfacet
  facet normal 0.000000e+00 -1.000000e+00 -0.000000e+00
    outer loop
      vertex   4.020996e+01 -1.200000e+01 3.000000e+00
      vertex   3.791191e+01 -1.200000e+01 0.000000e+00
      vertex   4.161600e+01 -1.200000e+01 0.000000e+00
    endloop
  endfacet
  facet normal 0.000000e+00 -1.000000e+00 0.000000e+00
    outer loop
      vertex   4.020996e+01 -1.200000e+01 3.000000e+00
      vertex   4.161600e+01 -1.200000e+01 0.000000e+00
      vertex   4.117547e+01 -1.200000e+01 3.000000e+00
    endloop
  endfacet
  facet normal 0.000000e+00 -1.000000e+00 0.000000e+00
    outer loop
      vertex   4.117547e+01 -1.200000e+01 3.000000e+00
      vertex   4.161600e+01 -1.200000e+01 0.000000e+00
      vertex   4.214620e+01 -1.200000e+01 0.000000e+00
    endloop
  endfacet
  facet normal 0.000000e+00 -1.000000e+00 0.000000e+00
    outer loop
      vertex   4.117547e+01 -1.200000e+01 3.000000e+00
      vertex   4.214620e+01 -1.200000e+01 0.000000e+00
      vertex   4.516394e+01 -1.200000e+01 3.000000e+00
    endloop
  endfacet
  facet normal 0.000000e+00 -1.000000e+00 -0.000000e+00
    outer loop
      vertex   4.516394e+01 -1.200000e+01 3.000000e+00
      vertex   4.214620e+01 -1.200000e+01 0.000000e+00
      vertex   4.722218e+01 -1.200000e+01 3.000000e+00
    endloop
  endfacet
  facet normal 0.000000e+00 -1.000000e+00 -0.000000e+00
    outer loop
      vertex   4.722218e+01 -1.200000e+01 3.000000e+00
      vertex   4.214620e+01 -1.200000e+01 0.000000e+00
      vertex   5.500000e+01 -1.200000e+01 0.000000e+00
    endloop
  endfacet
  facet normal 0.000000e+00 -1.000000e+00 0.000000e+00
    outer loop
      vertex   4.722218e+01 -1.200000e+01 3.000000e+00
      vertex   5.500000e+01 -1.200000e+01 0.000000e+00
      vertex   5.500000e+01 -1.200000e+01 3.000000e+00
    endloop
  endfacet
  facet normal 0.000000e+00 0.000000e+00 1.000000e+00
    outer loop
      vertex   4.736172e+01 2.347903e+01 3.000000e+00
      vertex   4.736172e+01 2.200000e+01 3.000000e+00
      vertex   4.979800e+01 2.150300e+01 3.000000e+00
    endloop
  endfacet
  facet normal 0.000000e+00 0.000000e+00 1.000000e+00
    outer loop
      vertex   4.979800e+01 2.150300e+01 3.000000e+00
      vertex   4.736172e+01 2.200000e+01 3.000000e+00
      vertex   3.500300e+01 -9.003000e+00 3.000000e+00
    endloop
  endfacet
  facet normal 0.000000e+00 0.000000e+00 1.000000e+00
    outer loop
      vertex   3.500300e+01 -9.003000e+00 3.000000e+00
      vertex   4.736172e+01 2.200000e+01 3.000000e+00
      vertex   4.336172e+01 2.200000e+01 3.000000e+00
    endloop
  endfacet
  facet normal 0.000000e+00 0.000000e+00 1.000000e+00
    outer loop
      vertex   3.500300e+01 -9.003000e+00 3.000000e+00
      vertex   4.336172e+01 2.200000e+01 3.000000e+00
      vertex   3.500300e+01 3.350300e+01 3.000000e+00
    endloop
  endfacet
  facet normal 0.000000e+00 0.000000e+00 1.000000e+00
    outer loop
      vertex   3.500300e+01 3.350300e+01 3.000000e+00
      vertex   4.336172e+01 2.200000e+01 3.000000e+00
      vertex   4.336172e+01 2.672337e+01 3.000000e+00
    endloop
  endfacet
  facet normal 0.000000e+00 -0.000000e+00 1.000000e+00
    outer loop
      vertex   4.336172e+01 2.672337e+01 3.000000e+00
      vertex   4.336172e+01 2.928472e+01 3.000000e+00
      vertex   3.500300e+01 3.350300e+01 3.000000e+00
    endloop
  endfacet
  facet normal 0.000000e+00 -0.000000e+00 1.000000e+00
    outer loop
      vertex   4.336172e+01 2.928472e+01 3.000000e+00
      vertex   4.336172e+01 2.945391e+01 3.000000e+00
      vertex   3.500300e+01 3.350300e+01 3.000000e+00
    endloop
  endfacet
  facet normal 0.000000e+00 -0.000000e+00 1.000000e+00
    outer loop
      vertex   4.336172e+01 2.945391e+01 3.000000e+00
      vertex   4.336172e+01 2.965163e+01 3.000000e+00
      vertex   3.500300e+01 3.350300e+01 3.000000e+00
    endloop
  endfacet
  facet normal 0.000000e+00 -0.000000e+00 1.000000e+00
    outer loop
      vertex   4.336172e+01 2.965163e+01 3.000000e+00
      vertex   4.336172e+01 2.985369e+01 3.000000e+00
      vertex   3.500300e+01 3.350300e+01 3.000000e+00
    endloop
  endfacet
  facet normal 0.000000e+00 -0.000000e+00 1.000000e+00
    outer loop
      vertex   4.336172e+01 2.985369e+01 3.000000e+00
      vertex   4.336172e+01 3.003763e+01 3.000000e+00
      vertex   3.500300e+01 3.350300e+01 3.000000e+00
    endloop
  endfacet
  facet normal 0.000000e+00 -0.000000e+00 1.000000e+00
    outer loop
      vertex   4.336172e+01 3.003763e+01 3.000000e+00
      vertex   4.336172e+01 3.552784e+01 3.000000e+00
      vertex   3.500300e+01 3.350300e+01 3.000000e+00
    endloop
  endfacet
  facet normal 0.000000e+00 0.000000e+00 -1.000000e+00
    outer loop
      vertex   4.336172e+01 2.221491e+01 0.000000e+00
      vertex   2.480900e+01 2.426700e+01 0.000000e+00
      vertex   4.336172e+01 2.231055e+01 0.000000e+00
    endloop
  endfacet
  facet normal 0.000000e+00 0.000000e+00 -1.000000e+00
    outer loop
      vertex   4.336172e+01 2.231055e+01 0.000000e+00
      vertex   2.480900e+01 2.426700e+01 0.000000e+00
      vertex   2.498700e+01 2.461600e+01 0.000000e+00
    endloop
  endfacet
  facet normal 0.000000e+00 0.000000e+00 -1.000000e+00
    outer loop
      vertex   4.530468e+01 2.200000e+01 0.000000e+00
      vertex   4.583685e+01 2.200000e+01 0.000000e+00
      vertex   4.979800e+01 2.150300e+01 0.000000e+00
    endloop
  endfacet
  facet normal 0.000000e+00 0.000000e+00 -1.000000e+00
    outer loop
      vertex   4.336172e+01 2.231055e+01 0.000000e+00
      vertex   2.498700e+01 2.461600e+01 0.000000e+00
      vertex   4.336172e+01 2.241292e+01 0.000000e+00
    endloop
  endfacet
  facet normal 0.000000e+00 0.000000e+00 -1.000000e+00
    outer loop
      vertex   4.336172e+01 2.241292e+01 0.000000e+00
      vertex   2.498700e+01 2.461600e+01 0.000000e+00
      vertex   2.504800e+01 2.500200e+01 0.000000e+00
    endloop
  endfacet
  facet normal 0.000000e+00 0.000000e+00 -1.000000e+00
    outer loop
      vertex   4.583685e+01 2.200000e+01 0.000000e+00
      vertex   4.628250e+01 2.200000e+01 0.000000e+00
      vertex   4.979800e+01 2.150300e+01 0.000000e+00
    endloop
  endfacet
  facet normal 0.000000e+00 0.000000e+00 -1.000000e+00
    outer loop
      vertex   4.336172e+01 2.241292e+01 0.000000e+00
      vertex   2.504800e+01 2.500200e+01 0.000000e+00
      vertex   4.336172e+01 2.251108e+01 0.000000e+00
    endloop
  endfacet
  facet normal 0.000000e+00 0.000000e+00 -1.000000e+00
    outer loop
      vertex   4.336172e+01 2.251108e+01 0.000000e+00
      vertex   2.504800e+01 2.500200e+01 0.000000e+00
      vertex   2.498700e+01 2.538900e+01 0.000000e+00
    endloop
  endfacet
  facet normal 0.000000e+00 0.000000e+00 -1.000000e+00
    outer loop
      vertex   4.628250e+01 2.200000e+01 0.000000e+00
      vertex   4.662480e+01 2.200000e+01 0.000000e+00
      vertex   4.979800e+01 2.150300e+01 0.000000e+00
    endloop
  endfacet
  facet normal 0.000000e+00 0.000000e+00 -1.000000e+00
    outer loop
      vertex   4.336172e+01 2.251108e+01 0.000000e+00
      vertex   2.498700e+01 2.538900e+01 0.000000e+00
      vertex   4.336172e+01 3.020231e+01 0.000000e+00
    endloop
  endfacet
  facet normal -0.000000e+00 0.000000e+00 -1.000000e+00
    outer loop
      vertex   4.336172e+01 3.020231e+01 0.000000e+00
      vertex   2.498700e+01 2.538900e+01 0.000000e+00
      vertex   3.500300e+01 4.150000e+01 0.000000e+00
    endloop
  endfacet
  facet normal 0.000000e+00 0.000000e+00 -1.000000e+00
    outer loop
      vertex   4.662480e+01 2.200000e+01 0.000000e+00
      vertex   4.736172e+01 2.200000e+01 0.000000e+00
      vertex   4.979800e+01 2.150300e+01 0.000000e+00
    endloop
  endfacet
  facet normal 0.000000e+00 0.000000e+00 -1.000000e+00
    outer loop
      vertex   4.979800e+01 2.150300e+01 0.000000e+00
      vertex   4.736172e+01 2.200000e+01 0.000000e+00
      vertex   4.736172e+01 2.479589e+01 0.000000e+00
    endloop
  endfacet
  facet normal -0.000000e+00 -0.000000e+00 -1.000000e+00
    outer loop
      vertex   4.336172e+01 3.364188e+01 0.000000e+00
      vertex   4.336172e+01 3.020231e+01 0.000000e+00
      vertex   3.500300e+01 4.150000e+01 0.000000e+00
    endloop
  endfacet
  facet normal 0.000000e+00 0.000000e+00 -1.000000e+00
    outer loop
      vertex   4.736172e+01 2.988144e+01 0.000000e+00
      vertex   5.255200e+01 2.500200e+01 0.000000e+00
      vertex   4.736172e+01 2.479589e+01 0.000000e+00
    endloop
  endfacet
  facet normal 0.000000e+00 0.000000e+00 -1.000000e+00
    outer loop
      vertex   4.736172e+01 2.479589e+01 0.000000e+00
      vertex   5.255200e+01 2.500200e+01 0.000000e+00
      vertex   4.979800e+01 2.150300e+01 0.000000e+00
    endloop
  endfacet
  facet normal -0.000000e+00 -0.000000e+00 -1.000000e+00
    outer loop
      vertex   4.336172e+01 3.385279e+01 0.000000e+00
      vertex   4.336172e+01 3.364188e+01 0.000000e+00
      vertex   3.500300e+01 4.150000e+01 0.000000e+00
    endloop
  endfacet
  facet normal 0.000000e+00 0.000000e+00 -1.000000e+00
    outer loop
      vertex   4.736172e+01 3.019328e+01 0.000000e+00
      vertex   5.261300e+01 2.538900e+01 0.000000e+00
      vertex   4.736172e+01 2.988144e+01 0.000000e+00
    endloop
  endfacet
  facet normal 0.000000e+00 0.000000e+00 -1.000000e+00
    outer loop
      vertex   4.736172e+01 2.988144e+01 0.000000e+00
      vertex   5.261300e+01 2.538900e+01 0.000000e+00
      vertex   5.255200e+01 2.500200e+01 0.000000e+00
    endloop
  endfacet
  facet normal -0.000000e+00 -0.000000e+00 -1.000000e+00
    outer loop
      vertex   4.336172e+01 3.409284e+01 0.000000e+00
      vertex   4.336172e+01 3.385279e+01 0.000000e+00
      vertex   3.500300e+01 4.150000e+01 0.000000e+00
    endloop
  endfacet
  facet normal 0.000000e+00 0.000000e+00 -1.000000e+00
    outer loop
      vertex   4.736172e+01 3.054821e+01 0.000000e+00
      vertex   5.279100e+01 2.573700e+01 0.000000e+00
      vertex   4.736172e+01 3.019328e+01 0.000000e+00
    endloop
  endfacet
  facet normal 0.000000e+00 0.000000e+00 -1.000000e+00
    outer loop
      vertex   4.736172e+01 3.019328e+01 0.000000e+00
      vertex   5.279100e+01 2.573700e+01 0.000000e+00
      vertex   5.261300e+01 2.538900e+01 0.000000e+00
    endloop
  endfacet
  facet normal -0.000000e+00 -0.000000e+00 -1.000000e+00
    outer loop
      vertex   4.336172e+01 3.433419e+01 0.000000e+00
      vertex   4.336172e+01 3.409284e+01 0.000000e+00
      vertex   3.500300e+01 4.150000e+01 0.000000e+00
    endloop
  endfacet
  facet normal 0.000000e+00 0.000000e+00 -1.000000e+00
    outer loop
      vertex   4.736172e+01 3.090505e+01 0.000000e+00
      vertex   5.306700e+01 2.601400e+01 0.000000e+00
      vertex   4.736172e+01 3.054821e+01 0.000000e+00
    endloop
  endfacet
  facet normal 0.000000e+00 0.000000e+00 -1.000000e+00
    outer loop
      vertex   4.736172e+01 3.054821e+01 0.000000e+00
      vertex   5.306700e+01 2.601400e+01 0.000000e+00
      vertex   5.279100e+01 2.573700e+01 0.000000e+00
    endloop
  endfacet
  facet normal 0.000000e+00 0.000000e+00 -1.000000e+00
    outer loop
      vertex   5.341600e+01 2.619100e+01 0.000000e+00
      vertex   4.736172e+01 3.122467e+01 0.000000e+00
      vertex   5.778700e+01 4.150000e+01 0.000000e+00
    endloop
  endfacet
  facet normal 0.000000e+00 0.000000e+00 -1.000000e+00
    outer loop
      vertex   5.778700e+01 4.150000e+01 0.000000e+00
      vertex   4.736172e+01 3.122467e+01 0.000000e+00
      vertex   4.736172e+01 3.600000e+01 0.000000e+00
    endloop
  endfacet
  facet normal -0.000000e+00 0.000000e+00 -1.000000e+00
    outer loop
      vertex   5.778700e+01 4.150000e+01 0.000000e+00
      vertex   4.736172e+01 3.600000e+01 0.000000e+00
      vertex   3.500300e+01 4.150000e+01 0.000000e+00
    endloop
  endfacet
  facet normal 0.000000e+00 0.000000e+00 -1.000000e+00
    outer loop
      vertex   3.500300e+01 4.150000e+01 0.000000e+00
      vertex   4.736172e+01 3.600000e+01 0.000000e+00
      vertex   4.336172e+01 3.600000e+01 0.000000e+00
    endloop
  endfacet
  facet normal 0.000000e+00 0.000000e+00 -1.000000e+00
    outer loop
      vertex   3.500300e+01 4.150000e+01 0.000000e+00
      vertex   4.336172e+01 3.600000e+01 0.000000e+00
      vertex   4.336172e+01 3.455036e+01 0.000000e+00
    endloop
  endfacet
  facet normal -0.000000e+00 -0.000000e+00 -1.000000e+00
    outer loop
      vertex   4.336172e+01 3.455036e+01 0.000000e+00
      vertex   4.336172e+01 3.433419e+01 0.000000e+00
      vertex   3.500300e+01 4.150000e+01 0.000000e+00
    endloop
  endfacet
  facet normal 0.000000e+00 0.000000e+00 -1.000000e+00
    outer loop
      vertex   4.736172e+01 3.122467e+01 0.000000e+00
      vertex   5.341600e+01 2.619100e+01 0.000000e+00
      vertex   4.736172e+01 3.090505e+01 0.000000e+00
    endloop
  endfacet
  facet normal 0.000000e+00 0.000000e+00 -1.000000e+00
    outer loop
      vertex   4.736172e+01 3.090505e+01 0.000000e+00
      vertex   5.341600e+01 2.619100e+01 0.000000e+00
      vertex   5.306700e+01 2.601400e+01 0.000000e+00
    endloop
  endfacet
  facet normal 0.000000e+00 0.000000e+00 -1.000000e+00
    outer loop
      vertex   -2.113480e+00 -1.200000e+01 0.000000e+00
      vertex   -2.821034e+00 -1.200000e+01 0.000000e+00
      vertex   8.273000e+00 -3.094000e+00 0.000000e+00
    endloop
  endfacet
  facet normal 0.000000e+00 0.000000e+00 -1.000000e+00
    outer loop
      vertex   -1.449342e+00 -1.200000e+01 0.000000e+00
      vertex   -2.113480e+00 -1.200000e+01 0.000000e+00
      vertex   8.273000e+00 -3.094000e+00 0.000000e+00
    endloop
  endfacet
  facet normal 0.000000e+00 0.000000e+00 -1.000000e+00
    outer loop
      vertex   -8.277134e-01 -1.200000e+01 0.000000e+00
      vertex   -1.449342e+00 -1.200000e+01 0.000000e+00
      vertex   8.273000e+00 -3.094000e+00 0.000000e+00
    endloop
  endfacet
  facet normal 0.000000e+00 0.000000e+00 -1.000000e+00
    outer loop
      vertex   -2.480383e-01 -1.200000e+01 0.000000e+00
      vertex   -8.277134e-01 -1.200000e+01 0.000000e+00
      vertex   8.273000e+00 -3.094000e+00 0.000000e+00
    endloop
  endfacet
  facet normal 0.000000e+00 0.000000e+00 -1.000000e+00
    outer loop
      vertex   2.934216e-01 -1.200000e+01 0.000000e+00
      vertex   -2.480383e-01 -1.200000e+01 0.000000e+00
      vertex   8.273000e+00 -3.094000e+00 0.000000e+00
    endloop
  endfacet
  facet normal 0.000000e+00 0.000000e+00 -1.000000e+00
    outer loop
      vertex   7.970012e-01 -1.200000e+01 0.000000e+00
      vertex   2.934216e-01 -1.200000e+01 0.000000e+00
      vertex   8.273000e+00 -3.094000e+00 0.000000e+00
    endloop
  endfacet
  facet normal 0.000000e+00 0.000000e+00 -1.000000e+00
    outer loop
      vertex   5.500000e+01 -1.695224e+01 0.000000e+00
      vertex   5.500000e+01 -1.200000e+01 0.000000e+00
      vertex   5.778700e+01 -1.802600e+01 0.000000e+00
    endloop
  endfacet
  facet normal 0.000000e+00 0.000000e+00 -1.000000e+00
    outer loop
      vertex   5.778700e+01 -1.802600e+01 0.000000e+00
      vertex   5.500000e+01 -1.200000e+01 0.000000e+00
      vertex   5.306700e+01 -6.014000e+00 0.000000e+00
    endloop
  endfacet
  facet normal 0.000000e+00 -0.000000e+00 -1.000000e+00
    outer loop
      vertex   5.306700e+01 -6.014000e+00 0.000000e+00
      vertex   5.500000e+01 -1.200000e+01 0.000000e+00
      vertex   4.214620e+01 -1.200000e+01 0.000000e+00
    endloop
  endfacet
  facet normal -0.000000e+00 0.000000e+00 -1.000000e+00
    outer loop
      vertex   5.306700e+01 -6.014000e+00 0.000000e+00
      vertex   4.214620e+01 -1.200000e+01 0.000000e+00
      vertex   2.498700e+01 -5.389000e+00 0.000000e+00
    endloop
  endfacet
  facet normal 0.000000e+00 0.000000e+00 -1.000000e+00
    outer loop
      vertex   1.264455e+00 -1.200000e+01 0.000000e+00
      vertex   7.970012e-01 -1.200000e+01 0.000000e+00
      vertex   8.273000e+00 -3.094000e+00 0.000000e+00
    endloop
  endfacet
  facet normal 0.000000e+00 0.000000e+00 -1.000000e+00
    outer loop
      vertex   1.696486e+00 -1.200000e+01 0.000000e+00
      vertex   1.264455e+00 -1.200000e+01 0.000000e+00
      vertex   8.273000e+00 -3.094000e+00 0.000000e+00
    endloop
  endfacet
  facet normal 0.000000e+00 0.000000e+00 -1.000000e+00
    outer loop
      vertex   4.214620e+01 -1.200000e+01 0.000000e+00
      vertex   4.161600e+01 -1.200000e+01 0.000000e+00
      vertex   2.498700e+01 -5.389000e+00 0.000000e+00
    endloop
  endfacet
  facet normal 0.000000e+00 -0.000000e+00 -1.000000e+00
    outer loop
      vertex   2.498700e+01 -5.389000e+00 0.000000e+00
      vertex   4.161600e+01 -1.200000e+01 0.000000e+00
      vertex   2.480900e+01 -5.737000e+00 0.000000e+00
    endloop
  endfacet
  facet normal 0.000000e+00 0.000000e+00 -1.000000e+00
    outer loop
      vertex   5.500000e+01 -1.698745e+01 0.000000e+00
      vertex   5.500000e+01 -1.695224e+01 0.000000e+00
      vertex   5.778700e+01 -1.802600e+01 0.000000e+00
    endloop
  endfacet
  facet normal 0.000000e+00 0.000000e+00 -1.000000e+00
    outer loop
      vertex   2.093574e+00 -1.200000e+01 0.000000e+00
      vertex   1.696486e+00 -1.200000e+01 0.000000e+00
      vertex   8.273000e+00 -3.094000e+00 0.000000e+00
    endloop
  endfacet
  facet normal -0.000000e+00 0.000000e+00 -1.000000e+00
    outer loop
      vertex   -1.375675e+00 -1.700000e+01 0.000000e+00
      vertex   -4.498000e+00 -2.150000e+01 0.000000e+00
      vertex   -1.995696e+00 -1.700000e+01 0.000000e+00
    endloop
  endfacet
  facet normal 0.000000e+00 0.000000e+00 -1.000000e+00
    outer loop
      vertex   -1.995696e+00 -1.700000e+01 0.000000e+00
      vertex   -4.498000e+00 -2.150000e+01 0.000000e+00
      vertex   -5.281000e+00 -2.144900e+01 0.000000e+00
    endloop
  endfacet
  facet normal 0.000000e+00 0.000000e+00 -1.000000e+00
    outer loop
      vertex   4.161600e+01 -1.200000e+01 0.000000e+00
      vertex   3.791191e+01 -1.200000e+01 0.000000e+00
      vertex   2.480900e+01 -5.737000e+00 0.000000e+00
    endloop
  endfacet
  facet normal 0.000000e+00 0.000000e+00 -1.000000e+00
    outer loop
      vertex   4.837248e+01 -1.700000e+01 0.000000e+00
      vertex   5.500000e+01 -1.700000e+01 0.000000e+00
      vertex   5.778700e+01 -2.150000e+01 0.000000e+00
    endloop
  endfacet
  facet normal 0.000000e+00 0.000000e+00 -1.000000e+00
    outer loop
      vertex   5.778700e+01 -2.150000e+01 0.000000e+00
      vertex   5.500000e+01 -1.700000e+01 0.000000e+00
      vertex   5.778700e+01 -1.802600e+01 0.000000e+00
    endloop
  endfacet
  facet normal 0.000000e+00 0.000000e+00 -1.000000e+00
    outer loop
      vertex   5.778700e+01 -1.802600e+01 0.000000e+00
      vertex   5.500000e+01 -1.700000e+01 0.000000e+00
      vertex   5.500000e+01 -1.698745e+01 0.000000e+00
    endloop
  endfacet
  facet normal 0.000000e+00 0.000000e+00 -1.000000e+00
    outer loop
      vertex   2.093574e+00 -1.200000e+01 0.000000e+00
      vertex   8.273000e+00 -3.094000e+00 0.000000e+00
      vertex   3.353471e+00 -1.200000e+01 0.000000e+00
    endloop
  endfacet
  facet normal 0.000000e+00 0.000000e+00 -1.000000e+00
    outer loop
      vertex   3.353471e+00 -1.200000e+01 0.000000e+00
      vertex   8.273000e+00 -3.094000e+00 0.000000e+00
      vertex   1.011400e+01 -3.820000e+00 0.000000e+00
    endloop
  endfacet
  facet normal 0.000000e+00 -0.000000e+00 -1.000000e+00
    outer loop
      vertex   -1.375675e+00 -1.700000e+01 0.000000e+00
      vertex   -7.788818e-01 -1.700000e+01 0.000000e+00
      vertex   -4.498000e+00 -2.150000e+01 0.000000e+00
    endloop
  endfacet
  facet normal 0.000000e+00 0.000000e+00 -1.000000e+00
    outer loop
      vertex   3.791191e+01 -1.200000e+01 0.000000e+00
      vertex   3.738709e+01 -1.200000e+01 0.000000e+00
      vertex   2.480900e+01 -5.737000e+00 0.000000e+00
    endloop
  endfacet
  facet normal 0.000000e+00 -0.000000e+00 -1.000000e+00
    outer loop
      vertex   2.480900e+01 -5.737000e+00 0.000000e+00
      vertex   3.738709e+01 -1.200000e+01 0.000000e+00
      vertex   2.453300e+01 -6.014000e+00 0.000000e+00
    endloop
  endfacet
  facet normal 0.000000e+00 0.000000e+00 -1.000000e+00
    outer loop
      vertex   4.812388e+01 -1.700000e+01 0.000000e+00
      vertex   4.837248e+01 -1.700000e+01 0.000000e+00
      vertex   5.778700e+01 -2.150000e+01 0.000000e+00
    endloop
  endfacet
  facet normal 0.000000e+00 0.000000e+00 -1.000000e+00
    outer loop
      vertex   3.353471e+00 -1.200000e+01 0.000000e+00
      vertex   1.011400e+01 -3.820000e+00 0.000000e+00
      vertex   4.627233e+00 -1.200000e+01 0.000000e+00
    endloop
  endfacet
  facet normal 0.000000e+00 0.000000e+00 -1.000000e+00
    outer loop
      vertex   4.627233e+00 -1.200000e+01 0.000000e+00
      vertex   1.011400e+01 -3.820000e+00 0.000000e+00
      vertex   1.203500e+01 -4.288000e+00 0.000000e+00
    endloop
  endfacet
  facet normal 0.000000e+00 -0.000000e+00 -1.000000e+00
    outer loop
      vertex   -7.788818e-01 -1.700000e+01 0.000000e+00
      vertex   -1.755210e-01 -1.700000e+01 0.000000e+00
      vertex   -4.498000e+00 -2.150000e+01 0.000000e+00
    endloop
  endfacet
  facet normal 0.000000e+00 0.000000e+00 -1.000000e+00
    outer loop
      vertex   3.738709e+01 -1.200000e+01 0.000000e+00
      vertex   3.693466e+01 -1.200000e+01 0.000000e+00
      vertex   2.453300e+01 -6.014000e+00 0.000000e+00
    endloop
  endfacet
  facet normal 0.000000e+00 -0.000000e+00 -1.000000e+00
    outer loop
      vertex   2.453300e+01 -6.014000e+00 0.000000e+00
      vertex   3.693466e+01 -1.200000e+01 0.000000e+00
      vertex   2.418400e+01 -6.191000e+00 0.000000e+00
    endloop
  endfacet
  facet normal 0.000000e+00 0.000000e+00 -1.000000e+00
    outer loop
      vertex   4.790957e+01 -1.700000e+01 0.000000e+00
      vertex   4.812388e+01 -1.700000e+01 0.000000e+00
      vertex   5.778700e+01 -2.150000e+01 0.000000e+00
    endloop
  endfacet
  facet normal 0.000000e+00 0.000000e+00 -1.000000e+00
    outer loop
      vertex   4.627233e+00 -1.200000e+01 0.000000e+00
      vertex   1.203500e+01 -4.288000e+00 0.000000e+00
      vertex   5.835324e+00 -1.200000e+01 0.000000e+00
    endloop
  endfacet
  facet normal 0.000000e+00 0.000000e+00 -1.000000e+00
    outer loop
      vertex   5.835324e+00 -1.200000e+01 0.000000e+00
      vertex   1.203500e+01 -4.288000e+00 0.000000e+00
      vertex   1.400300e+01 -4.491000e+00 0.000000e+00
    endloop
  endfacet
  facet normal 0.000000e+00 -0.000000e+00 -1.000000e+00
    outer loop
      vertex   -1.755210e-01 -1.700000e+01 0.000000e+00
      vertex   3.967327e-01 -1.700000e+01 0.000000e+00
      vertex   -4.498000e+00 -2.150000e+01 0.000000e+00
    endloop
  endfacet
  facet normal 0.000000e+00 0.000000e+00 -1.000000e+00
    outer loop
      vertex   3.693466e+01 -1.200000e+01 0.000000e+00
      vertex   3.660936e+01 -1.200000e+01 0.000000e+00
      vertex   2.418400e+01 -6.191000e+00 0.000000e+00
    endloop
  endfacet
  facet normal 0.000000e+00 -0.000000e+00 -1.000000e+00
    outer loop
      vertex   2.418400e+01 -6.191000e+00 0.000000e+00
      vertex   3.660936e+01 -1.200000e+01 0.000000e+00
      vertex   2.379800e+01 -6.253000e+00 0.000000e+00
    endloop
  endfacet
  facet normal 0.000000e+00 0.000000e+00 -1.000000e+00
    outer loop
      vertex   4.775548e+01 -1.700000e+01 0.000000e+00
      vertex   4.790957e+01 -1.700000e+01 0.000000e+00
      vertex   5.778700e+01 -2.150000e+01 0.000000e+00
    endloop
  endfacet
  facet normal 0.000000e+00 0.000000e+00 -1.000000e+00
    outer loop
      vertex   5.835324e+00 -1.200000e+01 0.000000e+00
      vertex   1.400300e+01 -4.491000e+00 0.000000e+00
      vertex   6.393852e+00 -1.200000e+01 0.000000e+00
    endloop
  endfacet
  facet normal 0.000000e+00 0.000000e+00 -1.000000e+00
    outer loop
      vertex   6.393852e+00 -1.200000e+01 0.000000e+00
      vertex   1.400300e+01 -4.491000e+00 0.000000e+00
      vertex   1.500300e+01 -4.491000e+00 0.000000e+00
    endloop
  endfacet
  facet normal 0.000000e+00 -0.000000e+00 -1.000000e+00
    outer loop
      vertex   3.967327e-01 -1.700000e+01 0.000000e+00
      vertex   6.612986e-01 -1.700000e+01 0.000000e+00
      vertex   -4.498000e+00 -2.150000e+01 0.000000e+00
    endloop
  endfacet
  facet normal 0.000000e+00 0.000000e+00 -1.000000e+00
    outer loop
      vertex   3.660936e+01 -1.200000e+01 0.000000e+00
      vertex   1.313249e+01 -1.200000e+01 0.000000e+00
      vertex   2.379800e+01 -6.253000e+00 0.000000e+00
    endloop
  endfacet
  facet normal 0.000000e+00 -0.000000e+00 -1.000000e+00
    outer loop
      vertex   3.853283e+00 -1.700000e+01 0.000000e+00
      vertex   4.775548e+01 -1.700000e+01 0.000000e+00
      vertex   -4.498000e+00 -2.150000e+01 0.000000e+00
    endloop
  endfacet
  facet normal 0.000000e+00 0.000000e+00 -1.000000e+00
    outer loop
      vertex   -4.498000e+00 -2.150000e+01 0.000000e+00
      vertex   4.775548e+01 -1.700000e+01 0.000000e+00
      vertex   5.778700e+01 -2.150000e+01 0.000000e+00
    endloop
  endfacet
  facet normal 0.000000e+00 0.000000e+00 -1.000000e+00
    outer loop
      vertex   6.393852e+00 -1.200000e+01 0.000000e+00
      vertex   1.500300e+01 -4.491000e+00 0.000000e+00
      vertex   7.351611e+00 -1.200000e+01 0.000000e+00
    endloop
  endfacet
  facet normal 0.000000e+00 0.000000e+00 -1.000000e+00
    outer loop
      vertex   7.351611e+00 -1.200000e+01 0.000000e+00
      vertex   1.500300e+01 -4.491000e+00 0.000000e+00
      vertex   1.697100e+01 -4.288000e+00 0.000000e+00
    endloop
  endfacet
  facet normal 0.000000e+00 -0.000000e+00 -1.000000e+00
    outer loop
      vertex   6.612986e-01 -1.700000e+01 0.000000e+00
      vertex   1.114974e+00 -1.700000e+01 0.000000e+00
      vertex   -4.498000e+00 -2.150000e+01 0.000000e+00
    endloop
  endfacet
  facet normal 0.000000e+00 0.000000e+00 -1.000000e+00
    outer loop
      vertex   1.282093e+01 -1.200000e+01 0.000000e+00
      vertex   2.341100e+01 -6.191000e+00 0.000000e+00
      vertex   1.313249e+01 -1.200000e+01 0.000000e+00
    endloop
  endfacet
  facet normal 0.000000e+00 0.000000e+00 -1.000000e+00
    outer loop
      vertex   1.313249e+01 -1.200000e+01 0.000000e+00
      vertex   2.341100e+01 -6.191000e+00 0.000000e+00
      vertex   2.379800e+01 -6.253000e+00 0.000000e+00
    endloop
  endfacet
  facet normal 0.000000e+00 -0.000000e+00 -1.000000e+00
    outer loop
      vertex   3.705704e+00 -1.700000e+01 0.000000e+00
      vertex   3.853283e+00 -1.700000e+01 0.000000e+00
      vertex   -4.498000e+00 -2.150000e+01 0.000000e+00
    endloop
  endfacet
  facet normal 0.000000e+00 0.000000e+00 -1.000000e+00
    outer loop
      vertex   7.351611e+00 -1.200000e+01 0.000000e+00
      vertex   1.697100e+01 -4.288000e+00 0.000000e+00
      vertex   1.194544e+01 -1.200000e+01 0.000000e+00
    endloop
  endfacet
  facet normal 0.000000e+00 0.000000e+00 -1.000000e+00
    outer loop
      vertex   1.194544e+01 -1.200000e+01 0.000000e+00
      vertex   1.697100e+01 -4.288000e+00 0.000000e+00
      vertex   2.278600e+01 -5.737000e+00 0.000000e+00
    endloop
  endfacet
  facet normal 0.000000e+00 -0.000000e+00 -1.000000e+00
    outer loop
      vertex   1.114974e+00 -1.700000e+01 0.000000e+00
      vertex   3.291000e+00 -1.700000e+01 0.000000e+00
      vertex   -4.498000e+00 -2.150000e+01 0.000000e+00
    endloop
  endfacet
  facet normal 0.000000e+00 0.000000e+00 -1.000000e+00
    outer loop
      vertex   1.240950e+01 -1.200000e+01 0.000000e+00
      vertex   2.306300e+01 -6.014000e+00 0.000000e+00
      vertex   1.282093e+01 -1.200000e+01 0.000000e+00
    endloop
  endfacet
  facet normal 0.000000e+00 0.000000e+00 -1.000000e+00
    outer loop
      vertex   1.282093e+01 -1.200000e+01 0.000000e+00
      vertex   2.306300e+01 -6.014000e+00 0.000000e+00
      vertex   2.341100e+01 -6.191000e+00 0.000000e+00
    endloop
  endfacet
  facet normal 0.000000e+00 -0.000000e+00 -1.000000e+00
    outer loop
      vertex   3.510815e+00 -1.700000e+01 0.000000e+00
      vertex   3.705704e+00 -1.700000e+01 0.000000e+00
      vertex   -4.498000e+00 -2.150000e+01 0.000000e+00
    endloop
  endfacet
  facet normal 0.000000e+00 0.000000e+00 -1.000000e+00
    outer loop
      vertex   1.194544e+01 -1.200000e+01 0.000000e+00
      vertex   2.278600e+01 -5.737000e+00 0.000000e+00
      vertex   1.240950e+01 -1.200000e+01 0.000000e+00
    endloop
  endfacet
  facet normal 0.000000e+00 0.000000e+00 -1.000000e+00
    outer loop
      vertex   1.240950e+01 -1.200000e+01 0.000000e+00
      vertex   2.278600e+01 -5.737000e+00 0.000000e+00
      vertex   2.306300e+01 -6.014000e+00 0.000000e+00
    endloop
  endfacet
  facet normal 0.000000e+00 -0.000000e+00 -1.000000e+00
    outer loop
      vertex   3.291000e+00 -1.700000e+01 0.000000e+00
      vertex   3.510815e+00 -1.700000e+01 0.000000e+00
      vertex   -4.498000e+00 -2.150000e+01 0.000000e+00
    endloop
  endfacet
  facet normal 0.000000e+00 0.000000e+00 1.000000e+00
    outer loop
      vertex   -1.049700e+01 -1.550000e+01 2.998000e+00
      vertex   -3.000000e+00 -1.203902e+01 2.998000e+00
      vertex   -1.049700e+01 -1.099800e+01 2.998000e+00
    endloop
  endfacet
  facet normal 0.000000e+00 0.000000e+00 1.000000e+00
    outer loop
      vertex   -1.049700e+01 -1.099800e+01 2.998000e+00
      vertex   -3.000000e+00 -1.203902e+01 2.998000e+00
      vertex   -3.000000e+00 -1.200000e+01 2.998000e+00
    endloop
  endfacet
  facet normal -0.000000e+00 0.000000e+00 1.000000e+00
    outer loop
      vertex   -1.049700e+01 -1.099800e+01 2.998000e+00
      vertex   -3.000000e+00 -1.200000e+01 2.998000e+00
      vertex   -7.450000e-01 -1.099800e+01 2.998000e+00
    endloop
  endfacet
  facet normal 0.000000e+00 0.000000e+00 1.000000e+00
    outer loop
      vertex   -7.450000e-01 -1.099800e+01 2.998000e+00
      vertex   -3.000000e+00 -1.200000e+01 2.998000e+00
      vertex   -2.915481e+00 -1.200000e+01 2.998000e+00
    endloop
  endfacet
  facet normal 0.000000e+00 0.000000e+00 1.000000e+00
    outer loop
      vertex   5.535200e+01 -1.500500e+01 3.000000e+00
      vertex   5.500000e+01 -1.547998e+01 3.000000e+00
      vertex   5.551100e+01 -1.751200e+01 3.000000e+00
    endloop
  endfacet
  facet normal 0.000000e+00 0.000000e+00 1.000000e+00
    outer loop
      vertex   5.551100e+01 -1.751200e+01 3.000000e+00
      vertex   5.500000e+01 -1.547998e+01 3.000000e+00
      vertex   5.500000e+01 -1.700000e+01 3.000000e+00
    endloop
  endfacet
  facet normal 0.000000e+00 0.000000e+00 1.000000e+00
    outer loop
      vertex   5.551100e+01 -1.751200e+01 3.000000e+00
      vertex   5.500000e+01 -1.700000e+01 3.000000e+00
      vertex   5.350300e+01 -1.750000e+01 3.000000e+00
    endloop
  endfacet
  facet normal 0.000000e+00 0.000000e+00 1.000000e+00
    outer loop
      vertex   5.350300e+01 -1.750000e+01 3.000000e+00
      vertex   5.500000e+01 -1.700000e+01 3.000000e+00
      vertex   5.387354e+01 -1.700000e+01 3.000000e+00
    endloop
  endfacet
  facet normal 0.000000e+00 0.000000e+00 1.000000e+00
    outer loop
      vertex   -2.915481e+00 -1.200000e+01 2.998000e+00
      vertex   -2.584433e+00 -1.200000e+01 2.998000e+00
      vertex   -7.450000e-01 -1.099800e+01 2.998000e+00
    endloop
  endfacet
  facet normal 0.000000e+00 0.000000e+00 1.000000e+00
    outer loop
      vertex   5.387354e+01 -1.700000e+01 3.000000e+00
      vertex   5.307394e+01 -1.700000e+01 3.000000e+00
      vertex   5.350300e+01 -1.750000e+01 3.000000e+00
    endloop
  endfacet
  facet normal 0.000000e+00 0.000000e+00 1.000000e+00
    outer loop
      vertex   5.350300e+01 -1.750000e+01 3.000000e+00
      vertex   5.307394e+01 -1.700000e+01 3.000000e+00
      vertex   5.250300e+01 -1.750000e+01 3.000000e+00
    endloop
  endfacet
  facet normal -0.000000e+00 0.000000e+00 1.000000e+00
    outer loop
      vertex   5.500000e+01 -1.531326e+01 3.000000e+00
      vertex   5.500000e+01 -1.547998e+01 3.000000e+00
      vertex   5.535200e+01 -1.500500e+01 3.000000e+00
    endloop
  endfacet
  facet normal 0.000000e+00 0.000000e+00 1.000000e+00
    outer loop
      vertex   -2.584433e+00 -1.200000e+01 2.998000e+00
      vertex   -2.325198e+00 -1.200000e+01 2.998000e+00
      vertex   -7.450000e-01 -1.099800e+01 2.998000e+00
    endloop
  endfacet
  facet normal 0.000000e+00 -0.000000e+00 1.000000e+00
    outer loop
      vertex   4.516394e+01 -1.200000e+01 3.000000e+00
      vertex   4.722218e+01 -1.200000e+01 3.000000e+00
      vertex   3.500300e+01 -9.003000e+00 3.000000e+00
    endloop
  endfacet
  facet normal 0.000000e+00 0.000000e+00 1.000000e+00
    outer loop
      vertex   -2.325198e+00 -1.200000e+01 2.998000e+00
      vertex   -1.738251e+00 -1.200000e+01 2.998000e+00
      vertex   -7.450000e-01 -1.099800e+01 2.998000e+00
    endloop
  endfacet
  facet normal 0.000000e+00 0.000000e+00 1.000000e+00
    outer loop
      vertex   5.307394e+01 -1.700000e+01 3.000000e+00
      vertex   5.147322e+01 -1.700000e+01 3.000000e+00
      vertex   5.250300e+01 -1.750000e+01 3.000000e+00
    endloop
  endfacet
  facet normal 0.000000e+00 -0.000000e+00 1.000000e+00
    outer loop
      vertex   4.117547e+01 -1.200000e+01 3.000000e+00
      vertex   4.516394e+01 -1.200000e+01 3.000000e+00
      vertex   3.500300e+01 -9.003000e+00 3.000000e+00
    endloop
  endfacet
  facet normal 0.000000e+00 0.000000e+00 1.000000e+00
    outer loop
      vertex   -1.738251e+00 -1.200000e+01 2.998000e+00
      vertex   -1.554754e+00 -1.200000e+01 2.998000e+00
      vertex   -7.450000e-01 -1.099800e+01 2.998000e+00
    endloop
  endfacet
  facet normal 0.000000e+00 -0.000000e+00 1.000000e+00
    outer loop
      vertex   4.020996e+01 -1.200000e+01 3.000000e+00
      vertex   4.117547e+01 -1.200000e+01 3.000000e+00
      vertex   3.500300e+01 -9.003000e+00 3.000000e+00
    endloop
  endfacet
  facet normal -0.000000e+00 0.000000e+00 1.000000e+00
    outer loop
      vertex   4.889691e+01 -1.700000e+01 3.000000e+00
      vertex   5.150300e+01 -1.850000e+01 3.000000e+00
      vertex   5.147322e+01 -1.700000e+01 3.000000e+00
    endloop
  endfacet
  facet normal 0.000000e+00 0.000000e+00 1.000000e+00
    outer loop
      vertex   5.147322e+01 -1.700000e+01 3.000000e+00
      vertex   5.150300e+01 -1.850000e+01 3.000000e+00
      vertex   5.250300e+01 -1.750000e+01 3.000000e+00
    endloop
  endfacet
  facet normal 0.000000e+00 0.000000e+00 1.000000e+00
    outer loop
      vertex   -1.554754e+00 -1.200000e+01 2.998000e+00
      vertex   -1.179894e+00 -1.200000e+01 2.998000e+00
      vertex   -7.450000e-01 -1.099800e+01 2.998000e+00
    endloop
  endfacet
  facet normal 0.000000e+00 0.000000e+00 1.000000e+00
    outer loop
      vertex   3.446701e+01 -1.200000e+01 3.000000e+00
      vertex   4.020996e+01 -1.200000e+01 3.000000e+00
      vertex   3.500300e+01 -9.003000e+00 3.000000e+00
    endloop
  endfacet
  facet normal 0.000000e+00 0.000000e+00 1.000000e+00
    outer loop
      vertex   4.889691e+01 -1.700000e+01 3.000000e+00
      vertex   3.357279e+01 -1.700000e+01 3.000000e+00
      vertex   5.150300e+01 -1.850000e+01 3.000000e+00
    endloop
  endfacet
  facet normal 0.000000e+00 0.000000e+00 1.000000e+00
    outer loop
      vertex   5.150300e+01 -1.850000e+01 3.000000e+00
      vertex   3.357279e+01 -1.700000e+01 3.000000e+00
      vertex   3.276800e+01 -2.150000e+01 3.000000e+00
    endloop
  endfacet
  facet normal 0.000000e+00 0.000000e+00 1.000000e+00
    outer loop
      vertex   -1.179894e+00 -1.200000e+01 2.998000e+00
      vertex   -1.103075e+00 -1.200000e+01 2.998000e+00
      vertex   -7.450000e-01 -1.099800e+01 2.998000e+00
    endloop
  endfacet
  facet normal 0.000000e+00 -0.000000e+00 1.000000e+00
    outer loop
      vertex   2.452489e+00 -1.200000e+01 3.000000e+00
      vertex   3.446701e+01 -1.200000e+01 3.000000e+00
      vertex   -7.450000e-01 -1.099800e+01 3.000000e+00
    endloop
  endfacet
  facet normal -0.000000e+00 0.000000e+00 1.000000e+00
    outer loop
      vertex   -7.450000e-01 -1.099800e+01 3.000000e+00
      vertex   3.446701e+01 -1.200000e+01 3.000000e+00
      vertex   3.500300e+01 -9.003000e+00 3.000000e+00
    endloop
  endfacet
  facet normal 0.000000e+00 0.000000e+00 1.000000e+00
    outer loop
      vertex   3.357279e+01 -1.700000e+01 3.000000e+00
      vertex   1.840802e+01 -1.700000e+01 3.000000e+00
      vertex   3.276800e+01 -2.150000e+01 3.000000e+00
    endloop
  endfacet
  facet normal 0.000000e+00 0.000000e+00 1.000000e+00
    outer loop
      vertex   -1.103075e+00 -1.200000e+01 2.998000e+00
      vertex   -7.450000e-01 -1.200000e+01 2.998000e+00
      vertex   -7.450000e-01 -1.099800e+01 2.998000e+00
    endloop
  endfacet
  facet normal 0.000000e+00 0.000000e+00 1.000000e+00
    outer loop
      vertex   -7.450000e-01 -1.200000e+01 3.000000e+00
      vertex   2.452489e+00 -1.200000e+01 3.000000e+00
      vertex   -7.450000e-01 -1.099800e+01 3.000000e+00
    endloop
  endfacet
  facet normal -0.000000e+00 0.000000e+00 1.000000e+00
    outer loop
      vertex   -7.450000e-01 -1.700000e+01 3.000000e+00
      vertex   -7.450000e-01 -2.150000e+01 3.000000e+00
      vertex   1.840802e+01 -1.700000e+01 3.000000e+00
    endloop
  endfacet
  facet normal 0.000000e+00 0.000000e+00 1.000000e+00
    outer loop
      vertex   1.840802e+01 -1.700000e+01 3.000000e+00
      vertex   -7.450000e-01 -2.150000e+01 3.000000e+00
      vertex   3.276800e+01 -2.150000e+01 3.000000e+00
    endloop
  endfacet
  facet normal -1.000000e+00 0.000000e+00 0.000000e+00
    outer loop
      vertex   -7.450000e-01 -1.200000e+01 2.998000e+00
      vertex   -7.450000e-01 -1.200000e+01 2.999809e+00
      vertex   -7.450000e-01 -1.099800e+01 2.998000e+00
    endloop
  endfacet
  facet normal -1.000000e+00 0.000000e+00 0.000000e+00
    outer loop
      vertex   -7.450000e-01 -1.099800e+01 2.998000e+00
      vertex   -7.450000e-01 -1.200000e+01 2.999809e+00
      vertex   -7.450000e-01 -1.099800e+01 3.000000e+00
    endloop
  endfacet
  facet normal -1.000000e+00 0.000000e+00 -0.000000e+00
    outer loop
      vertex   -7.450000e-01 -1.700000e+01 2.998857e+00
      vertex   -7.450000e-01 -1.700000e+01 2.998000e+00
      vertex   -7.450000e-01 -2.150000e+01 2.998000e+00
    endloop
  endfacet
  facet normal -1.000000e+00 0.000000e+00 0.000000e+00
    outer loop
      vertex   -7.450000e-01 -1.200000e+01 2.999809e+00
      vertex   -7.450000e-01 -1.200000e+01 3.000000e+00
      vertex   -7.450000e-01 -1.099800e+01 3.000000e+00
    endloop
  endfacet
  facet normal 0.000000e+00 1.000000e+00 0.000000e+00
    outer loop
      vertex   4.979800e+01 -1.503000e+00 0.000000e+00
      vertex   5.780300e+01 -1.503000e+00 3.000000e+00
      vertex   5.780300e+01 -1.503000e+00 0.000000e+00
    endloop
  endfacet
  facet normal 1.000000e+00 0.000000e+00 -0.000000e+00
    outer loop
      vertex   5.780300e+01 -1.503000e+00 0.000000e+00
      vertex   5.780300e+01 -1.503000e+00 3.000000e+00
      vertex   5.780300e+01 -1.802600e+01 0.000000e+00
    endloop
  endfacet
  facet normal 0.000000e+00 0.000000e+00 1.000000e+00
    outer loop
      vertex   5.505300e+01 -5.002000e+00 3.000000e+00
      vertex   5.499100e+01 -5.389000e+00 3.000000e+00
      vertex   5.774900e+01 -7.000000e+00 3.000000e+00
    endloop
  endfacet
  facet normal 0.000000e+00 -0.000000e+00 1.000000e+00
    outer loop
      vertex   5.481400e+01 -4.267000e+00 3.000000e+00
      vertex   5.780300e+01 -1.503000e+00 3.000000e+00
      vertex   5.453700e+01 -3.991000e+00 3.000000e+00
    endloop
  endfacet
  facet normal 0.000000e+00 1.000000e+00 0.000000e+00
    outer loop
      vertex   5.780300e+01 -1.503000e+00 3.000000e+00
      vertex   4.979800e+01 -1.503000e+00 0.000000e+00
      vertex   4.979800e+01 -1.503000e+00 3.000000e+00
    endloop
  endfacet
  facet normal -0.000000e+00 0.000000e+00 1.000000e+00
    outer loop
      vertex   4.979800e+01 -1.503000e+00 3.000000e+00
      vertex   5.380200e+01 -3.752000e+00 3.000000e+00
      vertex   5.780300e+01 -1.503000e+00 3.000000e+00
    endloop
  endfacet
  facet normal 1.000000e+00 -0.000000e+00 0.000000e+00
    outer loop
      vertex   5.774900e+01 -1.500600e+01 8.314000e+00
      vertex   5.774900e+01 -1.500600e+01 3.000000e+00
      vertex   5.774900e+01 -7.000000e+00 8.314000e+00
    endloop
  endfacet
  facet normal 0.000000e+00 1.000000e+00 0.000000e+00
    outer loop
      vertex   5.774900e+01 -7.000000e+00 8.314000e+00
      vertex   5.774900e+01 -7.000000e+00 3.000000e+00
      vertex   5.624900e+01 -7.000000e+00 5.000000e+00
    endloop
  endfacet
  facet normal 0.000000e+00 1.000000e+00 0.000000e+00
    outer loop
      vertex   5.535300e+01 -7.000000e+00 3.000000e+00
      vertex   5.624900e+01 -7.000000e+00 5.000000e+00
      vertex   5.774900e+01 -7.000000e+00 3.000000e+00
    endloop
  endfacet
  facet normal 9.289974e-01 0.000000e+00 3.700863e-01
    outer loop
      vertex   5.827800e+01 -7.000000e+00 9.391000e+00
      vertex   5.818000e+01 -1.500600e+01 9.637000e+00
      vertex   5.827800e+01 -1.500600e+01 9.391000e+00
    endloop
  endfacet
  facet normal 9.289974e-01 0.000000e+00 3.700863e-01
    outer loop
      vertex   5.827800e+01 -7.000000e+00 9.391000e+00
      vertex   5.818000e+01 -7.000000e+00 9.637000e+00
      vertex   5.818000e+01 -1.500600e+01 9.637000e+00
    endloop
  endfacet
  facet normal 6.829757e-01 0.000000e+00 -7.304411e-01
    outer loop
      vertex   5.810300e+01 -1.500600e+01 8.645000e+00
      vertex   5.774900e+01 -1.500600e+01 8.314000e+00
      vertex   5.810300e+01 -7.000000e+00 8.645000e+00
    endloop
  endfacet
  facet normal 6.829757e-01 0.000000e+00 -7.304411e-01
    outer loop
      vertex   5.774900e+01 -7.000000e+00 8.314000e+00
      vertex   5.810300e+01 -7.000000e+00 8.645000e+00
      vertex   5.774900e+01 -1.500600e+01 8.314000e+00
    endloop
  endfacet
  facet normal 8.700315e-01 0.000000e+00 -4.929962e-01
    outer loop
      vertex   5.823900e+01 -1.500600e+01 8.885000e+00
      vertex   5.810300e+01 -7.000000e+00 8.645000e+00
      vertex   5.823900e+01 -7.000000e+00 8.885000e+00
    endloop
  endfacet
  facet normal 8.700315e-01 0.000000e+00 -4.929962e-01
    outer loop
      vertex   5.823900e+01 -1.500600e+01 8.885000e+00
      vertex   5.810300e+01 -1.500600e+01 8.645000e+00
      vertex   5.810300e+01 -7.000000e+00 8.645000e+00
    endloop
  endfacet
  facet normal 6.329671e-01 -7.434606e-04 7.741784e-01
    outer loop
      vertex   5.792200e+01 -7.000000e+00 9.946000e+00
      vertex   5.770100e+01 -1.500600e+01 1.011900e+01
      vertex   5.800800e+01 -1.500600e+01 9.868000e+00
    endloop
  endfacet
  facet normal 7.676073e-01 0.000000e+00 6.409205e-01
    outer loop
      vertex   5.818000e+01 -7.000000e+00 9.637000e+00
      vertex   5.792200e+01 -7.000000e+00 9.946000e+00
      vertex   5.818000e+01 -1.500600e+01 9.637000e+00
    endloop
  endfacet
  facet normal 8.020678e-01 2.796943e-03 5.972265e-01
    outer loop
      vertex   5.792200e+01 -7.000000e+00 9.946000e+00
      vertex   5.800800e+01 -1.500600e+01 9.868000e+00
      vertex   5.818000e+01 -1.500600e+01 9.637000e+00
    endloop
  endfacet
  facet normal 6.164063e-01 -0.000000e+00 7.874282e-01
    outer loop
      vertex   5.770100e+01 -1.500600e+01 1.011900e+01
      vertex   5.792200e+01 -7.000000e+00 9.946000e+00
      vertex   5.770100e+01 -7.000000e+00 1.011900e+01
    endloop
  endfacet
  facet normal 9.734646e-01 0.000000e+00 -2.288378e-01
    outer loop
      vertex   5.829800e+01 -7.000000e+00 9.136000e+00
      vertex   5.823900e+01 -1.500600e+01 8.885000e+00
      vertex   5.823900e+01 -7.000000e+00 8.885000e+00
    endloop
  endfacet
  facet normal 9.969388e-01 0.000000e+00 7.818561e-02
    outer loop
      vertex   5.827800e+01 -7.000000e+00 9.391000e+00
      vertex   5.827800e+01 -1.500600e+01 9.391000e+00
      vertex   5.829800e+01 -7.000000e+00 9.136000e+00
    endloop
  endfacet
  facet normal 0.000000e+00 1.000000e+00 0.000000e+00
    outer loop
      vertex   5.624900e+01 -7.000000e+00 5.000000e+00
      vertex   5.624900e+01 -7.000000e+00 1.050000e+01
      vertex   5.774900e+01 -7.000000e+00 8.314000e+00
    endloop
  endfacet
  facet normal 0.000000e+00 1.000000e+00 0.000000e+00
    outer loop
      vertex   5.712600e+01 -7.000000e+00 1.037400e+01
      vertex   5.810300e+01 -7.000000e+00 8.645000e+00
      vertex   5.774900e+01 -7.000000e+00 8.314000e+00
    endloop
  endfacet
  facet normal 0.000000e+00 1.000000e+00 0.000000e+00
    outer loop
      vertex   5.712600e+01 -7.000000e+00 1.037400e+01
      vertex   5.823900e+01 -7.000000e+00 8.885000e+00
      vertex   5.810300e+01 -7.000000e+00 8.645000e+00
    endloop
  endfacet
  facet normal 0.000000e+00 1.000000e+00 0.000000e+00
    outer loop
      vertex   5.712600e+01 -7.000000e+00 1.037400e+01
      vertex   5.829800e+01 -7.000000e+00 9.136000e+00
      vertex   5.823900e+01 -7.000000e+00 8.885000e+00
    endloop
  endfacet
  facet normal 0.000000e+00 1.000000e+00 0.000000e+00
    outer loop
      vertex   5.712600e+01 -7.000000e+00 1.037400e+01
      vertex   5.827800e+01 -7.000000e+00 9.391000e+00
      vertex   5.829800e+01 -7.000000e+00 9.136000e+00
    endloop
  endfacet
  facet normal 0.000000e+00 1.000000e+00 0.000000e+00
    outer loop
      vertex   5.712600e+01 -7.000000e+00 1.037400e+01
      vertex   5.818000e+01 -7.000000e+00 9.637000e+00
      vertex   5.827800e+01 -7.000000e+00 9.391000e+00
    endloop
  endfacet
  facet normal 0.000000e+00 1.000000e+00 0.000000e+00
    outer loop
      vertex   5.712600e+01 -7.000000e+00 1.037400e+01
      vertex   5.792200e+01 -7.000000e+00 9.946000e+00
      vertex   5.818000e+01 -7.000000e+00 9.637000e+00
    endloop
  endfacet
  facet normal 0.000000e+00 1.000000e+00 0.000000e+00
    outer loop
      vertex   5.712600e+01 -7.000000e+00 1.037400e+01
      vertex   5.770100e+01 -7.000000e+00 1.011900e+01
      vertex   5.792200e+01 -7.000000e+00 9.946000e+00
    endloop
  endfacet
  facet normal 0.000000e+00 0.000000e+00 1.000000e+00
    outer loop
      vertex   2.787100e+01 4.384000e+00 2.998000e+00
      vertex   2.787100e+01 4.383000e+00 2.998000e+00
      vertex   3.500300e+01 -9.003000e+00 2.998000e+00
    endloop
  endfacet
  facet normal 0.000000e+00 0.000000e+00 1.000000e+00
    outer loop
      vertex   3.500300e+01 -9.003000e+00 2.998000e+00
      vertex   2.709500e+01 2.811000e+00 2.998000e+00
      vertex   2.709500e+01 2.809000e+00 2.998000e+00
    endloop
  endfacet
  facet normal -1.000000e+00 -0.000000e+00 0.000000e+00
    outer loop
      vertex   3.500300e+01 3.350300e+01 3.000000e+00
      vertex   3.500300e+01 -9.003000e+00 2.998000e+00
      vertex   3.500300e+01 -9.003000e+00 3.000000e+00
    endloop
  endfacet
  facet normal 0.000000e+00 0.000000e+00 1.000000e+00
    outer loop
      vertex   3.500300e+01 3.350300e+01 2.998000e+00
      vertex   2.899400e+01 1.050000e+01 2.998000e+00
      vertex   3.500300e+01 -9.003000e+00 2.998000e+00
    endloop
  endfacet
  facet normal 0.000000e+00 0.000000e+00 1.000000e+00
    outer loop
      vertex   2.787100e+01 4.383000e+00 2.998000e+00
      vertex   2.709500e+01 2.811000e+00 2.998000e+00
      vertex   3.500300e+01 -9.003000e+00 2.998000e+00
    endloop
  endfacet
  facet normal 0.000000e+00 -0.000000e+00 1.000000e+00
    outer loop
      vertex   4.979800e+01 -1.503000e+00 3.000000e+00
      vertex   4.979800e+01 2.150300e+01 3.000000e+00
      vertex   3.500300e+01 -9.003000e+00 3.000000e+00
    endloop
  endfacet
  facet normal -0.000000e+00 0.000000e+00 -1.000000e+00
    outer loop
      vertex   2.379800e+01 2.625300e+01 0.000000e+00
      vertex   2.341100e+01 2.619100e+01 0.000000e+00
      vertex   3.500300e+01 4.150000e+01 0.000000e+00
    endloop
  endfacet
  facet normal 0.000000e+00 0.000000e+00 -1.000000e+00
    outer loop
      vertex   2.453300e+01 2.601400e+01 0.000000e+00
      vertex   2.418400e+01 2.619100e+01 0.000000e+00
      vertex   3.500300e+01 4.150000e+01 0.000000e+00
    endloop
  endfacet
  facet normal 0.000000e+00 0.000000e+00 -1.000000e+00
    outer loop
      vertex   2.418400e+01 2.619100e+01 0.000000e+00
      vertex   2.379800e+01 2.625300e+01 0.000000e+00
      vertex   3.500300e+01 4.150000e+01 0.000000e+00
    endloop
  endfacet
  facet normal 0.000000e+00 0.000000e+00 -1.000000e+00
    outer loop
      vertex   2.480900e+01 2.573700e+01 0.000000e+00
      vertex   2.453300e+01 2.601400e+01 0.000000e+00
      vertex   3.500300e+01 4.150000e+01 0.000000e+00
    endloop
  endfacet
  facet normal 0.000000e+00 0.000000e+00 -1.000000e+00
    outer loop
      vertex   2.498700e+01 2.538900e+01 0.000000e+00
      vertex   2.480900e+01 2.573700e+01 0.000000e+00
      vertex   3.500300e+01 4.150000e+01 0.000000e+00
    endloop
  endfacet
  facet normal 0.000000e+00 0.000000e+00 -1.000000e+00
    outer loop
      vertex   6.549000e+00 2.212400e+01 0.000000e+00
      vertex   -4.498000e+00 4.150000e+01 0.000000e+00
      vertex   8.273000e+00 2.309400e+01 0.000000e+00
    endloop
  endfacet
  facet normal 0.000000e+00 0.000000e+00 -1.000000e+00
    outer loop
      vertex   8.273000e+00 2.309400e+01 0.000000e+00
      vertex   -4.498000e+00 4.150000e+01 0.000000e+00
      vertex   1.011400e+01 2.382000e+01 0.000000e+00
    endloop
  endfacet
  facet normal 0.000000e+00 -0.000000e+00 -1.000000e+00
    outer loop
      vertex   4.979800e+01 -1.503000e+00 0.000000e+00
      vertex   5.261300e+01 -4.616000e+00 0.000000e+00
      vertex   2.504800e+01 -5.002000e+00 0.000000e+00
    endloop
  endfacet
  facet normal 0.000000e+00 -0.000000e+00 -1.000000e+00
    outer loop
      vertex   2.543200e+01 4.700000e-01 0.000000e+00
      vertex   4.979800e+01 -1.503000e+00 0.000000e+00
      vertex   2.480900e+01 -4.267000e+00 0.000000e+00
    endloop
  endfacet
  facet normal 0.000000e+00 -0.000000e+00 -1.000000e+00
    outer loop
      vertex   2.662700e+01 2.046000e+00 0.000000e+00
      vertex   4.979800e+01 -1.503000e+00 0.000000e+00
      vertex   2.543200e+01 4.700000e-01 0.000000e+00
    endloop
  endfacet
  facet normal 0.000000e+00 0.000000e+00 -1.000000e+00
    outer loop
      vertex   5.279100e+01 -5.737000e+00 0.000000e+00
      vertex   2.498700e+01 -5.389000e+00 0.000000e+00
      vertex   5.261300e+01 -5.389000e+00 0.000000e+00
    endloop
  endfacet
  facet normal -0.000000e+00 0.000000e+00 1.000000e+00
    outer loop
      vertex   2.663700e+01 1.793900e+01 2.998000e+00
      vertex   2.730700e+01 1.680600e+01 2.998000e+00
      vertex   3.500300e+01 3.350300e+01 2.998000e+00
    endloop
  endfacet
  facet normal -0.000000e+00 0.000000e+00 1.000000e+00
    outer loop
      vertex   2.730700e+01 1.680600e+01 2.998000e+00
      vertex   2.787100e+01 1.561700e+01 2.998000e+00
      vertex   3.500300e+01 3.350300e+01 2.998000e+00
    endloop
  endfacet
  facet normal -0.000000e+00 0.000000e+00 1.000000e+00
    outer loop
      vertex   2.787100e+01 1.561700e+01 2.998000e+00
      vertex   2.832500e+01 1.438100e+01 2.998000e+00
      vertex   3.500300e+01 3.350300e+01 2.998000e+00
    endloop
  endfacet
  facet normal 0.000000e+00 0.000000e+00 -1.000000e+00
    outer loop
      vertex   5.418900e+01 -6.191000e+00 0.000000e+00
      vertex   5.453700e+01 -6.014000e+00 0.000000e+00
      vertex   5.778700e+01 -1.802600e+01 0.000000e+00
    endloop
  endfacet
  facet normal -8.908264e-01 4.543439e-01 0.000000e+00
    outer loop
      vertex   2.498700e+01 2.461600e+01 2.998000e+00
      vertex   2.498700e+01 2.461600e+01 0.000000e+00
      vertex   2.480900e+01 2.426700e+01 2.998000e+00
    endloop
  endfacet
  facet normal -7.071098e-01 7.071037e-01 0.000000e+00
    outer loop
      vertex   2.480900e+01 2.426700e+01 2.998000e+00
      vertex   2.480900e+01 2.426700e+01 0.000000e+00
      vertex   2.453300e+01 2.399100e+01 0.000000e+00
    endloop
  endfacet
  facet normal -0.000000e+00 0.000000e+00 1.000000e+00
    outer loop
      vertex   2.500300e+01 2.000000e+01 2.998000e+00
      vertex   2.586700e+01 1.900700e+01 2.998000e+00
      vertex   3.500300e+01 3.350300e+01 2.998000e+00
    endloop
  endfacet
  facet normal -0.000000e+00 -0.000000e+00 -1.000000e+00
    outer loop
      vertex   5.279100e+01 -5.737000e+00 0.000000e+00
      vertex   5.306700e+01 -6.014000e+00 0.000000e+00
      vertex   2.498700e+01 -5.389000e+00 0.000000e+00
    endloop
  endfacet
  facet normal 0.000000e+00 0.000000e+00 -1.000000e+00
    outer loop
      vertex   5.261300e+01 -5.389000e+00 0.000000e+00
      vertex   2.504800e+01 -5.002000e+00 0.000000e+00
      vertex   5.255200e+01 -5.002000e+00 0.000000e+00
    endloop
  endfacet
  facet normal -0.000000e+00 0.000000e+00 -1.000000e+00
    outer loop
      vertex   5.279100e+01 -4.267000e+00 0.000000e+00
      vertex   5.261300e+01 -4.616000e+00 0.000000e+00
      vertex   4.979800e+01 -1.503000e+00 0.000000e+00
    endloop
  endfacet
  facet normal 0.000000e+00 0.000000e+00 1.000000e+00
    outer loop
      vertex   3.500300e+01 3.350300e+01 2.998000e+00
      vertex   2.498700e+01 2.461600e+01 2.998000e+00
      vertex   2.500300e+01 2.000000e+01 2.998000e+00
    endloop
  endfacet
  facet normal -0.000000e+00 0.000000e+00 1.000000e+00
    outer loop
      vertex   2.586700e+01 1.900700e+01 2.998000e+00
      vertex   2.663700e+01 1.793900e+01 2.998000e+00
      vertex   3.500300e+01 3.350300e+01 2.998000e+00
    endloop
  endfacet
  facet normal 0.000000e+00 0.000000e+00 -1.000000e+00
    outer loop
      vertex   5.778700e+01 -1.802600e+01 0.000000e+00
      vertex   5.306700e+01 -6.014000e+00 0.000000e+00
      vertex   5.341600e+01 -6.191000e+00 0.000000e+00
    endloop
  endfacet
  facet normal 0.000000e+00 0.000000e+00 -1.000000e+00
    outer loop
      vertex   5.255200e+01 -5.002000e+00 0.000000e+00
      vertex   2.504800e+01 -5.002000e+00 0.000000e+00
      vertex   5.261300e+01 -4.616000e+00 0.000000e+00
    endloop
  endfacet
  facet normal 0.000000e+00 0.000000e+00 1.000000e+00
    outer loop
      vertex   2.418400e+01 2.381300e+01 2.998000e+00
      vertex   2.379800e+01 2.375200e+01 2.998000e+00
      vertex   2.326800e+01 2.155000e+01 2.998000e+00
    endloop
  endfacet
  facet normal -0.000000e+00 0.000000e+00 1.000000e+00
    outer loop
      vertex   2.326800e+01 2.155000e+01 2.998000e+00
      vertex   2.386800e+01 2.106800e+01 2.998000e+00
      vertex   2.418400e+01 2.381300e+01 2.998000e+00
    endloop
  endfacet
  facet normal 0.000000e+00 0.000000e+00 1.000000e+00
    outer loop
      vertex   2.379800e+01 2.375200e+01 2.998000e+00
      vertex   2.341100e+01 2.381300e+01 2.998000e+00
      vertex   2.326800e+01 2.155000e+01 2.998000e+00
    endloop
  endfacet
  facet normal 0.000000e+00 0.000000e+00 -1.000000e+00
    outer loop
      vertex   5.778700e+01 -1.802600e+01 0.000000e+00
      vertex   5.380200e+01 -6.253000e+00 0.000000e+00
      vertex   5.418900e+01 -6.191000e+00 0.000000e+00
    endloop
  endfacet
  facet normal -0.000000e+00 0.000000e+00 1.000000e+00
    outer loop
      vertex   2.480900e+01 2.426700e+01 2.998000e+00
      vertex   2.500300e+01 2.000000e+01 2.998000e+00
      vertex   2.498700e+01 2.461600e+01 2.998000e+00
    endloop
  endfacet
  facet normal 0.000000e+00 0.000000e+00 -1.000000e+00
    outer loop
      vertex   5.505300e+01 -5.002000e+00 0.000000e+00
      vertex   5.499100e+01 -4.616000e+00 0.000000e+00
      vertex   5.780300e+01 -1.503000e+00 0.000000e+00
    endloop
  endfacet
  facet normal 0.000000e+00 -0.000000e+00 -1.000000e+00
    outer loop
      vertex   5.481400e+01 -5.737000e+00 0.000000e+00
      vertex   5.780300e+01 -1.802600e+01 0.000000e+00
      vertex   5.453700e+01 -6.014000e+00 0.000000e+00
    endloop
  endfacet
  facet normal 0.000000e+00 0.000000e+00 1.000000e+00
    outer loop
      vertex   2.480900e+01 2.426700e+01 2.998000e+00
      vertex   2.453300e+01 2.399100e+01 2.998000e+00
      vertex   2.500300e+01 2.000000e+01 2.998000e+00
    endloop
  endfacet
  facet normal -0.000000e+00 -0.000000e+00 -1.000000e+00
    outer loop
      vertex   5.380200e+01 -6.253000e+00 0.000000e+00
      vertex   5.778700e+01 -1.802600e+01 0.000000e+00
      vertex   5.341600e+01 -6.191000e+00 0.000000e+00
    endloop
  endfacet
  facet normal 0.000000e+00 0.000000e+00 -1.000000e+00
    outer loop
      vertex   5.481400e+01 -4.267000e+00 0.000000e+00
      vertex   5.453700e+01 -3.991000e+00 0.000000e+00
      vertex   5.780300e+01 -1.503000e+00 0.000000e+00
    endloop
  endfacet
  facet normal 0.000000e+00 0.000000e+00 -1.000000e+00
    outer loop
      vertex   5.481400e+01 -4.267000e+00 0.000000e+00
      vertex   5.780300e+01 -1.503000e+00 0.000000e+00
      vertex   5.499100e+01 -4.616000e+00 0.000000e+00
    endloop
  endfacet
  facet normal -0.000000e+00 0.000000e+00 1.000000e+00
    outer loop
      vertex   2.257300e+01 2.204700e+01 2.998000e+00
      vertex   2.326800e+01 2.155000e+01 2.998000e+00
      vertex   2.341100e+01 2.381300e+01 2.998000e+00
    endloop
  endfacet
  facet normal 0.000000e+00 -0.000000e+00 -1.000000e+00
    outer loop
      vertex   5.505300e+01 -5.002000e+00 0.000000e+00
      vertex   5.780300e+01 -1.503000e+00 0.000000e+00
      vertex   5.499100e+01 -5.389000e+00 0.000000e+00
    endloop
  endfacet
  facet normal 0.000000e+00 -0.000000e+00 -1.000000e+00
    outer loop
      vertex   5.499100e+01 -5.389000e+00 0.000000e+00
      vertex   5.780300e+01 -1.802600e+01 0.000000e+00
      vertex   5.481400e+01 -5.737000e+00 0.000000e+00
    endloop
  endfacet
  facet normal 0.000000e+00 0.000000e+00 -1.000000e+00
    outer loop
      vertex   5.778700e+01 -1.802600e+01 0.000000e+00
      vertex   5.453700e+01 -6.014000e+00 0.000000e+00
      vertex   5.780300e+01 -1.802600e+01 0.000000e+00
    endloop
  endfacet
  facet normal 0.000000e+00 0.000000e+00 1.000000e+00
    outer loop
      vertex   2.453300e+01 2.399100e+01 2.998000e+00
      vertex   2.418400e+01 2.381300e+01 2.998000e+00
      vertex   2.386800e+01 2.106800e+01 2.998000e+00
    endloop
  endfacet
  facet normal -7.071098e-01 7.071037e-01 0.000000e+00
    outer loop
      vertex   2.453300e+01 2.399100e+01 0.000000e+00
      vertex   2.453300e+01 2.399100e+01 2.998000e+00
      vertex   2.480900e+01 2.426700e+01 2.998000e+00
    endloop
  endfacet
  facet normal -0.000000e+00 0.000000e+00 -1.000000e+00
    outer loop
      vertex   5.341600e+01 -3.813000e+00 0.000000e+00
      vertex   5.306700e+01 -3.991000e+00 0.000000e+00
      vertex   4.979800e+01 -1.503000e+00 0.000000e+00
    endloop
  endfacet
  facet normal 0.000000e+00 0.000000e+00 -1.000000e+00
    outer loop
      vertex   5.279100e+01 -4.267000e+00 0.000000e+00
      vertex   4.979800e+01 -1.503000e+00 0.000000e+00
      vertex   5.306700e+01 -3.991000e+00 0.000000e+00
    endloop
  endfacet
  facet normal 0.000000e+00 0.000000e+00 -1.000000e+00
    outer loop
      vertex   5.453700e+01 -3.991000e+00 0.000000e+00
      vertex   5.418900e+01 -3.813000e+00 0.000000e+00
      vertex   5.780300e+01 -1.503000e+00 0.000000e+00
    endloop
  endfacet
  facet normal 1.102899e-01 -9.938995e-01 0.000000e+00
    outer loop
      vertex   1.654400e+01 -1.318000e+00 2.998000e+00
      vertex   1.500300e+01 -1.489000e+00 0.000000e+00
      vertex   1.654400e+01 -1.318000e+00 0.000000e+00
    endloop
  endfacet
  facet normal 0.000000e+00 0.000000e+00 -1.000000e+00
    outer loop
      vertex   4.979800e+01 -1.503000e+00 0.000000e+00
      vertex   5.380200e+01 -3.752000e+00 0.000000e+00
      vertex   5.341600e+01 -3.813000e+00 0.000000e+00
    endloop
  endfacet
  facet normal 4.928014e-01 -8.701418e-01 0.000000e+00
    outer loop
      vertex   1.948600e+01 -3.640000e-01 0.000000e+00
      vertex   2.083500e+01 4.000000e-01 2.998000e+00
      vertex   1.948600e+01 -3.640000e-01 2.998000e+00
    endloop
  endfacet
  facet normal 3.716133e-01 -9.283876e-01 0.000000e+00
    outer loop
      vertex   1.804700e+01 -9.400000e-01 0.000000e+00
      vertex   1.948600e+01 -3.640000e-01 2.998000e+00
      vertex   1.804700e+01 -9.400000e-01 2.998000e+00
    endloop
  endfacet
  facet normal 3.716133e-01 -9.283876e-01 0.000000e+00
    outer loop
      vertex   1.804700e+01 -9.400000e-01 0.000000e+00
      vertex   1.948600e+01 -3.640000e-01 0.000000e+00
      vertex   1.948600e+01 -3.640000e-01 2.998000e+00
    endloop
  endfacet
  facet normal 2.439017e-01 -9.698000e-01 0.000000e+00
    outer loop
      vertex   1.654400e+01 -1.318000e+00 2.998000e+00
      vertex   1.804700e+01 -9.400000e-01 0.000000e+00
      vertex   1.804700e+01 -9.400000e-01 2.998000e+00
    endloop
  endfacet
  facet normal 2.439017e-01 -9.698000e-01 0.000000e+00
    outer loop
      vertex   1.654400e+01 -1.318000e+00 2.998000e+00
      vertex   1.654400e+01 -1.318000e+00 0.000000e+00
      vertex   1.804700e+01 -9.400000e-01 0.000000e+00
    endloop
  endfacet
  facet normal -2.142730e-01 9.767667e-01 -3.740598e-03
    outer loop
      vertex   1.846400e+01 -3.949000e+00 2.998000e+00
      vertex   1.697100e+01 -4.288000e+00 0.000000e+00
      vertex   1.675000e+01 -4.325000e+00 2.998000e+00
    endloop
  endfacet
  facet normal 0.000000e+00 0.000000e+00 -1.000000e+00
    outer loop
      vertex   4.979800e+01 -1.503000e+00 0.000000e+00
      vertex   5.780300e+01 -1.503000e+00 0.000000e+00
      vertex   5.380200e+01 -3.752000e+00 0.000000e+00
    endloop
  endfacet
  facet normal -2.366924e-01 9.715516e-01 8.013961e-03
    outer loop
      vertex   1.697100e+01 -4.288000e+00 0.000000e+00
      vertex   1.846400e+01 -3.949000e+00 2.998000e+00
      vertex   1.889200e+01 -3.820000e+00 0.000000e+00
    endloop
  endfacet
  facet normal 0.000000e+00 0.000000e+00 -1.000000e+00
    outer loop
      vertex   5.418900e+01 -3.813000e+00 0.000000e+00
      vertex   5.380200e+01 -3.752000e+00 0.000000e+00
      vertex   5.780300e+01 -1.503000e+00 0.000000e+00
    endloop
  endfacet
  facet normal -3.312320e-01 9.435256e-01 -6.688577e-03
    outer loop
      vertex   1.846400e+01 -3.949000e+00 2.998000e+00
      vertex   2.011900e+01 -3.368000e+00 2.998000e+00
      vertex   1.889200e+01 -3.820000e+00 0.000000e+00
    endloop
  endfacet
  facet normal 0.000000e+00 9.958495e-01 9.101489e-02
    outer loop
      vertex   2.012000e+01 -3.368000e+00 2.998000e+00
      vertex   2.073300e+01 -3.094000e+00 0.000000e+00
      vertex   2.011900e+01 -3.368000e+00 2.998000e+00
    endloop
  endfacet
  facet normal -4.426286e-01 8.966643e-01 -8.554234e-03
    outer loop
      vertex   2.012000e+01 -3.368000e+00 2.998000e+00
      vertex   2.169200e+01 -2.592000e+00 2.998000e+00
      vertex   2.073300e+01 -3.094000e+00 0.000000e+00
    endloop
  endfacet
  facet normal -3.668378e-01 9.302324e-01 9.888093e-03
    outer loop
      vertex   2.073300e+01 -3.094000e+00 0.000000e+00
      vertex   1.889200e+01 -3.820000e+00 0.000000e+00
      vertex   2.011900e+01 -3.368000e+00 2.998000e+00
    endloop
  endfacet
  facet normal 0.000000e+00 0.000000e+00 -1.000000e+00
    outer loop
      vertex   5.780300e+01 -1.802600e+01 0.000000e+00
      vertex   5.499100e+01 -5.389000e+00 0.000000e+00
      vertex   5.780300e+01 -1.503000e+00 0.000000e+00
    endloop
  endfacet
  facet normal -2.465456e-01 9.691312e-01 0.000000e+00
    outer loop
      vertex   1.776500e+01 2.000000e-02 0.000000e+00
      vertex   1.640100e+01 -3.270000e-01 0.000000e+00
      vertex   1.776500e+01 2.000000e-02 2.998000e+00
    endloop
  endfacet
  facet normal -2.465456e-01 9.691312e-01 0.000000e+00
    outer loop
      vertex   1.640100e+01 -3.270000e-01 2.998000e+00
      vertex   1.776500e+01 2.000000e-02 2.998000e+00
      vertex   1.640100e+01 -3.270000e-01 0.000000e+00
    endloop
  endfacet
  facet normal -1.144085e-01 9.934338e-01 0.000000e+00
    outer loop
      vertex   1.640100e+01 -3.270000e-01 0.000000e+00
      vertex   1.500300e+01 -4.880000e-01 0.000000e+00
      vertex   1.640100e+01 -3.270000e-01 2.998000e+00
    endloop
  endfacet
  facet normal 0.000000e+00 0.000000e+00 1.000000e+00
    outer loop
      vertex   1.804700e+01 -9.400000e-01 2.998000e+00
      vertex   1.640100e+01 -3.270000e-01 2.998000e+00
      vertex   1.654400e+01 -1.318000e+00 2.998000e+00
    endloop
  endfacet
  facet normal 0.000000e+00 0.000000e+00 1.000000e+00
    outer loop
      vertex   1.640100e+01 -3.270000e-01 2.998000e+00
      vertex   1.500300e+01 -4.880000e-01 2.998000e+00
      vertex   1.654400e+01 -1.318000e+00 2.998000e+00
    endloop
  endfacet
  facet normal 0.000000e+00 0.000000e+00 1.000000e+00
    outer loop
      vertex   1.804700e+01 -9.400000e-01 2.998000e+00
      vertex   1.776500e+01 2.000000e-02 2.998000e+00
      vertex   1.640100e+01 -3.270000e-01 2.998000e+00
    endloop
  endfacet
  facet normal 0.000000e+00 -0.000000e+00 1.000000e+00
    outer loop
      vertex   1.804700e+01 -9.400000e-01 2.998000e+00
      vertex   1.948600e+01 -3.640000e-01 2.998000e+00
      vertex   1.776500e+01 2.000000e-02 2.998000e+00
    endloop
  endfacet
  facet normal 0.000000e+00 0.000000e+00 1.000000e+00
    outer loop
      vertex   2.083500e+01 4.000000e-01 2.998000e+00
      vertex   1.907100e+01 5.460000e-01 2.998000e+00
      vertex   1.948600e+01 -3.640000e-01 2.998000e+00
    endloop
  endfacet
  facet normal 0.000000e+00 0.000000e+00 1.000000e+00
    outer loop
      vertex   1.846400e+01 -3.949000e+00 2.998000e+00
      vertex   1.675000e+01 -4.325000e+00 2.998000e+00
      vertex   2.278600e+01 -5.737000e+00 2.998000e+00
    endloop
  endfacet
  facet normal 0.000000e+00 0.000000e+00 1.000000e+00
    outer loop
      vertex   1.675000e+01 -4.325000e+00 2.998000e+00
      vertex   1.500300e+01 -4.491000e+00 2.998000e+00
      vertex   2.306300e+01 -6.014000e+00 2.998000e+00
    endloop
  endfacet
  facet normal 0.000000e+00 -0.000000e+00 -1.000000e+00
    outer loop
      vertex   2.879100e+01 7.532000e+00 0.000000e+00
      vertex   4.979800e+01 -1.503000e+00 0.000000e+00
      vertex   2.832300e+01 5.611000e+00 0.000000e+00
    endloop
  endfacet
  facet normal -0.000000e+00 0.000000e+00 1.000000e+00
    outer loop
      vertex   2.011900e+01 -3.368000e+00 2.998000e+00
      vertex   2.254800e+01 -5.002000e+00 2.998000e+00
      vertex   2.012000e+01 -3.368000e+00 2.998000e+00
    endloop
  endfacet
  facet normal -0.000000e+00 0.000000e+00 1.000000e+00
    outer loop
      vertex   1.846400e+01 -3.949000e+00 2.998000e+00
      vertex   2.254800e+01 -5.002000e+00 2.998000e+00
      vertex   2.011900e+01 -3.368000e+00 2.998000e+00
    endloop
  endfacet
  facet normal 0.000000e+00 0.000000e+00 1.000000e+00
    outer loop
      vertex   1.500300e+01 -1.489000e+00 2.998000e+00
      vertex   1.654400e+01 -1.318000e+00 2.998000e+00
      vertex   1.500300e+01 -4.880000e-01 2.998000e+00
    endloop
  endfacet
  facet normal 4.553810e-01 -8.902967e-01 0.000000e+00
    outer loop
      vertex   2.341100e+01 -3.813000e+00 0.000000e+00
      vertex   2.341100e+01 -3.813000e+00 2.998000e+00
      vertex   2.306300e+01 -3.991000e+00 0.000000e+00
    endloop
  endfacet
  facet normal 1.557000e-01 -9.878044e-01 0.000000e+00
    outer loop
      vertex   2.341100e+01 -3.813000e+00 2.998000e+00
      vertex   2.341100e+01 -3.813000e+00 0.000000e+00
      vertex   2.379800e+01 -3.752000e+00 0.000000e+00
    endloop
  endfacet
  facet normal -1.560941e-01 -9.877422e-01 0.000000e+00
    outer loop
      vertex   2.418400e+01 -3.813000e+00 0.000000e+00
      vertex   2.418400e+01 -3.813000e+00 2.998000e+00
      vertex   2.379800e+01 -3.752000e+00 0.000000e+00
    endloop
  endfacet
  facet normal -4.543445e-01 -8.908261e-01 -0.000000e+00
    outer loop
      vertex   2.418400e+01 -3.813000e+00 2.998000e+00
      vertex   2.418400e+01 -3.813000e+00 0.000000e+00
      vertex   2.453300e+01 -3.991000e+00 0.000000e+00
    endloop
  endfacet
  facet normal -7.071095e-01 -7.071041e-01 -0.000000e+00
    outer loop
      vertex   2.480900e+01 -4.267000e+00 2.998000e+00
      vertex   2.453300e+01 -3.991000e+00 2.998000e+00
      vertex   2.480900e+01 -4.267000e+00 0.000000e+00
    endloop
  endfacet
  facet normal -7.070738e-01 7.070736e-01 9.669651e-03
    outer loop
      vertex   2.543200e+01 4.700000e-01 0.000000e+00
      vertex   2.403300e+01 -9.290000e-01 0.000000e+00
      vertex   2.450300e+01 -5.000000e-01 2.998000e+00
    endloop
  endfacet
  facet normal -4.903281e-01 8.714695e-01 1.092258e-02
    outer loop
      vertex   2.245700e+01 -2.124000e+00 0.000000e+00
      vertex   2.073300e+01 -3.094000e+00 0.000000e+00
      vertex   2.169200e+01 -2.592000e+00 2.998000e+00
    endloop
  endfacet
  facet normal 0.000000e+00 9.880340e-01 1.542361e-01
    outer loop
      vertex   2.169400e+01 -2.592000e+00 2.998000e+00
      vertex   2.245700e+01 -2.124000e+00 0.000000e+00
      vertex   2.169200e+01 -2.592000e+00 2.998000e+00
    endloop
  endfacet
  facet normal -5.479499e-01 8.364640e-01 -8.879707e-03
    outer loop
      vertex   2.169400e+01 -2.592000e+00 2.998000e+00
      vertex   2.316100e+01 -1.631000e+00 2.998000e+00
      vertex   2.245700e+01 -2.124000e+00 0.000000e+00
    endloop
  endfacet
  facet normal 0.000000e+00 9.867474e-01 -1.622637e-01
    outer loop
      vertex   2.316200e+01 -1.631000e+00 2.998000e+00
      vertex   2.245700e+01 -2.124000e+00 0.000000e+00
      vertex   2.316100e+01 -1.631000e+00 2.998000e+00
    endloop
  endfacet
  facet normal -6.041617e-01 7.967852e-01 1.104678e-02
    outer loop
      vertex   2.316200e+01 -1.631000e+00 2.998000e+00
      vertex   2.403300e+01 -9.290000e-01 0.000000e+00
      vertex   2.245700e+01 -2.124000e+00 0.000000e+00
    endloop
  endfacet
  facet normal -6.446927e-01 7.643967e-01 -8.312555e-03
    outer loop
      vertex   2.316200e+01 -1.631000e+00 2.998000e+00
      vertex   2.450300e+01 -5.000000e-01 2.998000e+00
      vertex   2.403300e+01 -9.290000e-01 0.000000e+00
    endloop
  endfacet
  facet normal 0.000000e+00 0.000000e+00 1.000000e+00
    outer loop
      vertex   3.500300e+01 3.350300e+01 2.998000e+00
      vertex   2.504800e+01 2.500200e+01 2.998000e+00
      vertex   2.498700e+01 2.461600e+01 2.998000e+00
    endloop
  endfacet
  facet normal -4.543445e-01 -8.908261e-01 0.000000e+00
    outer loop
      vertex   2.453300e+01 -3.991000e+00 0.000000e+00
      vertex   2.453300e+01 -3.991000e+00 2.998000e+00
      vertex   2.418400e+01 -3.813000e+00 2.998000e+00
    endloop
  endfacet
  facet normal -7.071095e-01 -7.071041e-01 0.000000e+00
    outer loop
      vertex   2.453300e+01 -3.991000e+00 0.000000e+00
      vertex   2.480900e+01 -4.267000e+00 0.000000e+00
      vertex   2.453300e+01 -3.991000e+00 2.998000e+00
    endloop
  endfacet
  facet normal 0.000000e+00 0.000000e+00 1.000000e+00
    outer loop
      vertex   3.500300e+01 -9.003000e+00 2.998000e+00
      vertex   2.450300e+01 -5.000000e-01 2.998000e+00
      vertex   2.480900e+01 -4.267000e+00 2.998000e+00
    endloop
  endfacet
  facet normal 0.000000e+00 0.000000e+00 1.000000e+00
    outer loop
      vertex   2.453300e+01 -3.991000e+00 2.998000e+00
      vertex   2.450300e+01 -5.000000e-01 2.998000e+00
      vertex   2.418400e+01 -3.813000e+00 2.998000e+00
    endloop
  endfacet
  facet normal 7.058279e-01 -7.083834e-01 0.000000e+00
    outer loop
      vertex   2.306300e+01 -3.991000e+00 2.998000e+00
      vertex   2.278600e+01 -4.267000e+00 2.998000e+00
      vertex   2.306300e+01 -3.991000e+00 0.000000e+00
    endloop
  endfacet
  facet normal 4.553810e-01 -8.902967e-01 0.000000e+00
    outer loop
      vertex   2.306300e+01 -3.991000e+00 2.998000e+00
      vertex   2.306300e+01 -3.991000e+00 0.000000e+00
      vertex   2.341100e+01 -3.813000e+00 2.998000e+00
    endloop
  endfacet
  facet normal 1.557000e-01 -9.878044e-01 0.000000e+00
    outer loop
      vertex   2.341100e+01 -3.813000e+00 2.998000e+00
      vertex   2.379800e+01 -3.752000e+00 0.000000e+00
      vertex   2.379800e+01 -3.752000e+00 2.998000e+00
    endloop
  endfacet
  facet normal -1.560941e-01 -9.877422e-01 -0.000000e+00
    outer loop
      vertex   2.379800e+01 -3.752000e+00 2.998000e+00
      vertex   2.379800e+01 -3.752000e+00 0.000000e+00
      vertex   2.418400e+01 -3.813000e+00 2.998000e+00
    endloop
  endfacet
  facet normal -0.000000e+00 0.000000e+00 1.000000e+00
    outer loop
      vertex   2.386800e+01 2.106800e+01 2.998000e+00
      vertex   2.500300e+01 2.000000e+01 2.998000e+00
      vertex   2.453300e+01 2.399100e+01 2.998000e+00
    endloop
  endfacet
  facet normal 0.000000e+00 0.000000e+00 1.000000e+00
    outer loop
      vertex   2.169200e+01 -2.592000e+00 2.998000e+00
      vertex   2.012000e+01 -3.368000e+00 2.998000e+00
      vertex   2.260900e+01 -4.616000e+00 2.998000e+00
    endloop
  endfacet
  facet normal 0.000000e+00 0.000000e+00 1.000000e+00
    outer loop
      vertex   2.278600e+01 -4.267000e+00 2.998000e+00
      vertex   2.169400e+01 -2.592000e+00 2.998000e+00
      vertex   2.260900e+01 -4.616000e+00 2.998000e+00
    endloop
  endfacet
  facet normal -0.000000e+00 0.000000e+00 1.000000e+00
    outer loop
      vertex   2.169200e+01 -2.592000e+00 2.998000e+00
      vertex   2.260900e+01 -4.616000e+00 2.998000e+00
      vertex   2.169400e+01 -2.592000e+00 2.998000e+00
    endloop
  endfacet
  facet normal 0.000000e+00 -0.000000e+00 1.000000e+00
    outer loop
      vertex   2.418400e+01 -3.813000e+00 2.998000e+00
      vertex   2.450300e+01 -5.000000e-01 2.998000e+00
      vertex   2.379800e+01 -3.752000e+00 2.998000e+00
    endloop
  endfacet
  facet normal 0.000000e+00 -0.000000e+00 1.000000e+00
    outer loop
      vertex   2.341100e+01 -3.813000e+00 2.998000e+00
      vertex   2.379800e+01 -3.752000e+00 2.998000e+00
      vertex   2.316200e+01 -1.631000e+00 2.998000e+00
    endloop
  endfacet
  facet normal 0.000000e+00 0.000000e+00 1.000000e+00
    outer loop
      vertex   2.316200e+01 -1.631000e+00 2.998000e+00
      vertex   2.316100e+01 -1.631000e+00 2.998000e+00
      vertex   2.341100e+01 -3.813000e+00 2.998000e+00
    endloop
  endfacet
  facet normal 0.000000e+00 0.000000e+00 1.000000e+00
    outer loop
      vertex   2.306300e+01 -3.991000e+00 2.998000e+00
      vertex   2.169400e+01 -2.592000e+00 2.998000e+00
      vertex   2.278600e+01 -4.267000e+00 2.998000e+00
    endloop
  endfacet
  facet normal 0.000000e+00 0.000000e+00 -1.000000e+00
    outer loop
      vertex   2.662700e+01 2.046000e+00 0.000000e+00
      vertex   2.759700e+01 3.770000e+00 0.000000e+00
      vertex   4.979800e+01 -1.503000e+00 0.000000e+00
    endloop
  endfacet
  facet normal 0.000000e+00 0.000000e+00 1.000000e+00
    outer loop
      vertex   2.316100e+01 -1.631000e+00 2.998000e+00
      vertex   2.169400e+01 -2.592000e+00 2.998000e+00
      vertex   2.341100e+01 -3.813000e+00 2.998000e+00
    endloop
  endfacet
  facet normal 0.000000e+00 -0.000000e+00 1.000000e+00
    outer loop
      vertex   2.306300e+01 -3.991000e+00 2.998000e+00
      vertex   2.341100e+01 -3.813000e+00 2.998000e+00
      vertex   2.169400e+01 -2.592000e+00 2.998000e+00
    endloop
  endfacet
  facet normal 4.533487e-01 -8.913332e-01 0.000000e+00
    outer loop
      vertex   2.306300e+01 2.601400e+01 2.998000e+00
      vertex   2.341100e+01 2.619100e+01 0.000000e+00
      vertex   2.341100e+01 2.619100e+01 2.998000e+00
    endloop
  endfacet
  facet normal 1.581910e-01 -9.874085e-01 0.000000e+00
    outer loop
      vertex   2.341100e+01 2.619100e+01 2.998000e+00
      vertex   2.341100e+01 2.619100e+01 0.000000e+00
      vertex   2.379800e+01 2.625300e+01 2.998000e+00
    endloop
  endfacet
  facet normal -8.902979e-01 4.553786e-01 0.000000e+00
    outer loop
      vertex   2.498700e+01 -5.389000e+00 0.000000e+00
      vertex   2.480900e+01 -5.737000e+00 0.000000e+00
      vertex   2.480900e+01 -5.737000e+00 2.998000e+00
    endloop
  endfacet
  facet normal -1.585910e-01 -9.873444e-01 0.000000e+00
    outer loop
      vertex   2.379800e+01 2.625300e+01 2.998000e+00
      vertex   2.418400e+01 2.619100e+01 0.000000e+00
      vertex   2.418400e+01 2.619100e+01 2.998000e+00
    endloop
  endfacet
  facet normal -7.083868e-01 7.058244e-01 0.000000e+00
    outer loop
      vertex   2.480900e+01 -5.737000e+00 2.998000e+00
      vertex   2.480900e+01 -5.737000e+00 0.000000e+00
      vertex   2.453300e+01 -6.014000e+00 0.000000e+00
    endloop
  endfacet
  facet normal -4.523144e-01 -8.918586e-01 -0.000000e+00
    outer loop
      vertex   2.418400e+01 2.619100e+01 2.998000e+00
      vertex   2.418400e+01 2.619100e+01 0.000000e+00
      vertex   2.453300e+01 2.601400e+01 2.998000e+00
    endloop
  endfacet
  facet normal -4.523144e-01 -8.918586e-01 0.000000e+00
    outer loop
      vertex   2.453300e+01 2.601400e+01 0.000000e+00
      vertex   2.453300e+01 2.601400e+01 2.998000e+00
      vertex   2.418400e+01 2.619100e+01 0.000000e+00
    endloop
  endfacet
  facet normal 0.000000e+00 0.000000e+00 1.000000e+00
    outer loop
      vertex   2.453300e+01 -6.014000e+00 2.998000e+00
      vertex   2.418400e+01 -6.191000e+00 2.998000e+00
      vertex   3.500300e+01 -9.003000e+00 2.998000e+00
    endloop
  endfacet
  facet normal -0.000000e+00 0.000000e+00 1.000000e+00
    outer loop
      vertex   2.379800e+01 -6.253000e+00 2.998000e+00
      vertex   3.500300e+01 -9.003000e+00 2.998000e+00
      vertex   2.418400e+01 -6.191000e+00 2.998000e+00
    endloop
  endfacet
  facet normal -7.083891e-01 -7.058222e-01 -0.000000e+00
    outer loop
      vertex   2.453300e+01 2.601400e+01 2.998000e+00
      vertex   2.453300e+01 2.601400e+01 0.000000e+00
      vertex   2.480900e+01 2.573700e+01 2.998000e+00
    endloop
  endfacet
  facet normal 8.918573e-01 4.523169e-01 -0.000000e+00
    outer loop
      vertex   2.260900e+01 2.461600e+01 0.000000e+00
      vertex   2.260900e+01 2.461600e+01 2.998000e+00
      vertex   2.278600e+01 2.426700e+01 2.998000e+00
    endloop
  endfacet
  facet normal 9.877424e-01 1.560926e-01 0.000000e+00
    outer loop
      vertex   2.254800e+01 2.500200e+01 0.000000e+00
      vertex   2.260900e+01 2.461600e+01 2.998000e+00
      vertex   2.260900e+01 2.461600e+01 0.000000e+00
    endloop
  endfacet
  facet normal 9.877424e-01 1.560926e-01 -0.000000e+00
    outer loop
      vertex   2.254800e+01 2.500200e+01 0.000000e+00
      vertex   2.254800e+01 2.500200e+01 2.998000e+00
      vertex   2.260900e+01 2.461600e+01 2.998000e+00
    endloop
  endfacet
  facet normal 9.878046e-01 -1.556985e-01 0.000000e+00
    outer loop
      vertex   2.260900e+01 2.538900e+01 0.000000e+00
      vertex   2.254800e+01 2.500200e+01 2.998000e+00
      vertex   2.254800e+01 2.500200e+01 0.000000e+00
    endloop
  endfacet
  facet normal 9.878046e-01 -1.556985e-01 0.000000e+00
    outer loop
      vertex   2.260900e+01 2.538900e+01 0.000000e+00
      vertex   2.260900e+01 2.538900e+01 2.998000e+00
      vertex   2.254800e+01 2.500200e+01 2.998000e+00
    endloop
  endfacet
  facet normal 0.000000e+00 -0.000000e+00 -1.000000e+00
    outer loop
      vertex   2.832300e+01 5.611000e+00 0.000000e+00
      vertex   4.979800e+01 -1.503000e+00 0.000000e+00
      vertex   2.759700e+01 3.770000e+00 0.000000e+00
    endloop
  endfacet
  facet normal 8.913320e-01 -4.533512e-01 0.000000e+00
    outer loop
      vertex   2.278600e+01 2.573700e+01 0.000000e+00
      vertex   2.278600e+01 2.573700e+01 2.998000e+00
      vertex   2.260900e+01 2.538900e+01 0.000000e+00
    endloop
  endfacet
  facet normal 8.913320e-01 -4.533512e-01 0.000000e+00
    outer loop
      vertex   2.260900e+01 2.538900e+01 2.998000e+00
      vertex   2.260900e+01 2.538900e+01 0.000000e+00
      vertex   2.278600e+01 2.573700e+01 2.998000e+00
    endloop
  endfacet
  facet normal 0.000000e+00 0.000000e+00 1.000000e+00
    outer loop
      vertex   2.504800e+01 -5.002000e+00 2.998000e+00
      vertex   2.498700e+01 -5.389000e+00 2.998000e+00
      vertex   3.500300e+01 -9.003000e+00 2.998000e+00
    endloop
  endfacet
  facet normal 7.071098e-01 -7.071037e-01 0.000000e+00
    outer loop
      vertex   2.306300e+01 2.601400e+01 0.000000e+00
      vertex   2.278600e+01 2.573700e+01 2.998000e+00
      vertex   2.278600e+01 2.573700e+01 0.000000e+00
    endloop
  endfacet
  facet normal 7.071098e-01 -7.071037e-01 0.000000e+00
    outer loop
      vertex   2.306300e+01 2.601400e+01 0.000000e+00
      vertex   2.306300e+01 2.601400e+01 2.998000e+00
      vertex   2.278600e+01 2.573700e+01 2.998000e+00
    endloop
  endfacet
  facet normal 4.533487e-01 -8.913332e-01 0.000000e+00
    outer loop
      vertex   2.306300e+01 2.601400e+01 2.998000e+00
      vertex   2.306300e+01 2.601400e+01 0.000000e+00
      vertex   2.341100e+01 2.619100e+01 0.000000e+00
    endloop
  endfacet
  facet normal 1.581910e-01 -9.874085e-01 0.000000e+00
    outer loop
      vertex   2.379800e+01 2.625300e+01 0.000000e+00
      vertex   2.379800e+01 2.625300e+01 2.998000e+00
      vertex   2.341100e+01 2.619100e+01 0.000000e+00
    endloop
  endfacet
  facet normal 0.000000e+00 -0.000000e+00 1.000000e+00
    outer loop
      vertex   2.866600e+01 1.310900e+01 2.998000e+00
      vertex   3.500300e+01 3.350300e+01 2.998000e+00
      vertex   2.832500e+01 1.438100e+01 2.998000e+00
    endloop
  endfacet
  facet normal -1.000000e+00 0.000000e+00 0.000000e+00
    outer loop
      vertex   3.500300e+01 -9.003000e+00 2.998000e+00
      vertex   3.500300e+01 3.350300e+01 3.000000e+00
      vertex   3.500300e+01 3.350300e+01 2.998000e+00
    endloop
  endfacet
  facet normal 0.000000e+00 1.000000e+00 0.000000e+00
    outer loop
      vertex   5.624900e+01 2.822100e+01 5.000000e+00
      vertex   5.624900e+01 2.822100e+01 3.000000e+00
      vertex   5.535200e+01 2.822100e+01 3.000000e+00
    endloop
  endfacet
  facet normal 0.000000e+00 -0.000000e+00 1.000000e+00
    outer loop
      vertex   5.341600e+01 2.619100e+01 3.000000e+00
      vertex   5.380200e+01 2.625300e+01 3.000000e+00
      vertex   5.150300e+01 3.750000e+01 3.000000e+00
    endloop
  endfacet
  facet normal -1.000000e+00 0.000000e+00 -0.000000e+00
    outer loop
      vertex   5.624900e+01 3.029400e+01 1.038700e+01
      vertex   5.624900e+01 3.029400e+01 3.000000e+00
      vertex   5.624900e+01 2.822100e+01 5.000000e+00
    endloop
  endfacet
  facet normal -5.609350e-01 -8.278547e-01 -2.926080e-03
    outer loop
      vertex   5.624900e+01 3.029400e+01 3.000000e+00
      vertex   5.596400e+01 3.046100e+01 1.038700e+01
      vertex   5.585200e+01 3.056300e+01 3.000000e+00
    endloop
  endfacet
  facet normal -6.833747e-01 -7.300678e-01 2.805315e-04
    outer loop
      vertex   5.579200e+01 3.062200e+01 1.038700e+01
      vertex   5.585200e+01 3.056300e+01 3.000000e+00
      vertex   5.596400e+01 3.046100e+01 1.038700e+01
    endloop
  endfacet
  facet normal -1.000000e+00 0.000000e+00 0.000000e+00
    outer loop
      vertex   5.624900e+01 2.822100e+01 3.000000e+00
      vertex   5.624900e+01 2.822100e+01 5.000000e+00
      vertex   5.624900e+01 3.029400e+01 3.000000e+00
    endloop
  endfacet
  facet normal 0.000000e+00 0.000000e+00 1.000000e+00
    outer loop
      vertex   5.585200e+01 3.056300e+01 3.000000e+00
      vertex   5.562900e+01 3.092000e+01 3.000000e+00
      vertex   5.535200e+01 2.822100e+01 3.000000e+00
    endloop
  endfacet
  facet normal 0.000000e+00 0.000000e+00 1.000000e+00
    outer loop
      vertex   5.624900e+01 3.029400e+01 3.000000e+00
      vertex   5.585200e+01 3.056300e+01 3.000000e+00
      vertex   5.535200e+01 2.822100e+01 3.000000e+00
    endloop
  endfacet
  facet normal 0.000000e+00 -0.000000e+00 1.000000e+00
    outer loop
      vertex   5.624900e+01 2.822100e+01 3.000000e+00
      vertex   5.624900e+01 3.029400e+01 3.000000e+00
      vertex   5.535200e+01 2.822100e+01 3.000000e+00
    endloop
  endfacet
  facet normal -1.000000e+00 0.000000e+00 0.000000e+00
    outer loop
      vertex   5.624900e+01 3.213000e+01 1.038700e+01
      vertex   5.624900e+01 3.425600e+01 5.000000e+00
      vertex   5.624900e+01 3.213000e+01 3.000000e+00
    endloop
  endfacet
  facet normal -8.025499e-01 5.965849e-01 4.171121e-04
    outer loop
      vertex   5.566500e+01 3.161800e+01 1.038700e+01
      vertex   5.583300e+01 3.184400e+01 1.038700e+01
      vertex   5.576300e+01 3.175500e+01 3.000000e+00
    endloop
  endfacet
  facet normal -9.261037e-01 3.772319e-01 -5.290086e-03
    outer loop
      vertex   5.566500e+01 3.161800e+01 1.038700e+01
      vertex   5.576300e+01 3.175500e+01 3.000000e+00
      vertex   5.556300e+01 3.126400e+01 3.000000e+00
    endloop
  endfacet
  facet normal 0.000000e+00 0.000000e+00 1.000000e+00
    outer loop
      vertex   5.535300e+01 3.425600e+01 3.000000e+00
      vertex   5.150300e+01 3.750000e+01 3.000000e+00
      vertex   5.576300e+01 3.175500e+01 3.000000e+00
    endloop
  endfacet
  facet normal -9.820820e-01 -1.884200e-01 -3.580330e-03
    outer loop
      vertex   5.556300e+01 3.126400e+01 3.000000e+00
      vertex   5.562900e+01 3.092000e+01 3.000000e+00
      vertex   5.556600e+01 3.110800e+01 1.038700e+01
    endloop
  endfacet
  facet normal -4.897270e-01 8.718759e-01 0.000000e+00
    outer loop
      vertex   5.624900e+01 3.213000e+01 1.038700e+01
      vertex   5.624900e+01 3.213000e+01 3.000000e+00
      vertex   5.601400e+01 3.199800e+01 3.000000e+00
    endloop
  endfacet
  facet normal -8.481267e-01 -5.297868e-01 -2.657340e-03
    outer loop
      vertex   5.562900e+01 3.092000e+01 3.000000e+00
      vertex   5.585200e+01 3.056300e+01 3.000000e+00
      vertex   5.579200e+01 3.062200e+01 1.038700e+01
    endloop
  endfacet
  facet normal -7.902708e-01 -6.127145e-01 -7.279382e-03
    outer loop
      vertex   5.579200e+01 3.062200e+01 1.038700e+01
      vertex   5.572300e+01 3.071100e+01 1.038700e+01
      vertex   5.562900e+01 3.092000e+01 3.000000e+00
    endloop
  endfacet
  facet normal -6.723836e-01 7.401985e-01 -2.546670e-03
    outer loop
      vertex   5.596400e+01 3.196300e+01 1.038700e+01
      vertex   5.576300e+01 3.175500e+01 3.000000e+00
      vertex   5.583300e+01 3.184400e+01 1.038700e+01
    endloop
  endfacet
  facet normal 0.000000e+00 0.000000e+00 1.000000e+00
    outer loop
      vertex   5.624900e+01 3.425600e+01 3.000000e+00
      vertex   5.535300e+01 3.425600e+01 3.000000e+00
      vertex   5.624900e+01 3.213000e+01 3.000000e+00
    endloop
  endfacet
  facet normal -6.955688e-01 7.184583e-01 -1.303640e-03
    outer loop
      vertex   5.596400e+01 3.196300e+01 1.038700e+01
      vertex   5.601400e+01 3.199800e+01 3.000000e+00
      vertex   5.576300e+01 3.175500e+01 3.000000e+00
    endloop
  endfacet
  facet normal 0.000000e+00 -0.000000e+00 1.000000e+00
    outer loop
      vertex   5.601400e+01 3.199800e+01 3.000000e+00
      vertex   5.624900e+01 3.213000e+01 3.000000e+00
      vertex   5.535300e+01 3.425600e+01 3.000000e+00
    endloop
  endfacet
  facet normal 0.000000e+00 -0.000000e+00 1.000000e+00
    outer loop
      vertex   5.576300e+01 3.175500e+01 3.000000e+00
      vertex   5.601400e+01 3.199800e+01 3.000000e+00
      vertex   5.535300e+01 3.425600e+01 3.000000e+00
    endloop
  endfacet
  facet normal 0.000000e+00 -0.000000e+00 1.000000e+00
    outer loop
      vertex   5.556300e+01 3.126400e+01 3.000000e+00
      vertex   5.576300e+01 3.175500e+01 3.000000e+00
      vertex   5.150300e+01 3.750000e+01 3.000000e+00
    endloop
  endfacet
  facet normal -1.585910e-01 -9.873444e-01 -0.000000e+00
    outer loop
      vertex   2.379800e+01 2.625300e+01 2.998000e+00
      vertex   2.379800e+01 2.625300e+01 0.000000e+00
      vertex   2.418400e+01 2.619100e+01 0.000000e+00
    endloop
  endfacet
  facet normal 0.000000e+00 -0.000000e+00 1.000000e+00
    outer loop
      vertex   2.260900e+01 2.538900e+01 2.998000e+00
      vertex   2.278600e+01 2.573700e+01 2.998000e+00
      vertex   1.840800e+01 2.396400e+01 2.998000e+00
    endloop
  endfacet
  facet normal -0.000000e+00 0.000000e+00 1.000000e+00
    outer loop
      vertex   1.728800e+01 2.423000e+01 2.998000e+00
      vertex   1.840800e+01 2.396400e+01 2.998000e+00
      vertex   2.278600e+01 2.573700e+01 2.998000e+00
    endloop
  endfacet
  facet normal 0.000000e+00 -0.000000e+00 1.000000e+00
    outer loop
      vertex   2.278600e+01 2.573700e+01 2.998000e+00
      vertex   2.306300e+01 2.601400e+01 2.998000e+00
      vertex   2.255000e+00 3.350300e+01 2.998000e+00
    endloop
  endfacet
  facet normal -0.000000e+00 -0.000000e+00 1.000000e+00
    outer loop
      vertex   1.615200e+01 2.440600e+01 2.998000e+00
      vertex   1.728800e+01 2.423000e+01 2.998000e+00
      vertex   2.255000e+00 3.350300e+01 2.998000e+00
    endloop
  endfacet
  facet normal 0.000000e+00 -0.000000e+00 1.000000e+00
    outer loop
      vertex   2.418400e+01 2.619100e+01 2.998000e+00
      vertex   3.500300e+01 3.350300e+01 2.998000e+00
      vertex   2.379800e+01 2.625300e+01 2.998000e+00
    endloop
  endfacet
  facet normal 0.000000e+00 -0.000000e+00 1.000000e+00
    outer loop
      vertex   2.453300e+01 2.601400e+01 2.998000e+00
      vertex   3.500300e+01 3.350300e+01 2.998000e+00
      vertex   2.418400e+01 2.619100e+01 2.998000e+00
    endloop
  endfacet
  facet normal 0.000000e+00 0.000000e+00 1.000000e+00
    outer loop
      vertex   2.255000e+00 3.350300e+01 2.998000e+00
      vertex   2.341100e+01 2.619100e+01 2.998000e+00
      vertex   2.379800e+01 2.625300e+01 2.998000e+00
    endloop
  endfacet
  facet normal 0.000000e+00 -0.000000e+00 1.000000e+00
    outer loop
      vertex   2.306300e+01 2.601400e+01 2.998000e+00
      vertex   2.341100e+01 2.619100e+01 2.998000e+00
      vertex   2.255000e+00 3.350300e+01 2.998000e+00
    endloop
  endfacet
  facet normal 0.000000e+00 0.000000e+00 1.000000e+00
    outer loop
      vertex   2.254800e+01 2.500200e+01 2.998000e+00
      vertex   2.056700e+01 2.317100e+01 2.998000e+00
      vertex   2.260900e+01 2.461600e+01 2.998000e+00
    endloop
  endfacet
  facet normal 0.000000e+00 0.000000e+00 1.000000e+00
    outer loop
      vertex   2.255000e+00 3.350300e+01 2.998000e+00
      vertex   1.728800e+01 2.423000e+01 2.998000e+00
      vertex   2.278600e+01 2.573700e+01 2.998000e+00
    endloop
  endfacet
  facet normal 0.000000e+00 -0.000000e+00 1.000000e+00
    outer loop
      vertex   2.480900e+01 2.573700e+01 2.998000e+00
      vertex   3.500300e+01 3.350300e+01 2.998000e+00
      vertex   2.453300e+01 2.601400e+01 2.998000e+00
    endloop
  endfacet
  facet normal 1.000000e+00 0.000000e+00 -0.000000e+00
    outer loop
      vertex   4.979800e+01 2.150300e+01 0.000000e+00
      vertex   4.979800e+01 2.150300e+01 3.000000e+00
      vertex   4.979800e+01 -1.503000e+00 0.000000e+00
    endloop
  endfacet
  facet normal 1.000000e+00 -0.000000e+00 0.000000e+00
    outer loop
      vertex   4.979800e+01 -1.503000e+00 3.000000e+00
      vertex   4.979800e+01 -1.503000e+00 0.000000e+00
      vertex   4.979800e+01 2.150300e+01 3.000000e+00
    endloop
  endfacet
  facet normal 7.929653e-01 -6.092668e-01 0.000000e+00
    outer loop
      vertex   2.073800e+01 5.831000e+00 0.000000e+00
      vertex   2.073800e+01 5.831000e+00 2.998000e+00
      vertex   2.014100e+01 5.054000e+00 0.000000e+00
    endloop
  endfacet
  facet normal 7.071060e-01 -7.071075e-01 0.000000e+00
    outer loop
      vertex   1.944900e+01 4.362000e+00 0.000000e+00
      vertex   2.014100e+01 5.054000e+00 0.000000e+00
      vertex   1.944900e+01 4.362000e+00 2.998000e+00
    endloop
  endfacet
  facet normal 6.092678e-01 -7.929646e-01 0.000000e+00
    outer loop
      vertex   1.867200e+01 3.765000e+00 0.000000e+00
      vertex   1.944900e+01 4.362000e+00 0.000000e+00
      vertex   1.944900e+01 4.362000e+00 2.998000e+00
    endloop
  endfacet
  facet normal -5.040940e-01 8.636488e-01 0.000000e+00
    outer loop
      vertex   1.813100e+01 4.607000e+00 0.000000e+00
      vertex   1.740800e+01 4.185000e+00 0.000000e+00
      vertex   1.740800e+01 4.185000e+00 2.998000e+00
    endloop
  endfacet
  facet normal -7.071075e-01 7.071061e-01 0.000000e+00
    outer loop
      vertex   1.938500e+01 5.709000e+00 2.998000e+00
      vertex   1.938500e+01 5.709000e+00 0.000000e+00
      vertex   1.879400e+01 5.118000e+00 0.000000e+00
    endloop
  endfacet
  facet normal -3.888591e-01 9.212972e-01 0.000000e+00
    outer loop
      vertex   1.740800e+01 4.185000e+00 0.000000e+00
      vertex   1.663800e+01 3.860000e+00 0.000000e+00
      vertex   1.740800e+01 4.185000e+00 2.998000e+00
    endloop
  endfacet
  facet normal -3.888591e-01 9.212972e-01 0.000000e+00
    outer loop
      vertex   1.663800e+01 3.860000e+00 2.998000e+00
      vertex   1.740800e+01 4.185000e+00 2.998000e+00
      vertex   1.663800e+01 3.860000e+00 0.000000e+00
    endloop
  endfacet
  facet normal -7.920464e-01 6.104609e-01 0.000000e+00
    outer loop
      vertex   1.989600e+01 6.372001e+00 0.000000e+00
      vertex   1.938500e+01 5.709000e+00 0.000000e+00
      vertex   1.989600e+01 6.372001e+00 2.998000e+00
    endloop
  endfacet
  facet normal -7.920464e-01 6.104609e-01 0.000000e+00
    outer loop
      vertex   1.938500e+01 5.709000e+00 2.998000e+00
      vertex   1.989600e+01 6.372001e+00 2.998000e+00
      vertex   1.938500e+01 5.709000e+00 0.000000e+00
    endloop
  endfacet
  facet normal 5.508878e-01 -8.345793e-01 0.000000e+00
    outer loop
      vertex   1.722800e+01 6.419000e+00 2.998000e+00
      vertex   1.672200e+01 6.085000e+00 0.000000e+00
      vertex   1.722800e+01 6.419000e+00 0.000000e+00
    endloop
  endfacet
  facet normal 9.015740e-01 -4.326248e-01 0.000000e+00
    outer loop
      vertex   1.868000e+01 8.327000e+00 0.000000e+00
      vertex   1.841800e+01 7.781000e+00 2.998000e+00
      vertex   1.841800e+01 7.781000e+00 0.000000e+00
    endloop
  endfacet
  facet normal 6.576887e-01 -7.532898e-01 0.000000e+00
    outer loop
      vertex   1.768500e+01 6.818000e+00 2.998000e+00
      vertex   1.722800e+01 6.419000e+00 0.000000e+00
      vertex   1.768500e+01 6.818000e+00 0.000000e+00
    endloop
  endfacet
  facet normal 6.576887e-01 -7.532898e-01 0.000000e+00
    outer loop
      vertex   1.768500e+01 6.818000e+00 2.998000e+00
      vertex   1.722800e+01 6.419000e+00 2.998000e+00
      vertex   1.722800e+01 6.419000e+00 0.000000e+00
    endloop
  endfacet
  facet normal -6.395797e-01 7.687248e-01 0.000000e+00
    outer loop
      vertex   1.692500e+01 7.473000e+00 2.998000e+00
      vertex   1.692500e+01 7.473000e+00 0.000000e+00
      vertex   1.655000e+01 7.161000e+00 0.000000e+00
    endloop
  endfacet
  facet normal -8.266610e-01 5.627003e-01 0.000000e+00
    outer loop
      vertex   1.725300e+01 7.835000e+00 2.998000e+00
      vertex   1.752800e+01 8.239000e+00 0.000000e+00
      vertex   1.725300e+01 7.835000e+00 0.000000e+00
    endloop
  endfacet
  facet normal -7.410497e-01 6.714502e-01 0.000000e+00
    outer loop
      vertex   1.725300e+01 7.835000e+00 0.000000e+00
      vertex   1.692500e+01 7.473000e+00 0.000000e+00
      vertex   1.725300e+01 7.835000e+00 2.998000e+00
    endloop
  endfacet
  facet normal -7.410497e-01 6.714502e-01 0.000000e+00
    outer loop
      vertex   1.692500e+01 7.473000e+00 2.998000e+00
      vertex   1.725300e+01 7.835000e+00 2.998000e+00
      vertex   1.692500e+01 7.473000e+00 0.000000e+00
    endloop
  endfacet
  facet normal 7.532906e-01 -6.576878e-01 0.000000e+00
    outer loop
      vertex   1.808400e+01 7.275000e+00 2.998000e+00
      vertex   1.768500e+01 6.818000e+00 2.998000e+00
      vertex   1.808400e+01 7.275000e+00 0.000000e+00
    endloop
  endfacet
  facet normal 7.532906e-01 -6.576878e-01 0.000000e+00
    outer loop
      vertex   1.768500e+01 6.818000e+00 0.000000e+00
      vertex   1.808400e+01 7.275000e+00 0.000000e+00
      vertex   1.768500e+01 6.818000e+00 2.998000e+00
    endloop
  endfacet
  facet normal 8.345795e-01 -5.508875e-01 0.000000e+00
    outer loop
      vertex   1.808400e+01 7.275000e+00 2.998000e+00
      vertex   1.808400e+01 7.275000e+00 0.000000e+00
      vertex   1.841800e+01 7.781000e+00 2.998000e+00
    endloop
  endfacet
  facet normal 8.345795e-01 -5.508875e-01 0.000000e+00
    outer loop
      vertex   1.841800e+01 7.781000e+00 0.000000e+00
      vertex   1.841800e+01 7.781000e+00 2.998000e+00
      vertex   1.808400e+01 7.275000e+00 0.000000e+00
    endloop
  endfacet
  facet normal -9.208674e-01 3.898759e-01 0.000000e+00
    outer loop
      vertex   2.031700e+01 7.095000e+00 0.000000e+00
      vertex   2.031700e+01 7.095000e+00 2.998000e+00
      vertex   2.064300e+01 7.865000e+00 2.998000e+00
    endloop
  endfacet
  facet normal -8.641695e-01 5.032008e-01 0.000000e+00
    outer loop
      vertex   2.031700e+01 7.095000e+00 0.000000e+00
      vertex   1.989600e+01 6.372001e+00 0.000000e+00
      vertex   2.031700e+01 7.095000e+00 2.998000e+00
    endloop
  endfacet
  facet normal -8.641695e-01 5.032008e-01 0.000000e+00
    outer loop
      vertex   1.989600e+01 6.372001e+00 2.998000e+00
      vertex   2.031700e+01 7.095000e+00 2.998000e+00
      vertex   1.989600e+01 6.372001e+00 0.000000e+00
    endloop
  endfacet
  facet normal 5.508878e-01 -8.345793e-01 0.000000e+00
    outer loop
      vertex   1.672200e+01 6.085000e+00 2.998000e+00
      vertex   1.672200e+01 6.085000e+00 0.000000e+00
      vertex   1.722800e+01 6.419000e+00 2.998000e+00
    endloop
  endfacet
  facet normal 7.929653e-01 -6.092668e-01 0.000000e+00
    outer loop
      vertex   2.014100e+01 5.054000e+00 0.000000e+00
      vertex   2.073800e+01 5.831000e+00 2.998000e+00
      vertex   2.014100e+01 5.054000e+00 2.998000e+00
    endloop
  endfacet
  facet normal 7.071060e-01 -7.071075e-01 0.000000e+00
    outer loop
      vertex   1.944900e+01 4.362000e+00 2.998000e+00
      vertex   2.014100e+01 5.054000e+00 0.000000e+00
      vertex   2.014100e+01 5.054000e+00 2.998000e+00
    endloop
  endfacet
  facet normal -6.104607e-01 7.920465e-01 0.000000e+00
    outer loop
      vertex   1.879400e+01 5.118000e+00 2.998000e+00
      vertex   1.813100e+01 4.607000e+00 0.000000e+00
      vertex   1.813100e+01 4.607000e+00 2.998000e+00
    endloop
  endfacet
  facet normal -6.104607e-01 7.920465e-01 0.000000e+00
    outer loop
      vertex   1.879400e+01 5.118000e+00 2.998000e+00
      vertex   1.879400e+01 5.118000e+00 0.000000e+00
      vertex   1.813100e+01 4.607000e+00 0.000000e+00
    endloop
  endfacet
  facet normal -5.040940e-01 8.636488e-01 0.000000e+00
    outer loop
      vertex   1.813100e+01 4.607000e+00 0.000000e+00
      vertex   1.740800e+01 4.185000e+00 2.998000e+00
      vertex   1.813100e+01 4.607000e+00 2.998000e+00
    endloop
  endfacet
  facet normal -7.071075e-01 7.071061e-01 0.000000e+00
    outer loop
      vertex   1.879400e+01 5.118000e+00 0.000000e+00
      vertex   1.879400e+01 5.118000e+00 2.998000e+00
      vertex   1.938500e+01 5.709000e+00 2.998000e+00
    endloop
  endfacet
  facet normal 0.000000e+00 0.000000e+00 1.000000e+00
    outer loop
      vertex   1.722800e+01 6.419000e+00 2.998000e+00
      vertex   1.655000e+01 7.161000e+00 2.998000e+00
      vertex   1.672200e+01 6.085000e+00 2.998000e+00
    endloop
  endfacet
  facet normal 0.000000e+00 0.000000e+00 1.000000e+00
    outer loop
      vertex   2.122800e+01 6.679000e+00 2.998000e+00
      vertex   2.031700e+01 7.095000e+00 2.998000e+00
      vertex   2.073800e+01 5.831000e+00 2.998000e+00
    endloop
  endfacet
  facet normal 0.000000e+00 -0.000000e+00 1.000000e+00
    outer loop
      vertex   2.014100e+01 5.054000e+00 2.998000e+00
      vertex   2.073800e+01 5.831000e+00 2.998000e+00
      vertex   1.989600e+01 6.372001e+00 2.998000e+00
    endloop
  endfacet
  facet normal 0.000000e+00 -0.000000e+00 1.000000e+00
    outer loop
      vertex   1.944900e+01 4.362000e+00 2.998000e+00
      vertex   2.014100e+01 5.054000e+00 2.998000e+00
      vertex   1.879400e+01 5.118000e+00 2.998000e+00
    endloop
  endfacet
  facet normal 0.000000e+00 0.000000e+00 1.000000e+00
    outer loop
      vertex   1.989600e+01 6.372001e+00 2.998000e+00
      vertex   1.938500e+01 5.709000e+00 2.998000e+00
      vertex   2.014100e+01 5.054000e+00 2.998000e+00
    endloop
  endfacet
  facet normal 0.000000e+00 0.000000e+00 1.000000e+00
    outer loop
      vertex   1.879400e+01 5.118000e+00 2.998000e+00
      vertex   1.813100e+01 4.607000e+00 2.998000e+00
      vertex   1.944900e+01 4.362000e+00 2.998000e+00
    endloop
  endfacet
  facet normal 0.000000e+00 0.000000e+00 1.000000e+00
    outer loop
      vertex   1.813100e+01 4.607000e+00 2.998000e+00
      vertex   1.740800e+01 4.185000e+00 2.998000e+00
      vertex   1.867200e+01 3.765000e+00 2.998000e+00
    endloop
  endfacet
  facet normal 0.000000e+00 -0.000000e+00 1.000000e+00
    outer loop
      vertex   1.782400e+01 3.275000e+00 2.998000e+00
      vertex   1.867200e+01 3.765000e+00 2.998000e+00
      vertex   1.740800e+01 4.185000e+00 2.998000e+00
    endloop
  endfacet
  facet normal 0.000000e+00 -0.000000e+00 1.000000e+00
    outer loop
      vertex   1.867200e+01 3.765000e+00 2.998000e+00
      vertex   1.944900e+01 4.362000e+00 2.998000e+00
      vertex   1.813100e+01 4.607000e+00 2.998000e+00
    endloop
  endfacet
  facet normal 0.000000e+00 0.000000e+00 1.000000e+00
    outer loop
      vertex   1.740800e+01 4.185000e+00 2.998000e+00
      vertex   1.663800e+01 3.860000e+00 2.998000e+00
      vertex   1.782400e+01 3.275000e+00 2.998000e+00
    endloop
  endfacet
  facet normal -6.395797e-01 7.687248e-01 0.000000e+00
    outer loop
      vertex   1.692500e+01 7.473000e+00 2.998000e+00
      vertex   1.655000e+01 7.161000e+00 0.000000e+00
      vertex   1.655000e+01 7.161000e+00 2.998000e+00
    endloop
  endfacet
  facet normal -8.266610e-01 5.627003e-01 0.000000e+00
    outer loop
      vertex   1.752800e+01 8.239000e+00 0.000000e+00
      vertex   1.725300e+01 7.835000e+00 2.998000e+00
      vertex   1.752800e+01 8.239000e+00 2.998000e+00
    endloop
  endfacet
  facet normal -5.264955e-01 8.501779e-01 0.000000e+00
    outer loop
      vertex   1.613500e+01 6.904000e+00 0.000000e+00
      vertex   1.613500e+01 6.904000e+00 2.998000e+00
      vertex   1.655000e+01 7.161000e+00 0.000000e+00
    endloop
  endfacet
  facet normal -5.264955e-01 8.501779e-01 0.000000e+00
    outer loop
      vertex   1.655000e+01 7.161000e+00 2.998000e+00
      vertex   1.655000e+01 7.161000e+00 0.000000e+00
      vertex   1.613500e+01 6.904000e+00 2.998000e+00
    endloop
  endfacet
  facet normal 0.000000e+00 0.000000e+00 1.000000e+00
    outer loop
      vertex   1.868000e+01 8.327000e+00 2.998000e+00
      vertex   1.774300e+01 8.677000e+00 2.998000e+00
      vertex   1.841800e+01 7.781000e+00 2.998000e+00
    endloop
  endfacet
  facet normal 0.000000e+00 0.000000e+00 1.000000e+00
    outer loop
      vertex   1.774300e+01 8.677000e+00 2.998000e+00
      vertex   1.752800e+01 8.239000e+00 2.998000e+00
      vertex   1.841800e+01 7.781000e+00 2.998000e+00
    endloop
  endfacet
  facet normal 0.000000e+00 -0.000000e+00 1.000000e+00
    outer loop
      vertex   1.808400e+01 7.275000e+00 2.998000e+00
      vertex   1.841800e+01 7.781000e+00 2.998000e+00
      vertex   1.752800e+01 8.239000e+00 2.998000e+00
    endloop
  endfacet
  facet normal -0.000000e+00 0.000000e+00 1.000000e+00
    outer loop
      vertex   1.613500e+01 6.904000e+00 2.998000e+00
      vertex   1.672200e+01 6.085000e+00 2.998000e+00
      vertex   1.655000e+01 7.161000e+00 2.998000e+00
    endloop
  endfacet
  facet normal 0.000000e+00 0.000000e+00 1.000000e+00
    outer loop
      vertex   1.722800e+01 6.419000e+00 2.998000e+00
      vertex   1.692500e+01 7.473000e+00 2.998000e+00
      vertex   1.655000e+01 7.161000e+00 2.998000e+00
    endloop
  endfacet
  facet normal 0.000000e+00 0.000000e+00 1.000000e+00
    outer loop
      vertex   1.725300e+01 7.835000e+00 2.998000e+00
      vertex   1.692500e+01 7.473000e+00 2.998000e+00
      vertex   1.768500e+01 6.818000e+00 2.998000e+00
    endloop
  endfacet
  facet normal 0.000000e+00 -0.000000e+00 1.000000e+00
    outer loop
      vertex   1.722800e+01 6.419000e+00 2.998000e+00
      vertex   1.768500e+01 6.818000e+00 2.998000e+00
      vertex   1.692500e+01 7.473000e+00 2.998000e+00
    endloop
  endfacet
  facet normal 9.015740e-01 -4.326248e-01 0.000000e+00
    outer loop
      vertex   1.841800e+01 7.781000e+00 2.998000e+00
      vertex   1.868000e+01 8.327000e+00 0.000000e+00
      vertex   1.868000e+01 8.327000e+00 2.998000e+00
    endloop
  endfacet
  facet normal 0.000000e+00 0.000000e+00 -1.000000e+00
    outer loop
      vertex   2.899400e+01 1.050000e+01 0.000000e+00
      vertex   4.979800e+01 -1.503000e+00 0.000000e+00
      vertex   2.899400e+01 9.500000e+00 0.000000e+00
    endloop
  endfacet
  facet normal 0.000000e+00 0.000000e+00 1.000000e+00
    outer loop
      vertex   1.938500e+01 5.709000e+00 2.998000e+00
      vertex   1.879400e+01 5.118000e+00 2.998000e+00
      vertex   2.014100e+01 5.054000e+00 2.998000e+00
    endloop
  endfacet
  facet normal 0.000000e+00 0.000000e+00 1.000000e+00
    outer loop
      vertex   2.064300e+01 7.865000e+00 2.998000e+00
      vertex   2.031700e+01 7.095000e+00 2.998000e+00
      vertex   2.122800e+01 6.679000e+00 2.998000e+00
    endloop
  endfacet
  facet normal -0.000000e+00 0.000000e+00 1.000000e+00
    outer loop
      vertex   1.989600e+01 6.372001e+00 2.998000e+00
      vertex   2.073800e+01 5.831000e+00 2.998000e+00
      vertex   2.031700e+01 7.095000e+00 2.998000e+00
    endloop
  endfacet
  facet normal -9.691313e-01 2.465452e-01 0.000000e+00
    outer loop
      vertex   2.448300e+01 6.738000e+00 0.000000e+00
      vertex   2.448300e+01 6.738000e+00 2.998000e+00
      vertex   2.483000e+01 8.102000e+00 0.000000e+00
    endloop
  endfacet
  facet normal 8.658453e-01 -5.003118e-01 0.000000e+00
    outer loop
      vertex   2.122800e+01 6.679000e+00 2.998000e+00
      vertex   2.073800e+01 5.831000e+00 2.998000e+00
      vertex   2.122800e+01 6.679000e+00 0.000000e+00
    endloop
  endfacet
  facet normal 8.658453e-01 -5.003118e-01 0.000000e+00
    outer loop
      vertex   2.073800e+01 5.831000e+00 0.000000e+00
      vertex   2.122800e+01 6.679000e+00 0.000000e+00
      vertex   2.073800e+01 5.831000e+00 2.998000e+00
    endloop
  endfacet
  facet normal 9.236807e-01 -3.831631e-01 0.000000e+00
    outer loop
      vertex   2.122800e+01 6.679000e+00 2.998000e+00
      vertex   2.122800e+01 6.679000e+00 0.000000e+00
      vertex   2.160300e+01 7.583000e+00 2.998000e+00
    endloop
  endfacet
  facet normal 9.236807e-01 -3.831631e-01 0.000000e+00
    outer loop
      vertex   2.160300e+01 7.583000e+00 0.000000e+00
      vertex   2.160300e+01 7.583000e+00 2.998000e+00
      vertex   2.122800e+01 6.679000e+00 0.000000e+00
    endloop
  endfacet
  facet normal -9.275926e-01 3.735934e-01 0.000000e+00
    outer loop
      vertex   2.448300e+01 6.738000e+00 0.000000e+00
      vertex   2.395700e+01 5.432000e+00 0.000000e+00
      vertex   2.448300e+01 6.738000e+00 2.998000e+00
    endloop
  endfacet
  facet normal -9.275926e-01 3.735934e-01 0.000000e+00
    outer loop
      vertex   2.395700e+01 5.432000e+00 0.000000e+00
      vertex   2.395700e+01 5.432000e+00 2.998000e+00
      vertex   2.448300e+01 6.738000e+00 2.998000e+00
    endloop
  endfacet
  facet normal -7.952851e-01 6.062357e-01 0.000000e+00
    outer loop
      vertex   2.326200e+01 4.209000e+00 2.998000e+00
      vertex   2.326200e+01 4.209000e+00 0.000000e+00
      vertex   2.240900e+01 3.090000e+00 2.998000e+00
    endloop
  endfacet
  facet normal -7.952851e-01 6.062357e-01 0.000000e+00
    outer loop
      vertex   2.240900e+01 3.090000e+00 0.000000e+00
      vertex   2.240900e+01 3.090000e+00 2.998000e+00
      vertex   2.326200e+01 4.209000e+00 0.000000e+00
    endloop
  endfacet
  facet normal -8.694212e-01 4.940716e-01 0.000000e+00
    outer loop
      vertex   2.395700e+01 5.432000e+00 0.000000e+00
      vertex   2.326200e+01 4.209000e+00 2.998000e+00
      vertex   2.395700e+01 5.432000e+00 2.998000e+00
    endloop
  endfacet
  facet normal -8.694212e-01 4.940716e-01 0.000000e+00
    outer loop
      vertex   2.395700e+01 5.432000e+00 0.000000e+00
      vertex   2.326200e+01 4.209000e+00 0.000000e+00
      vertex   2.326200e+01 4.209000e+00 2.998000e+00
    endloop
  endfacet
  facet normal -9.638764e-01 2.663499e-01 0.000000e+00
    outer loop
      vertex   2.064300e+01 7.865000e+00 0.000000e+00
      vertex   2.064300e+01 7.865000e+00 2.998000e+00
      vertex   2.086600e+01 8.672000e+00 0.000000e+00
    endloop
  endfacet
  facet normal -9.638764e-01 2.663499e-01 0.000000e+00
    outer loop
      vertex   2.086600e+01 8.672000e+00 2.998000e+00
      vertex   2.086600e+01 8.672000e+00 0.000000e+00
      vertex   2.064300e+01 7.865000e+00 2.998000e+00
    endloop
  endfacet
  facet normal -9.208674e-01 3.898759e-01 0.000000e+00
    outer loop
      vertex   2.064300e+01 7.865000e+00 0.000000e+00
      vertex   2.031700e+01 7.095000e+00 0.000000e+00
      vertex   2.064300e+01 7.865000e+00 2.998000e+00
    endloop
  endfacet
  facet normal 0.000000e+00 0.000000e+00 -1.000000e+00
    outer loop
      vertex   4.979800e+01 -1.503000e+00 0.000000e+00
      vertex   2.899400e+01 1.050000e+01 0.000000e+00
      vertex   4.979800e+01 2.150300e+01 0.000000e+00
    endloop
  endfacet
  facet normal 8.701420e-01 -4.928011e-01 0.000000e+00
    outer loop
      vertex   2.410300e+01 3.668000e+00 0.000000e+00
      vertex   2.486700e+01 5.017000e+00 0.000000e+00
      vertex   2.410300e+01 3.668000e+00 2.998000e+00
    endloop
  endfacet
  facet normal 0.000000e+00 0.000000e+00 1.000000e+00
    outer loop
      vertex   2.448300e+01 6.738000e+00 2.998000e+00
      vertex   2.395700e+01 5.432000e+00 2.998000e+00
      vertex   2.486700e+01 5.017000e+00 2.998000e+00
    endloop
  endfacet
  facet normal -0.000000e+00 0.000000e+00 1.000000e+00
    outer loop
      vertex   2.326200e+01 4.209000e+00 2.998000e+00
      vertex   2.410300e+01 3.668000e+00 2.998000e+00
      vertex   2.395700e+01 5.432000e+00 2.998000e+00
    endloop
  endfacet
  facet normal 0.000000e+00 0.000000e+00 1.000000e+00
    outer loop
      vertex   2.486700e+01 5.017000e+00 2.998000e+00
      vertex   2.395700e+01 5.432000e+00 2.998000e+00
      vertex   2.410300e+01 3.668000e+00 2.998000e+00
    endloop
  endfacet
  facet normal -0.000000e+00 0.000000e+00 1.000000e+00
    outer loop
      vertex   2.240900e+01 3.090000e+00 2.998000e+00
      vertex   2.316400e+01 2.435000e+00 2.998000e+00
      vertex   2.326200e+01 4.209000e+00 2.998000e+00
    endloop
  endfacet
  facet normal 9.657926e-01 -2.593159e-01 0.000000e+00
    outer loop
      vertex   2.160300e+01 7.583000e+00 0.000000e+00
      vertex   2.185700e+01 8.529000e+00 2.998000e+00
      vertex   2.160300e+01 7.583000e+00 2.998000e+00
    endloop
  endfacet
  facet normal 0.000000e+00 -0.000000e+00 1.000000e+00
    outer loop
      vertex   2.122800e+01 6.679000e+00 2.998000e+00
      vertex   2.160300e+01 7.583000e+00 2.998000e+00
      vertex   2.064300e+01 7.865000e+00 2.998000e+00
    endloop
  endfacet
  facet normal 0.000000e+00 0.000000e+00 1.000000e+00
    outer loop
      vertex   2.086600e+01 8.672000e+00 2.998000e+00
      vertex   2.064300e+01 7.865000e+00 2.998000e+00
      vertex   2.160300e+01 7.583000e+00 2.998000e+00
    endloop
  endfacet
  facet normal 0.000000e+00 0.000000e+00 1.000000e+00
    outer loop
      vertex   2.185700e+01 8.529000e+00 2.998000e+00
      vertex   2.086600e+01 8.672000e+00 2.998000e+00
      vertex   2.160300e+01 7.583000e+00 2.998000e+00
    endloop
  endfacet
  facet normal 0.000000e+00 -0.000000e+00 1.000000e+00
    outer loop
      vertex   2.486700e+01 5.017000e+00 2.998000e+00
      vertex   2.544300e+01 6.456000e+00 2.998000e+00
      vertex   2.448300e+01 6.738000e+00 2.998000e+00
    endloop
  endfacet
  facet normal -9.302325e-01 3.668374e-01 9.888486e-03
    outer loop
      vertex   2.832300e+01 5.611000e+00 0.000000e+00
      vertex   2.759700e+01 3.770000e+00 0.000000e+00
      vertex   2.787100e+01 4.384000e+00 2.998000e+00
    endloop
  endfacet
  facet normal -9.958495e-01 0.000000e+00 9.101499e-02
    outer loop
      vertex   2.787100e+01 4.384000e+00 2.998000e+00
      vertex   2.759700e+01 3.770000e+00 0.000000e+00
      vertex   2.787100e+01 4.383000e+00 2.998000e+00
    endloop
  endfacet
  facet normal -9.880341e-01 0.000000e+00 1.542358e-01
    outer loop
      vertex   2.662700e+01 2.046000e+00 0.000000e+00
      vertex   2.709500e+01 2.809000e+00 2.998000e+00
      vertex   2.709500e+01 2.811000e+00 2.998000e+00
    endloop
  endfacet
  facet normal -8.364646e-01 5.479491e-01 -8.879430e-03
    outer loop
      vertex   2.662700e+01 2.046000e+00 0.000000e+00
      vertex   2.613400e+01 1.342000e+00 2.998000e+00
      vertex   2.709500e+01 2.809000e+00 2.998000e+00
    endloop
  endfacet
  facet normal -8.908267e-01 -4.543433e-01 0.000000e+00
    outer loop
      vertex   2.480900e+01 -4.267000e+00 2.998000e+00
      vertex   2.498700e+01 -4.616000e+00 0.000000e+00
      vertex   2.498700e+01 -4.616000e+00 2.998000e+00
    endloop
  endfacet
  facet normal -8.908267e-01 -4.543433e-01 -0.000000e+00
    outer loop
      vertex   2.480900e+01 -4.267000e+00 2.998000e+00
      vertex   2.480900e+01 -4.267000e+00 0.000000e+00
      vertex   2.498700e+01 -4.616000e+00 0.000000e+00
    endloop
  endfacet
  facet normal -9.877415e-01 -1.560987e-01 -0.000000e+00
    outer loop
      vertex   2.498700e+01 -4.616000e+00 2.998000e+00
      vertex   2.498700e+01 -4.616000e+00 0.000000e+00
      vertex   2.504800e+01 -5.002000e+00 2.998000e+00
    endloop
  endfacet
  facet normal -9.877415e-01 -1.560987e-01 0.000000e+00
    outer loop
      vertex   2.504800e+01 -5.002000e+00 0.000000e+00
      vertex   2.504800e+01 -5.002000e+00 2.998000e+00
      vertex   2.498700e+01 -4.616000e+00 0.000000e+00
    endloop
  endfacet
  facet normal -9.878037e-01 1.557047e-01 0.000000e+00
    outer loop
      vertex   2.504800e+01 -5.002000e+00 0.000000e+00
      vertex   2.498700e+01 -5.389000e+00 0.000000e+00
      vertex   2.504800e+01 -5.002000e+00 2.998000e+00
    endloop
  endfacet
  facet normal -9.878037e-01 1.557047e-01 0.000000e+00
    outer loop
      vertex   2.498700e+01 -5.389000e+00 2.998000e+00
      vertex   2.504800e+01 -5.002000e+00 2.998000e+00
      vertex   2.498700e+01 -5.389000e+00 0.000000e+00
    endloop
  endfacet
  facet normal -8.902979e-01 4.553786e-01 0.000000e+00
    outer loop
      vertex   2.498700e+01 -5.389000e+00 2.998000e+00
      vertex   2.498700e+01 -5.389000e+00 0.000000e+00
      vertex   2.480900e+01 -5.737000e+00 2.998000e+00
    endloop
  endfacet
  facet normal -7.083868e-01 7.058244e-01 0.000000e+00
    outer loop
      vertex   2.453300e+01 -6.014000e+00 2.998000e+00
      vertex   2.480900e+01 -5.737000e+00 2.998000e+00
      vertex   2.453300e+01 -6.014000e+00 0.000000e+00
    endloop
  endfacet
  facet normal 0.000000e+00 0.000000e+00 1.000000e+00
    outer loop
      vertex   2.498700e+01 -5.389000e+00 2.998000e+00
      vertex   2.480900e+01 -5.737000e+00 2.998000e+00
      vertex   3.500300e+01 -9.003000e+00 2.998000e+00
    endloop
  endfacet
  facet normal -0.000000e+00 0.000000e+00 1.000000e+00
    outer loop
      vertex   2.453300e+01 -6.014000e+00 2.998000e+00
      vertex   3.500300e+01 -9.003000e+00 2.998000e+00
      vertex   2.480900e+01 -5.737000e+00 2.998000e+00
    endloop
  endfacet
  facet normal 0.000000e+00 0.000000e+00 -1.000000e+00
    outer loop
      vertex   2.879100e+01 7.532000e+00 0.000000e+00
      vertex   2.899400e+01 9.500000e+00 0.000000e+00
      vertex   4.979800e+01 -1.503000e+00 0.000000e+00
    endloop
  endfacet
  facet normal 0.000000e+00 0.000000e+00 1.000000e+00
    outer loop
      vertex   2.613400e+01 1.341000e+00 2.998000e+00
      vertex   2.500300e+01 5.579182e-15 2.998000e+00
      vertex   3.500300e+01 -9.003000e+00 2.998000e+00
    endloop
  endfacet
  facet normal 0.000000e+00 0.000000e+00 1.000000e+00
    outer loop
      vertex   5.562900e+01 3.092000e+01 3.000000e+00
      vertex   5.556300e+01 3.126400e+01 3.000000e+00
      vertex   5.150300e+01 3.750000e+01 3.000000e+00
    endloop
  endfacet
  facet normal 0.000000e+00 0.000000e+00 1.000000e+00
    outer loop
      vertex   5.150300e+01 3.750000e+01 3.000000e+00
      vertex   5.535200e+01 2.822100e+01 3.000000e+00
      vertex   5.562900e+01 3.092000e+01 3.000000e+00
    endloop
  endfacet
  facet normal 0.000000e+00 0.000000e+00 1.000000e+00
    outer loop
      vertex   5.535300e+01 3.425600e+01 3.000000e+00
      vertex   5.250300e+01 3.750000e+01 3.000000e+00
      vertex   5.150300e+01 3.750000e+01 3.000000e+00
    endloop
  endfacet
  facet normal -1.000000e+00 0.000000e+00 0.000000e+00
    outer loop
      vertex   5.535200e+01 2.822100e+01 3.000000e+00
      vertex   5.535200e+01 2.720900e+01 3.000000e+00
      vertex   5.535200e+01 2.822100e+01 5.000000e+00
    endloop
  endfacet
  facet normal -1.000000e+00 0.000000e+00 0.000000e+00
    outer loop
      vertex   5.535200e+01 2.720900e+01 5.000000e+00
      vertex   5.535200e+01 2.822100e+01 5.000000e+00
      vertex   5.535200e+01 2.720900e+01 3.000000e+00
    endloop
  endfacet
  facet normal -8.908264e-01 4.543439e-01 0.000000e+00
    outer loop
      vertex   2.480900e+01 2.426700e+01 0.000000e+00
      vertex   2.480900e+01 2.426700e+01 2.998000e+00
      vertex   2.498700e+01 2.461600e+01 0.000000e+00
    endloop
  endfacet
  facet normal 0.000000e+00 -1.000000e+00 0.000000e+00
    outer loop
      vertex   5.535200e+01 2.720900e+01 5.000000e+00
      vertex   5.535200e+01 2.720900e+01 3.000000e+00
      vertex   5.624900e+01 2.720900e+01 5.000000e+00
    endloop
  endfacet
  facet normal 0.000000e+00 1.000000e+00 0.000000e+00
    outer loop
      vertex   5.624900e+01 2.822100e+01 5.000000e+00
      vertex   5.535200e+01 2.822100e+01 3.000000e+00
      vertex   5.535200e+01 2.822100e+01 5.000000e+00
    endloop
  endfacet
  facet normal 0.000000e+00 0.000000e+00 1.000000e+00
    outer loop
      vertex   5.624900e+01 2.822100e+01 5.000000e+00
      vertex   5.535200e+01 2.720900e+01 5.000000e+00
      vertex   5.624900e+01 2.720900e+01 5.000000e+00
    endloop
  endfacet
  facet normal 0.000000e+00 0.000000e+00 1.000000e+00
    outer loop
      vertex   5.624900e+01 2.822100e+01 5.000000e+00
      vertex   5.535200e+01 2.822100e+01 5.000000e+00
      vertex   5.535200e+01 2.720900e+01 5.000000e+00
    endloop
  endfacet
  facet normal 0.000000e+00 -1.000000e+00 -0.000000e+00
    outer loop
      vertex   5.624900e+01 2.720900e+01 5.000000e+00
      vertex   5.535200e+01 2.720900e+01 3.000000e+00
      vertex   5.774900e+01 2.720900e+01 3.000000e+00
    endloop
  endfacet
  facet normal -1.000000e+00 -0.000000e+00 0.000000e+00
    outer loop
      vertex   5.624900e+01 3.029400e+01 1.038700e+01
      vertex   5.624900e+01 2.822100e+01 5.000000e+00
      vertex   5.624900e+01 2.720900e+01 1.050000e+01
    endloop
  endfacet
  facet normal -9.877415e-01 1.560985e-01 0.000000e+00
    outer loop
      vertex   2.504800e+01 2.500200e+01 0.000000e+00
      vertex   2.498700e+01 2.461600e+01 2.998000e+00
      vertex   2.504800e+01 2.500200e+01 2.998000e+00
    endloop
  endfacet
  facet normal -9.877415e-01 1.560985e-01 0.000000e+00
    outer loop
      vertex   2.504800e+01 2.500200e+01 0.000000e+00
      vertex   2.498700e+01 2.461600e+01 0.000000e+00
      vertex   2.498700e+01 2.461600e+01 2.998000e+00
    endloop
  endfacet
  facet normal -5.055637e-01 -8.627893e-01 -0.000000e+00
    outer loop
      vertex   5.624900e+01 3.029400e+01 1.038700e+01
      vertex   5.596400e+01 3.046100e+01 1.038700e+01
      vertex   5.624900e+01 3.029400e+01 3.000000e+00
    endloop
  endfacet
  facet normal -7.083891e-01 -7.058222e-01 0.000000e+00
    outer loop
      vertex   2.453300e+01 2.601400e+01 0.000000e+00
      vertex   2.480900e+01 2.573700e+01 0.000000e+00
      vertex   2.480900e+01 2.573700e+01 2.998000e+00
    endloop
  endfacet
  facet normal -8.902969e-01 -4.553805e-01 -0.000000e+00
    outer loop
      vertex   2.480900e+01 2.573700e+01 2.998000e+00
      vertex   2.480900e+01 2.573700e+01 0.000000e+00
      vertex   2.498700e+01 2.538900e+01 2.998000e+00
    endloop
  endfacet
  facet normal -8.902969e-01 -4.553805e-01 0.000000e+00
    outer loop
      vertex   2.498700e+01 2.538900e+01 0.000000e+00
      vertex   2.498700e+01 2.538900e+01 2.998000e+00
      vertex   2.480900e+01 2.573700e+01 0.000000e+00
    endloop
  endfacet
  facet normal -9.878037e-01 -1.557044e-01 0.000000e+00
    outer loop
      vertex   2.498700e+01 2.538900e+01 2.998000e+00
      vertex   2.504800e+01 2.500200e+01 0.000000e+00
      vertex   2.504800e+01 2.500200e+01 2.998000e+00
    endloop
  endfacet
  facet normal -9.878037e-01 -1.557044e-01 -0.000000e+00
    outer loop
      vertex   2.498700e+01 2.538900e+01 2.998000e+00
      vertex   2.498700e+01 2.538900e+01 0.000000e+00
      vertex   2.504800e+01 2.500200e+01 0.000000e+00
    endloop
  endfacet
  facet normal 0.000000e+00 -0.000000e+00 1.000000e+00
    outer loop
      vertex   2.504800e+01 2.500200e+01 2.998000e+00
      vertex   3.500300e+01 3.350300e+01 2.998000e+00
      vertex   2.498700e+01 2.538900e+01 2.998000e+00
    endloop
  endfacet
  facet normal -0.000000e+00 0.000000e+00 1.000000e+00
    outer loop
      vertex   2.255000e+00 3.350300e+01 2.998000e+00
      vertex   2.379800e+01 2.625300e+01 2.998000e+00
      vertex   3.500300e+01 3.350300e+01 2.998000e+00
    endloop
  endfacet
  facet normal -0.000000e+00 0.000000e+00 1.000000e+00
    outer loop
      vertex   2.480900e+01 2.573700e+01 2.998000e+00
      vertex   2.498700e+01 2.538900e+01 2.998000e+00
      vertex   3.500300e+01 3.350300e+01 2.998000e+00
    endloop
  endfacet
  facet normal -8.715714e-01 -4.902607e-01 -2.780260e-03
    outer loop
      vertex   5.562900e+01 3.092000e+01 3.000000e+00
      vertex   5.572300e+01 3.071100e+01 1.038700e+01
      vertex   5.564200e+01 3.085500e+01 1.038700e+01
    endloop
  endfacet
  facet normal -9.998152e-01 -1.922281e-02 0.000000e+00
    outer loop
      vertex   5.556600e+01 3.110800e+01 1.038700e+01
      vertex   5.556300e+01 3.126400e+01 1.038700e+01
      vertex   5.556300e+01 3.126400e+01 3.000000e+00
    endloop
  endfacet
  facet normal -1.000000e+00 0.000000e+00 0.000000e+00
    outer loop
      vertex   5.624900e+01 3.425600e+01 5.000000e+00
      vertex   5.624900e+01 3.213000e+01 1.038700e+01
      vertex   5.624900e+01 3.521500e+01 1.050000e+01
    endloop
  endfacet
  facet normal -1.000000e+00 0.000000e+00 0.000000e+00
    outer loop
      vertex   5.624900e+01 3.425600e+01 3.000000e+00
      vertex   5.624900e+01 3.213000e+01 3.000000e+00
      vertex   5.624900e+01 3.425600e+01 5.000000e+00
    endloop
  endfacet
  facet normal -9.577235e-01 -2.876889e-01 -8.461823e-04
    outer loop
      vertex   5.562900e+01 3.092000e+01 3.000000e+00
      vertex   5.564200e+01 3.085500e+01 1.038700e+01
      vertex   5.556600e+01 3.110800e+01 1.038700e+01
    endloop
  endfacet
  facet normal -1.000000e+00 0.000000e+00 0.000000e+00
    outer loop
      vertex   5.624900e+01 2.720900e+01 5.000000e+00
      vertex   5.624900e+01 2.720900e+01 1.050000e+01
      vertex   5.624900e+01 2.822100e+01 5.000000e+00
    endloop
  endfacet
  facet normal 2.218449e-01 0.000000e+00 9.750820e-01
    outer loop
      vertex   5.674800e+01 3.521500e+01 1.046000e+01
      vertex   5.674800e+01 2.720900e+01 1.046000e+01
      vertex   5.712600e+01 2.720900e+01 1.037400e+01
    endloop
  endfacet
  facet normal 0.000000e+00 0.000000e+00 1.000000e+00
    outer loop
      vertex   2.498700e+01 -4.616000e+00 2.998000e+00
      vertex   2.504800e+01 -5.002000e+00 2.998000e+00
      vertex   3.500300e+01 -9.003000e+00 2.998000e+00
    endloop
  endfacet
  facet normal 0.000000e+00 0.000000e+00 1.000000e+00
    outer loop
      vertex   2.709500e+01 2.809000e+00 2.998000e+00
      vertex   2.613400e+01 1.342000e+00 2.998000e+00
      vertex   3.500300e+01 -9.003000e+00 2.998000e+00
    endloop
  endfacet
  facet normal -0.000000e+00 0.000000e+00 1.000000e+00
    outer loop
      vertex   2.316200e+01 -1.631000e+00 2.998000e+00
      vertex   2.379800e+01 -3.752000e+00 2.998000e+00
      vertex   2.450300e+01 -5.000000e-01 2.998000e+00
    endloop
  endfacet
  facet normal -0.000000e+00 -0.000000e+00 1.000000e+00
    outer loop
      vertex   2.453300e+01 -3.991000e+00 2.998000e+00
      vertex   2.480900e+01 -4.267000e+00 2.998000e+00
      vertex   2.450300e+01 -5.000000e-01 2.998000e+00
    endloop
  endfacet
  facet normal 0.000000e+00 0.000000e+00 1.000000e+00
    outer loop
      vertex   2.500300e+01 5.579182e-15 2.998000e+00
      vertex   2.450300e+01 -5.000000e-01 2.998000e+00
      vertex   3.500300e+01 -9.003000e+00 2.998000e+00
    endloop
  endfacet
  facet normal 0.000000e+00 0.000000e+00 -1.000000e+00
    outer loop
      vertex   2.879100e+01 1.246800e+01 0.000000e+00
      vertex   4.979800e+01 2.150300e+01 0.000000e+00
      vertex   2.899400e+01 1.050000e+01 0.000000e+00
    endloop
  endfacet
  facet normal -7.070724e-01 7.070751e-01 9.670556e-03
    outer loop
      vertex   2.543200e+01 4.700000e-01 0.000000e+00
      vertex   2.450300e+01 -5.000000e-01 2.998000e+00
      vertex   2.500300e+01 5.579182e-15 2.998000e+00
    endloop
  endfacet
  facet normal -0.000000e+00 -0.000000e+00 1.000000e+00
    outer loop
      vertex   2.498700e+01 -4.616000e+00 2.998000e+00
      vertex   3.500300e+01 -9.003000e+00 2.998000e+00
      vertex   2.480900e+01 -4.267000e+00 2.998000e+00
    endloop
  endfacet
  facet normal -0.000000e+00 0.000000e+00 1.000000e+00
    outer loop
      vertex   2.613400e+01 1.341000e+00 2.998000e+00
      vertex   3.500300e+01 -9.003000e+00 2.998000e+00
      vertex   2.613400e+01 1.342000e+00 2.998000e+00
    endloop
  endfacet
  facet normal 0.000000e+00 0.000000e+00 -1.000000e+00
    outer loop
      vertex   2.832300e+01 1.438900e+01 0.000000e+00
      vertex   4.979800e+01 2.150300e+01 0.000000e+00
      vertex   2.879100e+01 1.246800e+01 0.000000e+00
    endloop
  endfacet
  facet normal 2.874683e-01 3.284176e-03 9.577845e-01
    outer loop
      vertex   5.747100e+01 3.521500e+01 1.024300e+01
      vertex   5.674800e+01 3.521500e+01 1.046000e+01
      vertex   5.712600e+01 2.720900e+01 1.037400e+01
    endloop
  endfacet
  facet normal 0.000000e+00 -1.000000e+00 0.000000e+00
    outer loop
      vertex   5.624900e+01 2.720900e+01 5.000000e+00
      vertex   5.774900e+01 2.720900e+01 8.314000e+00
      vertex   5.624900e+01 2.720900e+01 1.050000e+01
    endloop
  endfacet
  facet normal -0.000000e+00 -1.000000e+00 -0.000000e+00
    outer loop
      vertex   5.674800e+01 2.720900e+01 1.046000e+01
      vertex   5.624900e+01 2.720900e+01 1.050000e+01
      vertex   5.774900e+01 2.720900e+01 8.314000e+00
    endloop
  endfacet
  facet normal 3.549805e-01 0.000000e+00 9.348737e-01
    outer loop
      vertex   5.747100e+01 3.521500e+01 1.024300e+01
      vertex   5.712600e+01 2.720900e+01 1.037400e+01
      vertex   5.747100e+01 2.720900e+01 1.024300e+01
    endloop
  endfacet
  facet normal 0.000000e+00 0.000000e+00 1.000000e+00
    outer loop
      vertex   5.624900e+01 3.213000e+01 1.038700e+01
      vertex   5.596400e+01 3.196300e+01 1.038700e+01
      vertex   5.572300e+01 3.071100e+01 1.038700e+01
    endloop
  endfacet
  facet normal 0.000000e+00 -0.000000e+00 1.000000e+00
    outer loop
      vertex   5.624900e+01 3.029400e+01 1.038700e+01
      vertex   5.624900e+01 3.213000e+01 1.038700e+01
      vertex   5.596400e+01 3.046100e+01 1.038700e+01
    endloop
  endfacet
  facet normal -0.000000e+00 0.000000e+00 1.000000e+00
    outer loop
      vertex   5.572300e+01 3.071100e+01 1.038700e+01
      vertex   5.579200e+01 3.062200e+01 1.038700e+01
      vertex   5.624900e+01 3.213000e+01 1.038700e+01
    endloop
  endfacet
  facet normal 0.000000e+00 -0.000000e+00 1.000000e+00
    outer loop
      vertex   5.596400e+01 3.046100e+01 1.038700e+01
      vertex   5.624900e+01 3.213000e+01 1.038700e+01
      vertex   5.579200e+01 3.062200e+01 1.038700e+01
    endloop
  endfacet
  facet normal -1.000000e+00 -0.000000e+00 0.000000e+00
    outer loop
      vertex   5.624900e+01 3.521500e+01 1.050000e+01
      vertex   5.624900e+01 3.213000e+01 1.038700e+01
      vertex   5.624900e+01 2.720900e+01 1.050000e+01
    endloop
  endfacet
  facet normal -1.000000e+00 0.000000e+00 0.000000e+00
    outer loop
      vertex   5.624900e+01 3.029400e+01 1.038700e+01
      vertex   5.624900e+01 2.720900e+01 1.050000e+01
      vertex   5.624900e+01 3.213000e+01 1.038700e+01
    endloop
  endfacet
  facet normal 7.990527e-02 -0.000000e+00 9.968025e-01
    outer loop
      vertex   5.624900e+01 2.720900e+01 1.050000e+01
      vertex   5.674800e+01 2.720900e+01 1.046000e+01
      vertex   5.624900e+01 3.521500e+01 1.050000e+01
    endloop
  endfacet
  facet normal 7.990527e-02 0.000000e+00 9.968025e-01
    outer loop
      vertex   5.674800e+01 3.521500e+01 1.046000e+01
      vertex   5.624900e+01 3.521500e+01 1.050000e+01
      vertex   5.674800e+01 2.720900e+01 1.046000e+01
    endloop
  endfacet
  facet normal -5.055636e-01 8.627891e-01 6.661891e-04
    outer loop
      vertex   5.624900e+01 3.213000e+01 1.038700e+01
      vertex   5.601400e+01 3.199800e+01 3.000000e+00
      vertex   5.596400e+01 3.196300e+01 1.038700e+01
    endloop
  endfacet
  facet normal -9.609071e-01 2.768710e-01 0.000000e+00
    outer loop
      vertex   5.556300e+01 3.126400e+01 1.038700e+01
      vertex   5.566500e+01 3.161800e+01 1.038700e+01
      vertex   5.556300e+01 3.126400e+01 3.000000e+00
    endloop
  endfacet
  facet normal 0.000000e+00 0.000000e+00 1.000000e+00
    outer loop
      vertex   5.596400e+01 3.196300e+01 1.038700e+01
      vertex   5.583300e+01 3.184400e+01 1.038700e+01
      vertex   5.572300e+01 3.071100e+01 1.038700e+01
    endloop
  endfacet
  facet normal -0.000000e+00 0.000000e+00 1.000000e+00
    outer loop
      vertex   5.564200e+01 3.085500e+01 1.038700e+01
      vertex   5.572300e+01 3.071100e+01 1.038700e+01
      vertex   5.583300e+01 3.184400e+01 1.038700e+01
    endloop
  endfacet
  facet normal -0.000000e+00 0.000000e+00 1.000000e+00
    outer loop
      vertex   5.556600e+01 3.110800e+01 1.038700e+01
      vertex   5.564200e+01 3.085500e+01 1.038700e+01
      vertex   5.583300e+01 3.184400e+01 1.038700e+01
    endloop
  endfacet
  facet normal -0.000000e+00 0.000000e+00 1.000000e+00
    outer loop
      vertex   5.566500e+01 3.161800e+01 1.038700e+01
      vertex   5.556300e+01 3.126400e+01 1.038700e+01
      vertex   5.583300e+01 3.184400e+01 1.038700e+01
    endloop
  endfacet
  facet normal -0.000000e+00 0.000000e+00 1.000000e+00
    outer loop
      vertex   5.556300e+01 3.126400e+01 1.038700e+01
      vertex   5.556600e+01 3.110800e+01 1.038700e+01
      vertex   5.583300e+01 3.184400e+01 1.038700e+01
    endloop
  endfacet
  facet normal 1.000000e+00 0.000000e+00 0.000000e+00
    outer loop
      vertex   5.778700e+01 4.150000e+01 0.000000e+00
      vertex   5.778700e+01 2.695600e+01 3.000000e+00
      vertex   5.778700e+01 2.695600e+01 0.000000e+00
    endloop
  endfacet
  facet normal 0.000000e+00 1.000000e+00 0.000000e+00
    outer loop
      vertex   5.780300e+01 2.695600e+01 3.000000e+00
      vertex   5.778700e+01 2.695600e+01 0.000000e+00
      vertex   5.778700e+01 2.695600e+01 3.000000e+00
    endloop
  endfacet
  facet normal 0.000000e+00 1.000000e+00 0.000000e+00
    outer loop
      vertex   5.780300e+01 2.695600e+01 3.000000e+00
      vertex   5.780300e+01 2.695600e+01 0.000000e+00
      vertex   5.778700e+01 2.695600e+01 0.000000e+00
    endloop
  endfacet
  facet normal 1.000000e+00 0.000000e+00 0.000000e+00
    outer loop
      vertex   5.780300e+01 2.695600e+01 3.000000e+00
      vertex   5.780300e+01 2.150300e+01 3.000000e+00
      vertex   5.780300e+01 2.695600e+01 0.000000e+00
    endloop
  endfacet
  facet normal -0.000000e+00 0.000000e+00 1.000000e+00
    outer loop
      vertex   5.499100e+01 2.538900e+01 3.000000e+00
      vertex   5.505300e+01 2.500200e+01 3.000000e+00
      vertex   5.778700e+01 2.695600e+01 3.000000e+00
    endloop
  endfacet
  facet normal 0.000000e+00 0.000000e+00 1.000000e+00
    outer loop
      vertex   5.535200e+01 2.720900e+01 3.000000e+00
      vertex   5.481400e+01 2.573700e+01 3.000000e+00
      vertex   5.778700e+01 2.695600e+01 3.000000e+00
    endloop
  endfacet
  facet normal 0.000000e+00 0.000000e+00 1.000000e+00
    outer loop
      vertex   5.774900e+01 2.720900e+01 3.000000e+00
      vertex   5.535200e+01 2.720900e+01 3.000000e+00
      vertex   5.778700e+01 2.695600e+01 3.000000e+00
    endloop
  endfacet
  facet normal 0.000000e+00 0.000000e+00 1.000000e+00
    outer loop
      vertex   5.778700e+01 4.150000e+01 3.000000e+00
      vertex   5.774900e+01 3.521500e+01 3.000000e+00
      vertex   5.778700e+01 2.695600e+01 3.000000e+00
    endloop
  endfacet
  facet normal -0.000000e+00 0.000000e+00 1.000000e+00
    outer loop
      vertex   5.774900e+01 2.720900e+01 3.000000e+00
      vertex   5.778700e+01 2.695600e+01 3.000000e+00
      vertex   5.774900e+01 3.521500e+01 3.000000e+00
    endloop
  endfacet
  facet normal 0.000000e+00 -0.000000e+00 1.000000e+00
    outer loop
      vertex   5.780300e+01 2.150300e+01 3.000000e+00
      vertex   5.780300e+01 2.695600e+01 3.000000e+00
      vertex   5.778700e+01 2.695600e+01 3.000000e+00
    endloop
  endfacet
  facet normal 0.000000e+00 -1.000000e+00 -0.000000e+00
    outer loop
      vertex   5.774900e+01 2.720900e+01 8.314000e+00
      vertex   5.624900e+01 2.720900e+01 5.000000e+00
      vertex   5.774900e+01 2.720900e+01 3.000000e+00
    endloop
  endfacet
  facet normal 1.000000e+00 0.000000e+00 0.000000e+00
    outer loop
      vertex   5.774900e+01 2.720900e+01 3.000000e+00
      vertex   5.774900e+01 3.521500e+01 3.000000e+00
      vertex   5.774900e+01 2.720900e+01 8.314000e+00
    endloop
  endfacet
  facet normal 1.000000e+00 0.000000e+00 0.000000e+00
    outer loop
      vertex   5.774900e+01 3.521500e+01 8.314000e+00
      vertex   5.774900e+01 2.720900e+01 8.314000e+00
      vertex   5.774900e+01 3.521500e+01 3.000000e+00
    endloop
  endfacet
  facet normal 9.969388e-01 0.000000e+00 7.818561e-02
    outer loop
      vertex   5.829800e+01 3.521500e+01 9.136000e+00
      vertex   5.827800e+01 2.720900e+01 9.391000e+00
      vertex   5.829800e+01 2.720900e+01 9.136000e+00
    endloop
  endfacet
  facet normal 0.000000e+00 -1.000000e+00 0.000000e+00
    outer loop
      vertex   5.747100e+01 2.720900e+01 1.024300e+01
      vertex   5.774900e+01 2.720900e+01 8.314000e+00
      vertex   5.776900e+01 2.720900e+01 1.007200e+01
    endloop
  endfacet
  facet normal 0.000000e+00 -1.000000e+00 -0.000000e+00
    outer loop
      vertex   5.776900e+01 2.720900e+01 1.007200e+01
      vertex   5.774900e+01 2.720900e+01 8.314000e+00
      vertex   5.800800e+01 2.720900e+01 9.868000e+00
    endloop
  endfacet
  facet normal 0.000000e+00 -1.000000e+00 -0.000000e+00
    outer loop
      vertex   5.800800e+01 2.720900e+01 9.868000e+00
      vertex   5.774900e+01 2.720900e+01 8.314000e+00
      vertex   5.818000e+01 2.720900e+01 9.637000e+00
    endloop
  endfacet
  facet normal 0.000000e+00 -1.000000e+00 0.000000e+00
    outer loop
      vertex   5.818000e+01 2.720900e+01 9.637000e+00
      vertex   5.823900e+01 2.720900e+01 8.885000e+00
      vertex   5.827800e+01 2.720900e+01 9.391000e+00
    endloop
  endfacet
  facet normal -0.000000e+00 -1.000000e+00 0.000000e+00
    outer loop
      vertex   5.829800e+01 2.720900e+01 9.136000e+00
      vertex   5.827800e+01 2.720900e+01 9.391000e+00
      vertex   5.823900e+01 2.720900e+01 8.885000e+00
    endloop
  endfacet
  facet normal -0.000000e+00 -1.000000e+00 0.000000e+00
    outer loop
      vertex   5.823900e+01 2.720900e+01 8.885000e+00
      vertex   5.818000e+01 2.720900e+01 9.637000e+00
      vertex   5.810300e+01 2.720900e+01 8.645000e+00
    endloop
  endfacet
  facet normal -0.000000e+00 -1.000000e+00 0.000000e+00
    outer loop
      vertex   5.810300e+01 2.720900e+01 8.645000e+00
      vertex   5.818000e+01 2.720900e+01 9.637000e+00
      vertex   5.774900e+01 2.720900e+01 8.314000e+00
    endloop
  endfacet
  facet normal -0.000000e+00 -1.000000e+00 -0.000000e+00
    outer loop
      vertex   5.747100e+01 2.720900e+01 1.024300e+01
      vertex   5.712600e+01 2.720900e+01 1.037400e+01
      vertex   5.774900e+01 2.720900e+01 8.314000e+00
    endloop
  endfacet
  facet normal -0.000000e+00 -1.000000e+00 -0.000000e+00
    outer loop
      vertex   5.712600e+01 2.720900e+01 1.037400e+01
      vertex   5.674800e+01 2.720900e+01 1.046000e+01
      vertex   5.774900e+01 2.720900e+01 8.314000e+00
    endloop
  endfacet
  facet normal 9.734646e-01 0.000000e+00 -2.288378e-01
    outer loop
      vertex   5.829800e+01 3.521500e+01 9.136000e+00
      vertex   5.829800e+01 2.720900e+01 9.136000e+00
      vertex   5.823900e+01 3.521500e+01 8.885000e+00
    endloop
  endfacet
  facet normal 9.734646e-01 0.000000e+00 -2.288378e-01
    outer loop
      vertex   5.823900e+01 2.720900e+01 8.885000e+00
      vertex   5.823900e+01 3.521500e+01 8.885000e+00
      vertex   5.829800e+01 2.720900e+01 9.136000e+00
    endloop
  endfacet
  facet normal 6.829757e-01 0.000000e+00 -7.304411e-01
    outer loop
      vertex   5.774900e+01 2.720900e+01 8.314000e+00
      vertex   5.774900e+01 3.521500e+01 8.314000e+00
      vertex   5.810300e+01 2.720900e+01 8.645000e+00
    endloop
  endfacet
  facet normal 8.700315e-01 0.000000e+00 -4.929962e-01
    outer loop
      vertex   5.823900e+01 3.521500e+01 8.885000e+00
      vertex   5.810300e+01 2.720900e+01 8.645000e+00
      vertex   5.810300e+01 3.521500e+01 8.645000e+00
    endloop
  endfacet
  facet normal 8.700315e-01 0.000000e+00 -4.929962e-01
    outer loop
      vertex   5.823900e+01 3.521500e+01 8.885000e+00
      vertex   5.823900e+01 2.720900e+01 8.885000e+00
      vertex   5.810300e+01 2.720900e+01 8.645000e+00
    endloop
  endfacet
  facet normal 6.492242e-01 -0.000000e+00 7.605971e-01
    outer loop
      vertex   5.776900e+01 2.720900e+01 1.007200e+01
      vertex   5.800800e+01 2.720900e+01 9.868000e+00
      vertex   5.776900e+01 3.521500e+01 1.007200e+01
    endloop
  endfacet
  facet normal 4.977056e-01 0.000000e+00 8.673460e-01
    outer loop
      vertex   5.747100e+01 2.720900e+01 1.024300e+01
      vertex   5.776900e+01 2.720900e+01 1.007200e+01
      vertex   5.776900e+01 3.521500e+01 1.007200e+01
    endloop
  endfacet
  facet normal 9.969388e-01 -0.000000e+00 7.818561e-02
    outer loop
      vertex   5.827800e+01 2.720900e+01 9.391000e+00
      vertex   5.829800e+01 3.521500e+01 9.136000e+00
      vertex   5.827800e+01 3.521500e+01 9.391000e+00
    endloop
  endfacet
  facet normal -8.714698e-01 4.903275e-01 1.092275e-02
    outer loop
      vertex   2.662700e+01 2.046000e+00 0.000000e+00
      vertex   2.709500e+01 2.811000e+00 2.998000e+00
      vertex   2.759700e+01 3.770000e+00 0.000000e+00
    endloop
  endfacet
  facet normal -8.966644e-01 4.426283e-01 -8.553990e-03
    outer loop
      vertex   2.709500e+01 2.811000e+00 2.998000e+00
      vertex   2.787100e+01 4.383000e+00 2.998000e+00
      vertex   2.759700e+01 3.770000e+00 0.000000e+00
    endloop
  endfacet
  facet normal 8.020709e-01 -0.000000e+00 5.972288e-01
    outer loop
      vertex   5.800800e+01 2.720900e+01 9.868000e+00
      vertex   5.818000e+01 2.720900e+01 9.637000e+00
      vertex   5.800800e+01 3.521500e+01 9.868000e+00
    endloop
  endfacet
  facet normal 8.020709e-01 0.000000e+00 5.972288e-01
    outer loop
      vertex   5.818000e+01 3.521500e+01 9.637000e+00
      vertex   5.800800e+01 3.521500e+01 9.868000e+00
      vertex   5.818000e+01 2.720900e+01 9.637000e+00
    endloop
  endfacet
  facet normal -7.643966e-01 6.446927e-01 -8.312004e-03
    outer loop
      vertex   2.500300e+01 5.579182e-15 2.998000e+00
      vertex   2.613400e+01 1.341000e+00 2.998000e+00
      vertex   2.543200e+01 4.700000e-01 0.000000e+00
    endloop
  endfacet
  facet normal -9.867475e-01 0.000000e+00 -1.622635e-01
    outer loop
      vertex   2.662700e+01 2.046000e+00 0.000000e+00
      vertex   2.613400e+01 1.341000e+00 2.998000e+00
      vertex   2.613400e+01 1.342000e+00 2.998000e+00
    endloop
  endfacet
  facet normal -7.967850e-01 6.041620e-01 1.104722e-02
    outer loop
      vertex   2.662700e+01 2.046000e+00 0.000000e+00
      vertex   2.543200e+01 4.700000e-01 0.000000e+00
      vertex   2.613400e+01 1.341000e+00 2.998000e+00
    endloop
  endfacet
  facet normal 6.829757e-01 0.000000e+00 -7.304411e-01
    outer loop
      vertex   5.810300e+01 3.521500e+01 8.645000e+00
      vertex   5.810300e+01 2.720900e+01 8.645000e+00
      vertex   5.774900e+01 3.521500e+01 8.314000e+00
    endloop
  endfacet
  facet normal 7.070739e-01 7.070736e-01 9.669762e-03
    outer loop
      vertex   4.003000e+00 0.000000e+00 2.998000e+00
      vertex   4.503000e+00 -5.000000e-01 2.998000e+00
      vertex   3.574000e+00 4.700000e-01 0.000000e+00
    endloop
  endfacet
  facet normal 9.302323e-01 3.668379e-01 9.888322e-03
    outer loop
      vertex   1.409000e+00 3.770000e+00 0.000000e+00
      vertex   6.830000e-01 5.611000e+00 0.000000e+00
      vertex   1.135000e+00 4.384000e+00 2.998000e+00
    endloop
  endfacet
  facet normal 6.492242e-01 -0.000000e+00 7.605971e-01
    outer loop
      vertex   5.800800e+01 2.720900e+01 9.868000e+00
      vertex   5.800800e+01 3.521500e+01 9.868000e+00
      vertex   5.776900e+01 3.521500e+01 1.007200e+01
    endloop
  endfacet
  facet normal 9.958495e-01 -0.000000e+00 9.101494e-02
    outer loop
      vertex   1.135000e+00 4.383000e+00 2.998000e+00
      vertex   1.409000e+00 3.770000e+00 0.000000e+00
      vertex   1.135000e+00 4.384000e+00 2.998000e+00
    endloop
  endfacet
  facet normal 9.289974e-01 0.000000e+00 3.700863e-01
    outer loop
      vertex   5.818000e+01 3.521500e+01 9.637000e+00
      vertex   5.818000e+01 2.720900e+01 9.637000e+00
      vertex   5.827800e+01 3.521500e+01 9.391000e+00
    endloop
  endfacet
  facet normal 9.289974e-01 -0.000000e+00 3.700863e-01
    outer loop
      vertex   5.827800e+01 2.720900e+01 9.391000e+00
      vertex   5.827800e+01 3.521500e+01 9.391000e+00
      vertex   5.818000e+01 2.720900e+01 9.637000e+00
    endloop
  endfacet
  facet normal 8.966644e-01 4.426283e-01 -8.554034e-03
    outer loop
      vertex   1.135000e+00 4.383000e+00 2.998000e+00
      vertex   1.911000e+00 2.811000e+00 2.998000e+00
      vertex   1.409000e+00 3.770000e+00 0.000000e+00
    endloop
  endfacet
  facet normal 8.714695e-01 4.903280e-01 1.092290e-02
    outer loop
      vertex   1.911000e+00 2.811000e+00 2.998000e+00
      vertex   2.379000e+00 2.046000e+00 0.000000e+00
      vertex   1.409000e+00 3.770000e+00 0.000000e+00
    endloop
  endfacet
  facet normal 4.977056e-01 0.000000e+00 8.673460e-01
    outer loop
      vertex   5.747100e+01 3.521500e+01 1.024300e+01
      vertex   5.747100e+01 2.720900e+01 1.024300e+01
      vertex   5.776900e+01 3.521500e+01 1.007200e+01
    endloop
  endfacet
  facet normal 9.880340e-01 0.000000e+00 1.542361e-01
    outer loop
      vertex   2.379000e+00 2.046000e+00 0.000000e+00
      vertex   1.911000e+00 2.811000e+00 2.998000e+00
      vertex   1.911000e+00 2.809000e+00 2.998000e+00
    endloop
  endfacet
  facet normal 0.000000e+00 -1.000000e+00 0.000000e+00
    outer loop
      vertex   2.255000e+00 3.350300e+01 2.998000e+00
      vertex   3.500300e+01 3.350300e+01 2.998000e+00
      vertex   3.500300e+01 3.350300e+01 3.000000e+00
    endloop
  endfacet
  facet normal 9.867474e-01 0.000000e+00 -1.622637e-01
    outer loop
      vertex   2.872000e+00 1.341000e+00 2.998000e+00
      vertex   2.379000e+00 2.046000e+00 0.000000e+00
      vertex   2.872000e+00 1.342000e+00 2.998000e+00
    endloop
  endfacet
  facet normal 7.967854e-01 6.041615e-01 1.104691e-02
    outer loop
      vertex   2.872000e+00 1.341000e+00 2.998000e+00
      vertex   3.574000e+00 4.700000e-01 0.000000e+00
      vertex   2.379000e+00 2.046000e+00 0.000000e+00
    endloop
  endfacet
  facet normal 8.364642e-01 5.479496e-01 -8.879351e-03
    outer loop
      vertex   2.379000e+00 2.046000e+00 0.000000e+00
      vertex   1.911000e+00 2.809000e+00 2.998000e+00
      vertex   2.872000e+00 1.342000e+00 2.998000e+00
    endloop
  endfacet
  facet normal 7.643968e-01 6.446925e-01 -8.312439e-03
    outer loop
      vertex   2.872000e+00 1.341000e+00 2.998000e+00
      vertex   4.003000e+00 0.000000e+00 2.998000e+00
      vertex   3.574000e+00 4.700000e-01 0.000000e+00
    endloop
  endfacet
  facet normal 0.000000e+00 0.000000e+00 -1.000000e+00
    outer loop
      vertex   2.662700e+01 1.795400e+01 0.000000e+00
      vertex   4.979800e+01 2.150300e+01 0.000000e+00
      vertex   2.759700e+01 1.623000e+01 0.000000e+00
    endloop
  endfacet
  facet normal -9.435258e-01 3.312316e-01 -6.688209e-03
    outer loop
      vertex   2.845200e+01 6.039000e+00 2.998000e+00
      vertex   2.832300e+01 5.611000e+00 0.000000e+00
      vertex   2.787100e+01 4.384000e+00 2.998000e+00
    endloop
  endfacet
  facet normal -9.715514e-01 2.366931e-01 8.014202e-03
    outer loop
      vertex   2.832300e+01 5.611000e+00 0.000000e+00
      vertex   2.845200e+01 6.039000e+00 2.998000e+00
      vertex   2.879100e+01 7.532000e+00 0.000000e+00
    endloop
  endfacet
  facet normal 0.000000e+00 0.000000e+00 -1.000000e+00
    outer loop
      vertex   2.759700e+01 1.623000e+01 0.000000e+00
      vertex   4.979800e+01 2.150300e+01 0.000000e+00
      vertex   2.832300e+01 1.438900e+01 0.000000e+00
    endloop
  endfacet
  facet normal -7.071067e-01 -7.071068e-01 0.000000e+00
    outer loop
      vertex   5.842000e+00 2.435000e+00 0.000000e+00
      vertex   6.938000e+00 1.339000e+00 2.998000e+00
      vertex   5.842000e+00 2.435000e+00 2.998000e+00
    endloop
  endfacet
  facet normal -7.071067e-01 -7.071068e-01 0.000000e+00
    outer loop
      vertex   5.842000e+00 2.435000e+00 0.000000e+00
      vertex   6.938000e+00 1.339000e+00 0.000000e+00
      vertex   6.938000e+00 1.339000e+00 2.998000e+00
    endloop
  endfacet
  facet normal 9.938994e-01 -1.102906e-01 0.000000e+00
    outer loop
      vertex   2.582100e+01 7.959000e+00 0.000000e+00
      vertex   2.599200e+01 9.500000e+00 2.998000e+00
      vertex   2.582100e+01 7.959000e+00 2.998000e+00
    endloop
  endfacet
  facet normal 9.938994e-01 -1.102906e-01 0.000000e+00
    outer loop
      vertex   2.599200e+01 9.500000e+00 0.000000e+00
      vertex   2.599200e+01 9.500000e+00 2.998000e+00
      vertex   2.582100e+01 7.959000e+00 0.000000e+00
    endloop
  endfacet
  facet normal -6.058684e-01 -7.955649e-01 -0.000000e+00
    outer loop
      vertex   8.171000e+00 4.000000e-01 2.998000e+00
      vertex   6.938000e+00 1.339000e+00 0.000000e+00
      vertex   8.171000e+00 4.000000e-01 0.000000e+00
    endloop
  endfacet
  facet normal -6.058684e-01 -7.955649e-01 0.000000e+00
    outer loop
      vertex   8.171000e+00 4.000000e-01 2.998000e+00
      vertex   6.938000e+00 1.339000e+00 2.998000e+00
      vertex   6.938000e+00 1.339000e+00 0.000000e+00
    endloop
  endfacet
  facet normal 9.698002e-01 -2.439007e-01 0.000000e+00
    outer loop
      vertex   2.544300e+01 6.456000e+00 0.000000e+00
      vertex   2.582100e+01 7.959000e+00 0.000000e+00
      vertex   2.582100e+01 7.959000e+00 2.998000e+00
    endloop
  endfacet
  facet normal -4.928007e-01 -8.701422e-01 -0.000000e+00
    outer loop
      vertex   8.171000e+00 4.000000e-01 2.998000e+00
      vertex   8.171000e+00 4.000000e-01 0.000000e+00
      vertex   9.520001e+00 -3.640000e-01 2.998000e+00
    endloop
  endfacet
  facet normal -9.934339e-01 1.144079e-01 0.000000e+00
    outer loop
      vertex   2.499100e+01 9.500000e+00 0.000000e+00
      vertex   2.483000e+01 8.102000e+00 0.000000e+00
      vertex   2.499100e+01 9.500000e+00 2.998000e+00
    endloop
  endfacet
  facet normal -7.955650e-01 -6.058683e-01 0.000000e+00
    outer loop
      vertex   4.903000e+00 3.668000e+00 2.998000e+00
      vertex   5.842000e+00 2.435000e+00 0.000000e+00
      vertex   5.842000e+00 2.435000e+00 2.998000e+00
    endloop
  endfacet
  facet normal -7.955650e-01 -6.058683e-01 -0.000000e+00
    outer loop
      vertex   4.903000e+00 3.668000e+00 2.998000e+00
      vertex   4.903000e+00 3.668000e+00 0.000000e+00
      vertex   5.842000e+00 2.435000e+00 0.000000e+00
    endloop
  endfacet
  facet normal 0.000000e+00 0.000000e+00 1.000000e+00
    outer loop
      vertex   6.597000e+00 3.090000e+00 2.998000e+00
      vertex   5.842000e+00 2.435000e+00 2.998000e+00
      vertex   7.593000e+00 2.094000e+00 2.998000e+00
    endloop
  endfacet
  facet normal 0.000000e+00 0.000000e+00 1.000000e+00
    outer loop
      vertex   7.593000e+00 2.094000e+00 2.998000e+00
      vertex   6.938000e+00 1.339000e+00 2.998000e+00
      vertex   8.712000e+00 1.241000e+00 2.998000e+00
    endloop
  endfacet
  facet normal 0.000000e+00 -0.000000e+00 1.000000e+00
    outer loop
      vertex   9.520001e+00 -3.640000e-01 2.998000e+00
      vertex   9.935001e+00 5.460000e-01 2.998000e+00
      vertex   8.171000e+00 4.000000e-01 2.998000e+00
    endloop
  endfacet
  facet normal 0.000000e+00 -0.000000e+00 1.000000e+00
    outer loop
      vertex   8.171000e+00 4.000000e-01 2.998000e+00
      vertex   8.712000e+00 1.241000e+00 2.998000e+00
      vertex   6.938000e+00 1.339000e+00 2.998000e+00
    endloop
  endfacet
  facet normal 0.000000e+00 -0.000000e+00 1.000000e+00
    outer loop
      vertex   6.938000e+00 1.339000e+00 2.998000e+00
      vertex   7.593000e+00 2.094000e+00 2.998000e+00
      vertex   5.842000e+00 2.435000e+00 2.998000e+00
    endloop
  endfacet
  facet normal 6.062358e-01 7.952849e-01 -0.000000e+00
    outer loop
      vertex   8.712000e+00 1.241000e+00 0.000000e+00
      vertex   7.593000e+00 2.094000e+00 0.000000e+00
      vertex   8.712000e+00 1.241000e+00 2.998000e+00
    endloop
  endfacet
  facet normal 6.062358e-01 7.952849e-01 0.000000e+00
    outer loop
      vertex   7.593000e+00 2.094000e+00 2.998000e+00
      vertex   8.712000e+00 1.241000e+00 2.998000e+00
      vertex   7.593000e+00 2.094000e+00 0.000000e+00
    endloop
  endfacet
  facet normal 0.000000e+00 0.000000e+00 -1.000000e+00
    outer loop
      vertex   2.662700e+01 1.795400e+01 0.000000e+00
      vertex   2.543200e+01 1.953000e+01 0.000000e+00
      vertex   4.979800e+01 2.150300e+01 0.000000e+00
    endloop
  endfacet
  facet normal 0.000000e+00 0.000000e+00 1.000000e+00
    outer loop
      vertex   6.597000e+00 3.090000e+00 2.998000e+00
      vertex   5.744000e+00 4.209000e+00 2.998000e+00
      vertex   5.842000e+00 2.435000e+00 2.998000e+00
    endloop
  endfacet
  facet normal 7.071068e-01 7.071067e-01 0.000000e+00
    outer loop
      vertex   6.597000e+00 3.090000e+00 0.000000e+00
      vertex   7.593000e+00 2.094000e+00 2.998000e+00
      vertex   7.593000e+00 2.094000e+00 0.000000e+00
    endloop
  endfacet
  facet normal 7.071068e-01 7.071067e-01 -0.000000e+00
    outer loop
      vertex   6.597000e+00 3.090000e+00 0.000000e+00
      vertex   6.597000e+00 3.090000e+00 2.998000e+00
      vertex   7.593000e+00 2.094000e+00 2.998000e+00
    endloop
  endfacet
  facet normal -0.000000e+00 0.000000e+00 1.000000e+00
    outer loop
      vertex   4.903000e+00 3.668000e+00 2.998000e+00
      vertex   5.842000e+00 2.435000e+00 2.998000e+00
      vertex   5.744000e+00 4.209000e+00 2.998000e+00
    endloop
  endfacet
  facet normal 9.283876e-01 -3.716133e-01 0.000000e+00
    outer loop
      vertex   2.486700e+01 5.017000e+00 0.000000e+00
      vertex   2.544300e+01 6.456000e+00 2.998000e+00
      vertex   2.486700e+01 5.017000e+00 2.998000e+00
    endloop
  endfacet
  facet normal 9.283876e-01 -3.716133e-01 0.000000e+00
    outer loop
      vertex   2.486700e+01 5.017000e+00 0.000000e+00
      vertex   2.544300e+01 6.456000e+00 0.000000e+00
      vertex   2.544300e+01 6.456000e+00 2.998000e+00
    endloop
  endfacet
  facet normal 7.952848e-01 6.062359e-01 -0.000000e+00
    outer loop
      vertex   6.597000e+00 3.090000e+00 0.000000e+00
      vertex   5.744000e+00 4.209000e+00 0.000000e+00
      vertex   6.597000e+00 3.090000e+00 2.998000e+00
    endloop
  endfacet
  facet normal 8.701420e-01 -4.928011e-01 0.000000e+00
    outer loop
      vertex   2.486700e+01 5.017000e+00 2.998000e+00
      vertex   2.410300e+01 3.668000e+00 2.998000e+00
      vertex   2.486700e+01 5.017000e+00 0.000000e+00
    endloop
  endfacet
  facet normal -9.938994e-01 -1.102900e-01 -0.000000e+00
    outer loop
      vertex   3.014000e+00 9.500000e+00 2.998000e+00
      vertex   3.014000e+00 9.500000e+00 0.000000e+00
      vertex   3.185000e+00 7.959000e+00 2.998000e+00
    endloop
  endfacet
  facet normal -0.000000e+00 0.000000e+00 1.000000e+00
    outer loop
      vertex   2.787100e+01 4.384000e+00 2.998000e+00
      vertex   3.500300e+01 -9.003000e+00 2.998000e+00
      vertex   2.845200e+01 6.039000e+00 2.998000e+00
    endloop
  endfacet
  facet normal -9.283877e-01 -3.716131e-01 0.000000e+00
    outer loop
      vertex   3.563000e+00 6.456000e+00 0.000000e+00
      vertex   4.139000e+00 5.017000e+00 0.000000e+00
      vertex   4.139000e+00 5.017000e+00 2.998000e+00
    endloop
  endfacet
  facet normal -9.698000e-01 -2.439016e-01 0.000000e+00
    outer loop
      vertex   3.185000e+00 7.959000e+00 2.998000e+00
      vertex   3.563000e+00 6.456000e+00 0.000000e+00
      vertex   3.563000e+00 6.456000e+00 2.998000e+00
    endloop
  endfacet
  facet normal -9.698000e-01 -2.439016e-01 -0.000000e+00
    outer loop
      vertex   3.185000e+00 7.959000e+00 2.998000e+00
      vertex   3.185000e+00 7.959000e+00 0.000000e+00
      vertex   3.563000e+00 6.456000e+00 0.000000e+00
    endloop
  endfacet
  facet normal 9.715516e-01 2.366924e-01 8.013927e-03
    outer loop
      vertex   5.540000e-01 6.039000e+00 2.998000e+00
      vertex   6.830000e-01 5.611000e+00 0.000000e+00
      vertex   2.150000e-01 7.532000e+00 0.000000e+00
    endloop
  endfacet
  facet normal 9.947110e-01 1.026049e-01 4.712694e-03
    outer loop
      vertex   1.200000e-02 9.500000e+00 0.000000e+00
      vertex   1.780000e-01 7.753000e+00 2.998000e+00
      vertex   2.150000e-01 7.532000e+00 0.000000e+00
    endloop
  endfacet
  facet normal 9.767666e-01 2.142733e-01 -3.740484e-03
    outer loop
      vertex   1.780000e-01 7.753000e+00 2.998000e+00
      vertex   5.540000e-01 6.039000e+00 2.998000e+00
      vertex   2.150000e-01 7.532000e+00 0.000000e+00
    endloop
  endfacet
  facet normal 9.435258e-01 3.312317e-01 -6.688581e-03
    outer loop
      vertex   1.135000e+00 4.384000e+00 2.998000e+00
      vertex   6.830000e-01 5.611000e+00 0.000000e+00
      vertex   5.540000e-01 6.039000e+00 2.998000e+00
    endloop
  endfacet
  facet normal 9.698002e-01 -2.439007e-01 0.000000e+00
    outer loop
      vertex   2.544300e+01 6.456000e+00 2.998000e+00
      vertex   2.544300e+01 6.456000e+00 0.000000e+00
      vertex   2.582100e+01 7.959000e+00 2.998000e+00
    endloop
  endfacet
  facet normal -9.934339e-01 1.144079e-01 0.000000e+00
    outer loop
      vertex   2.483000e+01 8.102000e+00 2.998000e+00
      vertex   2.499100e+01 9.500000e+00 2.998000e+00
      vertex   2.483000e+01 8.102000e+00 0.000000e+00
    endloop
  endfacet
  facet normal -9.691313e-01 2.465452e-01 0.000000e+00
    outer loop
      vertex   2.483000e+01 8.102000e+00 0.000000e+00
      vertex   2.448300e+01 6.738000e+00 2.998000e+00
      vertex   2.483000e+01 8.102000e+00 2.998000e+00
    endloop
  endfacet
  facet normal 0.000000e+00 -0.000000e+00 1.000000e+00
    outer loop
      vertex   4.139000e+00 5.017000e+00 2.998000e+00
      vertex   4.523000e+00 6.738000e+00 2.998000e+00
      vertex   3.563000e+00 6.456000e+00 2.998000e+00
    endloop
  endfacet
  facet normal 0.000000e+00 -0.000000e+00 1.000000e+00
    outer loop
      vertex   3.563000e+00 6.456000e+00 2.998000e+00
      vertex   4.176000e+00 8.102000e+00 2.998000e+00
      vertex   3.185000e+00 7.959000e+00 2.998000e+00
    endloop
  endfacet
  facet normal 0.000000e+00 0.000000e+00 1.000000e+00
    outer loop
      vertex   2.483000e+01 8.102000e+00 2.998000e+00
      vertex   2.448300e+01 6.738000e+00 2.998000e+00
      vertex   2.544300e+01 6.456000e+00 2.998000e+00
    endloop
  endfacet
  facet normal 0.000000e+00 0.000000e+00 1.000000e+00
    outer loop
      vertex   2.599200e+01 9.500000e+00 2.998000e+00
      vertex   2.499100e+01 9.500000e+00 2.998000e+00
      vertex   2.582100e+01 7.959000e+00 2.998000e+00
    endloop
  endfacet
  facet normal 0.000000e+00 0.000000e+00 1.000000e+00
    outer loop
      vertex   1.200000e-02 9.500000e+00 2.998000e+00
      vertex   -2.503000e+00 -9.003000e+00 2.998000e+00
      vertex   1.780000e-01 7.753000e+00 2.998000e+00
    endloop
  endfacet
  facet normal 0.000000e+00 0.000000e+00 1.000000e+00
    outer loop
      vertex   5.540000e-01 6.039000e+00 2.998000e+00
      vertex   1.780000e-01 7.753000e+00 2.998000e+00
      vertex   -2.503000e+00 -9.003000e+00 2.998000e+00
    endloop
  endfacet
  facet normal -9.947111e-01 1.026044e-01 4.711998e-03
    outer loop
      vertex   2.882800e+01 7.753000e+00 2.998000e+00
      vertex   2.899400e+01 9.500000e+00 0.000000e+00
      vertex   2.879100e+01 7.532000e+00 0.000000e+00
    endloop
  endfacet
  facet normal 0.000000e+00 0.000000e+00 1.000000e+00
    outer loop
      vertex   -2.503000e+00 -9.003000e+00 2.998000e+00
      vertex   1.135000e+00 4.383000e+00 2.998000e+00
      vertex   5.540000e-01 6.039000e+00 2.998000e+00
    endloop
  endfacet
  facet normal -8.658456e-01 -5.003113e-01 0.000000e+00
    outer loop
      vertex   8.268000e+00 5.831000e+00 0.000000e+00
      vertex   7.778000e+00 6.679000e+00 2.998000e+00
      vertex   7.778000e+00 6.679000e+00 0.000000e+00
    endloop
  endfacet
  facet normal -9.236803e-01 -3.831642e-01 0.000000e+00
    outer loop
      vertex   7.403000e+00 7.583000e+00 0.000000e+00
      vertex   7.778000e+00 6.679000e+00 0.000000e+00
      vertex   7.778000e+00 6.679000e+00 2.998000e+00
    endloop
  endfacet
  facet normal -9.767668e-01 2.142722e-01 -3.741117e-03
    outer loop
      vertex   2.879100e+01 7.532000e+00 0.000000e+00
      vertex   2.845200e+01 6.039000e+00 2.998000e+00
      vertex   2.882800e+01 7.753000e+00 2.998000e+00
    endloop
  endfacet
  facet normal -8.701421e-01 -4.928009e-01 0.000000e+00
    outer loop
      vertex   4.903000e+00 3.668000e+00 0.000000e+00
      vertex   4.903000e+00 3.668000e+00 2.998000e+00
      vertex   4.139000e+00 5.017000e+00 0.000000e+00
    endloop
  endfacet
  facet normal -8.701421e-01 -4.928009e-01 -0.000000e+00
    outer loop
      vertex   4.139000e+00 5.017000e+00 2.998000e+00
      vertex   4.139000e+00 5.017000e+00 0.000000e+00
      vertex   4.903000e+00 3.668000e+00 2.998000e+00
    endloop
  endfacet
  facet normal -9.283877e-01 -3.716131e-01 -0.000000e+00
    outer loop
      vertex   3.563000e+00 6.456000e+00 2.998000e+00
      vertex   3.563000e+00 6.456000e+00 0.000000e+00
      vertex   4.139000e+00 5.017000e+00 2.998000e+00
    endloop
  endfacet
  facet normal -9.955159e-01 9.459469e-02 0.000000e+00
    outer loop
      vertex   2.899400e+01 9.500000e+00 2.998000e+00
      vertex   2.899400e+01 9.500000e+00 0.000000e+00
      vertex   2.882800e+01 7.753000e+00 2.998000e+00
    endloop
  endfacet
  facet normal 9.691312e-01 2.465456e-01 0.000000e+00
    outer loop
      vertex   4.523000e+00 6.738000e+00 2.998000e+00
      vertex   4.523000e+00 6.738000e+00 0.000000e+00
      vertex   4.176000e+00 8.102000e+00 0.000000e+00
    endloop
  endfacet
  facet normal 9.275924e-01 3.735939e-01 -0.000000e+00
    outer loop
      vertex   4.523000e+00 6.738000e+00 0.000000e+00
      vertex   4.523000e+00 6.738000e+00 2.998000e+00
      vertex   5.049000e+00 5.432000e+00 0.000000e+00
    endloop
  endfacet
  facet normal 7.952848e-01 6.062359e-01 0.000000e+00
    outer loop
      vertex   5.744000e+00 4.209000e+00 2.998000e+00
      vertex   6.597000e+00 3.090000e+00 2.998000e+00
      vertex   5.744000e+00 4.209000e+00 0.000000e+00
    endloop
  endfacet
  facet normal -0.000000e+00 0.000000e+00 1.000000e+00
    outer loop
      vertex   2.845200e+01 6.039000e+00 2.998000e+00
      vertex   3.500300e+01 -9.003000e+00 2.998000e+00
      vertex   2.882800e+01 7.753000e+00 2.998000e+00
    endloop
  endfacet
  facet normal 8.694218e-01 4.940706e-01 -0.000000e+00
    outer loop
      vertex   5.744000e+00 4.209000e+00 0.000000e+00
      vertex   5.049000e+00 5.432000e+00 0.000000e+00
      vertex   5.744000e+00 4.209000e+00 2.998000e+00
    endloop
  endfacet
  facet normal 8.694218e-01 4.940706e-01 0.000000e+00
    outer loop
      vertex   5.049000e+00 5.432000e+00 2.998000e+00
      vertex   5.744000e+00 4.209000e+00 2.998000e+00
      vertex   5.049000e+00 5.432000e+00 0.000000e+00
    endloop
  endfacet
  facet normal 9.275924e-01 3.735939e-01 -0.000000e+00
    outer loop
      vertex   5.049000e+00 5.432000e+00 0.000000e+00
      vertex   4.523000e+00 6.738000e+00 2.998000e+00
      vertex   5.049000e+00 5.432000e+00 2.998000e+00
    endloop
  endfacet
  facet normal 0.000000e+00 -0.000000e+00 1.000000e+00
    outer loop
      vertex   8.865000e+00 5.054000e+00 2.998000e+00
      vertex   9.110000e+00 6.372001e+00 2.998000e+00
      vertex   8.268000e+00 5.831000e+00 2.998000e+00
    endloop
  endfacet
  facet normal 0.000000e+00 0.000000e+00 1.000000e+00
    outer loop
      vertex   5.744000e+00 4.209000e+00 2.998000e+00
      vertex   5.049000e+00 5.432000e+00 2.998000e+00
      vertex   4.903000e+00 3.668000e+00 2.998000e+00
    endloop
  endfacet
  facet normal 0.000000e+00 -0.000000e+00 1.000000e+00
    outer loop
      vertex   4.903000e+00 3.668000e+00 2.998000e+00
      vertex   5.049000e+00 5.432000e+00 2.998000e+00
      vertex   4.139000e+00 5.017000e+00 2.998000e+00
    endloop
  endfacet
  facet normal 0.000000e+00 0.000000e+00 1.000000e+00
    outer loop
      vertex   4.523000e+00 6.738000e+00 2.998000e+00
      vertex   4.139000e+00 5.017000e+00 2.998000e+00
      vertex   5.049000e+00 5.432000e+00 2.998000e+00
    endloop
  endfacet
  facet normal 9.840278e-01 -1.780151e-01 0.000000e+00
    outer loop
      vertex   1.897500e+01 9.500000e+00 0.000000e+00
      vertex   1.897500e+01 9.500000e+00 2.998000e+00
      vertex   1.886700e+01 8.903000e+00 0.000000e+00
    endloop
  endfacet
  facet normal 9.840278e-01 -1.780151e-01 0.000000e+00
    outer loop
      vertex   1.886700e+01 8.903000e+00 2.998000e+00
      vertex   1.886700e+01 8.903000e+00 0.000000e+00
      vertex   1.897500e+01 9.500000e+00 2.998000e+00
    endloop
  endfacet
  facet normal 0.000000e+00 -1.000000e+00 0.000000e+00
    outer loop
      vertex   2.098400e+01 9.500000e+00 0.000000e+00
      vertex   1.897500e+01 9.500000e+00 2.998000e+00
      vertex   1.897500e+01 9.500000e+00 0.000000e+00
    endloop
  endfacet
  facet normal -9.657930e-01 -2.593142e-01 -0.000000e+00
    outer loop
      vertex   7.149000e+00 8.529000e+00 2.998000e+00
      vertex   7.149000e+00 8.529000e+00 0.000000e+00
      vertex   7.403000e+00 7.583000e+00 2.998000e+00
    endloop
  endfacet
  facet normal -9.657930e-01 -2.593142e-01 0.000000e+00
    outer loop
      vertex   7.403000e+00 7.583000e+00 0.000000e+00
      vertex   7.403000e+00 7.583000e+00 2.998000e+00
      vertex   7.149000e+00 8.529000e+00 0.000000e+00
    endloop
  endfacet
  facet normal 9.511311e-01 -3.087873e-01 0.000000e+00
    outer loop
      vertex   1.868000e+01 8.327000e+00 2.998000e+00
      vertex   1.868000e+01 8.327000e+00 0.000000e+00
      vertex   1.886700e+01 8.903000e+00 2.998000e+00
    endloop
  endfacet
  facet normal 9.511311e-01 -3.087873e-01 0.000000e+00
    outer loop
      vertex   1.886700e+01 8.903000e+00 0.000000e+00
      vertex   1.886700e+01 8.903000e+00 2.998000e+00
      vertex   1.868000e+01 8.327000e+00 0.000000e+00
    endloop
  endfacet
  facet normal -9.236803e-01 -3.831642e-01 -0.000000e+00
    outer loop
      vertex   7.403000e+00 7.583000e+00 2.998000e+00
      vertex   7.403000e+00 7.583000e+00 0.000000e+00
      vertex   7.778000e+00 6.679000e+00 2.998000e+00
    endloop
  endfacet
  facet normal -9.497014e-01 3.131569e-01 0.000000e+00
    outer loop
      vertex   1.789600e+01 9.141000e+00 2.998000e+00
      vertex   1.789600e+01 9.141000e+00 0.000000e+00
      vertex   1.774300e+01 8.677000e+00 2.998000e+00
    endloop
  endfacet
  facet normal -9.497014e-01 3.131569e-01 0.000000e+00
    outer loop
      vertex   1.774300e+01 8.677000e+00 0.000000e+00
      vertex   1.774300e+01 8.677000e+00 2.998000e+00
      vertex   1.789600e+01 9.141000e+00 0.000000e+00
    endloop
  endfacet
  facet normal 9.691312e-01 2.465456e-01 -0.000000e+00
    outer loop
      vertex   4.176000e+00 8.102000e+00 0.000000e+00
      vertex   4.176000e+00 8.102000e+00 2.998000e+00
      vertex   4.523000e+00 6.738000e+00 2.998000e+00
    endloop
  endfacet
  facet normal -8.976824e-01 4.406431e-01 0.000000e+00
    outer loop
      vertex   1.774300e+01 8.677000e+00 0.000000e+00
      vertex   1.752800e+01 8.239000e+00 0.000000e+00
      vertex   1.774300e+01 8.677000e+00 2.998000e+00
    endloop
  endfacet
  facet normal 9.934338e-01 1.144085e-01 0.000000e+00
    outer loop
      vertex   4.015000e+00 9.500000e+00 2.998000e+00
      vertex   4.176000e+00 8.102000e+00 2.998000e+00
      vertex   4.176000e+00 8.102000e+00 0.000000e+00
    endloop
  endfacet
  facet normal -9.843261e-01 1.763582e-01 0.000000e+00
    outer loop
      vertex   1.798200e+01 9.621000e+00 0.000000e+00
      vertex   1.789600e+01 9.141000e+00 0.000000e+00
      vertex   1.789600e+01 9.141000e+00 2.998000e+00
    endloop
  endfacet
  facet normal 0.000000e+00 0.000000e+00 1.000000e+00
    outer loop
      vertex   8.688000e+00 7.095000e+00 2.998000e+00
      vertex   8.363000e+00 7.865000e+00 2.998000e+00
      vertex   7.778000e+00 6.679000e+00 2.998000e+00
    endloop
  endfacet
  facet normal 0.000000e+00 -0.000000e+00 1.000000e+00
    outer loop
      vertex   7.778000e+00 6.679000e+00 2.998000e+00
      vertex   8.363000e+00 7.865000e+00 2.998000e+00
      vertex   7.403000e+00 7.583000e+00 2.998000e+00
    endloop
  endfacet
  facet normal -0.000000e+00 0.000000e+00 1.000000e+00
    outer loop
      vertex   7.778000e+00 6.679000e+00 2.998000e+00
      vertex   8.268000e+00 5.831000e+00 2.998000e+00
      vertex   8.688000e+00 7.095000e+00 2.998000e+00
    endloop
  endfacet
  facet normal 0.000000e+00 0.000000e+00 1.000000e+00
    outer loop
      vertex   9.110000e+00 6.372001e+00 2.998000e+00
      vertex   8.865000e+00 5.054000e+00 2.998000e+00
      vertex   9.621000e+00 5.709000e+00 2.998000e+00
    endloop
  endfacet
  facet normal 0.000000e+00 0.000000e+00 1.000000e+00
    outer loop
      vertex   8.363000e+00 7.865000e+00 2.998000e+00
      vertex   8.140001e+00 8.672000e+00 2.998000e+00
      vertex   7.403000e+00 7.583000e+00 2.998000e+00
    endloop
  endfacet
  facet normal -9.992429e-01 3.890409e-02 0.000000e+00
    outer loop
      vertex   1.800100e+01 1.010900e+01 2.998000e+00
      vertex   1.800100e+01 1.010900e+01 0.000000e+00
      vertex   1.798200e+01 9.621000e+00 0.000000e+00
    endloop
  endfacet
  facet normal -9.949558e-01 -1.003139e-01 0.000000e+00
    outer loop
      vertex   1.795200e+01 1.059500e+01 0.000000e+00
      vertex   1.800100e+01 1.010900e+01 0.000000e+00
      vertex   1.800100e+01 1.010900e+01 2.998000e+00
    endloop
  endfacet
  facet normal 0.000000e+00 0.000000e+00 1.000000e+00
    outer loop
      vertex   4.176000e+00 8.102000e+00 2.998000e+00
      vertex   3.563000e+00 6.456000e+00 2.998000e+00
      vertex   4.523000e+00 6.738000e+00 2.998000e+00
    endloop
  endfacet
  facet normal -0.000000e+00 0.000000e+00 1.000000e+00
    outer loop
      vertex   3.014000e+00 9.500000e+00 2.998000e+00
      vertex   3.185000e+00 7.959000e+00 2.998000e+00
      vertex   4.015000e+00 9.500000e+00 2.998000e+00
    endloop
  endfacet
  facet normal 0.000000e+00 0.000000e+00 1.000000e+00
    outer loop
      vertex   4.015000e+00 9.500000e+00 2.998000e+00
      vertex   3.185000e+00 7.959000e+00 2.998000e+00
      vertex   4.176000e+00 8.102000e+00 2.998000e+00
    endloop
  endfacet
  facet normal 9.840278e-01 1.780151e-01 0.000000e+00
    outer loop
      vertex   1.886700e+01 1.109700e+01 2.998000e+00
      vertex   1.897500e+01 1.050000e+01 2.998000e+00
      vertex   1.886700e+01 1.109700e+01 0.000000e+00
    endloop
  endfacet
  facet normal 9.840278e-01 1.780151e-01 -0.000000e+00
    outer loop
      vertex   1.897500e+01 1.050000e+01 0.000000e+00
      vertex   1.886700e+01 1.109700e+01 0.000000e+00
      vertex   1.897500e+01 1.050000e+01 2.998000e+00
    endloop
  endfacet
  facet normal 9.511311e-01 3.087873e-01 0.000000e+00
    outer loop
      vertex   1.868000e+01 1.167300e+01 2.998000e+00
      vertex   1.886700e+01 1.109700e+01 0.000000e+00
      vertex   1.868000e+01 1.167300e+01 0.000000e+00
    endloop
  endfacet
  facet normal 9.511311e-01 3.087873e-01 0.000000e+00
    outer loop
      vertex   1.868000e+01 1.167300e+01 2.998000e+00
      vertex   1.886700e+01 1.109700e+01 2.998000e+00
      vertex   1.886700e+01 1.109700e+01 0.000000e+00
    endloop
  endfacet
  facet normal -0.000000e+00 1.000000e+00 0.000000e+00
    outer loop
      vertex   1.897500e+01 1.050000e+01 2.998000e+00
      vertex   2.098400e+01 1.050000e+01 2.998000e+00
      vertex   1.897500e+01 1.050000e+01 0.000000e+00
    endloop
  endfacet
  facet normal 9.015739e-01 4.326252e-01 -0.000000e+00
    outer loop
      vertex   1.868000e+01 1.167300e+01 0.000000e+00
      vertex   1.841800e+01 1.221900e+01 0.000000e+00
      vertex   1.868000e+01 1.167300e+01 2.998000e+00
    endloop
  endfacet
  facet normal 9.015739e-01 4.326252e-01 0.000000e+00
    outer loop
      vertex   1.841800e+01 1.221900e+01 2.998000e+00
      vertex   1.868000e+01 1.167300e+01 2.998000e+00
      vertex   1.841800e+01 1.221900e+01 0.000000e+00
    endloop
  endfacet
  facet normal -3.831639e-01 -9.236804e-01 0.000000e+00
    outer loop
      vertex   1.118200e+01 3.275000e+00 0.000000e+00
      vertex   1.208600e+01 2.900000e+00 0.000000e+00
      vertex   1.208600e+01 2.900000e+00 2.998000e+00
    endloop
  endfacet
  facet normal 0.000000e+00 1.000000e+00 -0.000000e+00
    outer loop
      vertex   2.098400e+01 1.050000e+01 0.000000e+00
      vertex   1.897500e+01 1.050000e+01 0.000000e+00
      vertex   2.098400e+01 1.050000e+01 2.998000e+00
    endloop
  endfacet
  facet normal -2.593146e-01 -9.657929e-01 -0.000000e+00
    outer loop
      vertex   1.208600e+01 2.900000e+00 2.998000e+00
      vertex   1.208600e+01 2.900000e+00 0.000000e+00
      vertex   1.303200e+01 2.646000e+00 2.998000e+00
    endloop
  endfacet
  facet normal -2.593146e-01 -9.657929e-01 0.000000e+00
    outer loop
      vertex   1.303200e+01 2.646000e+00 0.000000e+00
      vertex   1.303200e+01 2.646000e+00 2.998000e+00
      vertex   1.208600e+01 2.900000e+00 0.000000e+00
    endloop
  endfacet
  facet normal -4.928007e-01 -8.701422e-01 0.000000e+00
    outer loop
      vertex   8.171000e+00 4.000000e-01 0.000000e+00
      vertex   9.520001e+00 -3.640000e-01 0.000000e+00
      vertex   9.520001e+00 -3.640000e-01 2.998000e+00
    endloop
  endfacet
  facet normal -7.905640e-01 -6.123795e-01 -0.000000e+00
    outer loop
      vertex   1.741200e+01 1.194600e+01 2.998000e+00
      vertex   1.711300e+01 1.233200e+01 2.998000e+00
      vertex   1.741200e+01 1.194600e+01 0.000000e+00
    endloop
  endfacet
  facet normal 3.735938e-01 9.275924e-01 0.000000e+00
    outer loop
      vertex   1.124100e+01 2.000000e-02 2.998000e+00
      vertex   1.124100e+01 2.000000e-02 0.000000e+00
      vertex   9.935001e+00 5.460000e-01 2.998000e+00
    endloop
  endfacet
  facet normal 3.735938e-01 9.275924e-01 -0.000000e+00
    outer loop
      vertex   9.935001e+00 5.460000e-01 0.000000e+00
      vertex   9.935001e+00 5.460000e-01 2.998000e+00
      vertex   1.124100e+01 2.000000e-02 0.000000e+00
    endloop
  endfacet
  facet normal -8.679918e-01 -4.965785e-01 0.000000e+00
    outer loop
      vertex   1.741200e+01 1.194600e+01 0.000000e+00
      vertex   1.765400e+01 1.152300e+01 0.000000e+00
      vertex   1.741200e+01 1.194600e+01 2.998000e+00
    endloop
  endfacet
  facet normal 4.940704e-01 8.694219e-01 -0.000000e+00
    outer loop
      vertex   9.935001e+00 5.460000e-01 0.000000e+00
      vertex   8.712000e+00 1.241000e+00 0.000000e+00
      vertex   9.935001e+00 5.460000e-01 2.998000e+00
    endloop
  endfacet
  facet normal 4.940704e-01 8.694219e-01 0.000000e+00
    outer loop
      vertex   8.712000e+00 1.241000e+00 2.998000e+00
      vertex   9.935001e+00 5.460000e-01 2.998000e+00
      vertex   8.712000e+00 1.241000e+00 0.000000e+00
    endloop
  endfacet
  facet normal 3.888586e-01 9.212975e-01 -0.000000e+00
    outer loop
      vertex   1.159800e+01 4.185000e+00 0.000000e+00
      vertex   1.159800e+01 4.185000e+00 2.998000e+00
      vertex   1.236800e+01 3.860000e+00 0.000000e+00
    endloop
  endfacet
  facet normal -8.976824e-01 4.406431e-01 0.000000e+00
    outer loop
      vertex   1.774300e+01 8.677000e+00 2.998000e+00
      vertex   1.752800e+01 8.239000e+00 0.000000e+00
      vertex   1.752800e+01 8.239000e+00 2.998000e+00
    endloop
  endfacet
  facet normal -9.843261e-01 1.763582e-01 0.000000e+00
    outer loop
      vertex   1.798200e+01 9.621000e+00 2.998000e+00
      vertex   1.798200e+01 9.621000e+00 0.000000e+00
      vertex   1.789600e+01 9.141000e+00 2.998000e+00
    endloop
  endfacet
  facet normal -9.992429e-01 3.890409e-02 0.000000e+00
    outer loop
      vertex   1.798200e+01 9.621000e+00 0.000000e+00
      vertex   1.798200e+01 9.621000e+00 2.998000e+00
      vertex   1.800100e+01 1.010900e+01 2.998000e+00
    endloop
  endfacet
  facet normal 0.000000e+00 0.000000e+00 1.000000e+00
    outer loop
      vertex   1.798200e+01 9.621000e+00 2.998000e+00
      vertex   1.789600e+01 9.141000e+00 2.998000e+00
      vertex   1.897500e+01 9.500000e+00 2.998000e+00
    endloop
  endfacet
  facet normal 0.000000e+00 -0.000000e+00 1.000000e+00
    outer loop
      vertex   1.886700e+01 8.903000e+00 2.998000e+00
      vertex   1.897500e+01 9.500000e+00 2.998000e+00
      vertex   1.789600e+01 9.141000e+00 2.998000e+00
    endloop
  endfacet
  facet normal 0.000000e+00 0.000000e+00 1.000000e+00
    outer loop
      vertex   1.789600e+01 9.141000e+00 2.998000e+00
      vertex   1.774300e+01 8.677000e+00 2.998000e+00
      vertex   1.868000e+01 8.327000e+00 2.998000e+00
    endloop
  endfacet
  facet normal 0.000000e+00 -0.000000e+00 1.000000e+00
    outer loop
      vertex   1.768500e+01 6.818000e+00 2.998000e+00
      vertex   1.808400e+01 7.275000e+00 2.998000e+00
      vertex   1.725300e+01 7.835000e+00 2.998000e+00
    endloop
  endfacet
  facet normal 0.000000e+00 0.000000e+00 1.000000e+00
    outer loop
      vertex   1.752800e+01 8.239000e+00 2.998000e+00
      vertex   1.725300e+01 7.835000e+00 2.998000e+00
      vertex   1.808400e+01 7.275000e+00 2.998000e+00
    endloop
  endfacet
  facet normal 0.000000e+00 0.000000e+00 1.000000e+00
    outer loop
      vertex   1.124100e+01 2.000000e-02 2.998000e+00
      vertex   9.935001e+00 5.460000e-01 2.998000e+00
      vertex   9.520001e+00 -3.640000e-01 2.998000e+00
    endloop
  endfacet
  facet normal 0.000000e+00 0.000000e+00 1.000000e+00
    outer loop
      vertex   8.712000e+00 1.241000e+00 2.998000e+00
      vertex   8.171000e+00 4.000000e-01 2.998000e+00
      vertex   9.935001e+00 5.460000e-01 2.998000e+00
    endloop
  endfacet
  facet normal 0.000000e+00 -0.000000e+00 1.000000e+00
    outer loop
      vertex   1.868000e+01 8.327000e+00 2.998000e+00
      vertex   1.886700e+01 8.903000e+00 2.998000e+00
      vertex   1.789600e+01 9.141000e+00 2.998000e+00
    endloop
  endfacet
  facet normal -0.000000e+00 0.000000e+00 1.000000e+00
    outer loop
      vertex   9.520001e+00 -3.640000e-01 2.998000e+00
      vertex   1.095900e+01 -9.400000e-01 2.998000e+00
      vertex   1.124100e+01 2.000000e-02 2.998000e+00
    endloop
  endfacet
  facet normal 0.000000e+00 -0.000000e+00 1.000000e+00
    outer loop
      vertex   1.800100e+01 1.010900e+01 2.998000e+00
      vertex   1.897500e+01 1.050000e+01 2.998000e+00
      vertex   1.795200e+01 1.059500e+01 2.998000e+00
    endloop
  endfacet
  facet normal -0.000000e+00 0.000000e+00 1.000000e+00
    outer loop
      vertex   1.798200e+01 9.621000e+00 2.998000e+00
      vertex   1.897500e+01 9.500000e+00 2.998000e+00
      vertex   1.800100e+01 1.010900e+01 2.998000e+00
    endloop
  endfacet
  facet normal -6.092672e-01 -7.929650e-01 -0.000000e+00
    outer loop
      vertex   1.033400e+01 3.765000e+00 2.998000e+00
      vertex   9.557000e+00 4.362000e+00 2.998000e+00
      vertex   1.033400e+01 3.765000e+00 0.000000e+00
    endloop
  endfacet
  facet normal -5.003110e-01 -8.658458e-01 -0.000000e+00
    outer loop
      vertex   1.118200e+01 3.275000e+00 2.998000e+00
      vertex   1.033400e+01 3.765000e+00 0.000000e+00
      vertex   1.118200e+01 3.275000e+00 0.000000e+00
    endloop
  endfacet
  facet normal -5.003110e-01 -8.658458e-01 0.000000e+00
    outer loop
      vertex   1.118200e+01 3.275000e+00 2.998000e+00
      vertex   1.033400e+01 3.765000e+00 2.998000e+00
      vertex   1.033400e+01 3.765000e+00 0.000000e+00
    endloop
  endfacet
  facet normal -0.000000e+00 -1.000000e+00 -0.000000e+00
    outer loop
      vertex   2.098400e+01 9.500000e+00 2.998000e+00
      vertex   1.897500e+01 9.500000e+00 2.998000e+00
      vertex   2.098400e+01 9.500000e+00 0.000000e+00
    endloop
  endfacet
  facet normal 0.000000e+00 0.000000e+00 1.000000e+00
    outer loop
      vertex   1.886700e+01 1.109700e+01 2.998000e+00
      vertex   1.795200e+01 1.059500e+01 2.998000e+00
      vertex   1.897500e+01 1.050000e+01 2.998000e+00
    endloop
  endfacet
  facet normal 0.000000e+00 -0.000000e+00 1.000000e+00
    outer loop
      vertex   1.897500e+01 9.500000e+00 2.998000e+00
      vertex   1.897500e+01 1.050000e+01 2.998000e+00
      vertex   1.800100e+01 1.010900e+01 2.998000e+00
    endloop
  endfacet
  facet normal 0.000000e+00 0.000000e+00 1.000000e+00
    outer loop
      vertex   2.098400e+01 1.050000e+01 2.998000e+00
      vertex   1.897500e+01 1.050000e+01 2.998000e+00
      vertex   1.897500e+01 9.500000e+00 2.998000e+00
    endloop
  endfacet
  facet normal 8.345798e-01 5.508871e-01 -0.000000e+00
    outer loop
      vertex   1.808400e+01 1.272500e+01 0.000000e+00
      vertex   1.808400e+01 1.272500e+01 2.998000e+00
      vertex   1.841800e+01 1.221900e+01 0.000000e+00
    endloop
  endfacet
  facet normal 8.345798e-01 5.508871e-01 0.000000e+00
    outer loop
      vertex   1.841800e+01 1.221900e+01 2.998000e+00
      vertex   1.841800e+01 1.221900e+01 0.000000e+00
      vertex   1.808400e+01 1.272500e+01 2.998000e+00
    endloop
  endfacet
  facet normal -9.281930e-01 -3.720990e-01 0.000000e+00
    outer loop
      vertex   1.765400e+01 1.152300e+01 2.998000e+00
      vertex   1.783600e+01 1.106900e+01 0.000000e+00
      vertex   1.783600e+01 1.106900e+01 2.998000e+00
    endloop
  endfacet
  facet normal -9.281930e-01 -3.720990e-01 -0.000000e+00
    outer loop
      vertex   1.765400e+01 1.152300e+01 2.998000e+00
      vertex   1.765400e+01 1.152300e+01 0.000000e+00
      vertex   1.783600e+01 1.106900e+01 0.000000e+00
    endloop
  endfacet
  facet normal -9.713364e-01 -2.377090e-01 0.000000e+00
    outer loop
      vertex   1.783600e+01 1.106900e+01 0.000000e+00
      vertex   1.795200e+01 1.059500e+01 0.000000e+00
      vertex   1.783600e+01 1.106900e+01 2.998000e+00
    endloop
  endfacet
  facet normal -9.713364e-01 -2.377090e-01 -0.000000e+00
    outer loop
      vertex   1.795200e+01 1.059500e+01 2.998000e+00
      vertex   1.783600e+01 1.106900e+01 2.998000e+00
      vertex   1.795200e+01 1.059500e+01 0.000000e+00
    endloop
  endfacet
  facet normal -8.679918e-01 -4.965785e-01 0.000000e+00
    outer loop
      vertex   1.741200e+01 1.194600e+01 2.998000e+00
      vertex   1.765400e+01 1.152300e+01 0.000000e+00
      vertex   1.765400e+01 1.152300e+01 2.998000e+00
    endloop
  endfacet
  facet normal -9.949558e-01 -1.003139e-01 0.000000e+00
    outer loop
      vertex   1.795200e+01 1.059500e+01 0.000000e+00
      vertex   1.800100e+01 1.010900e+01 2.998000e+00
      vertex   1.795200e+01 1.059500e+01 2.998000e+00
    endloop
  endfacet
  facet normal 0.000000e+00 0.000000e+00 1.000000e+00
    outer loop
      vertex   1.808400e+01 1.272500e+01 2.998000e+00
      vertex   1.741200e+01 1.194600e+01 2.998000e+00
      vertex   1.841800e+01 1.221900e+01 2.998000e+00
    endloop
  endfacet
  facet normal 0.000000e+00 0.000000e+00 1.000000e+00
    outer loop
      vertex   1.868000e+01 1.167300e+01 2.998000e+00
      vertex   1.841800e+01 1.221900e+01 2.998000e+00
      vertex   1.765400e+01 1.152300e+01 2.998000e+00
    endloop
  endfacet
  facet normal -0.000000e+00 0.000000e+00 1.000000e+00
    outer loop
      vertex   1.765400e+01 1.152300e+01 2.998000e+00
      vertex   1.783600e+01 1.106900e+01 2.998000e+00
      vertex   1.868000e+01 1.167300e+01 2.998000e+00
    endloop
  endfacet
  facet normal 0.000000e+00 -0.000000e+00 1.000000e+00
    outer loop
      vertex   1.795200e+01 1.059500e+01 2.998000e+00
      vertex   1.886700e+01 1.109700e+01 2.998000e+00
      vertex   1.783600e+01 1.106900e+01 2.998000e+00
    endloop
  endfacet
  facet normal 0.000000e+00 -0.000000e+00 1.000000e+00
    outer loop
      vertex   1.741200e+01 1.194600e+01 2.998000e+00
      vertex   1.808400e+01 1.272500e+01 2.998000e+00
      vertex   1.711300e+01 1.233200e+01 2.998000e+00
    endloop
  endfacet
  facet normal 0.000000e+00 -0.000000e+00 1.000000e+00
    outer loop
      vertex   1.765400e+01 1.152300e+01 2.998000e+00
      vertex   1.841800e+01 1.221900e+01 2.998000e+00
      vertex   1.741200e+01 1.194600e+01 2.998000e+00
    endloop
  endfacet
  facet normal -1.000000e+00 0.000000e+00 0.000000e+00
    outer loop
      vertex   2.255000e+00 4.150000e+01 2.998000e+00
      vertex   2.255000e+00 3.350300e+01 3.000000e+00
      vertex   2.255000e+00 4.150000e+01 3.000000e+00
    endloop
  endfacet
  facet normal -1.000000e+00 0.000000e+00 0.000000e+00
    outer loop
      vertex   2.255000e+00 4.150000e+01 2.998000e+00
      vertex   2.255000e+00 3.350300e+01 2.998000e+00
      vertex   2.255000e+00 3.350300e+01 3.000000e+00
    endloop
  endfacet
  facet normal 0.000000e+00 0.000000e+00 1.000000e+00
    outer loop
      vertex   2.255000e+00 4.150000e+01 2.998000e+00
      vertex   -4.498000e+00 4.150000e+01 2.998000e+00
      vertex   2.255000e+00 3.350300e+01 2.998000e+00
    endloop
  endfacet
  facet normal 0.000000e+00 0.000000e+00 1.000000e+00
    outer loop
      vertex   -7.000000e+00 3.862600e+01 2.998000e+00
      vertex   -7.707000e+00 3.791900e+01 2.998000e+00
      vertex   2.255000e+00 3.350300e+01 2.998000e+00
    endloop
  endfacet
  facet normal 0.000000e+00 0.000000e+00 1.000000e+00
    outer loop
      vertex   -4.498000e+00 4.150000e+01 2.998000e+00
      vertex   -7.000000e+00 3.862600e+01 2.998000e+00
      vertex   2.255000e+00 3.350300e+01 2.998000e+00
    endloop
  endfacet
  facet normal 0.000000e+00 -0.000000e+00 1.000000e+00
    outer loop
      vertex   1.050300e+01 3.850000e+01 3.000000e+00
      vertex   1.050300e+01 3.950000e+01 3.000000e+00
      vertex   2.255000e+00 4.150000e+01 3.000000e+00
    endloop
  endfacet
  facet normal 0.000000e+00 0.000000e+00 1.000000e+00
    outer loop
      vertex   1.050300e+01 3.850000e+01 3.000000e+00
      vertex   2.255000e+00 4.150000e+01 3.000000e+00
      vertex   2.255000e+00 3.350300e+01 3.000000e+00
    endloop
  endfacet
  facet normal 0.000000e+00 0.000000e+00 1.000000e+00
    outer loop
      vertex   1.868000e+01 1.167300e+01 2.998000e+00
      vertex   1.783600e+01 1.106900e+01 2.998000e+00
      vertex   1.886700e+01 1.109700e+01 2.998000e+00
    endloop
  endfacet
  facet normal -0.000000e+00 -1.000000e+00 0.000000e+00
    outer loop
      vertex   3.500300e+01 3.350300e+01 3.000000e+00
      vertex   2.255000e+00 3.350300e+01 3.000000e+00
      vertex   2.255000e+00 3.350300e+01 2.998000e+00
    endloop
  endfacet
  facet normal 0.000000e+00 0.000000e+00 1.000000e+00
    outer loop
      vertex   1.050300e+01 3.850000e+01 3.000000e+00
      vertex   2.255000e+00 3.350300e+01 3.000000e+00
      vertex   1.150300e+01 3.750000e+01 3.000000e+00
    endloop
  endfacet
  facet normal 0.000000e+00 0.000000e+00 1.000000e+00
    outer loop
      vertex   3.500300e+01 3.350300e+01 3.000000e+00
      vertex   1.550300e+01 3.750000e+01 3.000000e+00
      vertex   2.255000e+00 3.350300e+01 3.000000e+00
    endloop
  endfacet
  facet normal -1.000000e+00 0.000000e+00 0.000000e+00
    outer loop
      vertex   1.050300e+01 3.950000e+01 3.000000e+00
      vertex   1.050300e+01 3.850000e+01 3.000000e+00
      vertex   1.050300e+01 3.950000e+01 9.000000e+00
    endloop
  endfacet
  facet normal 0.000000e+00 0.000000e+00 1.000000e+00
    outer loop
      vertex   1.897500e+01 9.500000e+00 2.998000e+00
      vertex   2.098400e+01 9.500000e+00 2.998000e+00
      vertex   2.098400e+01 1.050000e+01 2.998000e+00
    endloop
  endfacet
  facet normal 9.912904e-01 -1.316944e-01 0.000000e+00
    outer loop
      vertex   2.198600e+01 9.500000e+00 2.998000e+00
      vertex   2.185700e+01 8.529000e+00 0.000000e+00
      vertex   2.198600e+01 9.500000e+00 0.000000e+00
    endloop
  endfacet
  facet normal 0.000000e+00 -1.000000e+00 0.000000e+00
    outer loop
      vertex   1.250300e+01 3.750000e+01 3.000000e+00
      vertex   1.250300e+01 3.750000e+01 9.000000e+00
      vertex   1.150300e+01 3.750000e+01 3.000000e+00
    endloop
  endfacet
  facet normal 0.000000e+00 1.000000e+00 0.000000e+00
    outer loop
      vertex   2.499100e+01 1.050000e+01 2.998000e+00
      vertex   2.499100e+01 1.050000e+01 0.000000e+00
      vertex   2.198600e+01 1.050000e+01 0.000000e+00
    endloop
  endfacet
  facet normal 9.912904e-01 1.316945e-01 0.000000e+00
    outer loop
      vertex   2.185700e+01 1.147100e+01 2.998000e+00
      vertex   2.198600e+01 1.050000e+01 2.998000e+00
      vertex   2.185700e+01 1.147100e+01 0.000000e+00
    endloop
  endfacet
  facet normal 9.912904e-01 1.316945e-01 -0.000000e+00
    outer loop
      vertex   2.198600e+01 1.050000e+01 0.000000e+00
      vertex   2.185700e+01 1.147100e+01 0.000000e+00
      vertex   2.198600e+01 1.050000e+01 2.998000e+00
    endloop
  endfacet
  facet normal 0.000000e+00 0.000000e+00 1.000000e+00
    outer loop
      vertex   1.150300e+01 3.850000e+01 3.000000e+00
      vertex   1.050300e+01 3.850000e+01 3.000000e+00
      vertex   1.150300e+01 3.750000e+01 3.000000e+00
    endloop
  endfacet
  facet normal 9.657926e-01 2.593157e-01 0.000000e+00
    outer loop
      vertex   2.160300e+01 1.241700e+01 0.000000e+00
      vertex   2.185700e+01 1.147100e+01 2.998000e+00
      vertex   2.185700e+01 1.147100e+01 0.000000e+00
    endloop
  endfacet
  facet normal 0.000000e+00 1.000000e+00 0.000000e+00
    outer loop
      vertex   1.050300e+01 3.950000e+01 9.000000e+00
      vertex   1.217400e+01 3.950000e+01 5.000000e+00
      vertex   1.050300e+01 3.950000e+01 3.000000e+00
    endloop
  endfacet
  facet normal -0.000000e+00 -0.000000e+00 1.000000e+00
    outer loop
      vertex   1.491900e+01 3.950700e+01 3.000000e+00
      vertex   1.650300e+01 3.950000e+01 3.000000e+00
      vertex   2.255000e+00 4.150000e+01 3.000000e+00
    endloop
  endfacet
  facet normal 9.657926e-01 -2.593159e-01 0.000000e+00
    outer loop
      vertex   2.185700e+01 8.529000e+00 2.998000e+00
      vertex   2.160300e+01 7.583000e+00 0.000000e+00
      vertex   2.185700e+01 8.529000e+00 0.000000e+00
    endloop
  endfacet
  facet normal 0.000000e+00 -0.000000e+00 1.000000e+00
    outer loop
      vertex   1.217400e+01 3.950700e+01 3.000000e+00
      vertex   1.491900e+01 3.950700e+01 3.000000e+00
      vertex   2.255000e+00 4.150000e+01 3.000000e+00
    endloop
  endfacet
  facet normal 0.000000e+00 -0.000000e+00 1.000000e+00
    outer loop
      vertex   1.217400e+01 3.950000e+01 3.000000e+00
      vertex   1.217400e+01 3.950700e+01 3.000000e+00
      vertex   1.050300e+01 3.950000e+01 3.000000e+00
    endloop
  endfacet
  facet normal 9.912904e-01 -1.316944e-01 0.000000e+00
    outer loop
      vertex   2.198600e+01 9.500000e+00 2.998000e+00
      vertex   2.185700e+01 8.529000e+00 2.998000e+00
      vertex   2.185700e+01 8.529000e+00 0.000000e+00
    endloop
  endfacet
  facet normal -0.000000e+00 1.000000e+00 0.000000e+00
    outer loop
      vertex   1.217400e+01 3.950700e+01 5.000000e+00
      vertex   1.491900e+01 3.950700e+01 5.000000e+00
      vertex   1.491900e+01 3.950700e+01 3.000000e+00
    endloop
  endfacet
  facet normal 0.000000e+00 1.000000e+00 0.000000e+00
    outer loop
      vertex   1.217400e+01 3.950700e+01 3.000000e+00
      vertex   1.217400e+01 3.950700e+01 5.000000e+00
      vertex   1.491900e+01 3.950700e+01 3.000000e+00
    endloop
  endfacet
  facet normal -9.638764e-01 -2.663499e-01 -0.000000e+00
    outer loop
      vertex   2.086600e+01 1.132800e+01 2.998000e+00
      vertex   2.064300e+01 1.213500e+01 0.000000e+00
      vertex   2.086600e+01 1.132800e+01 0.000000e+00
    endloop
  endfacet
  facet normal -1.000000e+00 0.000000e+00 -0.000000e+00
    outer loop
      vertex   1.217400e+01 3.950700e+01 5.000000e+00
      vertex   1.217400e+01 3.950700e+01 3.000000e+00
      vertex   1.217400e+01 3.950000e+01 3.000000e+00
    endloop
  endfacet
  facet normal -9.899976e-01 -1.410845e-01 0.000000e+00
    outer loop
      vertex   2.086600e+01 1.132800e+01 0.000000e+00
      vertex   2.098400e+01 1.050000e+01 2.998000e+00
      vertex   2.086600e+01 1.132800e+01 2.998000e+00
    endloop
  endfacet
  facet normal -9.899976e-01 -1.410845e-01 0.000000e+00
    outer loop
      vertex   2.086600e+01 1.132800e+01 0.000000e+00
      vertex   2.098400e+01 1.050000e+01 0.000000e+00
      vertex   2.098400e+01 1.050000e+01 2.998000e+00
    endloop
  endfacet
  facet normal 0.000000e+00 -1.000000e+00 0.000000e+00
    outer loop
      vertex   1.250300e+01 3.850700e+01 3.000000e+00
      vertex   1.450300e+01 3.850700e+01 3.000000e+00
      vertex   1.450300e+01 3.850700e+01 5.000000e+00
    endloop
  endfacet
  facet normal -9.899976e-01 1.410844e-01 0.000000e+00
    outer loop
      vertex   2.098400e+01 9.500000e+00 2.998000e+00
      vertex   2.086600e+01 8.672000e+00 0.000000e+00
      vertex   2.086600e+01 8.672000e+00 2.998000e+00
    endloop
  endfacet
  facet normal -9.899976e-01 1.410844e-01 0.000000e+00
    outer loop
      vertex   2.098400e+01 9.500000e+00 2.998000e+00
      vertex   2.098400e+01 9.500000e+00 0.000000e+00
      vertex   2.086600e+01 8.672000e+00 0.000000e+00
    endloop
  endfacet
  facet normal 1.000000e+00 0.000000e+00 0.000000e+00
    outer loop
      vertex   1.250300e+01 3.850700e+01 5.000000e+00
      vertex   1.250300e+01 3.750000e+01 3.000000e+00
      vertex   1.250300e+01 3.850700e+01 3.000000e+00
    endloop
  endfacet
  facet normal -1.000000e+00 0.000000e+00 0.000000e+00
    outer loop
      vertex   1.450300e+01 3.850700e+01 3.000000e+00
      vertex   1.450300e+01 3.750000e+01 3.000000e+00
      vertex   1.450300e+01 3.850700e+01 5.000000e+00
    endloop
  endfacet
  facet normal 0.000000e+00 0.000000e+00 1.000000e+00
    outer loop
      vertex   1.450300e+01 3.850700e+01 3.000000e+00
      vertex   1.250300e+01 3.850700e+01 3.000000e+00
      vertex   1.450300e+01 3.750000e+01 3.000000e+00
    endloop
  endfacet
  facet normal 0.000000e+00 0.000000e+00 1.000000e+00
    outer loop
      vertex   1.250300e+01 3.750000e+01 3.000000e+00
      vertex   1.450300e+01 3.750000e+01 3.000000e+00
      vertex   1.250300e+01 3.850700e+01 3.000000e+00
    endloop
  endfacet
  facet normal 0.000000e+00 -1.000000e+00 0.000000e+00
    outer loop
      vertex   1.550300e+01 3.850000e+01 3.000000e+00
      vertex   1.650300e+01 3.850000e+01 3.000000e+00
      vertex   1.550300e+01 3.850000e+01 9.000000e+00
    endloop
  endfacet
  facet normal 0.000000e+00 -1.000000e+00 0.000000e+00
    outer loop
      vertex   2.198600e+01 9.500000e+00 2.998000e+00
      vertex   2.198600e+01 9.500000e+00 0.000000e+00
      vertex   2.499100e+01 9.500000e+00 2.998000e+00
    endloop
  endfacet
  facet normal -1.000000e+00 0.000000e+00 0.000000e+00
    outer loop
      vertex   1.450300e+01 3.750000e+01 9.000000e+00
      vertex   1.450300e+01 3.850700e+01 5.000000e+00
      vertex   1.450300e+01 3.750000e+01 3.000000e+00
    endloop
  endfacet
  facet normal 0.000000e+00 -1.000000e+00 0.000000e+00
    outer loop
      vertex   1.550300e+01 3.750000e+01 3.000000e+00
      vertex   1.450300e+01 3.750000e+01 9.000000e+00
      vertex   1.450300e+01 3.750000e+01 3.000000e+00
    endloop
  endfacet
  facet normal -0.000000e+00 0.000000e+00 1.000000e+00
    outer loop
      vertex   1.150300e+01 3.750000e+01 3.000000e+00
      vertex   2.255000e+00 3.350300e+01 3.000000e+00
      vertex   1.250300e+01 3.750000e+01 3.000000e+00
    endloop
  endfacet
  facet normal -0.000000e+00 0.000000e+00 1.000000e+00
    outer loop
      vertex   1.250300e+01 3.750000e+01 3.000000e+00
      vertex   2.255000e+00 3.350300e+01 3.000000e+00
      vertex   1.450300e+01 3.750000e+01 3.000000e+00
    endloop
  endfacet
  facet normal -0.000000e+00 0.000000e+00 1.000000e+00
    outer loop
      vertex   1.450300e+01 3.750000e+01 3.000000e+00
      vertex   2.255000e+00 3.350300e+01 3.000000e+00
      vertex   1.550300e+01 3.750000e+01 3.000000e+00
    endloop
  endfacet
  facet normal 0.000000e+00 0.000000e+00 1.000000e+00
    outer loop
      vertex   2.198600e+01 1.050000e+01 2.998000e+00
      vertex   2.098400e+01 1.050000e+01 2.998000e+00
      vertex   2.098400e+01 9.500000e+00 2.998000e+00
    endloop
  endfacet
  facet normal 0.000000e+00 0.000000e+00 1.000000e+00
    outer loop
      vertex   2.499100e+01 9.500000e+00 2.998000e+00
      vertex   2.198600e+01 1.050000e+01 2.998000e+00
      vertex   2.198600e+01 9.500000e+00 2.998000e+00
    endloop
  endfacet
  facet normal 0.000000e+00 -0.000000e+00 1.000000e+00
    outer loop
      vertex   2.198600e+01 9.500000e+00 2.998000e+00
      vertex   2.198600e+01 1.050000e+01 2.998000e+00
      vertex   2.098400e+01 9.500000e+00 2.998000e+00
    endloop
  endfacet
  facet normal 1.000000e+00 0.000000e+00 0.000000e+00
    outer loop
      vertex   1.550300e+01 3.850000e+01 9.000000e+00
      vertex   1.550300e+01 3.750000e+01 3.000000e+00
      vertex   1.550300e+01 3.850000e+01 3.000000e+00
    endloop
  endfacet
  facet normal 0.000000e+00 0.000000e+00 1.000000e+00
    outer loop
      vertex   1.650300e+01 3.850000e+01 3.000000e+00
      vertex   1.550300e+01 3.750000e+01 3.000000e+00
      vertex   3.500300e+01 3.350300e+01 3.000000e+00
    endloop
  endfacet
  facet normal -0.000000e+00 0.000000e+00 1.000000e+00
    outer loop
      vertex   1.550300e+01 3.850000e+01 3.000000e+00
      vertex   1.550300e+01 3.750000e+01 3.000000e+00
      vertex   1.650300e+01 3.850000e+01 3.000000e+00
    endloop
  endfacet
  facet normal 0.000000e+00 0.000000e+00 1.000000e+00
    outer loop
      vertex   2.185700e+01 8.529000e+00 2.998000e+00
      vertex   2.098400e+01 9.500000e+00 2.998000e+00
      vertex   2.086600e+01 8.672000e+00 2.998000e+00
    endloop
  endfacet
  facet normal 0.000000e+00 0.000000e+00 1.000000e+00
    outer loop
      vertex   2.198600e+01 9.500000e+00 2.998000e+00
      vertex   2.098400e+01 9.500000e+00 2.998000e+00
      vertex   2.185700e+01 8.529000e+00 2.998000e+00
    endloop
  endfacet
  facet normal 1.000000e+00 0.000000e+00 0.000000e+00
    outer loop
      vertex   1.491900e+01 3.950000e+01 3.000000e+00
      vertex   1.491900e+01 3.950700e+01 3.000000e+00
      vertex   1.491900e+01 3.950000e+01 5.000000e+00
    endloop
  endfacet
  facet normal -0.000000e+00 1.000000e+00 0.000000e+00
    outer loop
      vertex   2.198600e+01 1.050000e+01 2.998000e+00
      vertex   2.499100e+01 1.050000e+01 2.998000e+00
      vertex   2.198600e+01 1.050000e+01 0.000000e+00
    endloop
  endfacet
  facet normal 0.000000e+00 1.000000e+00 0.000000e+00
    outer loop
      vertex   1.491900e+01 3.950000e+01 3.000000e+00
      vertex   1.491900e+01 3.950000e+01 5.000000e+00
      vertex   1.650300e+01 3.950000e+01 3.000000e+00
    endloop
  endfacet
  facet normal 0.000000e+00 0.000000e+00 1.000000e+00
    outer loop
      vertex   1.650300e+01 3.950000e+01 3.000000e+00
      vertex   1.491900e+01 3.950700e+01 3.000000e+00
      vertex   1.491900e+01 3.950000e+01 3.000000e+00
    endloop
  endfacet
  facet normal 0.000000e+00 0.000000e+00 1.000000e+00
    outer loop
      vertex   4.915200e+01 4.150000e+01 3.000000e+00
      vertex   2.255000e+00 4.150000e+01 3.000000e+00
      vertex   1.650300e+01 3.950000e+01 3.000000e+00
    endloop
  endfacet
  facet normal -1.000000e+00 0.000000e+00 0.000000e+00
    outer loop
      vertex   1.050300e+01 3.850000e+01 9.000000e+00
      vertex   1.050300e+01 3.950000e+01 9.000000e+00
      vertex   1.050300e+01 3.850000e+01 3.000000e+00
    endloop
  endfacet
  facet normal -9.208675e-01 -3.898756e-01 0.000000e+00
    outer loop
      vertex   2.064300e+01 1.213500e+01 0.000000e+00
      vertex   2.064300e+01 1.213500e+01 2.998000e+00
      vertex   2.031700e+01 1.290500e+01 0.000000e+00
    endloop
  endfacet
  facet normal 0.000000e+00 -1.000000e+00 0.000000e+00
    outer loop
      vertex   1.150300e+01 3.850000e+01 3.000000e+00
      vertex   1.150300e+01 3.850000e+01 9.000000e+00
      vertex   1.050300e+01 3.850000e+01 3.000000e+00
    endloop
  endfacet
  facet normal -9.638764e-01 -2.663499e-01 0.000000e+00
    outer loop
      vertex   2.064300e+01 1.213500e+01 0.000000e+00
      vertex   2.086600e+01 1.132800e+01 2.998000e+00
      vertex   2.064300e+01 1.213500e+01 2.998000e+00
    endloop
  endfacet
  facet normal -1.000000e+00 0.000000e+00 0.000000e+00
    outer loop
      vertex   1.150300e+01 3.750000e+01 9.000000e+00
      vertex   1.150300e+01 3.850000e+01 9.000000e+00
      vertex   1.150300e+01 3.750000e+01 3.000000e+00
    endloop
  endfacet
  facet normal 0.000000e+00 1.000000e+00 -0.000000e+00
    outer loop
      vertex   1.217400e+01 3.950000e+01 3.000000e+00
      vertex   1.050300e+01 3.950000e+01 3.000000e+00
      vertex   1.217400e+01 3.950000e+01 5.000000e+00
    endloop
  endfacet
  facet normal 0.000000e+00 -0.000000e+00 1.000000e+00
    outer loop
      vertex   2.499100e+01 9.500000e+00 2.998000e+00
      vertex   2.499100e+01 1.050000e+01 2.998000e+00
      vertex   2.198600e+01 1.050000e+01 2.998000e+00
    endloop
  endfacet
  facet normal 0.000000e+00 0.000000e+00 1.000000e+00
    outer loop
      vertex   2.185700e+01 1.147100e+01 2.998000e+00
      vertex   2.160300e+01 1.241700e+01 2.998000e+00
      vertex   2.086600e+01 1.132800e+01 2.998000e+00
    endloop
  endfacet
  facet normal -0.000000e+00 0.000000e+00 1.000000e+00
    outer loop
      vertex   2.064300e+01 1.213500e+01 2.998000e+00
      vertex   2.086600e+01 1.132800e+01 2.998000e+00
      vertex   2.160300e+01 1.241700e+01 2.998000e+00
    endloop
  endfacet
  facet normal -0.000000e+00 0.000000e+00 1.000000e+00
    outer loop
      vertex   2.086600e+01 1.132800e+01 2.998000e+00
      vertex   2.098400e+01 1.050000e+01 2.998000e+00
      vertex   2.185700e+01 1.147100e+01 2.998000e+00
    endloop
  endfacet
  facet normal -1.000000e+00 -0.000000e+00 0.000000e+00
    outer loop
      vertex   1.217400e+01 3.950700e+01 5.000000e+00
      vertex   1.217400e+01 3.950000e+01 3.000000e+00
      vertex   1.217400e+01 3.950000e+01 5.000000e+00
    endloop
  endfacet
  facet normal 0.000000e+00 0.000000e+00 1.000000e+00
    outer loop
      vertex   1.217400e+01 3.950000e+01 5.000000e+00
      vertex   1.250300e+01 3.950000e+01 5.000000e+00
      vertex   1.217400e+01 3.950700e+01 5.000000e+00
    endloop
  endfacet
  facet normal 0.000000e+00 0.000000e+00 1.000000e+00
    outer loop
      vertex   2.198600e+01 1.050000e+01 2.998000e+00
      vertex   2.185700e+01 1.147100e+01 2.998000e+00
      vertex   2.098400e+01 1.050000e+01 2.998000e+00
    endloop
  endfacet
  facet normal 0.000000e+00 -1.000000e+00 0.000000e+00
    outer loop
      vertex   1.050300e+01 3.850000e+01 9.000000e+00
      vertex   1.050300e+01 3.850000e+01 3.000000e+00
      vertex   1.150300e+01 3.850000e+01 9.000000e+00
    endloop
  endfacet
  facet normal -9.208675e-01 -3.898756e-01 0.000000e+00
    outer loop
      vertex   2.031700e+01 1.290500e+01 0.000000e+00
      vertex   2.064300e+01 1.213500e+01 2.998000e+00
      vertex   2.031700e+01 1.290500e+01 2.998000e+00
    endloop
  endfacet
  facet normal -8.641695e-01 -5.032008e-01 -0.000000e+00
    outer loop
      vertex   1.989600e+01 1.362800e+01 2.998000e+00
      vertex   1.989600e+01 1.362800e+01 0.000000e+00
      vertex   2.031700e+01 1.290500e+01 2.998000e+00
    endloop
  endfacet
  facet normal -8.641695e-01 -5.032008e-01 0.000000e+00
    outer loop
      vertex   2.031700e+01 1.290500e+01 0.000000e+00
      vertex   2.031700e+01 1.290500e+01 2.998000e+00
      vertex   1.989600e+01 1.362800e+01 0.000000e+00
    endloop
  endfacet
  facet normal -1.000000e+00 0.000000e+00 0.000000e+00
    outer loop
      vertex   1.150300e+01 3.850000e+01 3.000000e+00
      vertex   1.150300e+01 3.750000e+01 3.000000e+00
      vertex   1.150300e+01 3.850000e+01 9.000000e+00
    endloop
  endfacet
  facet normal -7.071075e-01 -7.071061e-01 -0.000000e+00
    outer loop
      vertex   1.938500e+01 1.429100e+01 2.998000e+00
      vertex   1.879400e+01 1.488200e+01 0.000000e+00
      vertex   1.938500e+01 1.429100e+01 0.000000e+00
    endloop
  endfacet
  facet normal -7.920464e-01 -6.104609e-01 0.000000e+00
    outer loop
      vertex   1.938500e+01 1.429100e+01 0.000000e+00
      vertex   1.989600e+01 1.362800e+01 2.998000e+00
      vertex   1.938500e+01 1.429100e+01 2.998000e+00
    endloop
  endfacet
  facet normal -7.920464e-01 -6.104609e-01 0.000000e+00
    outer loop
      vertex   1.938500e+01 1.429100e+01 0.000000e+00
      vertex   1.989600e+01 1.362800e+01 0.000000e+00
      vertex   1.989600e+01 1.362800e+01 2.998000e+00
    endloop
  endfacet
  facet normal 0.000000e+00 -1.000000e+00 0.000000e+00
    outer loop
      vertex   1.250300e+01 3.850700e+01 5.000000e+00
      vertex   1.250300e+01 3.850700e+01 3.000000e+00
      vertex   1.450300e+01 3.850700e+01 5.000000e+00
    endloop
  endfacet
  facet normal 5.508871e-01 8.345798e-01 -0.000000e+00
    outer loop
      vertex   1.722800e+01 1.358100e+01 0.000000e+00
      vertex   1.672200e+01 1.391500e+01 2.998000e+00
      vertex   1.722800e+01 1.358100e+01 2.998000e+00
    endloop
  endfacet
  facet normal 5.508871e-01 8.345798e-01 0.000000e+00
    outer loop
      vertex   1.722800e+01 1.358100e+01 0.000000e+00
      vertex   1.672200e+01 1.391500e+01 0.000000e+00
      vertex   1.672200e+01 1.391500e+01 2.998000e+00
    endloop
  endfacet
  facet normal -5.901185e-01 -8.073166e-01 -0.000000e+00
    outer loop
      vertex   1.676300e+01 1.267300e+01 2.998000e+00
      vertex   1.636900e+01 1.296100e+01 2.998000e+00
      vertex   1.676300e+01 1.267300e+01 0.000000e+00
    endloop
  endfacet
  facet normal 0.000000e+00 0.000000e+00 1.000000e+00
    outer loop
      vertex   1.250300e+01 3.950000e+01 5.000000e+00
      vertex   1.250300e+01 3.850700e+01 5.000000e+00
      vertex   1.450300e+01 3.850700e+01 5.000000e+00
    endloop
  endfacet
  facet normal 0.000000e+00 0.000000e+00 1.000000e+00
    outer loop
      vertex   4.736172e+01 2.726609e+01 3.000000e+00
      vertex   4.736172e+01 2.347903e+01 3.000000e+00
      vertex   5.261300e+01 2.461600e+01 3.000000e+00
    endloop
  endfacet
  facet normal 0.000000e+00 0.000000e+00 1.000000e+00
    outer loop
      vertex   5.261300e+01 2.461600e+01 3.000000e+00
      vertex   4.736172e+01 2.347903e+01 3.000000e+00
      vertex   4.979800e+01 2.150300e+01 3.000000e+00
    endloop
  endfacet
  facet normal 1.000000e+00 0.000000e+00 -0.000000e+00
    outer loop
      vertex   1.250300e+01 3.950000e+01 5.000000e+00
      vertex   1.250300e+01 3.950000e+01 9.000000e+00
      vertex   1.250300e+01 3.850700e+01 5.000000e+00
    endloop
  endfacet
  facet normal -6.978375e-01 -7.162561e-01 0.000000e+00
    outer loop
      vertex   1.676300e+01 1.267300e+01 0.000000e+00
      vertex   1.711300e+01 1.233200e+01 0.000000e+00
      vertex   1.711300e+01 1.233200e+01 2.998000e+00
    endloop
  endfacet
  facet normal 4.326245e-01 9.015742e-01 -0.000000e+00
    outer loop
      vertex   1.672200e+01 1.391500e+01 0.000000e+00
      vertex   1.617600e+01 1.417700e+01 0.000000e+00
      vertex   1.672200e+01 1.391500e+01 2.998000e+00
    endloop
  endfacet
  facet normal 7.532902e-01 6.576883e-01 0.000000e+00
    outer loop
      vertex   1.768500e+01 1.318200e+01 0.000000e+00
      vertex   1.808400e+01 1.272500e+01 2.998000e+00
      vertex   1.808400e+01 1.272500e+01 0.000000e+00
    endloop
  endfacet
  facet normal 6.576893e-01 7.532893e-01 0.000000e+00
    outer loop
      vertex   1.768500e+01 1.318200e+01 0.000000e+00
      vertex   1.722800e+01 1.358100e+01 0.000000e+00
      vertex   1.722800e+01 1.358100e+01 2.998000e+00
    endloop
  endfacet
  facet normal -5.040938e-01 -8.636489e-01 0.000000e+00
    outer loop
      vertex   1.813100e+01 1.539300e+01 0.000000e+00
      vertex   1.813100e+01 1.539300e+01 2.998000e+00
      vertex   1.740800e+01 1.581500e+01 0.000000e+00
    endloop
  endfacet
  facet normal -5.040938e-01 -8.636489e-01 -0.000000e+00
    outer loop
      vertex   1.740800e+01 1.581500e+01 2.998000e+00
      vertex   1.740800e+01 1.581500e+01 0.000000e+00
      vertex   1.813100e+01 1.539300e+01 2.998000e+00
    endloop
  endfacet
  facet normal 0.000000e+00 -1.000000e+00 0.000000e+00
    outer loop
      vertex   1.150300e+01 3.750000e+01 9.000000e+00
      vertex   1.150300e+01 3.750000e+01 3.000000e+00
      vertex   1.250300e+01 3.750000e+01 9.000000e+00
    endloop
  endfacet
  facet normal -3.888594e-01 -9.212971e-01 -0.000000e+00
    outer loop
      vertex   1.663800e+01 1.614000e+01 2.998000e+00
      vertex   1.663800e+01 1.614000e+01 0.000000e+00
      vertex   1.740800e+01 1.581500e+01 2.998000e+00
    endloop
  endfacet
  facet normal -3.888594e-01 -9.212971e-01 0.000000e+00
    outer loop
      vertex   1.740800e+01 1.581500e+01 0.000000e+00
      vertex   1.740800e+01 1.581500e+01 2.998000e+00
      vertex   1.663800e+01 1.614000e+01 0.000000e+00
    endloop
  endfacet
  facet normal -6.104600e-01 -7.920471e-01 0.000000e+00
    outer loop
      vertex   1.879400e+01 1.488200e+01 0.000000e+00
      vertex   1.813100e+01 1.539300e+01 2.998000e+00
      vertex   1.813100e+01 1.539300e+01 0.000000e+00
    endloop
  endfacet
  facet normal 0.000000e+00 -1.000000e+00 0.000000e+00
    outer loop
      vertex   1.450300e+01 3.750000e+01 9.000000e+00
      vertex   1.550300e+01 3.750000e+01 3.000000e+00
      vertex   1.550300e+01 3.750000e+01 9.000000e+00
    endloop
  endfacet
  facet normal 1.000000e+00 0.000000e+00 0.000000e+00
    outer loop
      vertex   1.550300e+01 3.750000e+01 3.000000e+00
      vertex   1.550300e+01 3.850000e+01 9.000000e+00
      vertex   1.550300e+01 3.750000e+01 9.000000e+00
    endloop
  endfacet
  facet normal -2.663512e-01 -9.638760e-01 0.000000e+00
    outer loop
      vertex   1.663800e+01 1.614000e+01 2.998000e+00
      vertex   1.583100e+01 1.636300e+01 2.998000e+00
      vertex   1.583100e+01 1.636300e+01 0.000000e+00
    endloop
  endfacet
  facet normal -2.663512e-01 -9.638760e-01 0.000000e+00
    outer loop
      vertex   1.663800e+01 1.614000e+01 0.000000e+00
      vertex   1.663800e+01 1.614000e+01 2.998000e+00
      vertex   1.583100e+01 1.636300e+01 0.000000e+00
    endloop
  endfacet
  facet normal -0.000000e+00 0.000000e+00 1.000000e+00
    outer loop
      vertex   1.250300e+01 3.950000e+01 5.000000e+00
      vertex   1.450300e+01 3.850700e+01 5.000000e+00
      vertex   1.450300e+01 3.950000e+01 5.000000e+00
    endloop
  endfacet
  facet normal 1.000000e+00 -0.000000e+00 0.000000e+00
    outer loop
      vertex   1.250300e+01 3.750000e+01 9.000000e+00
      vertex   1.250300e+01 3.850700e+01 5.000000e+00
      vertex   1.250300e+01 3.950000e+01 9.000000e+00
    endloop
  endfacet
  facet normal 6.092687e-01 7.929638e-01 0.000000e+00
    outer loop
      vertex   1.944900e+01 1.563800e+01 0.000000e+00
      vertex   1.867200e+01 1.623500e+01 0.000000e+00
      vertex   1.867200e+01 1.623500e+01 2.998000e+00
    endloop
  endfacet
  facet normal 5.003103e-01 8.658462e-01 -0.000000e+00
    outer loop
      vertex   1.782400e+01 1.672500e+01 0.000000e+00
      vertex   1.782400e+01 1.672500e+01 2.998000e+00
      vertex   1.867200e+01 1.623500e+01 2.998000e+00
    endloop
  endfacet
  facet normal 5.003103e-01 8.658462e-01 0.000000e+00
    outer loop
      vertex   1.867200e+01 1.623500e+01 2.998000e+00
      vertex   1.867200e+01 1.623500e+01 0.000000e+00
      vertex   1.782400e+01 1.672500e+01 0.000000e+00
    endloop
  endfacet
  facet normal -0.000000e+00 1.000000e+00 0.000000e+00
    outer loop
      vertex   1.050300e+01 3.950000e+01 9.000000e+00
      vertex   1.250300e+01 3.950000e+01 9.000000e+00
      vertex   1.217400e+01 3.950000e+01 5.000000e+00
    endloop
  endfacet
  facet normal 0.000000e+00 1.000000e+00 0.000000e+00
    outer loop
      vertex   1.250300e+01 3.950000e+01 9.000000e+00
      vertex   1.250300e+01 3.950000e+01 5.000000e+00
      vertex   1.217400e+01 3.950000e+01 5.000000e+00
    endloop
  endfacet
  facet normal 7.929653e-01 6.092668e-01 0.000000e+00
    outer loop
      vertex   2.073800e+01 1.416900e+01 2.998000e+00
      vertex   2.073800e+01 1.416900e+01 0.000000e+00
      vertex   2.014100e+01 1.494600e+01 0.000000e+00
    endloop
  endfacet
  facet normal -0.000000e+00 1.000000e+00 0.000000e+00
    outer loop
      vertex   1.450300e+01 3.950000e+01 9.000000e+00
      vertex   1.650300e+01 3.950000e+01 9.000000e+00
      vertex   1.491900e+01 3.950000e+01 5.000000e+00
    endloop
  endfacet
  facet normal 0.000000e+00 1.000000e+00 0.000000e+00
    outer loop
      vertex   1.450300e+01 3.950000e+01 5.000000e+00
      vertex   1.450300e+01 3.950000e+01 9.000000e+00
      vertex   1.491900e+01 3.950000e+01 5.000000e+00
    endloop
  endfacet
  facet normal 0.000000e+00 0.000000e+00 1.000000e+00
    outer loop
      vertex   1.491900e+01 3.950700e+01 5.000000e+00
      vertex   1.450300e+01 3.950000e+01 5.000000e+00
      vertex   1.491900e+01 3.950000e+01 5.000000e+00
    endloop
  endfacet
  facet normal 0.000000e+00 0.000000e+00 1.000000e+00
    outer loop
      vertex   1.491900e+01 3.950700e+01 5.000000e+00
      vertex   1.217400e+01 3.950700e+01 5.000000e+00
      vertex   1.450300e+01 3.950000e+01 5.000000e+00
    endloop
  endfacet
  facet normal 0.000000e+00 -0.000000e+00 1.000000e+00
    outer loop
      vertex   1.250300e+01 3.950000e+01 5.000000e+00
      vertex   1.450300e+01 3.950000e+01 5.000000e+00
      vertex   1.217400e+01 3.950700e+01 5.000000e+00
    endloop
  endfacet
  facet normal -7.905640e-01 -6.123795e-01 0.000000e+00
    outer loop
      vertex   1.741200e+01 1.194600e+01 0.000000e+00
      vertex   1.711300e+01 1.233200e+01 2.998000e+00
      vertex   1.711300e+01 1.233200e+01 0.000000e+00
    endloop
  endfacet
  facet normal 1.000000e+00 0.000000e+00 -0.000000e+00
    outer loop
      vertex   1.491900e+01 3.950700e+01 3.000000e+00
      vertex   1.491900e+01 3.950700e+01 5.000000e+00
      vertex   1.491900e+01 3.950000e+01 5.000000e+00
    endloop
  endfacet
  facet normal -6.978375e-01 -7.162561e-01 0.000000e+00
    outer loop
      vertex   1.676300e+01 1.267300e+01 0.000000e+00
      vertex   1.711300e+01 1.233200e+01 2.998000e+00
      vertex   1.676300e+01 1.267300e+01 2.998000e+00
    endloop
  endfacet
  facet normal -1.000000e+00 0.000000e+00 0.000000e+00
    outer loop
      vertex   1.450300e+01 3.950000e+01 5.000000e+00
      vertex   1.450300e+01 3.850700e+01 5.000000e+00
      vertex   1.450300e+01 3.950000e+01 9.000000e+00
    endloop
  endfacet
  facet normal 7.532902e-01 6.576883e-01 -0.000000e+00
    outer loop
      vertex   1.768500e+01 1.318200e+01 0.000000e+00
      vertex   1.768500e+01 1.318200e+01 2.998000e+00
      vertex   1.808400e+01 1.272500e+01 2.998000e+00
    endloop
  endfacet
  facet normal 6.576893e-01 7.532893e-01 0.000000e+00
    outer loop
      vertex   1.768500e+01 1.318200e+01 2.998000e+00
      vertex   1.768500e+01 1.318200e+01 0.000000e+00
      vertex   1.722800e+01 1.358100e+01 2.998000e+00
    endloop
  endfacet
  facet normal 1.000000e+00 0.000000e+00 0.000000e+00
    outer loop
      vertex   1.250300e+01 3.750000e+01 3.000000e+00
      vertex   1.250300e+01 3.850700e+01 5.000000e+00
      vertex   1.250300e+01 3.750000e+01 9.000000e+00
    endloop
  endfacet
  facet normal 0.000000e+00 0.000000e+00 1.000000e+00
    outer loop
      vertex   1.808400e+01 1.272500e+01 2.998000e+00
      vertex   1.768500e+01 1.318200e+01 2.998000e+00
      vertex   1.711300e+01 1.233200e+01 2.998000e+00
    endloop
  endfacet
  facet normal -0.000000e+00 0.000000e+00 1.000000e+00
    outer loop
      vertex   1.676300e+01 1.267300e+01 2.998000e+00
      vertex   1.711300e+01 1.233200e+01 2.998000e+00
      vertex   1.768500e+01 1.318200e+01 2.998000e+00
    endloop
  endfacet
  facet normal 0.000000e+00 -0.000000e+00 1.000000e+00
    outer loop
      vertex   1.676300e+01 1.267300e+01 2.998000e+00
      vertex   1.722800e+01 1.358100e+01 2.998000e+00
      vertex   1.636900e+01 1.296100e+01 2.998000e+00
    endloop
  endfacet
  facet normal 0.000000e+00 0.000000e+00 1.000000e+00
    outer loop
      vertex   1.672200e+01 1.391500e+01 2.998000e+00
      vertex   1.636900e+01 1.296100e+01 2.998000e+00
      vertex   1.722800e+01 1.358100e+01 2.998000e+00
    endloop
  endfacet
  facet normal 0.000000e+00 0.000000e+00 1.000000e+00
    outer loop
      vertex   1.617600e+01 1.417700e+01 2.998000e+00
      vertex   1.593800e+01 1.319200e+01 2.998000e+00
      vertex   1.672200e+01 1.391500e+01 2.998000e+00
    endloop
  endfacet
  facet normal 0.000000e+00 0.000000e+00 1.000000e+00
    outer loop
      vertex   1.722800e+01 1.358100e+01 2.998000e+00
      vertex   1.676300e+01 1.267300e+01 2.998000e+00
      vertex   1.768500e+01 1.318200e+01 2.998000e+00
    endloop
  endfacet
  facet normal -1.000000e+00 0.000000e+00 0.000000e+00
    outer loop
      vertex   1.450300e+01 3.850700e+01 5.000000e+00
      vertex   1.450300e+01 3.750000e+01 9.000000e+00
      vertex   1.450300e+01 3.950000e+01 9.000000e+00
    endloop
  endfacet
  facet normal -3.831639e-01 -9.236804e-01 -0.000000e+00
    outer loop
      vertex   1.118200e+01 3.275000e+00 2.998000e+00
      vertex   1.118200e+01 3.275000e+00 0.000000e+00
      vertex   1.208600e+01 2.900000e+00 2.998000e+00
    endloop
  endfacet
  facet normal -7.071075e-01 -7.071061e-01 0.000000e+00
    outer loop
      vertex   1.879400e+01 1.488200e+01 0.000000e+00
      vertex   1.938500e+01 1.429100e+01 2.998000e+00
      vertex   1.879400e+01 1.488200e+01 2.998000e+00
    endloop
  endfacet
  facet normal 0.000000e+00 0.000000e+00 1.000000e+00
    outer loop
      vertex   1.159800e+01 4.185000e+00 2.998000e+00
      vertex   1.087500e+01 4.607000e+00 2.998000e+00
      vertex   1.033400e+01 3.765000e+00 2.998000e+00
    endloop
  endfacet
  facet normal -0.000000e+00 0.000000e+00 1.000000e+00
    outer loop
      vertex   1.033400e+01 3.765000e+00 2.998000e+00
      vertex   1.118200e+01 3.275000e+00 2.998000e+00
      vertex   1.159800e+01 4.185000e+00 2.998000e+00
    endloop
  endfacet
  facet normal 0.000000e+00 -0.000000e+00 1.000000e+00
    outer loop
      vertex   1.303200e+01 2.646000e+00 2.998000e+00
      vertex   1.317500e+01 3.637000e+00 2.998000e+00
      vertex   1.208600e+01 2.900000e+00 2.998000e+00
    endloop
  endfacet
  facet normal 0.000000e+00 -0.000000e+00 1.000000e+00
    outer loop
      vertex   1.208600e+01 2.900000e+00 2.998000e+00
      vertex   1.236800e+01 3.860000e+00 2.998000e+00
      vertex   1.118200e+01 3.275000e+00 2.998000e+00
    endloop
  endfacet
  facet normal 0.000000e+00 0.000000e+00 1.000000e+00
    outer loop
      vertex   1.236800e+01 3.860000e+00 2.998000e+00
      vertex   1.159800e+01 4.185000e+00 2.998000e+00
      vertex   1.118200e+01 3.275000e+00 2.998000e+00
    endloop
  endfacet
  facet normal 0.000000e+00 -0.000000e+00 1.000000e+00
    outer loop
      vertex   2.031700e+01 1.290500e+01 2.998000e+00
      vertex   2.073800e+01 1.416900e+01 2.998000e+00
      vertex   1.989600e+01 1.362800e+01 2.998000e+00
    endloop
  endfacet
  facet normal 0.000000e+00 0.000000e+00 1.000000e+00
    outer loop
      vertex   2.160300e+01 1.241700e+01 2.998000e+00
      vertex   2.122800e+01 1.332100e+01 2.998000e+00
      vertex   2.064300e+01 1.213500e+01 2.998000e+00
    endloop
  endfacet
  facet normal 0.000000e+00 0.000000e+00 1.000000e+00
    outer loop
      vertex   1.944900e+01 1.563800e+01 2.998000e+00
      vertex   1.879400e+01 1.488200e+01 2.998000e+00
      vertex   2.014100e+01 1.494600e+01 2.998000e+00
    endloop
  endfacet
  facet normal -0.000000e+00 0.000000e+00 1.000000e+00
    outer loop
      vertex   1.938500e+01 1.429100e+01 2.998000e+00
      vertex   1.989600e+01 1.362800e+01 2.998000e+00
      vertex   2.014100e+01 1.494600e+01 2.998000e+00
    endloop
  endfacet
  facet normal -1.316955e-01 -9.912902e-01 -0.000000e+00
    outer loop
      vertex   1.303200e+01 2.646000e+00 2.998000e+00
      vertex   1.303200e+01 2.646000e+00 0.000000e+00
      vertex   1.400300e+01 2.517000e+00 0.000000e+00
    endloop
  endfacet
  facet normal 0.000000e+00 -0.000000e+00 1.000000e+00
    outer loop
      vertex   1.938500e+01 1.429100e+01 2.998000e+00
      vertex   2.014100e+01 1.494600e+01 2.998000e+00
      vertex   1.879400e+01 1.488200e+01 2.998000e+00
    endloop
  endfacet
  facet normal 0.000000e+00 0.000000e+00 1.000000e+00
    outer loop
      vertex   2.073800e+01 1.416900e+01 2.998000e+00
      vertex   2.014100e+01 1.494600e+01 2.998000e+00
      vertex   1.989600e+01 1.362800e+01 2.998000e+00
    endloop
  endfacet
  facet normal 6.092687e-01 7.929638e-01 -0.000000e+00
    outer loop
      vertex   1.944900e+01 1.563800e+01 0.000000e+00
      vertex   1.867200e+01 1.623500e+01 2.998000e+00
      vertex   1.944900e+01 1.563800e+01 2.998000e+00
    endloop
  endfacet
  facet normal 1.316955e-01 -9.912902e-01 0.000000e+00
    outer loop
      vertex   1.597400e+01 2.646000e+00 0.000000e+00
      vertex   1.500300e+01 2.517000e+00 2.998000e+00
      vertex   1.500300e+01 2.517000e+00 0.000000e+00
    endloop
  endfacet
  facet normal 1.000000e+00 0.000000e+00 0.000000e+00
    outer loop
      vertex   1.500300e+01 2.517000e+00 2.998000e+00
      vertex   1.500300e+01 -4.880000e-01 2.998000e+00
      vertex   1.500300e+01 2.517000e+00 0.000000e+00
    endloop
  endfacet
  facet normal -6.104600e-01 -7.920471e-01 0.000000e+00
    outer loop
      vertex   1.813100e+01 1.539300e+01 2.998000e+00
      vertex   1.879400e+01 1.488200e+01 0.000000e+00
      vertex   1.879400e+01 1.488200e+01 2.998000e+00
    endloop
  endfacet
  facet normal -1.000000e+00 -0.000000e+00 -0.000000e+00
    outer loop
      vertex   1.400300e+01 2.517000e+00 2.998000e+00
      vertex   1.400300e+01 2.517000e+00 0.000000e+00
      vertex   1.400300e+01 -4.880000e-01 2.998000e+00
    endloop
  endfacet
  facet normal -1.000000e+00 0.000000e+00 0.000000e+00
    outer loop
      vertex   1.400300e+01 2.517000e+00 0.000000e+00
      vertex   1.400300e+01 -4.880000e-01 0.000000e+00
      vertex   1.400300e+01 -4.880000e-01 2.998000e+00
    endloop
  endfacet
  facet normal 1.000000e+00 0.000000e+00 0.000000e+00
    outer loop
      vertex   1.500300e+01 -4.880000e-01 2.998000e+00
      vertex   1.500300e+01 -4.880000e-01 0.000000e+00
      vertex   1.500300e+01 2.517000e+00 0.000000e+00
    endloop
  endfacet
  facet normal 7.071056e-01 7.071080e-01 0.000000e+00
    outer loop
      vertex   2.014100e+01 1.494600e+01 2.998000e+00
      vertex   2.014100e+01 1.494600e+01 0.000000e+00
      vertex   1.944900e+01 1.563800e+01 2.998000e+00
    endloop
  endfacet
  facet normal 7.071056e-01 7.071080e-01 -0.000000e+00
    outer loop
      vertex   1.944900e+01 1.563800e+01 0.000000e+00
      vertex   1.944900e+01 1.563800e+01 2.998000e+00
      vertex   2.014100e+01 1.494600e+01 0.000000e+00
    endloop
  endfacet
  facet normal 7.929653e-01 6.092668e-01 0.000000e+00
    outer loop
      vertex   2.073800e+01 1.416900e+01 2.998000e+00
      vertex   2.014100e+01 1.494600e+01 0.000000e+00
      vertex   2.014100e+01 1.494600e+01 2.998000e+00
    endloop
  endfacet
  facet normal -0.000000e+00 0.000000e+00 1.000000e+00
    outer loop
      vertex   1.663800e+01 1.614000e+01 2.998000e+00
      vertex   1.740800e+01 1.581500e+01 2.998000e+00
      vertex   1.782400e+01 1.672500e+01 2.998000e+00
    endloop
  endfacet
  facet normal 0.000000e+00 0.000000e+00 1.000000e+00
    outer loop
      vertex   1.867200e+01 1.623500e+01 2.998000e+00
      vertex   1.782400e+01 1.672500e+01 2.998000e+00
      vertex   1.740800e+01 1.581500e+01 2.998000e+00
    endloop
  endfacet
  facet normal -0.000000e+00 0.000000e+00 1.000000e+00
    outer loop
      vertex   1.740800e+01 1.581500e+01 2.998000e+00
      vertex   1.813100e+01 1.539300e+01 2.998000e+00
      vertex   1.867200e+01 1.623500e+01 2.998000e+00
    endloop
  endfacet
  facet normal -1.410864e-01 9.899973e-01 0.000000e+00
    outer loop
      vertex   1.583100e+01 3.637000e+00 0.000000e+00
      vertex   1.500300e+01 3.519000e+00 0.000000e+00
      vertex   1.500300e+01 3.519000e+00 2.998000e+00
    endloop
  endfacet
  facet normal -0.000000e+00 0.000000e+00 1.000000e+00
    outer loop
      vertex   1.813100e+01 1.539300e+01 2.998000e+00
      vertex   1.879400e+01 1.488200e+01 2.998000e+00
      vertex   1.944900e+01 1.563800e+01 2.998000e+00
    endloop
  endfacet
  facet normal 2.663503e-01 9.638763e-01 0.000000e+00
    outer loop
      vertex   1.317500e+01 3.637000e+00 0.000000e+00
      vertex   1.236800e+01 3.860000e+00 0.000000e+00
      vertex   1.236800e+01 3.860000e+00 2.998000e+00
    endloop
  endfacet
  facet normal 3.888586e-01 9.212975e-01 -0.000000e+00
    outer loop
      vertex   1.236800e+01 3.860000e+00 0.000000e+00
      vertex   1.159800e+01 4.185000e+00 2.998000e+00
      vertex   1.236800e+01 3.860000e+00 2.998000e+00
    endloop
  endfacet
  facet normal 0.000000e+00 0.000000e+00 1.000000e+00
    outer loop
      vertex   1.944900e+01 1.563800e+01 2.998000e+00
      vertex   1.867200e+01 1.623500e+01 2.998000e+00
      vertex   1.813100e+01 1.539300e+01 2.998000e+00
    endloop
  endfacet
  facet normal 1.000000e+00 0.000000e+00 0.000000e+00
    outer loop
      vertex   1.500300e+01 3.519000e+00 0.000000e+00
      vertex   1.500300e+01 5.528000e+00 0.000000e+00
      vertex   1.500300e+01 3.519000e+00 2.998000e+00
    endloop
  endfacet
  facet normal 7.955653e-01 6.058679e-01 -0.000000e+00
    outer loop
      vertex   2.410300e+01 1.633200e+01 0.000000e+00
      vertex   2.316400e+01 1.756500e+01 0.000000e+00
      vertex   2.410300e+01 1.633200e+01 2.998000e+00
    endloop
  endfacet
  facet normal 7.955653e-01 6.058679e-01 -0.000000e+00
    outer loop
      vertex   2.316400e+01 1.756500e+01 0.000000e+00
      vertex   2.316400e+01 1.756500e+01 2.998000e+00
      vertex   2.410300e+01 1.633200e+01 2.998000e+00
    endloop
  endfacet
  facet normal 8.701421e-01 4.928009e-01 0.000000e+00
    outer loop
      vertex   2.486700e+01 1.498300e+01 0.000000e+00
      vertex   2.410300e+01 1.633200e+01 0.000000e+00
      vertex   2.410300e+01 1.633200e+01 2.998000e+00
    endloop
  endfacet
  facet normal 0.000000e+00 0.000000e+00 1.000000e+00
    outer loop
      vertex   1.500300e+01 3.519000e+00 2.998000e+00
      vertex   1.400300e+01 3.519000e+00 2.998000e+00
      vertex   1.500300e+01 2.517000e+00 2.998000e+00
    endloop
  endfacet
  facet normal -8.694213e-01 -4.940715e-01 -0.000000e+00
    outer loop
      vertex   2.326200e+01 1.579100e+01 2.998000e+00
      vertex   2.326200e+01 1.579100e+01 0.000000e+00
      vertex   2.395700e+01 1.456800e+01 0.000000e+00
    endloop
  endfacet
  facet normal -1.316955e-01 -9.912902e-01 0.000000e+00
    outer loop
      vertex   1.303200e+01 2.646000e+00 2.998000e+00
      vertex   1.400300e+01 2.517000e+00 0.000000e+00
      vertex   1.400300e+01 2.517000e+00 2.998000e+00
    endloop
  endfacet
  facet normal -7.952849e-01 -6.062359e-01 0.000000e+00
    outer loop
      vertex   2.240900e+01 1.691000e+01 0.000000e+00
      vertex   2.326200e+01 1.579100e+01 0.000000e+00
      vertex   2.326200e+01 1.579100e+01 2.998000e+00
    endloop
  endfacet
  facet normal 9.657926e-01 2.593157e-01 0.000000e+00
    outer loop
      vertex   2.160300e+01 1.241700e+01 2.998000e+00
      vertex   2.185700e+01 1.147100e+01 2.998000e+00
      vertex   2.160300e+01 1.241700e+01 0.000000e+00
    endloop
  endfacet
  facet normal 8.658453e-01 5.003118e-01 0.000000e+00
    outer loop
      vertex   2.073800e+01 1.416900e+01 2.998000e+00
      vertex   2.122800e+01 1.332100e+01 0.000000e+00
      vertex   2.073800e+01 1.416900e+01 0.000000e+00
    endloop
  endfacet
  facet normal 8.658453e-01 5.003118e-01 0.000000e+00
    outer loop
      vertex   2.073800e+01 1.416900e+01 2.998000e+00
      vertex   2.122800e+01 1.332100e+01 2.998000e+00
      vertex   2.122800e+01 1.332100e+01 0.000000e+00
    endloop
  endfacet
  facet normal 9.236807e-01 3.831631e-01 0.000000e+00
    outer loop
      vertex   2.122800e+01 1.332100e+01 0.000000e+00
      vertex   2.160300e+01 1.241700e+01 2.998000e+00
      vertex   2.160300e+01 1.241700e+01 0.000000e+00
    endloop
  endfacet
  facet normal 9.236807e-01 3.831631e-01 -0.000000e+00
    outer loop
      vertex   2.122800e+01 1.332100e+01 0.000000e+00
      vertex   2.122800e+01 1.332100e+01 2.998000e+00
      vertex   2.160300e+01 1.241700e+01 2.998000e+00
    endloop
  endfacet
  facet normal 1.410864e-01 9.899973e-01 0.000000e+00
    outer loop
      vertex   1.400300e+01 3.519000e+00 2.998000e+00
      vertex   1.400300e+01 3.519000e+00 0.000000e+00
      vertex   1.317500e+01 3.637000e+00 2.998000e+00
    endloop
  endfacet
  facet normal 1.410864e-01 9.899973e-01 -0.000000e+00
    outer loop
      vertex   1.317500e+01 3.637000e+00 0.000000e+00
      vertex   1.317500e+01 3.637000e+00 2.998000e+00
      vertex   1.400300e+01 3.519000e+00 0.000000e+00
    endloop
  endfacet
  facet normal 2.663503e-01 9.638763e-01 -0.000000e+00
    outer loop
      vertex   1.317500e+01 3.637000e+00 0.000000e+00
      vertex   1.236800e+01 3.860000e+00 2.998000e+00
      vertex   1.317500e+01 3.637000e+00 2.998000e+00
    endloop
  endfacet
  facet normal -9.691313e-01 -2.465453e-01 0.000000e+00
    outer loop
      vertex   2.448300e+01 1.326200e+01 0.000000e+00
      vertex   2.483000e+01 1.189800e+01 0.000000e+00
      vertex   2.483000e+01 1.189800e+01 2.998000e+00
    endloop
  endfacet
  facet normal 0.000000e+00 -0.000000e+00 1.000000e+00
    outer loop
      vertex   2.483000e+01 1.189800e+01 2.998000e+00
      vertex   2.544300e+01 1.354400e+01 2.998000e+00
      vertex   2.448300e+01 1.326200e+01 2.998000e+00
    endloop
  endfacet
  facet normal 0.000000e+00 0.000000e+00 1.000000e+00
    outer loop
      vertex   2.544300e+01 1.354400e+01 2.998000e+00
      vertex   2.486700e+01 1.498300e+01 2.998000e+00
      vertex   2.448300e+01 1.326200e+01 2.998000e+00
    endloop
  endfacet
  facet normal -0.000000e+00 0.000000e+00 1.000000e+00
    outer loop
      vertex   1.303200e+01 2.646000e+00 2.998000e+00
      vertex   1.400300e+01 2.517000e+00 2.998000e+00
      vertex   1.400300e+01 3.519000e+00 2.998000e+00
    endloop
  endfacet
  facet normal 0.000000e+00 0.000000e+00 1.000000e+00
    outer loop
      vertex   1.400300e+01 3.519000e+00 2.998000e+00
      vertex   1.317500e+01 3.637000e+00 2.998000e+00
      vertex   1.303200e+01 2.646000e+00 2.998000e+00
    endloop
  endfacet
  facet normal -9.275926e-01 -3.735934e-01 -0.000000e+00
    outer loop
      vertex   2.395700e+01 1.456800e+01 2.998000e+00
      vertex   2.395700e+01 1.456800e+01 0.000000e+00
      vertex   2.448300e+01 1.326200e+01 2.998000e+00
    endloop
  endfacet
  facet normal 0.000000e+00 0.000000e+00 1.000000e+00
    outer loop
      vertex   1.400300e+01 2.517000e+00 2.998000e+00
      vertex   1.500300e+01 2.517000e+00 2.998000e+00
      vertex   1.400300e+01 3.519000e+00 2.998000e+00
    endloop
  endfacet
  facet normal 0.000000e+00 0.000000e+00 1.000000e+00
    outer loop
      vertex   1.400300e+01 -4.880000e-01 2.998000e+00
      vertex   1.500300e+01 2.517000e+00 2.998000e+00
      vertex   1.400300e+01 2.517000e+00 2.998000e+00
    endloop
  endfacet
  facet normal 0.000000e+00 -0.000000e+00 1.000000e+00
    outer loop
      vertex   1.500300e+01 -4.880000e-01 2.998000e+00
      vertex   1.500300e+01 2.517000e+00 2.998000e+00
      vertex   1.400300e+01 -4.880000e-01 2.998000e+00
    endloop
  endfacet
  facet normal -8.316580e-01 -5.552881e-01 0.000000e+00
    outer loop
      vertex   -9.694000e+00 -1.850000e+01 0.000000e+00
      vertex   -9.258000e+00 -1.915300e+01 0.000000e+00
      vertex   -9.694000e+00 -1.850000e+01 2.998000e+00
    endloop
  endfacet
  facet normal -8.969607e-01 -4.421103e-01 0.000000e+00
    outer loop
      vertex   -1.004100e+01 -1.779600e+01 0.000000e+00
      vertex   -9.694000e+00 -1.850000e+01 0.000000e+00
      vertex   -1.004100e+01 -1.779600e+01 2.998000e+00
    endloop
  endfacet
  facet normal -9.466255e-01 -3.223354e-01 0.000000e+00
    outer loop
      vertex   -1.029400e+01 -1.705300e+01 0.000000e+00
      vertex   -1.004100e+01 -1.779600e+01 0.000000e+00
      vertex   -1.004100e+01 -1.779600e+01 2.998000e+00
    endloop
  endfacet
  facet normal -9.691313e-01 -2.465453e-01 0.000000e+00
    outer loop
      vertex   2.448300e+01 1.326200e+01 0.000000e+00
      vertex   2.483000e+01 1.189800e+01 2.998000e+00
      vertex   2.448300e+01 1.326200e+01 2.998000e+00
    endloop
  endfacet
  facet normal 0.000000e+00 0.000000e+00 1.000000e+00
    outer loop
      vertex   2.031700e+01 1.290500e+01 2.998000e+00
      vertex   2.122800e+01 1.332100e+01 2.998000e+00
      vertex   2.073800e+01 1.416900e+01 2.998000e+00
    endloop
  endfacet
  facet normal -0.000000e+00 0.000000e+00 1.000000e+00
    outer loop
      vertex   2.031700e+01 1.290500e+01 2.998000e+00
      vertex   2.064300e+01 1.213500e+01 2.998000e+00
      vertex   2.122800e+01 1.332100e+01 2.998000e+00
    endloop
  endfacet
  facet normal -6.596781e-01 -7.515482e-01 -0.000000e+00
    outer loop
      vertex   -8.740000e+00 -1.974300e+01 2.998000e+00
      vertex   -8.740000e+00 -1.974300e+01 0.000000e+00
      vertex   -8.151000e+00 -2.026000e+01 2.998000e+00
    endloop
  endfacet
  facet normal -7.514710e-01 -6.597661e-01 0.000000e+00
    outer loop
      vertex   -9.258000e+00 -1.915300e+01 0.000000e+00
      vertex   -8.740000e+00 -1.974300e+01 0.000000e+00
      vertex   -9.258000e+00 -1.915300e+01 2.998000e+00
    endloop
  endfacet
  facet normal -7.514710e-01 -6.597661e-01 -0.000000e+00
    outer loop
      vertex   -8.740000e+00 -1.974300e+01 2.998000e+00
      vertex   -9.258000e+00 -1.915300e+01 2.998000e+00
      vertex   -8.740000e+00 -1.974300e+01 0.000000e+00
    endloop
  endfacet
  facet normal -0.000000e+00 0.000000e+00 1.000000e+00
    outer loop
      vertex   -9.258000e+00 -1.915300e+01 2.998000e+00
      vertex   -8.740000e+00 -1.974300e+01 2.998000e+00
      vertex   -8.731000e+00 -1.904400e+01 2.998000e+00
    endloop
  endfacet
  facet normal 0.000000e+00 -0.000000e+00 1.000000e+00
    outer loop
      vertex   -8.151000e+00 -2.026000e+01 2.998000e+00
      vertex   -8.023000e+00 -1.975100e+01 2.998000e+00
      vertex   -8.740000e+00 -1.974300e+01 2.998000e+00
    endloop
  endfacet
  facet normal 8.701421e-01 4.928009e-01 -0.000000e+00
    outer loop
      vertex   2.486700e+01 1.498300e+01 0.000000e+00
      vertex   2.410300e+01 1.633200e+01 2.998000e+00
      vertex   2.486700e+01 1.498300e+01 2.998000e+00
    endloop
  endfacet
  facet normal -7.064216e-01 7.077913e-01 0.000000e+00
    outer loop
      vertex   -7.698000e+00 -1.801300e+01 3.268000e+00
      vertex   -8.731000e+00 -1.904400e+01 4.996000e+00
      vertex   -7.698000e+00 -1.801300e+01 4.996000e+00
    endloop
  endfacet
  facet normal -7.064216e-01 7.077913e-01 0.000000e+00
    outer loop
      vertex   -8.731000e+00 -1.904400e+01 4.996000e+00
      vertex   -7.698000e+00 -1.801300e+01 3.268000e+00
      vertex   -8.731000e+00 -1.904400e+01 2.998000e+00
    endloop
  endfacet
  facet normal -9.275926e-01 -3.735934e-01 0.000000e+00
    outer loop
      vertex   2.448300e+01 1.326200e+01 0.000000e+00
      vertex   2.448300e+01 1.326200e+01 2.998000e+00
      vertex   2.395700e+01 1.456800e+01 0.000000e+00
    endloop
  endfacet
  facet normal -8.694213e-01 -4.940715e-01 0.000000e+00
    outer loop
      vertex   2.326200e+01 1.579100e+01 2.998000e+00
      vertex   2.395700e+01 1.456800e+01 0.000000e+00
      vertex   2.395700e+01 1.456800e+01 2.998000e+00
    endloop
  endfacet
  facet normal -8.316580e-01 -5.552881e-01 0.000000e+00
    outer loop
      vertex   -9.694000e+00 -1.850000e+01 2.998000e+00
      vertex   -9.258000e+00 -1.915300e+01 0.000000e+00
      vertex   -9.258000e+00 -1.915300e+01 2.998000e+00
    endloop
  endfacet
  facet normal -8.969607e-01 -4.421103e-01 0.000000e+00
    outer loop
      vertex   -1.004100e+01 -1.779600e+01 2.998000e+00
      vertex   -9.694000e+00 -1.850000e+01 0.000000e+00
      vertex   -9.694000e+00 -1.850000e+01 2.998000e+00
    endloop
  endfacet
  facet normal 0.000000e+00 -0.000000e+00 1.000000e+00
    outer loop
      vertex   -8.731000e+00 -1.904400e+01 2.998000e+00
      vertex   -7.670000e+00 -1.798400e+01 2.998000e+00
      vertex   -9.694000e+00 -1.850000e+01 2.998000e+00
    endloop
  endfacet
  facet normal 0.000000e+00 -0.000000e+00 1.000000e+00
    outer loop
      vertex   -9.258000e+00 -1.915300e+01 2.998000e+00
      vertex   -8.731000e+00 -1.904400e+01 2.998000e+00
      vertex   -9.694000e+00 -1.850000e+01 2.998000e+00
    endloop
  endfacet
  facet normal -0.000000e+00 0.000000e+00 1.000000e+00
    outer loop
      vertex   2.326200e+01 1.579100e+01 2.998000e+00
      vertex   2.395700e+01 1.456800e+01 2.998000e+00
      vertex   2.410300e+01 1.633200e+01 2.998000e+00
    endloop
  endfacet
  facet normal 0.000000e+00 0.000000e+00 1.000000e+00
    outer loop
      vertex   2.316400e+01 1.756500e+01 2.998000e+00
      vertex   2.326200e+01 1.579100e+01 2.998000e+00
      vertex   2.410300e+01 1.633200e+01 2.998000e+00
    endloop
  endfacet
  facet normal -7.067740e-01 7.074393e-01 3.061903e-04
    outer loop
      vertex   -7.683000e+00 -1.799700e+01 3.029000e+00
      vertex   -7.670000e+00 -1.798400e+01 2.998000e+00
      vertex   -8.731000e+00 -1.904400e+01 2.998000e+00
    endloop
  endfacet
  facet normal -0.000000e+00 0.000000e+00 1.000000e+00
    outer loop
      vertex   2.240900e+01 1.691000e+01 2.998000e+00
      vertex   2.326200e+01 1.579100e+01 2.998000e+00
      vertex   2.316400e+01 1.756500e+01 2.998000e+00
    endloop
  endfacet
  facet normal 0.000000e+00 0.000000e+00 1.000000e+00
    outer loop
      vertex   2.486700e+01 1.498300e+01 2.998000e+00
      vertex   2.410300e+01 1.633200e+01 2.998000e+00
      vertex   2.395700e+01 1.456800e+01 2.998000e+00
    endloop
  endfacet
  facet normal -9.696896e-01 -2.017485e-01 -1.378392e-01
    outer loop
      vertex   -8.212000e+00 -1.676600e+01 3.268000e+00
      vertex   -8.198000e+00 -1.667000e+01 3.029000e+00
      vertex   -8.105000e+00 -1.711700e+01 3.029000e+00
    endloop
  endfacet
  facet normal 0.000000e+00 0.000000e+00 -1.000000e+00
    outer loop
      vertex   -8.226000e+00 -1.630700e+01 3.029000e+00
      vertex   -6.979000e+00 -1.640800e+01 3.029000e+00
      vertex   -8.198000e+00 -1.667000e+01 3.029000e+00
    endloop
  endfacet
  facet normal 0.000000e+00 -1.000000e+00 0.000000e+00
    outer loop
      vertex   2.599200e+01 9.500000e+00 0.000000e+00
      vertex   2.899400e+01 9.500000e+00 0.000000e+00
      vertex   2.599200e+01 9.500000e+00 2.998000e+00
    endloop
  endfacet
  facet normal -9.931843e-01 -7.573250e-02 -8.859789e-02
    outer loop
      vertex   -8.247000e+00 -1.630700e+01 3.268000e+00
      vertex   -8.198000e+00 -1.667000e+01 3.029000e+00
      vertex   -8.212000e+00 -1.676600e+01 3.268000e+00
    endloop
  endfacet
  facet normal 1.000000e+00 0.000000e+00 0.000000e+00
    outer loop
      vertex   -4.990000e+00 1.210500e+01 1.038700e+01
      vertex   -4.990000e+00 1.210500e+01 3.000000e+00
      vertex   -4.990000e+00 1.488000e+01 5.000000e+00
    endloop
  endfacet
  facet normal -9.679289e-01 -2.355008e-01 -8.748175e-02
    outer loop
      vertex   -8.105000e+00 -1.711700e+01 3.029000e+00
      vertex   -8.103000e+00 -1.721400e+01 3.268000e+00
      vertex   -8.212000e+00 -1.676600e+01 3.268000e+00
    endloop
  endfacet
  facet normal 1.000000e+00 0.000000e+00 -0.000000e+00
    outer loop
      vertex   -4.990000e+00 1.588000e+01 5.000000e+00
      vertex   -4.990000e+00 1.588000e+01 1.050000e+01
      vertex   -4.990000e+00 1.488000e+01 5.000000e+00
    endloop
  endfacet
  facet normal 5.844538e-01 8.114270e-01 0.000000e+00
    outer loop
      vertex   -4.990000e+00 1.210500e+01 1.038700e+01
      vertex   -4.704000e+00 1.189900e+01 1.038700e+01
      vertex   -4.990000e+00 1.210500e+01 3.000000e+00
    endloop
  endfacet
  facet normal 6.061139e-01 7.953768e-01 -1.286193e-03
    outer loop
      vertex   -4.990000e+00 1.210500e+01 3.000000e+00
      vertex   -4.704000e+00 1.189900e+01 1.038700e+01
      vertex   -4.658000e+00 1.185200e+01 3.000000e+00
    endloop
  endfacet
  facet normal 0.000000e+00 0.000000e+00 1.000000e+00
    outer loop
      vertex   -3.000000e+00 -1.242789e+01 2.998000e+00
      vertex   -1.029400e+01 -1.705300e+01 2.998000e+00
      vertex   -3.000000e+00 -1.327286e+01 2.998000e+00
    endloop
  endfacet
  facet normal 0.000000e+00 0.000000e+00 1.000000e+00
    outer loop
      vertex   -3.000000e+00 -1.327286e+01 2.998000e+00
      vertex   -1.029400e+01 -1.705300e+01 2.998000e+00
      vertex   -7.670000e+00 -1.798400e+01 2.998000e+00
    endloop
  endfacet
  facet normal 0.000000e+00 -0.000000e+00 1.000000e+00
    outer loop
      vertex   5.050300e+01 3.850000e+01 3.000000e+00
      vertex   5.050300e+01 3.950000e+01 3.000000e+00
      vertex   3.500300e+01 3.350300e+01 3.000000e+00
    endloop
  endfacet
  facet normal 0.000000e+00 -0.000000e+00 1.000000e+00
    outer loop
      vertex   4.531086e+01 3.600000e+01 3.000000e+00
      vertex   5.050300e+01 3.850000e+01 3.000000e+00
      vertex   4.336172e+01 3.600000e+01 3.000000e+00
    endloop
  endfacet
  facet normal 0.000000e+00 -0.000000e+00 1.000000e+00
    outer loop
      vertex   4.336172e+01 3.600000e+01 3.000000e+00
      vertex   5.050300e+01 3.850000e+01 3.000000e+00
      vertex   3.500300e+01 3.350300e+01 3.000000e+00
    endloop
  endfacet
  facet normal 0.000000e+00 0.000000e+00 1.000000e+00
    outer loop
      vertex   4.336172e+01 3.600000e+01 3.000000e+00
      vertex   3.500300e+01 3.350300e+01 3.000000e+00
      vertex   4.336172e+01 3.552784e+01 3.000000e+00
    endloop
  endfacet
  facet normal 0.000000e+00 0.000000e+00 1.000000e+00
    outer loop
      vertex   4.531086e+01 3.600000e+01 3.000000e+00
      vertex   5.150300e+01 3.750000e+01 3.000000e+00
      vertex   5.050300e+01 3.850000e+01 3.000000e+00
    endloop
  endfacet
  facet normal 0.000000e+00 0.000000e+00 1.000000e+00
    outer loop
      vertex   4.531086e+01 3.600000e+01 3.000000e+00
      vertex   4.736172e+01 3.600000e+01 3.000000e+00
      vertex   5.150300e+01 3.750000e+01 3.000000e+00
    endloop
  endfacet
  facet normal 0.000000e+00 0.000000e+00 1.000000e+00
    outer loop
      vertex   5.150300e+01 3.750000e+01 3.000000e+00
      vertex   4.736172e+01 3.600000e+01 3.000000e+00
      vertex   4.736172e+01 2.837930e+01 3.000000e+00
    endloop
  endfacet
  facet normal 0.000000e+00 0.000000e+00 1.000000e+00
    outer loop
      vertex   5.150300e+01 3.750000e+01 3.000000e+00
      vertex   4.736172e+01 2.837930e+01 3.000000e+00
      vertex   5.306700e+01 2.601400e+01 3.000000e+00
    endloop
  endfacet
  facet normal 8.550584e-01 -5.185303e-01 1.168294e-03
    outer loop
      vertex   -4.498000e+00 1.031300e+01 3.000000e+00
      vertex   -4.405000e+00 1.048300e+01 1.038700e+01
      vertex   -4.556000e+00 1.023400e+01 1.038700e+01
    endloop
  endfacet
  facet normal -9.466255e-01 -3.223354e-01 0.000000e+00
    outer loop
      vertex   -1.029400e+01 -1.705300e+01 0.000000e+00
      vertex   -1.004100e+01 -1.779600e+01 2.998000e+00
      vertex   -1.029400e+01 -1.705300e+01 2.998000e+00
    endloop
  endfacet
  facet normal 0.000000e+00 -1.000000e+00 0.000000e+00
    outer loop
      vertex   5.535300e+01 3.425600e+01 3.000000e+00
      vertex   5.624900e+01 3.425600e+01 3.000000e+00
      vertex   5.535300e+01 3.425600e+01 5.000000e+00
    endloop
  endfacet
  facet normal 9.142400e-01 4.051731e-01 0.000000e+00
    outer loop
      vertex   -4.498000e+00 1.164800e+01 1.038700e+01
      vertex   -4.342000e+00 1.129600e+01 1.038700e+01
      vertex   -4.498000e+00 1.164800e+01 3.000000e+00
    endloop
  endfacet
  facet normal -9.808247e-01 -1.948918e-01 0.000000e+00
    outer loop
      vertex   -1.044700e+01 -1.628300e+01 2.998000e+00
      vertex   -1.029400e+01 -1.705300e+01 0.000000e+00
      vertex   -1.029400e+01 -1.705300e+01 2.998000e+00
    endloop
  endfacet
  facet normal -0.000000e+00 -0.000000e+00 1.000000e+00
    outer loop
      vertex   -1.004100e+01 -1.779600e+01 2.998000e+00
      vertex   -7.670000e+00 -1.798400e+01 2.998000e+00
      vertex   -1.029400e+01 -1.705300e+01 2.998000e+00
    endloop
  endfacet
  facet normal 9.427563e-01 -3.334559e-01 -4.195005e-03
    outer loop
      vertex   -4.307000e+00 1.085300e+01 3.000000e+00
      vertex   -4.405000e+00 1.048300e+01 1.038700e+01
      vertex   -4.498000e+00 1.031300e+01 3.000000e+00
    endloop
  endfacet
  facet normal -1.000000e+00 0.000000e+00 0.000000e+00
    outer loop
      vertex   5.535300e+01 3.521500e+01 3.000000e+00
      vertex   5.535300e+01 3.425600e+01 3.000000e+00
      vertex   5.535300e+01 3.521500e+01 5.000000e+00
    endloop
  endfacet
  facet normal -1.000000e+00 0.000000e+00 0.000000e+00
    outer loop
      vertex   5.535300e+01 3.425600e+01 5.000000e+00
      vertex   5.535300e+01 3.521500e+01 5.000000e+00
      vertex   5.535300e+01 3.425600e+01 3.000000e+00
    endloop
  endfacet
  facet normal 9.449793e-01 -3.271076e-01 -3.847540e-03
    outer loop
      vertex   -4.307000e+00 1.085300e+01 3.000000e+00
      vertex   -4.342000e+00 1.066500e+01 1.038700e+01
      vertex   -4.405000e+00 1.048300e+01 1.038700e+01
    endloop
  endfacet
  facet normal -9.716541e-01 -2.364071e-01 -0.000000e+00
    outer loop
      vertex   -8.212000e+00 -1.676600e+01 6.668000e+00
      vertex   -8.212000e+00 -1.676600e+01 3.268000e+00
      vertex   -8.103000e+00 -1.721400e+01 6.668000e+00
    endloop
  endfacet
  facet normal -9.716541e-01 -2.364071e-01 -0.000000e+00
    outer loop
      vertex   -8.103000e+00 -1.721400e+01 6.668000e+00
      vertex   -8.212000e+00 -1.676600e+01 3.268000e+00
      vertex   -8.103000e+00 -1.721400e+01 3.268000e+00
    endloop
  endfacet
  facet normal -0.000000e+00 1.000000e+00 0.000000e+00
    outer loop
      vertex   5.535300e+01 3.521500e+01 5.000000e+00
      vertex   5.624900e+01 3.521500e+01 5.000000e+00
      vertex   5.535300e+01 3.521500e+01 3.000000e+00
    endloop
  endfacet
  facet normal 0.000000e+00 1.000000e+00 0.000000e+00
    outer loop
      vertex   5.774900e+01 3.521500e+01 3.000000e+00
      vertex   5.535300e+01 3.521500e+01 3.000000e+00
      vertex   5.624900e+01 3.521500e+01 5.000000e+00
    endloop
  endfacet
  facet normal 0.000000e+00 0.000000e+00 1.000000e+00
    outer loop
      vertex   5.535300e+01 3.521500e+01 3.000000e+00
      vertex   5.250300e+01 3.750000e+01 3.000000e+00
      vertex   5.535300e+01 3.425600e+01 3.000000e+00
    endloop
  endfacet
  facet normal 0.000000e+00 0.000000e+00 1.000000e+00
    outer loop
      vertex   5.774900e+01 3.521500e+01 3.000000e+00
      vertex   5.550300e+01 3.750000e+01 3.000000e+00
      vertex   5.535300e+01 3.521500e+01 3.000000e+00
    endloop
  endfacet
  facet normal 0.000000e+00 0.000000e+00 1.000000e+00
    outer loop
      vertex   5.650300e+01 3.850000e+01 3.000000e+00
      vertex   5.550300e+01 3.750000e+01 3.000000e+00
      vertex   5.774900e+01 3.521500e+01 3.000000e+00
    endloop
  endfacet
  facet normal -9.676580e-01 -2.354349e-01 9.060049e-02
    outer loop
      vertex   -8.073000e+00 -1.720300e+01 7.017000e+00
      vertex   -8.212000e+00 -1.676600e+01 6.668000e+00
      vertex   -8.103000e+00 -1.721400e+01 6.668000e+00
    endloop
  endfacet
  facet normal 7.729957e-01 6.344107e-01 7.771430e-04
    outer loop
      vertex   -4.658000e+00 1.185200e+01 3.000000e+00
      vertex   -4.704000e+00 1.189900e+01 1.038700e+01
      vertex   -4.498000e+00 1.164800e+01 1.038700e+01
    endloop
  endfacet
  facet normal -1.000000e+00 0.000000e+00 0.000000e+00
    outer loop
      vertex   5.050300e+01 3.850000e+01 3.000000e+00
      vertex   5.050300e+01 3.850000e+01 9.000000e+00
      vertex   5.050300e+01 3.950000e+01 3.000000e+00
    endloop
  endfacet
  facet normal 9.832102e-01 1.820760e-01 -1.208742e-02
    outer loop
      vertex   -4.498000e+00 1.164800e+01 3.000000e+00
      vertex   -4.342000e+00 1.129600e+01 1.038700e+01
      vertex   -4.307000e+00 1.110700e+01 1.038700e+01
    endloop
  endfacet
  facet normal -9.928123e-01 -8.091106e-02 8.818781e-02
    outer loop
      vertex   -8.247000e+00 -1.630700e+01 6.668000e+00
      vertex   -8.179000e+00 -1.676100e+01 7.017000e+00
      vertex   -8.216000e+00 -1.630700e+01 7.017000e+00
    endloop
  endfacet
  facet normal 9.968758e-01 -7.893789e-02 2.714263e-03
    outer loop
      vertex   -4.307000e+00 1.085300e+01 3.000000e+00
      vertex   -4.307000e+00 1.110700e+01 1.038700e+01
      vertex   -4.342000e+00 1.066500e+01 1.038700e+01
    endloop
  endfacet
  facet normal -1.000000e+00 0.000000e+00 -0.000000e+00
    outer loop
      vertex   5.150300e+01 3.850000e+01 9.000000e+00
      vertex   5.150300e+01 3.850000e+01 3.000000e+00
      vertex   5.150300e+01 3.750000e+01 3.000000e+00
    endloop
  endfacet
  facet normal 9.998037e-01 -1.979977e-02 6.808110e-04
    outer loop
      vertex   -4.307000e+00 1.085300e+01 3.000000e+00
      vertex   -4.303000e+00 1.105500e+01 3.000000e+00
      vertex   -4.307000e+00 1.110700e+01 1.038700e+01
    endloop
  endfacet
  facet normal -9.971054e-01 -7.603150e-02 0.000000e+00
    outer loop
      vertex   -8.247000e+00 -1.630700e+01 3.268000e+00
      vertex   -8.212000e+00 -1.676600e+01 3.268000e+00
      vertex   -8.247000e+00 -1.630700e+01 6.668000e+00
    endloop
  endfacet
  facet normal -9.971054e-01 -7.603150e-02 -0.000000e+00
    outer loop
      vertex   -8.212000e+00 -1.676600e+01 6.668000e+00
      vertex   -8.247000e+00 -1.630700e+01 6.668000e+00
      vertex   -8.212000e+00 -1.676600e+01 3.268000e+00
    endloop
  endfacet
  facet normal 9.499556e-01 3.123805e-01 -1.684491e-03
    outer loop
      vertex   -4.498000e+00 1.164800e+01 3.000000e+00
      vertex   -4.307000e+00 1.110700e+01 1.038700e+01
      vertex   -4.303000e+00 1.105500e+01 3.000000e+00
    endloop
  endfacet
  facet normal -9.680422e-01 -2.321546e-01 9.486091e-02
    outer loop
      vertex   -8.073000e+00 -1.720300e+01 7.017000e+00
      vertex   -8.179000e+00 -1.676100e+01 7.017000e+00
      vertex   -8.212000e+00 -1.676600e+01 6.668000e+00
    endloop
  endfacet
  facet normal -1.107466e-01 1.056098e-03 9.938481e-01
    outer loop
      vertex   -5.681000e+00 1.588000e+01 1.042300e+01
      vertex   -5.586000e+00 6.080000e+00 1.044400e+01
      vertex   -4.990000e+00 1.588000e+01 1.050000e+01
    endloop
  endfacet
  facet normal -7.066059e-01 -7.076073e-01 0.000000e+00
    outer loop
      vertex   -8.731000e+00 -1.904400e+01 2.998000e+00
      vertex   -8.023000e+00 -1.975100e+01 2.998000e+00
      vertex   -8.731000e+00 -1.904400e+01 4.996000e+00
    endloop
  endfacet
  facet normal 0.000000e+00 -1.000000e+00 0.000000e+00
    outer loop
      vertex   5.050300e+01 3.850000e+01 3.000000e+00
      vertex   5.150300e+01 3.850000e+01 3.000000e+00
      vertex   5.150300e+01 3.850000e+01 9.000000e+00
    endloop
  endfacet
  facet normal 0.000000e+00 0.000000e+00 1.000000e+00
    outer loop
      vertex   5.150300e+01 3.850000e+01 3.000000e+00
      vertex   5.050300e+01 3.850000e+01 3.000000e+00
      vertex   5.150300e+01 3.750000e+01 3.000000e+00
    endloop
  endfacet
  facet normal 1.000000e+00 0.000000e+00 0.000000e+00
    outer loop
      vertex   5.250300e+01 3.850700e+01 5.000000e+00
      vertex   5.250300e+01 3.750000e+01 3.000000e+00
      vertex   5.250300e+01 3.850700e+01 3.000000e+00
    endloop
  endfacet
  facet normal -9.926014e-01 -7.568805e-02 9.494112e-02
    outer loop
      vertex   -8.247000e+00 -1.630700e+01 6.668000e+00
      vertex   -8.212000e+00 -1.676600e+01 6.668000e+00
      vertex   -8.179000e+00 -1.676100e+01 7.017000e+00
    endloop
  endfacet
  facet normal 0.000000e+00 0.000000e+00 1.000000e+00
    outer loop
      vertex   5.535300e+01 3.521500e+01 3.000000e+00
      vertex   5.450300e+01 3.750000e+01 3.000000e+00
      vertex   5.250300e+01 3.750000e+01 3.000000e+00
    endloop
  endfacet
  facet normal 0.000000e+00 0.000000e+00 1.000000e+00
    outer loop
      vertex   5.450300e+01 3.750000e+01 3.000000e+00
      vertex   5.250300e+01 3.850700e+01 3.000000e+00
      vertex   5.250300e+01 3.750000e+01 3.000000e+00
    endloop
  endfacet
  facet normal 0.000000e+00 0.000000e+00 1.000000e+00
    outer loop
      vertex   5.482500e+01 3.950700e+01 3.000000e+00
      vertex   4.915200e+01 4.150000e+01 3.000000e+00
      vertex   5.208000e+01 3.950700e+01 3.000000e+00
    endloop
  endfacet
  facet normal 0.000000e+00 -0.000000e+00 1.000000e+00
    outer loop
      vertex   5.208000e+01 3.950000e+01 3.000000e+00
      vertex   5.208000e+01 3.950700e+01 3.000000e+00
      vertex   5.050300e+01 3.950000e+01 3.000000e+00
    endloop
  endfacet
  facet normal 0.000000e+00 -0.000000e+00 1.000000e+00
    outer loop
      vertex   5.050300e+01 3.950000e+01 3.000000e+00
      vertex   5.208000e+01 3.950700e+01 3.000000e+00
      vertex   4.915200e+01 4.150000e+01 3.000000e+00
    endloop
  endfacet
  facet normal 0.000000e+00 0.000000e+00 1.000000e+00
    outer loop
      vertex   4.915200e+01 4.150000e+01 3.000000e+00
      vertex   3.500300e+01 3.350300e+01 3.000000e+00
      vertex   5.050300e+01 3.950000e+01 3.000000e+00
    endloop
  endfacet
  facet normal 0.000000e+00 1.000000e+00 0.000000e+00
    outer loop
      vertex   5.482500e+01 3.950700e+01 3.000000e+00
      vertex   5.208000e+01 3.950700e+01 3.000000e+00
      vertex   5.208000e+01 3.950700e+01 5.000000e+00
    endloop
  endfacet
  facet normal -1.948916e-01 -9.808248e-01 0.000000e+00
    outer loop
      vertex   -6.051000e+00 -2.129600e+01 0.000000e+00
      vertex   -5.281000e+00 -2.144900e+01 2.998000e+00
      vertex   -6.051000e+00 -2.129600e+01 2.998000e+00
    endloop
  endfacet
  facet normal -1.948916e-01 -9.808248e-01 0.000000e+00
    outer loop
      vertex   -6.051000e+00 -2.129600e+01 0.000000e+00
      vertex   -5.281000e+00 -2.144900e+01 0.000000e+00
      vertex   -5.281000e+00 -2.144900e+01 2.998000e+00
    endloop
  endfacet
  facet normal -1.000000e+00 -0.000000e+00 0.000000e+00
    outer loop
      vertex   5.208000e+01 3.950700e+01 5.000000e+00
      vertex   5.208000e+01 3.950000e+01 3.000000e+00
      vertex   5.208000e+01 3.950000e+01 5.000000e+00
    endloop
  endfacet
  facet normal -1.000000e+00 0.000000e+00 -0.000000e+00
    outer loop
      vertex   5.208000e+01 3.950700e+01 5.000000e+00
      vertex   5.208000e+01 3.950700e+01 3.000000e+00
      vertex   5.208000e+01 3.950000e+01 3.000000e+00
    endloop
  endfacet
  facet normal -3.223370e-01 -9.466250e-01 0.000000e+00
    outer loop
      vertex   -6.794000e+00 -2.104300e+01 0.000000e+00
      vertex   -6.051000e+00 -2.129600e+01 2.998000e+00
      vertex   -6.794000e+00 -2.104300e+01 2.998000e+00
    endloop
  endfacet
  facet normal -3.223370e-01 -9.466250e-01 0.000000e+00
    outer loop
      vertex   -6.794000e+00 -2.104300e+01 0.000000e+00
      vertex   -6.051000e+00 -2.129600e+01 0.000000e+00
      vertex   -6.051000e+00 -2.129600e+01 2.998000e+00
    endloop
  endfacet
  facet normal -4.421116e-01 -8.969601e-01 0.000000e+00
    outer loop
      vertex   -7.498000e+00 -2.069600e+01 0.000000e+00
      vertex   -6.794000e+00 -2.104300e+01 2.998000e+00
      vertex   -7.498000e+00 -2.069600e+01 2.998000e+00
    endloop
  endfacet
  facet normal -4.421116e-01 -8.969601e-01 0.000000e+00
    outer loop
      vertex   -7.498000e+00 -2.069600e+01 0.000000e+00
      vertex   -6.794000e+00 -2.104300e+01 0.000000e+00
      vertex   -6.794000e+00 -2.104300e+01 2.998000e+00
    endloop
  endfacet
  facet normal 1.000000e+00 0.000000e+00 0.000000e+00
    outer loop
      vertex   -4.990000e+00 1.588000e+01 1.050000e+01
      vertex   -4.990000e+00 1.210500e+01 1.038700e+01
      vertex   -4.990000e+00 1.488000e+01 5.000000e+00
    endloop
  endfacet
  facet normal 1.000000e+00 -0.000000e+00 0.000000e+00
    outer loop
      vertex   -4.990000e+00 6.080000e+00 1.050000e+01
      vertex   -4.990000e+00 9.856000e+00 1.038700e+01
      vertex   -4.990000e+00 1.588000e+01 1.050000e+01
    endloop
  endfacet
  facet normal -5.552866e-01 -8.316591e-01 -0.000000e+00
    outer loop
      vertex   -8.151000e+00 -2.026000e+01 2.998000e+00
      vertex   -8.151000e+00 -2.026000e+01 0.000000e+00
      vertex   -7.498000e+00 -2.069600e+01 2.998000e+00
    endloop
  endfacet
  facet normal -5.552866e-01 -8.316591e-01 0.000000e+00
    outer loop
      vertex   -8.151000e+00 -2.026000e+01 0.000000e+00
      vertex   -7.498000e+00 -2.069600e+01 0.000000e+00
      vertex   -7.498000e+00 -2.069600e+01 2.998000e+00
    endloop
  endfacet
  facet normal 0.000000e+00 0.000000e+00 1.000000e+00
    outer loop
      vertex   -7.450000e-01 -1.700000e+01 2.998000e+00
      vertex   -2.889878e+00 -1.700000e+01 2.998000e+00
      vertex   -7.450000e-01 -2.150000e+01 2.998000e+00
    endloop
  endfacet
  facet normal 0.000000e+00 0.000000e+00 1.000000e+00
    outer loop
      vertex   -7.450000e-01 -2.150000e+01 2.998000e+00
      vertex   -2.889878e+00 -1.700000e+01 2.998000e+00
      vertex   -4.498000e+00 -2.150000e+01 2.998000e+00
    endloop
  endfacet
  facet normal 0.000000e+00 0.000000e+00 1.000000e+00
    outer loop
      vertex   -3.000000e+00 -1.619355e+01 2.998000e+00
      vertex   -5.281000e+00 -2.144900e+01 2.998000e+00
      vertex   -3.000000e+00 -1.700000e+01 2.998000e+00
    endloop
  endfacet
  facet normal 0.000000e+00 0.000000e+00 1.000000e+00
    outer loop
      vertex   -3.000000e+00 -1.700000e+01 2.998000e+00
      vertex   -5.281000e+00 -2.144900e+01 2.998000e+00
      vertex   -4.498000e+00 -2.150000e+01 2.998000e+00
    endloop
  endfacet
  facet normal -0.000000e+00 0.000000e+00 1.000000e+00
    outer loop
      vertex   -3.000000e+00 -1.700000e+01 2.998000e+00
      vertex   -4.498000e+00 -2.150000e+01 2.998000e+00
      vertex   -2.889878e+00 -1.700000e+01 2.998000e+00
    endloop
  endfacet
  facet normal -0.000000e+00 0.000000e+00 1.000000e+00
    outer loop
      vertex   5.650300e+01 3.950000e+01 3.000000e+00
      vertex   5.650300e+01 3.850000e+01 3.000000e+00
      vertex   5.778700e+01 4.150000e+01 3.000000e+00
    endloop
  endfacet
  facet normal -6.499652e-02 -9.978855e-01 0.000000e+00
    outer loop
      vertex   -4.498000e+00 -2.150000e+01 0.000000e+00
      vertex   -5.281000e+00 -2.144900e+01 2.998000e+00
      vertex   -5.281000e+00 -2.144900e+01 0.000000e+00
    endloop
  endfacet
  facet normal -6.499652e-02 -9.978855e-01 0.000000e+00
    outer loop
      vertex   -4.498000e+00 -2.150000e+01 0.000000e+00
      vertex   -4.498000e+00 -2.150000e+01 2.998000e+00
      vertex   -5.281000e+00 -2.144900e+01 2.998000e+00
    endloop
  endfacet
  facet normal 0.000000e+00 -1.000000e+00 0.000000e+00
    outer loop
      vertex   5.250300e+01 3.850700e+01 3.000000e+00
      vertex   5.450300e+01 3.850700e+01 5.000000e+00
      vertex   5.250300e+01 3.850700e+01 5.000000e+00
    endloop
  endfacet
  facet normal 0.000000e+00 -1.000000e+00 0.000000e+00
    outer loop
      vertex   5.250300e+01 3.850700e+01 3.000000e+00
      vertex   5.450300e+01 3.850700e+01 3.000000e+00
      vertex   5.450300e+01 3.850700e+01 5.000000e+00
    endloop
  endfacet
  facet normal 0.000000e+00 0.000000e+00 1.000000e+00
    outer loop
      vertex   1.236800e+01 3.860000e+00 2.998000e+00
      vertex   1.208600e+01 2.900000e+00 2.998000e+00
      vertex   1.317500e+01 3.637000e+00 2.998000e+00
    endloop
  endfacet
  facet normal 0.000000e+00 -0.000000e+00 1.000000e+00
    outer loop
      vertex   5.774900e+01 3.521500e+01 3.000000e+00
      vertex   5.778700e+01 4.150000e+01 3.000000e+00
      vertex   5.650300e+01 3.850000e+01 3.000000e+00
    endloop
  endfacet
  facet normal 1.000000e+00 0.000000e+00 0.000000e+00
    outer loop
      vertex   5.650300e+01 3.850000e+01 3.000000e+00
      vertex   5.650300e+01 3.950000e+01 3.000000e+00
      vertex   5.650300e+01 3.850000e+01 9.000000e+00
    endloop
  endfacet
  facet normal -1.000000e+00 0.000000e+00 0.000000e+00
    outer loop
      vertex   5.450300e+01 3.850700e+01 3.000000e+00
      vertex   5.450300e+01 3.750000e+01 3.000000e+00
      vertex   5.450300e+01 3.850700e+01 5.000000e+00
    endloop
  endfacet
  facet normal 1.316955e-01 -9.912902e-01 0.000000e+00
    outer loop
      vertex   1.597400e+01 2.646000e+00 2.998000e+00
      vertex   1.500300e+01 2.517000e+00 2.998000e+00
      vertex   1.597400e+01 2.646000e+00 0.000000e+00
    endloop
  endfacet
  facet normal 0.000000e+00 -1.000000e+00 0.000000e+00
    outer loop
      vertex   5.550300e+01 3.850000e+01 3.000000e+00
      vertex   5.650300e+01 3.850000e+01 9.000000e+00
      vertex   5.550300e+01 3.850000e+01 9.000000e+00
    endloop
  endfacet
  facet normal 0.000000e+00 -1.000000e+00 0.000000e+00
    outer loop
      vertex   5.550300e+01 3.850000e+01 3.000000e+00
      vertex   5.650300e+01 3.850000e+01 3.000000e+00
      vertex   5.650300e+01 3.850000e+01 9.000000e+00
    endloop
  endfacet
  facet normal 2.593146e-01 -9.657929e-01 0.000000e+00
    outer loop
      vertex   1.692000e+01 2.900000e+00 0.000000e+00
      vertex   1.692000e+01 2.900000e+00 2.998000e+00
      vertex   1.597400e+01 2.646000e+00 0.000000e+00
    endloop
  endfacet
  facet normal -1.000000e+00 0.000000e+00 0.000000e+00
    outer loop
      vertex   5.450300e+01 3.750000e+01 9.000000e+00
      vertex   5.450300e+01 3.850700e+01 5.000000e+00
      vertex   5.450300e+01 3.750000e+01 3.000000e+00
    endloop
  endfacet
  facet normal 0.000000e+00 0.000000e+00 1.000000e+00
    outer loop
      vertex   5.450300e+01 3.850700e+01 3.000000e+00
      vertex   5.250300e+01 3.850700e+01 3.000000e+00
      vertex   5.450300e+01 3.750000e+01 3.000000e+00
    endloop
  endfacet
  facet normal 0.000000e+00 -1.000000e+00 0.000000e+00
    outer loop
      vertex   5.550300e+01 3.750000e+01 3.000000e+00
      vertex   5.450300e+01 3.750000e+01 9.000000e+00
      vertex   5.450300e+01 3.750000e+01 3.000000e+00
    endloop
  endfacet
  facet normal 1.000000e+00 0.000000e+00 0.000000e+00
    outer loop
      vertex   5.550300e+01 3.850000e+01 9.000000e+00
      vertex   5.550300e+01 3.750000e+01 3.000000e+00
      vertex   5.550300e+01 3.850000e+01 3.000000e+00
    endloop
  endfacet
  facet normal -1.410864e-01 9.899973e-01 0.000000e+00
    outer loop
      vertex   1.583100e+01 3.637000e+00 0.000000e+00
      vertex   1.500300e+01 3.519000e+00 2.998000e+00
      vertex   1.583100e+01 3.637000e+00 2.998000e+00
    endloop
  endfacet
  facet normal -0.000000e+00 0.000000e+00 1.000000e+00
    outer loop
      vertex   5.450300e+01 3.750000e+01 3.000000e+00
      vertex   5.535300e+01 3.521500e+01 3.000000e+00
      vertex   5.550300e+01 3.750000e+01 3.000000e+00
    endloop
  endfacet
  facet normal -0.000000e+00 0.000000e+00 1.000000e+00
    outer loop
      vertex   5.550300e+01 3.850000e+01 3.000000e+00
      vertex   5.550300e+01 3.750000e+01 3.000000e+00
      vertex   5.650300e+01 3.850000e+01 3.000000e+00
    endloop
  endfacet
  facet normal 0.000000e+00 0.000000e+00 1.000000e+00
    outer loop
      vertex   -4.342000e+00 1.129600e+01 1.038700e+01
      vertex   -4.498000e+00 1.164800e+01 1.038700e+01
      vertex   -4.754000e+00 1.001800e+01 1.038700e+01
    endloop
  endfacet
  facet normal 0.000000e+00 0.000000e+00 1.000000e+00
    outer loop
      vertex   -4.990000e+00 9.856000e+00 1.038700e+01
      vertex   -4.754000e+00 1.001800e+01 1.038700e+01
      vertex   -4.990000e+00 1.210500e+01 1.038700e+01
    endloop
  endfacet
  facet normal 0.000000e+00 0.000000e+00 1.000000e+00
    outer loop
      vertex   -4.704000e+00 1.189900e+01 1.038700e+01
      vertex   -4.990000e+00 1.210500e+01 1.038700e+01
      vertex   -4.754000e+00 1.001800e+01 1.038700e+01
    endloop
  endfacet
  facet normal 0.000000e+00 0.000000e+00 1.000000e+00
    outer loop
      vertex   -4.498000e+00 1.164800e+01 1.038700e+01
      vertex   -4.704000e+00 1.189900e+01 1.038700e+01
      vertex   -4.754000e+00 1.001800e+01 1.038700e+01
    endloop
  endfacet
  facet normal 0.000000e+00 0.000000e+00 1.000000e+00
    outer loop
      vertex   -4.342000e+00 1.129600e+01 1.038700e+01
      vertex   -4.754000e+00 1.001800e+01 1.038700e+01
      vertex   -4.307000e+00 1.110700e+01 1.038700e+01
    endloop
  endfacet
  facet normal 0.000000e+00 0.000000e+00 1.000000e+00
    outer loop
      vertex   -4.556000e+00 1.023400e+01 1.038700e+01
      vertex   -4.405000e+00 1.048300e+01 1.038700e+01
      vertex   -4.307000e+00 1.110700e+01 1.038700e+01
    endloop
  endfacet
  facet normal 0.000000e+00 -0.000000e+00 1.000000e+00
    outer loop
      vertex   -4.342000e+00 1.066500e+01 1.038700e+01
      vertex   -4.307000e+00 1.110700e+01 1.038700e+01
      vertex   -4.405000e+00 1.048300e+01 1.038700e+01
    endloop
  endfacet
  facet normal 0.000000e+00 0.000000e+00 1.000000e+00
    outer loop
      vertex   1.500300e+01 2.517000e+00 2.998000e+00
      vertex   1.597400e+01 2.646000e+00 2.998000e+00
      vertex   1.500300e+01 3.519000e+00 2.998000e+00
    endloop
  endfacet
  facet normal 0.000000e+00 -0.000000e+00 1.000000e+00
    outer loop
      vertex   1.597400e+01 2.646000e+00 2.998000e+00
      vertex   1.692000e+01 2.900000e+00 2.998000e+00
      vertex   1.583100e+01 3.637000e+00 2.998000e+00
    endloop
  endfacet
  facet normal 0.000000e+00 0.000000e+00 1.000000e+00
    outer loop
      vertex   1.583100e+01 3.637000e+00 2.998000e+00
      vertex   1.500300e+01 3.519000e+00 2.998000e+00
      vertex   1.597400e+01 2.646000e+00 2.998000e+00
    endloop
  endfacet
  facet normal 0.000000e+00 1.000000e+00 0.000000e+00
    outer loop
      vertex   5.482500e+01 3.950000e+01 3.000000e+00
      vertex   5.482500e+01 3.950000e+01 5.000000e+00
      vertex   5.650300e+01 3.950000e+01 3.000000e+00
    endloop
  endfacet
  facet normal 0.000000e+00 1.000000e+00 0.000000e+00
    outer loop
      vertex   5.650300e+01 3.950000e+01 9.000000e+00
      vertex   5.650300e+01 3.950000e+01 3.000000e+00
      vertex   5.482500e+01 3.950000e+01 5.000000e+00
    endloop
  endfacet
  facet normal -7.637308e-01 1.316511e-03 6.455336e-01
    outer loop
      vertex   -6.697000e+00 6.080000e+00 9.922000e+00
      vertex   -6.637000e+00 1.588000e+01 9.973000e+00
      vertex   -6.921000e+00 1.588000e+01 9.637000e+00
    endloop
  endfacet
  facet normal -0.000000e+00 1.000000e+00 0.000000e+00
    outer loop
      vertex   5.208000e+01 3.950700e+01 5.000000e+00
      vertex   5.482500e+01 3.950700e+01 5.000000e+00
      vertex   5.482500e+01 3.950700e+01 3.000000e+00
    endloop
  endfacet
  facet normal -7.862233e-01 0.000000e+00 6.179425e-01
    outer loop
      vertex   -6.921000e+00 6.080000e+00 9.637000e+00
      vertex   -6.697000e+00 6.080000e+00 9.922000e+00
      vertex   -6.921000e+00 1.588000e+01 9.637000e+00
    endloop
  endfacet
  facet normal 1.000000e+00 0.000000e+00 0.000000e+00
    outer loop
      vertex   5.482500e+01 3.950000e+01 3.000000e+00
      vertex   5.482500e+01 3.950700e+01 3.000000e+00
      vertex   5.482500e+01 3.950000e+01 5.000000e+00
    endloop
  endfacet
  facet normal 1.000000e+00 0.000000e+00 0.000000e+00
    outer loop
      vertex   5.482500e+01 3.950700e+01 5.000000e+00
      vertex   5.482500e+01 3.950000e+01 5.000000e+00
      vertex   5.482500e+01 3.950700e+01 3.000000e+00
    endloop
  endfacet
  facet normal 0.000000e+00 -0.000000e+00 1.000000e+00
    outer loop
      vertex   1.050300e+01 3.950000e+01 3.000000e+00
      vertex   1.217400e+01 3.950700e+01 3.000000e+00
      vertex   2.255000e+00 4.150000e+01 3.000000e+00
    endloop
  endfacet
  facet normal 0.000000e+00 0.000000e+00 1.000000e+00
    outer loop
      vertex   5.482500e+01 3.950000e+01 3.000000e+00
      vertex   5.650300e+01 3.950000e+01 3.000000e+00
      vertex   5.482500e+01 3.950700e+01 3.000000e+00
    endloop
  endfacet
  facet normal -9.969385e-01 0.000000e+00 7.819025e-02
    outer loop
      vertex   -7.018000e+00 1.588000e+01 9.391000e+00
      vertex   -7.038000e+00 1.588000e+01 9.136000e+00
      vertex   -7.018000e+00 6.080000e+00 9.391000e+00
    endloop
  endfacet
  facet normal -9.302905e-01 0.000000e+00 3.668237e-01
    outer loop
      vertex   -6.921000e+00 6.080000e+00 9.637000e+00
      vertex   -6.921000e+00 1.588000e+01 9.637000e+00
      vertex   -7.018000e+00 6.080000e+00 9.391000e+00
    endloop
  endfacet
  facet normal -9.302905e-01 0.000000e+00 3.668237e-01
    outer loop
      vertex   -7.018000e+00 1.588000e+01 9.391000e+00
      vertex   -7.018000e+00 6.080000e+00 9.391000e+00
      vertex   -6.921000e+00 1.588000e+01 9.637000e+00
    endloop
  endfacet
  facet normal -0.000000e+00 0.000000e+00 1.000000e+00
    outer loop
      vertex   5.482500e+01 3.950700e+01 3.000000e+00
      vertex   5.650300e+01 3.950000e+01 3.000000e+00
      vertex   5.778700e+01 4.150000e+01 3.000000e+00
    endloop
  endfacet
  facet normal -6.098607e-01 1.127823e-03 7.925078e-01
    outer loop
      vertex   -6.697000e+00 6.080000e+00 9.922000e+00
      vertex   -6.441000e+00 6.080000e+00 1.011900e+01
      vertex   -6.367000e+00 1.588000e+01 1.016200e+01
    endloop
  endfacet
  facet normal 0.000000e+00 -1.000000e+00 0.000000e+00
    outer loop
      vertex   5.535300e+01 3.425600e+01 5.000000e+00
      vertex   5.624900e+01 3.425600e+01 3.000000e+00
      vertex   5.624900e+01 3.425600e+01 5.000000e+00
    endloop
  endfacet
  facet normal -5.734616e-01 -7.523319e-04 8.192321e-01
    outer loop
      vertex   -6.367000e+00 1.588000e+01 1.016200e+01
      vertex   -6.637000e+00 1.588000e+01 9.973000e+00
      vertex   -6.697000e+00 6.080000e+00 9.922000e+00
    endloop
  endfacet
  facet normal 0.000000e+00 0.000000e+00 1.000000e+00
    outer loop
      vertex   1.250300e+01 3.950000e+01 9.000000e+00
      vertex   1.150300e+01 3.850000e+01 9.000000e+00
      vertex   1.250300e+01 3.750000e+01 9.000000e+00
    endloop
  endfacet
  facet normal 0.000000e+00 0.000000e+00 1.000000e+00
    outer loop
      vertex   1.250300e+01 3.950000e+01 9.000000e+00
      vertex   1.050300e+01 3.950000e+01 9.000000e+00
      vertex   1.150300e+01 3.850000e+01 9.000000e+00
    endloop
  endfacet
  facet normal 0.000000e+00 0.000000e+00 1.000000e+00
    outer loop
      vertex   1.050300e+01 3.850000e+01 9.000000e+00
      vertex   1.150300e+01 3.850000e+01 9.000000e+00
      vertex   1.050300e+01 3.950000e+01 9.000000e+00
    endloop
  endfacet
  facet normal 0.000000e+00 0.000000e+00 1.000000e+00
    outer loop
      vertex   1.250300e+01 3.750000e+01 9.000000e+00
      vertex   1.150300e+01 3.850000e+01 9.000000e+00
      vertex   1.150300e+01 3.750000e+01 9.000000e+00
    endloop
  endfacet
  facet normal -7.550946e-01 1.199507e-04 -6.556159e-01
    outer loop
      vertex   -6.697000e+00 6.080000e+00 8.478000e+00
      vertex   -6.842000e+00 6.080000e+00 8.645000e+00
      vertex   -6.817000e+00 1.588000e+01 8.618000e+00
    endloop
  endfacet
  facet normal -8.684652e-01 8.496145e-04 -4.957494e-01
    outer loop
      vertex   -6.979000e+00 6.080000e+00 8.885000e+00
      vertex   -6.817000e+00 1.588000e+01 8.618000e+00
      vertex   -6.842000e+00 6.080000e+00 8.645000e+00
    endloop
  endfacet
  facet normal -8.549398e-01 0.000000e+00 -5.187273e-01
    outer loop
      vertex   -6.817000e+00 1.588000e+01 8.618000e+00
      vertex   -6.979000e+00 6.080000e+00 8.885000e+00
      vertex   -6.979000e+00 1.588000e+01 8.885000e+00
    endloop
  endfacet
  facet normal -2.870259e-01 -7.297194e-04 9.579225e-01
    outer loop
      vertex   -6.130000e+00 6.080000e+00 1.028100e+01
      vertex   -5.586000e+00 6.080000e+00 1.044400e+01
      vertex   -5.681000e+00 1.588000e+01 1.042300e+01
    endloop
  endfacet
  facet normal -3.556002e-01 -1.415707e-03 9.346371e-01
    outer loop
      vertex   -5.681000e+00 1.588000e+01 1.042300e+01
      vertex   -6.367000e+00 1.588000e+01 1.016200e+01
      vertex   -6.441000e+00 6.080000e+00 1.011900e+01
    endloop
  endfacet
  facet normal -4.619643e-01 8.315009e-03 8.868596e-01
    outer loop
      vertex   -6.441000e+00 6.080000e+00 1.011900e+01
      vertex   -6.130000e+00 6.080000e+00 1.028100e+01
      vertex   -5.681000e+00 1.588000e+01 1.042300e+01
    endloop
  endfacet
  facet normal -6.209913e-01 -0.000000e+00 -7.838174e-01
    outer loop
      vertex   -6.490000e+00 1.588000e+01 8.314000e+00
      vertex   -6.490000e+00 6.080000e+00 8.314000e+00
      vertex   -6.697000e+00 6.080000e+00 8.478000e+00
    endloop
  endfacet
  facet normal -1.000000e+00 -0.000000e+00 -0.000000e+00
    outer loop
      vertex   -6.490000e+00 1.588000e+01 8.314000e+00
      vertex   -6.490000e+00 1.588000e+01 3.000000e+00
      vertex   -6.490000e+00 6.080000e+00 8.314000e+00
    endloop
  endfacet
  facet normal -6.808787e-01 2.125537e-03 -7.323931e-01
    outer loop
      vertex   -6.817000e+00 1.588000e+01 8.618000e+00
      vertex   -6.490000e+00 1.588000e+01 8.314000e+00
      vertex   -6.697000e+00 6.080000e+00 8.478000e+00
    endloop
  endfacet
  facet normal 0.000000e+00 -0.000000e+00 1.000000e+00
    outer loop
      vertex   1.650300e+01 3.850000e+01 9.000000e+00
      vertex   1.650300e+01 3.950000e+01 9.000000e+00
      vertex   1.550300e+01 3.850000e+01 9.000000e+00
    endloop
  endfacet
  facet normal 0.000000e+00 0.000000e+00 1.000000e+00
    outer loop
      vertex   1.450300e+01 3.950000e+01 9.000000e+00
      vertex   1.450300e+01 3.750000e+01 9.000000e+00
      vertex   1.550300e+01 3.850000e+01 9.000000e+00
    endloop
  endfacet
  facet normal 0.000000e+00 0.000000e+00 1.000000e+00
    outer loop
      vertex   1.450300e+01 3.750000e+01 9.000000e+00
      vertex   1.550300e+01 3.750000e+01 9.000000e+00
      vertex   1.550300e+01 3.850000e+01 9.000000e+00
    endloop
  endfacet
  facet normal 0.000000e+00 -1.000000e+00 0.000000e+00
    outer loop
      vertex   1.650300e+01 3.850000e+01 3.000000e+00
      vertex   1.650300e+01 3.850000e+01 9.000000e+00
      vertex   1.550300e+01 3.850000e+01 9.000000e+00
    endloop
  endfacet
  facet normal 0.000000e+00 0.000000e+00 1.000000e+00
    outer loop
      vertex   1.500300e+01 5.528000e+00 2.998000e+00
      vertex   1.400300e+01 3.519000e+00 2.998000e+00
      vertex   1.500300e+01 3.519000e+00 2.998000e+00
    endloop
  endfacet
  facet normal -4.326244e-01 -9.015742e-01 0.000000e+00
    outer loop
      vertex   1.228400e+01 6.085000e+00 0.000000e+00
      vertex   1.283000e+01 5.823000e+00 0.000000e+00
      vertex   1.228400e+01 6.085000e+00 2.998000e+00
    endloop
  endfacet
  facet normal 1.000000e+00 -0.000000e+00 0.000000e+00
    outer loop
      vertex   1.650300e+01 3.850000e+01 9.000000e+00
      vertex   1.650300e+01 3.950000e+01 3.000000e+00
      vertex   1.650300e+01 3.950000e+01 9.000000e+00
    endloop
  endfacet
  facet normal 1.000000e+00 0.000000e+00 0.000000e+00
    outer loop
      vertex   1.650300e+01 3.850000e+01 9.000000e+00
      vertex   1.650300e+01 3.850000e+01 3.000000e+00
      vertex   1.650300e+01 3.950000e+01 3.000000e+00
    endloop
  endfacet
  facet normal -5.508878e-01 -8.345793e-01 0.000000e+00
    outer loop
      vertex   1.228400e+01 6.085000e+00 0.000000e+00
      vertex   1.228400e+01 6.085000e+00 2.998000e+00
      vertex   1.177800e+01 6.419000e+00 0.000000e+00
    endloop
  endfacet
  facet normal -5.508878e-01 -8.345793e-01 -0.000000e+00
    outer loop
      vertex   1.177800e+01 6.419000e+00 2.998000e+00
      vertex   1.177800e+01 6.419000e+00 0.000000e+00
      vertex   1.228400e+01 6.085000e+00 2.998000e+00
    endloop
  endfacet
  facet normal -9.734677e-01 0.000000e+00 -2.288247e-01
    outer loop
      vertex   -7.038000e+00 1.588000e+01 9.136000e+00
      vertex   -6.979000e+00 1.588000e+01 8.885000e+00
      vertex   -6.979000e+00 6.080000e+00 8.885000e+00
    endloop
  endfacet
  facet normal 0.000000e+00 0.000000e+00 1.000000e+00
    outer loop
      vertex   1.650300e+01 3.950000e+01 3.000000e+00
      vertex   1.650300e+01 3.850000e+01 3.000000e+00
      vertex   3.500300e+01 3.350300e+01 3.000000e+00
    endloop
  endfacet
  facet normal 0.000000e+00 1.000000e+00 -0.000000e+00
    outer loop
      vertex   1.650300e+01 3.950000e+01 3.000000e+00
      vertex   1.491900e+01 3.950000e+01 5.000000e+00
      vertex   1.650300e+01 3.950000e+01 9.000000e+00
    endloop
  endfacet
  facet normal -0.000000e+00 0.000000e+00 1.000000e+00
    outer loop
      vertex   1.650300e+01 3.950000e+01 3.000000e+00
      vertex   3.500300e+01 3.350300e+01 3.000000e+00
      vertex   4.915200e+01 4.150000e+01 3.000000e+00
    endloop
  endfacet
  facet normal -0.000000e+00 0.000000e+00 1.000000e+00
    outer loop
      vertex   1.450300e+01 3.950000e+01 9.000000e+00
      vertex   1.550300e+01 3.850000e+01 9.000000e+00
      vertex   1.650300e+01 3.950000e+01 9.000000e+00
    endloop
  endfacet
  facet normal 0.000000e+00 0.000000e+00 1.000000e+00
    outer loop
      vertex   3.276800e+01 -2.150000e+01 3.000000e+00
      vertex   5.150300e+01 -1.950000e+01 3.000000e+00
      vertex   5.150300e+01 -1.850000e+01 3.000000e+00
    endloop
  endfacet
  facet normal -0.000000e+00 1.000000e+00 0.000000e+00
    outer loop
      vertex   -7.038000e+00 1.588000e+01 9.136000e+00
      vertex   -4.990000e+00 1.588000e+01 1.050000e+01
      vertex   -6.979000e+00 1.588000e+01 8.885000e+00
    endloop
  endfacet
  facet normal -0.000000e+00 1.000000e+00 0.000000e+00
    outer loop
      vertex   -6.979000e+00 1.588000e+01 8.885000e+00
      vertex   -4.990000e+00 1.588000e+01 1.050000e+01
      vertex   -6.817000e+00 1.588000e+01 8.618000e+00
    endloop
  endfacet
  facet normal 0.000000e+00 1.000000e+00 -0.000000e+00
    outer loop
      vertex   -6.490000e+00 1.588000e+01 8.314000e+00
      vertex   -6.817000e+00 1.588000e+01 8.618000e+00
      vertex   -4.990000e+00 1.588000e+01 1.050000e+01
    endloop
  endfacet
  facet normal 0.000000e+00 1.000000e+00 0.000000e+00
    outer loop
      vertex   -7.038000e+00 1.588000e+01 9.136000e+00
      vertex   -7.018000e+00 1.588000e+01 9.391000e+00
      vertex   -4.990000e+00 1.588000e+01 1.050000e+01
    endloop
  endfacet
  facet normal 0.000000e+00 1.000000e+00 0.000000e+00
    outer loop
      vertex   -4.990000e+00 1.588000e+01 1.050000e+01
      vertex   -6.637000e+00 1.588000e+01 9.973000e+00
      vertex   -6.367000e+00 1.588000e+01 1.016200e+01
    endloop
  endfacet
  facet normal 0.000000e+00 1.000000e+00 0.000000e+00
    outer loop
      vertex   -7.018000e+00 1.588000e+01 9.391000e+00
      vertex   -6.921000e+00 1.588000e+01 9.637000e+00
      vertex   -4.990000e+00 1.588000e+01 1.050000e+01
    endloop
  endfacet
  facet normal -0.000000e+00 1.000000e+00 0.000000e+00
    outer loop
      vertex   -6.637000e+00 1.588000e+01 9.973000e+00
      vertex   -4.990000e+00 1.588000e+01 1.050000e+01
      vertex   -6.921000e+00 1.588000e+01 9.637000e+00
    endloop
  endfacet
  facet normal -0.000000e+00 0.000000e+00 1.000000e+00
    outer loop
      vertex   5.500000e+01 -1.390767e+01 3.000000e+00
      vertex   5.535200e+01 -1.399400e+01 3.000000e+00
      vertex   5.500000e+01 -1.200000e+01 3.000000e+00
    endloop
  endfacet
  facet normal -0.000000e+00 0.000000e+00 1.000000e+00
    outer loop
      vertex   5.500000e+01 -1.200000e+01 3.000000e+00
      vertex   5.535200e+01 -1.399400e+01 3.000000e+00
      vertex   5.572300e+01 -1.150400e+01 3.000000e+00
    endloop
  endfacet
  facet normal 0.000000e+00 -0.000000e+00 1.000000e+00
    outer loop
      vertex   5.500000e+01 -1.200000e+01 3.000000e+00
      vertex   5.572300e+01 -1.150400e+01 3.000000e+00
      vertex   4.722218e+01 -1.200000e+01 3.000000e+00
    endloop
  endfacet
  facet normal 0.000000e+00 -0.000000e+00 1.000000e+00
    outer loop
      vertex   4.722218e+01 -1.200000e+01 3.000000e+00
      vertex   5.572300e+01 -1.150400e+01 3.000000e+00
      vertex   3.500300e+01 -9.003000e+00 3.000000e+00
    endloop
  endfacet
  facet normal 0.000000e+00 -0.000000e+00 1.000000e+00
    outer loop
      vertex   5.255200e+01 -5.002000e+00 3.000000e+00
      vertex   5.261300e+01 -4.616000e+00 3.000000e+00
      vertex   3.500300e+01 -9.003000e+00 3.000000e+00
    endloop
  endfacet
  facet normal 0.000000e+00 0.000000e+00 1.000000e+00
    outer loop
      vertex   5.535300e+01 3.425600e+01 5.000000e+00
      vertex   5.624900e+01 3.521500e+01 5.000000e+00
      vertex   5.535300e+01 3.521500e+01 5.000000e+00
    endloop
  endfacet
  facet normal 0.000000e+00 0.000000e+00 1.000000e+00
    outer loop
      vertex   5.535300e+01 3.425600e+01 5.000000e+00
      vertex   5.624900e+01 3.425600e+01 5.000000e+00
      vertex   5.624900e+01 3.521500e+01 5.000000e+00
    endloop
  endfacet
  facet normal 0.000000e+00 1.000000e+00 0.000000e+00
    outer loop
      vertex   -4.990000e+00 1.588000e+01 1.050000e+01
      vertex   -6.367000e+00 1.588000e+01 1.016200e+01
      vertex   -5.681000e+00 1.588000e+01 1.042300e+01
    endloop
  endfacet
  facet normal -1.000000e+00 0.000000e+00 0.000000e+00
    outer loop
      vertex   5.624900e+01 3.521500e+01 5.000000e+00
      vertex   5.624900e+01 3.425600e+01 5.000000e+00
      vertex   5.624900e+01 3.521500e+01 1.050000e+01
    endloop
  endfacet
  facet normal 0.000000e+00 0.000000e+00 1.000000e+00
    outer loop
      vertex   -1.049700e+01 1.638400e+01 3.000000e+00
      vertex   -7.914000e+00 2.225000e+01 3.000000e+00
      vertex   -1.049700e+01 2.824800e+01 3.000000e+00
    endloop
  endfacet
  facet normal 0.000000e+00 0.000000e+00 1.000000e+00
    outer loop
      vertex   -7.914000e+00 2.625000e+01 3.000000e+00
      vertex   -1.049700e+01 2.824800e+01 3.000000e+00
      vertex   -7.914000e+00 2.425000e+01 3.000000e+00
    endloop
  endfacet
  facet normal 0.000000e+00 0.000000e+00 1.000000e+00
    outer loop
      vertex   -7.914000e+00 2.425000e+01 3.000000e+00
      vertex   -1.049700e+01 2.824800e+01 3.000000e+00
      vertex   -7.914000e+00 2.225000e+01 3.000000e+00
    endloop
  endfacet
  facet normal 0.000000e+00 1.000000e+00 0.000000e+00
    outer loop
      vertex   5.774900e+01 3.521500e+01 8.314000e+00
      vertex   5.624900e+01 3.521500e+01 5.000000e+00
      vertex   5.624900e+01 3.521500e+01 1.050000e+01
    endloop
  endfacet
  facet normal 0.000000e+00 0.000000e+00 1.000000e+00
    outer loop
      vertex   -2.503000e+00 -9.003000e+00 2.998000e+00
      vertex   1.200000e-02 9.500000e+00 2.998000e+00
      vertex   -2.503000e+00 2.824800e+01 2.998000e+00
    endloop
  endfacet
  facet normal 0.000000e+00 -1.000000e+00 0.000000e+00
    outer loop
      vertex   5.250300e+01 3.750000e+01 3.000000e+00
      vertex   5.250300e+01 3.750000e+01 9.000000e+00
      vertex   5.150300e+01 3.750000e+01 3.000000e+00
    endloop
  endfacet
  facet normal 0.000000e+00 -1.000000e+00 0.000000e+00
    outer loop
      vertex   5.150300e+01 3.750000e+01 3.000000e+00
      vertex   5.250300e+01 3.750000e+01 9.000000e+00
      vertex   5.150300e+01 3.750000e+01 9.000000e+00
    endloop
  endfacet
  facet normal -1.000000e+00 0.000000e+00 0.000000e+00
    outer loop
      vertex   5.150300e+01 3.750000e+01 3.000000e+00
      vertex   5.150300e+01 3.750000e+01 9.000000e+00
      vertex   5.150300e+01 3.850000e+01 9.000000e+00
    endloop
  endfacet
  facet normal -0.000000e+00 0.000000e+00 1.000000e+00
    outer loop
      vertex   -1.049700e+01 1.638400e+01 3.000000e+00
      vertex   -6.490000e+00 1.588000e+01 3.000000e+00
      vertex   -7.914000e+00 2.025000e+01 3.000000e+00
    endloop
  endfacet
  facet normal -1.000000e+00 0.000000e+00 0.000000e+00
    outer loop
      vertex   -7.914000e+00 2.025000e+01 3.000000e+00
      vertex   -7.914000e+00 2.025000e+01 9.000000e+00
      vertex   -7.914000e+00 2.225000e+01 3.000000e+00
    endloop
  endfacet
  facet normal 0.000000e+00 1.000000e+00 -0.000000e+00
    outer loop
      vertex   5.250300e+01 3.950000e+01 5.000000e+00
      vertex   5.208000e+01 3.950000e+01 5.000000e+00
      vertex   5.250300e+01 3.950000e+01 9.000000e+00
    endloop
  endfacet
  facet normal 0.000000e+00 0.000000e+00 1.000000e+00
    outer loop
      vertex   -7.914000e+00 2.225000e+01 3.000000e+00
      vertex   -1.049700e+01 1.638400e+01 3.000000e+00
      vertex   -7.914000e+00 2.025000e+01 3.000000e+00
    endloop
  endfacet
  facet normal 0.000000e+00 1.000000e+00 0.000000e+00
    outer loop
      vertex   5.250300e+01 3.950000e+01 9.000000e+00
      vertex   5.208000e+01 3.950000e+01 5.000000e+00
      vertex   5.050300e+01 3.950000e+01 9.000000e+00
    endloop
  endfacet
  facet normal 0.000000e+00 1.000000e+00 -0.000000e+00
    outer loop
      vertex   5.208000e+01 3.950000e+01 3.000000e+00
      vertex   5.050300e+01 3.950000e+01 3.000000e+00
      vertex   5.208000e+01 3.950000e+01 5.000000e+00
    endloop
  endfacet
  facet normal 1.000000e+00 0.000000e+00 0.000000e+00
    outer loop
      vertex   -2.503000e+00 -9.003000e+00 2.998000e+00
      vertex   -2.503000e+00 2.824800e+01 2.998000e+00
      vertex   -2.503000e+00 1.228800e+01 3.000000e+00
    endloop
  endfacet
  facet normal 0.000000e+00 1.000000e+00 0.000000e+00
    outer loop
      vertex   5.050300e+01 3.950000e+01 9.000000e+00
      vertex   5.208000e+01 3.950000e+01 5.000000e+00
      vertex   5.050300e+01 3.950000e+01 3.000000e+00
    endloop
  endfacet
  facet normal 0.000000e+00 -0.000000e+00 1.000000e+00
    outer loop
      vertex   -2.503000e+00 1.228800e+01 3.000000e+00
      vertex   -2.503000e+00 2.824800e+01 3.000000e+00
      vertex   -4.092000e+00 1.588000e+01 3.000000e+00
    endloop
  endfacet
  facet normal 0.000000e+00 -0.000000e+00 1.000000e+00
    outer loop
      vertex   -6.490000e+00 1.588000e+01 3.000000e+00
      vertex   -4.092000e+00 1.588000e+01 3.000000e+00
      vertex   -6.914000e+00 2.025000e+01 3.000000e+00
    endloop
  endfacet
  facet normal 0.000000e+00 0.000000e+00 1.000000e+00
    outer loop
      vertex   -6.914000e+00 2.025000e+01 3.000000e+00
      vertex   -7.914000e+00 2.025000e+01 3.000000e+00
      vertex   -6.490000e+00 1.588000e+01 3.000000e+00
    endloop
  endfacet
  facet normal -0.000000e+00 0.000000e+00 1.000000e+00
    outer loop
      vertex   -6.914000e+00 2.025000e+01 3.000000e+00
      vertex   -4.092000e+00 1.588000e+01 3.000000e+00
      vertex   -5.914000e+00 2.125000e+01 3.000000e+00
    endloop
  endfacet
  facet normal 0.000000e+00 0.000000e+00 1.000000e+00
    outer loop
      vertex   5.482500e+01 3.950700e+01 5.000000e+00
      vertex   5.208000e+01 3.950700e+01 5.000000e+00
      vertex   5.250300e+01 3.950000e+01 5.000000e+00
    endloop
  endfacet
  facet normal 0.000000e+00 0.000000e+00 1.000000e+00
    outer loop
      vertex   5.208000e+01 3.950000e+01 5.000000e+00
      vertex   5.250300e+01 3.950000e+01 5.000000e+00
      vertex   5.208000e+01 3.950700e+01 5.000000e+00
    endloop
  endfacet
  facet normal 0.000000e+00 0.000000e+00 1.000000e+00
    outer loop
      vertex   -7.912000e+00 2.425000e+01 3.000000e+00
      vertex   -7.914000e+00 2.225000e+01 3.000000e+00
      vertex   -7.912000e+00 2.225000e+01 3.000000e+00
    endloop
  endfacet
  facet normal 0.000000e+00 0.000000e+00 1.000000e+00
    outer loop
      vertex   -7.912000e+00 2.425000e+01 3.000000e+00
      vertex   -7.914000e+00 2.425000e+01 3.000000e+00
      vertex   -7.914000e+00 2.225000e+01 3.000000e+00
    endloop
  endfacet
  facet normal 0.000000e+00 0.000000e+00 1.000000e+00
    outer loop
      vertex   -5.914000e+00 2.125000e+01 3.000000e+00
      vertex   -2.503000e+00 2.824800e+01 3.000000e+00
      vertex   -5.914000e+00 2.225000e+01 3.000000e+00
    endloop
  endfacet
  facet normal 1.000000e+00 0.000000e+00 0.000000e+00
    outer loop
      vertex   5.250300e+01 3.850700e+01 5.000000e+00
      vertex   5.250300e+01 3.750000e+01 9.000000e+00
      vertex   5.250300e+01 3.750000e+01 3.000000e+00
    endloop
  endfacet
  facet normal 0.000000e+00 0.000000e+00 1.000000e+00
    outer loop
      vertex   -5.914000e+00 2.225000e+01 3.000000e+00
      vertex   -2.503000e+00 2.824800e+01 3.000000e+00
      vertex   -5.914000e+00 2.425000e+01 3.000000e+00
    endloop
  endfacet
  facet normal 1.000000e+00 0.000000e+00 -0.000000e+00
    outer loop
      vertex   5.250300e+01 3.950000e+01 5.000000e+00
      vertex   5.250300e+01 3.950000e+01 9.000000e+00
      vertex   5.250300e+01 3.850700e+01 5.000000e+00
    endloop
  endfacet
  facet normal 1.000000e+00 -0.000000e+00 0.000000e+00
    outer loop
      vertex   5.250300e+01 3.750000e+01 9.000000e+00
      vertex   5.250300e+01 3.850700e+01 5.000000e+00
      vertex   5.250300e+01 3.950000e+01 9.000000e+00
    endloop
  endfacet
  facet normal -0.000000e+00 0.000000e+00 1.000000e+00
    outer loop
      vertex   -6.914000e+00 2.125000e+01 3.000000e+00
      vertex   -6.914000e+00 2.025000e+01 3.000000e+00
      vertex   -5.914000e+00 2.125000e+01 3.000000e+00
    endloop
  endfacet
  facet normal 0.000000e+00 -0.000000e+00 1.000000e+00
    outer loop
      vertex   5.450300e+01 3.850700e+01 5.000000e+00
      vertex   5.450300e+01 3.950000e+01 5.000000e+00
      vertex   5.250300e+01 3.850700e+01 5.000000e+00
    endloop
  endfacet
  facet normal 0.000000e+00 0.000000e+00 1.000000e+00
    outer loop
      vertex   5.250300e+01 3.850700e+01 5.000000e+00
      vertex   5.450300e+01 3.950000e+01 5.000000e+00
      vertex   5.250300e+01 3.950000e+01 5.000000e+00
    endloop
  endfacet
  facet normal 1.000000e+00 -0.000000e+00 0.000000e+00
    outer loop
      vertex   5.650300e+01 3.850000e+01 9.000000e+00
      vertex   5.650300e+01 3.950000e+01 3.000000e+00
      vertex   5.650300e+01 3.950000e+01 9.000000e+00
    endloop
  endfacet
  facet normal 1.000000e+00 0.000000e+00 0.000000e+00
    outer loop
      vertex   -5.914000e+00 2.225000e+01 9.000000e+00
      vertex   -5.914000e+00 2.125000e+01 3.000000e+00
      vertex   -5.914000e+00 2.225000e+01 3.000000e+00
    endloop
  endfacet
  facet normal 0.000000e+00 1.000000e+00 0.000000e+00
    outer loop
      vertex   -6.912000e+00 2.225000e+01 3.000000e+00
      vertex   -6.912000e+00 2.225000e+01 5.000000e+00
      vertex   -5.914000e+00 2.225000e+01 3.000000e+00
    endloop
  endfacet
  facet normal 0.000000e+00 1.000000e+00 0.000000e+00
    outer loop
      vertex   -5.914000e+00 2.225000e+01 9.000000e+00
      vertex   -5.914000e+00 2.225000e+01 3.000000e+00
      vertex   -6.912000e+00 2.225000e+01 5.000000e+00
    endloop
  endfacet
  facet normal 0.000000e+00 -1.000000e+00 0.000000e+00
    outer loop
      vertex   5.550300e+01 3.750000e+01 3.000000e+00
      vertex   5.550300e+01 3.750000e+01 9.000000e+00
      vertex   5.450300e+01 3.750000e+01 9.000000e+00
    endloop
  endfacet
  facet normal 1.000000e+00 0.000000e+00 0.000000e+00
    outer loop
      vertex   -6.912000e+00 2.225000e+01 3.000000e+00
      vertex   -6.912000e+00 2.425000e+01 3.000000e+00
      vertex   -6.912000e+00 2.225000e+01 5.000000e+00
    endloop
  endfacet
  facet normal 1.000000e+00 0.000000e+00 0.000000e+00
    outer loop
      vertex   5.550300e+01 3.850000e+01 9.000000e+00
      vertex   5.550300e+01 3.750000e+01 9.000000e+00
      vertex   5.550300e+01 3.750000e+01 3.000000e+00
    endloop
  endfacet
  facet normal 0.000000e+00 0.000000e+00 1.000000e+00
    outer loop
      vertex   -6.912000e+00 2.225000e+01 3.000000e+00
      vertex   -5.914000e+00 2.225000e+01 3.000000e+00
      vertex   -5.914000e+00 2.425000e+01 3.000000e+00
    endloop
  endfacet
  facet normal -0.000000e+00 0.000000e+00 1.000000e+00
    outer loop
      vertex   -6.912000e+00 2.425000e+01 3.000000e+00
      vertex   -6.912000e+00 2.225000e+01 3.000000e+00
      vertex   -5.914000e+00 2.425000e+01 3.000000e+00
    endloop
  endfacet
  facet normal -1.000000e+00 0.000000e+00 0.000000e+00
    outer loop
      vertex   5.450300e+01 3.750000e+01 9.000000e+00
      vertex   5.450300e+01 3.950000e+01 9.000000e+00
      vertex   5.450300e+01 3.850700e+01 5.000000e+00
    endloop
  endfacet
  facet normal -1.000000e+00 0.000000e+00 0.000000e+00
    outer loop
      vertex   5.450300e+01 3.950000e+01 5.000000e+00
      vertex   5.450300e+01 3.850700e+01 5.000000e+00
      vertex   5.450300e+01 3.950000e+01 9.000000e+00
    endloop
  endfacet
  facet normal 1.000000e+00 0.000000e+00 0.000000e+00
    outer loop
      vertex   -6.912000e+00 2.425000e+01 5.000000e+00
      vertex   -6.912000e+00 2.225000e+01 5.000000e+00
      vertex   -6.912000e+00 2.425000e+01 3.000000e+00
    endloop
  endfacet
  facet normal 0.000000e+00 -1.000000e+00 0.000000e+00
    outer loop
      vertex   -5.914000e+00 2.425000e+01 3.000000e+00
      vertex   -6.912000e+00 2.425000e+01 5.000000e+00
      vertex   -6.912000e+00 2.425000e+01 3.000000e+00
    endloop
  endfacet
  facet normal 0.000000e+00 0.000000e+00 1.000000e+00
    outer loop
      vertex   3.500300e+01 -9.003000e+00 3.000000e+00
      vertex   5.261300e+01 -5.389000e+00 3.000000e+00
      vertex   5.255200e+01 -5.002000e+00 3.000000e+00
    endloop
  endfacet
  facet normal 0.000000e+00 1.000000e+00 0.000000e+00
    outer loop
      vertex   5.650300e+01 3.950000e+01 9.000000e+00
      vertex   5.482500e+01 3.950000e+01 5.000000e+00
      vertex   5.450300e+01 3.950000e+01 9.000000e+00
    endloop
  endfacet
  facet normal 0.000000e+00 1.000000e+00 0.000000e+00
    outer loop
      vertex   5.450300e+01 3.950000e+01 5.000000e+00
      vertex   5.450300e+01 3.950000e+01 9.000000e+00
      vertex   5.482500e+01 3.950000e+01 5.000000e+00
    endloop
  endfacet
  facet normal -1.000000e+00 0.000000e+00 0.000000e+00
    outer loop
      vertex   -7.914000e+00 2.425000e+01 3.000000e+00
      vertex   -7.914000e+00 2.425000e+01 9.000000e+00
      vertex   -7.914000e+00 2.625000e+01 3.000000e+00
    endloop
  endfacet
  facet normal 0.000000e+00 -1.000000e+00 0.000000e+00
    outer loop
      vertex   -7.912000e+00 2.425000e+01 3.000000e+00
      vertex   -7.912000e+00 2.425000e+01 5.000000e+00
      vertex   -7.914000e+00 2.425000e+01 3.000000e+00
    endloop
  endfacet
  facet normal 1.000000e+00 -0.000000e+00 0.000000e+00
    outer loop
      vertex   -2.503000e+00 1.228800e+01 3.000000e+00
      vertex   -2.503000e+00 2.824800e+01 2.998000e+00
      vertex   -2.503000e+00 2.824800e+01 3.000000e+00
    endloop
  endfacet
  facet normal 0.000000e+00 0.000000e+00 1.000000e+00
    outer loop
      vertex   5.482500e+01 3.950700e+01 5.000000e+00
      vertex   5.450300e+01 3.950000e+01 5.000000e+00
      vertex   5.482500e+01 3.950000e+01 5.000000e+00
    endloop
  endfacet
  facet normal 0.000000e+00 0.000000e+00 1.000000e+00
    outer loop
      vertex   5.482500e+01 3.950700e+01 5.000000e+00
      vertex   5.250300e+01 3.950000e+01 5.000000e+00
      vertex   5.450300e+01 3.950000e+01 5.000000e+00
    endloop
  endfacet
  facet normal 0.000000e+00 0.000000e+00 1.000000e+00
    outer loop
      vertex   5.778700e+01 4.150000e+01 3.000000e+00
      vertex   4.915200e+01 4.150000e+01 3.000000e+00
      vertex   5.482500e+01 3.950700e+01 3.000000e+00
    endloop
  endfacet
  facet normal 0.000000e+00 1.000000e+00 0.000000e+00
    outer loop
      vertex   5.624900e+01 3.521500e+01 1.050000e+01
      vertex   5.674800e+01 3.521500e+01 1.046000e+01
      vertex   5.774900e+01 3.521500e+01 8.314000e+00
    endloop
  endfacet
  facet normal 0.000000e+00 1.000000e+00 0.000000e+00
    outer loop
      vertex   5.747100e+01 3.521500e+01 1.024300e+01
      vertex   5.774900e+01 3.521500e+01 8.314000e+00
      vertex   5.674800e+01 3.521500e+01 1.046000e+01
    endloop
  endfacet
  facet normal -0.000000e+00 0.000000e+00 1.000000e+00
    outer loop
      vertex   -5.914000e+00 2.525000e+01 3.000000e+00
      vertex   -5.914000e+00 2.425000e+01 3.000000e+00
      vertex   -2.503000e+00 2.824800e+01 3.000000e+00
    endloop
  endfacet
  facet normal -7.071066e-01 -7.071069e-01 0.000000e+00
    outer loop
      vertex   8.865000e+00 5.054000e+00 0.000000e+00
      vertex   9.557000e+00 4.362000e+00 0.000000e+00
      vertex   8.865000e+00 5.054000e+00 2.998000e+00
    endloop
  endfacet
  facet normal -7.929653e-01 -6.092668e-01 0.000000e+00
    outer loop
      vertex   8.268000e+00 5.831000e+00 0.000000e+00
      vertex   8.865000e+00 5.054000e+00 2.998000e+00
      vertex   8.268000e+00 5.831000e+00 2.998000e+00
    endloop
  endfacet
  facet normal -7.929653e-01 -6.092668e-01 0.000000e+00
    outer loop
      vertex   8.865000e+00 5.054000e+00 0.000000e+00
      vertex   8.865000e+00 5.054000e+00 2.998000e+00
      vertex   8.268000e+00 5.831000e+00 0.000000e+00
    endloop
  endfacet
  facet normal -8.658456e-01 -5.003113e-01 0.000000e+00
    outer loop
      vertex   7.778000e+00 6.679000e+00 2.998000e+00
      vertex   8.268000e+00 5.831000e+00 0.000000e+00
      vertex   8.268000e+00 5.831000e+00 2.998000e+00
    endloop
  endfacet
  facet normal 7.920460e-01 6.104614e-01 0.000000e+00
    outer loop
      vertex   9.110000e+00 6.372001e+00 2.998000e+00
      vertex   9.621000e+00 5.709000e+00 2.998000e+00
      vertex   9.110000e+00 6.372001e+00 0.000000e+00
    endloop
  endfacet
  facet normal 7.920460e-01 6.104614e-01 -0.000000e+00
    outer loop
      vertex   9.621000e+00 5.709000e+00 0.000000e+00
      vertex   9.110000e+00 6.372001e+00 0.000000e+00
      vertex   9.621000e+00 5.709000e+00 2.998000e+00
    endloop
  endfacet
  facet normal 5.040940e-01 8.636488e-01 -0.000000e+00
    outer loop
      vertex   1.159800e+01 4.185000e+00 0.000000e+00
      vertex   1.087500e+01 4.607000e+00 0.000000e+00
      vertex   1.159800e+01 4.185000e+00 2.998000e+00
    endloop
  endfacet
  facet normal 6.104614e-01 7.920460e-01 0.000000e+00
    outer loop
      vertex   1.021200e+01 5.118000e+00 2.998000e+00
      vertex   1.087500e+01 4.607000e+00 0.000000e+00
      vertex   1.021200e+01 5.118000e+00 0.000000e+00
    endloop
  endfacet
  facet normal 7.071068e-01 7.071068e-01 0.000000e+00
    outer loop
      vertex   9.621000e+00 5.709000e+00 2.998000e+00
      vertex   1.021200e+01 5.118000e+00 0.000000e+00
      vertex   9.621000e+00 5.709000e+00 0.000000e+00
    endloop
  endfacet
  facet normal 7.071068e-01 7.071068e-01 0.000000e+00
    outer loop
      vertex   9.621000e+00 5.709000e+00 2.998000e+00
      vertex   1.021200e+01 5.118000e+00 2.998000e+00
      vertex   1.021200e+01 5.118000e+00 0.000000e+00
    endloop
  endfacet
  facet normal -8.345795e-01 -5.508875e-01 0.000000e+00
    outer loop
      vertex   1.058800e+01 7.781000e+00 0.000000e+00
      vertex   1.092200e+01 7.275000e+00 0.000000e+00
      vertex   1.058800e+01 7.781000e+00 2.998000e+00
    endloop
  endfacet
  facet normal -9.015740e-01 -4.326248e-01 0.000000e+00
    outer loop
      vertex   1.032600e+01 8.327000e+00 0.000000e+00
      vertex   1.058800e+01 7.781000e+00 0.000000e+00
      vertex   1.058800e+01 7.781000e+00 2.998000e+00
    endloop
  endfacet
  facet normal -7.532916e-01 -6.576867e-01 0.000000e+00
    outer loop
      vertex   1.092200e+01 7.275000e+00 0.000000e+00
      vertex   1.132100e+01 6.818000e+00 0.000000e+00
      vertex   1.132100e+01 6.818000e+00 2.998000e+00
    endloop
  endfacet
  facet normal -6.576868e-01 -7.532915e-01 -0.000000e+00
    outer loop
      vertex   1.177800e+01 6.419000e+00 2.998000e+00
      vertex   1.132100e+01 6.818000e+00 0.000000e+00
      vertex   1.177800e+01 6.419000e+00 0.000000e+00
    endloop
  endfacet
  facet normal -6.576868e-01 -7.532915e-01 0.000000e+00
    outer loop
      vertex   1.177800e+01 6.419000e+00 2.998000e+00
      vertex   1.132100e+01 6.818000e+00 2.998000e+00
      vertex   1.132100e+01 6.818000e+00 0.000000e+00
    endloop
  endfacet
  facet normal 8.636489e-01 5.040938e-01 -0.000000e+00
    outer loop
      vertex   9.110000e+00 6.372001e+00 0.000000e+00
      vertex   8.688000e+00 7.095000e+00 0.000000e+00
      vertex   9.110000e+00 6.372001e+00 2.998000e+00
    endloop
  endfacet
  facet normal 8.636489e-01 5.040938e-01 0.000000e+00
    outer loop
      vertex   8.688000e+00 7.095000e+00 2.998000e+00
      vertex   9.110000e+00 6.372001e+00 2.998000e+00
      vertex   8.688000e+00 7.095000e+00 0.000000e+00
    endloop
  endfacet
  facet normal 9.638766e-01 2.663493e-01 0.000000e+00
    outer loop
      vertex   8.363000e+00 7.865000e+00 0.000000e+00
      vertex   8.140001e+00 8.672000e+00 0.000000e+00
      vertex   8.140001e+00 8.672000e+00 2.998000e+00
    endloop
  endfacet
  facet normal 9.212973e-01 3.888591e-01 0.000000e+00
    outer loop
      vertex   8.363000e+00 7.865000e+00 0.000000e+00
      vertex   8.688000e+00 7.095000e+00 2.998000e+00
      vertex   8.688000e+00 7.095000e+00 0.000000e+00
    endloop
  endfacet
  facet normal 6.452061e-01 7.640086e-01 0.000000e+00
    outer loop
      vertex   1.243500e+01 7.176000e+00 2.998000e+00
      vertex   1.243500e+01 7.176000e+00 0.000000e+00
      vertex   1.206200e+01 7.491000e+00 0.000000e+00
    endloop
  endfacet
  facet normal 7.459382e-01 6.660151e-01 0.000000e+00
    outer loop
      vertex   1.206200e+01 7.491000e+00 0.000000e+00
      vertex   1.173700e+01 7.855000e+00 0.000000e+00
      vertex   1.173700e+01 7.855000e+00 2.998000e+00
    endloop
  endfacet
  facet normal 8.307879e-01 5.565891e-01 -0.000000e+00
    outer loop
      vertex   1.173700e+01 7.855000e+00 0.000000e+00
      vertex   1.146500e+01 8.261000e+00 0.000000e+00
      vertex   1.173700e+01 7.855000e+00 2.998000e+00
    endloop
  endfacet
  facet normal 8.307879e-01 5.565891e-01 0.000000e+00
    outer loop
      vertex   1.146500e+01 8.261000e+00 2.998000e+00
      vertex   1.173700e+01 7.855000e+00 2.998000e+00
      vertex   1.146500e+01 8.261000e+00 0.000000e+00
    endloop
  endfacet
  facet normal -7.071066e-01 -7.071069e-01 0.000000e+00
    outer loop
      vertex   8.865000e+00 5.054000e+00 2.998000e+00
      vertex   9.557000e+00 4.362000e+00 0.000000e+00
      vertex   9.557000e+00 4.362000e+00 2.998000e+00
    endloop
  endfacet
  facet normal -6.092672e-01 -7.929650e-01 0.000000e+00
    outer loop
      vertex   9.557000e+00 4.362000e+00 0.000000e+00
      vertex   1.033400e+01 3.765000e+00 0.000000e+00
      vertex   9.557000e+00 4.362000e+00 2.998000e+00
    endloop
  endfacet
  facet normal 9.938994e-01 1.102906e-01 0.000000e+00
    outer loop
      vertex   2.599200e+01 1.050000e+01 2.998000e+00
      vertex   2.599200e+01 1.050000e+01 0.000000e+00
      vertex   2.582100e+01 1.204100e+01 0.000000e+00
    endloop
  endfacet
  facet normal 0.000000e+00 1.000000e+00 0.000000e+00
    outer loop
      vertex   2.899400e+01 1.050000e+01 0.000000e+00
      vertex   2.599200e+01 1.050000e+01 0.000000e+00
      vertex   2.599200e+01 1.050000e+01 2.998000e+00
    endloop
  endfacet
  facet normal -9.934339e-01 -1.144079e-01 0.000000e+00
    outer loop
      vertex   2.483000e+01 1.189800e+01 0.000000e+00
      vertex   2.499100e+01 1.050000e+01 0.000000e+00
      vertex   2.483000e+01 1.189800e+01 2.998000e+00
    endloop
  endfacet
  facet normal -9.934339e-01 -1.144079e-01 -0.000000e+00
    outer loop
      vertex   2.499100e+01 1.050000e+01 2.998000e+00
      vertex   2.483000e+01 1.189800e+01 2.998000e+00
      vertex   2.499100e+01 1.050000e+01 0.000000e+00
    endloop
  endfacet
  facet normal 0.000000e+00 -1.000000e+00 0.000000e+00
    outer loop
      vertex   2.198600e+01 9.500000e+00 0.000000e+00
      vertex   2.499100e+01 9.500000e+00 0.000000e+00
      vertex   2.499100e+01 9.500000e+00 2.998000e+00
    endloop
  endfacet
  facet normal 9.698002e-01 2.439007e-01 0.000000e+00
    outer loop
      vertex   2.544300e+01 1.354400e+01 0.000000e+00
      vertex   2.582100e+01 1.204100e+01 2.998000e+00
      vertex   2.582100e+01 1.204100e+01 0.000000e+00
    endloop
  endfacet
  facet normal 9.698002e-01 2.439007e-01 -0.000000e+00
    outer loop
      vertex   2.544300e+01 1.354400e+01 0.000000e+00
      vertex   2.544300e+01 1.354400e+01 2.998000e+00
      vertex   2.582100e+01 1.204100e+01 2.998000e+00
    endloop
  endfacet
  facet normal 9.938994e-01 1.102906e-01 -0.000000e+00
    outer loop
      vertex   2.582100e+01 1.204100e+01 0.000000e+00
      vertex   2.582100e+01 1.204100e+01 2.998000e+00
      vertex   2.599200e+01 1.050000e+01 2.998000e+00
    endloop
  endfacet
  facet normal -0.000000e+00 0.000000e+00 1.000000e+00
    outer loop
      vertex   2.483000e+01 1.189800e+01 2.998000e+00
      vertex   2.499100e+01 1.050000e+01 2.998000e+00
      vertex   2.582100e+01 1.204100e+01 2.998000e+00
    endloop
  endfacet
  facet normal 0.000000e+00 0.000000e+00 1.000000e+00
    outer loop
      vertex   2.544300e+01 1.354400e+01 2.998000e+00
      vertex   2.483000e+01 1.189800e+01 2.998000e+00
      vertex   2.582100e+01 1.204100e+01 2.998000e+00
    endloop
  endfacet
  facet normal 0.000000e+00 0.000000e+00 1.000000e+00
    outer loop
      vertex   2.582100e+01 1.204100e+01 2.998000e+00
      vertex   2.499100e+01 1.050000e+01 2.998000e+00
      vertex   2.599200e+01 1.050000e+01 2.998000e+00
    endloop
  endfacet
  facet normal 0.000000e+00 0.000000e+00 1.000000e+00
    outer loop
      vertex   2.599200e+01 1.050000e+01 2.998000e+00
      vertex   2.499100e+01 1.050000e+01 2.998000e+00
      vertex   2.599200e+01 9.500000e+00 2.998000e+00
    endloop
  endfacet
  facet normal 0.000000e+00 0.000000e+00 1.000000e+00
    outer loop
      vertex   2.899400e+01 1.050000e+01 2.998000e+00
      vertex   2.599200e+01 1.050000e+01 2.998000e+00
      vertex   2.599200e+01 9.500000e+00 2.998000e+00
    endloop
  endfacet
  facet normal -0.000000e+00 0.000000e+00 1.000000e+00
    outer loop
      vertex   2.483000e+01 8.102000e+00 2.998000e+00
      vertex   2.582100e+01 7.959000e+00 2.998000e+00
      vertex   2.499100e+01 9.500000e+00 2.998000e+00
    endloop
  endfacet
  facet normal 0.000000e+00 0.000000e+00 1.000000e+00
    outer loop
      vertex   2.499100e+01 1.050000e+01 2.998000e+00
      vertex   2.499100e+01 9.500000e+00 2.998000e+00
      vertex   2.599200e+01 9.500000e+00 2.998000e+00
    endloop
  endfacet
  facet normal 0.000000e+00 -0.000000e+00 1.000000e+00
    outer loop
      vertex   2.544300e+01 6.456000e+00 2.998000e+00
      vertex   2.582100e+01 7.959000e+00 2.998000e+00
      vertex   2.483000e+01 8.102000e+00 2.998000e+00
    endloop
  endfacet
  facet normal -6.596781e-01 -7.515482e-01 -0.000000e+00
    outer loop
      vertex   -8.151000e+00 -2.026000e+01 2.998000e+00
      vertex   -8.740000e+00 -1.974300e+01 0.000000e+00
      vertex   -8.151000e+00 -2.026000e+01 0.000000e+00
    endloop
  endfacet
  facet normal 0.000000e+00 0.000000e+00 1.000000e+00
    outer loop
      vertex   -8.731000e+00 -1.904400e+01 2.998000e+00
      vertex   -8.740000e+00 -1.974300e+01 2.998000e+00
      vertex   -8.023000e+00 -1.975100e+01 2.998000e+00
    endloop
  endfacet
  facet normal -9.946717e-01 -1.026004e-01 1.006389e-02
    outer loop
      vertex   2.888900e+01 1.181200e+01 2.998000e+00
      vertex   2.879100e+01 1.246800e+01 0.000000e+00
      vertex   2.899400e+01 1.050000e+01 0.000000e+00
    endloop
  endfacet
  facet normal -0.000000e+00 0.000000e+00 1.000000e+00
    outer loop
      vertex   -8.151000e+00 -2.026000e+01 2.998000e+00
      vertex   -7.498000e+00 -2.069600e+01 2.998000e+00
      vertex   -8.023000e+00 -1.975100e+01 2.998000e+00
    endloop
  endfacet
  facet normal 0.000000e+00 -1.000000e+00 0.000000e+00
    outer loop
      vertex   2.899400e+01 9.500000e+00 0.000000e+00
      vertex   2.899400e+01 9.500000e+00 2.998000e+00
      vertex   2.599200e+01 9.500000e+00 2.998000e+00
    endloop
  endfacet
  facet normal 7.071066e-01 -7.071070e-01 1.735141e-06
    outer loop
      vertex   -6.985000e+00 -1.871300e+01 3.268000e+00
      vertex   -8.023000e+00 -1.975100e+01 2.998000e+00
      vertex   -6.970000e+00 -1.869800e+01 3.029000e+00
    endloop
  endfacet
  facet normal -4.071145e-01 -9.034887e-01 -1.340373e-01
    outer loop
      vertex   -6.715000e+00 -1.885400e+01 3.029000e+00
      vertex   -6.300001e+00 -1.904100e+01 3.029000e+00
      vertex   -6.645000e+00 -1.892100e+01 3.268000e+00
    endloop
  endfacet
  facet normal -0.000000e+00 0.000000e+00 1.000000e+00
    outer loop
      vertex   2.888900e+01 1.181200e+01 2.998000e+00
      vertex   2.899400e+01 1.050000e+01 2.998000e+00
      vertex   3.500300e+01 3.350300e+01 2.998000e+00
    endloop
  endfacet
  facet normal -0.000000e+00 0.000000e+00 1.000000e+00
    outer loop
      vertex   2.899400e+01 9.500000e+00 2.998000e+00
      vertex   3.500300e+01 -9.003000e+00 2.998000e+00
      vertex   2.899400e+01 1.050000e+01 2.998000e+00
    endloop
  endfacet
  facet normal -5.199267e-01 -8.498735e-01 -8.597272e-02
    outer loop
      vertex   -6.970000e+00 -1.869800e+01 3.029000e+00
      vertex   -6.715000e+00 -1.885400e+01 3.029000e+00
      vertex   -6.985000e+00 -1.871300e+01 3.268000e+00
    endloop
  endfacet
  facet normal -5.199234e-01 -8.498760e-01 -8.596755e-02
    outer loop
      vertex   -6.645000e+00 -1.892100e+01 3.268000e+00
      vertex   -6.985000e+00 -1.871300e+01 3.268000e+00
      vertex   -6.715000e+00 -1.885400e+01 3.029000e+00
    endloop
  endfacet
  facet normal -0.000000e+00 0.000000e+00 1.000000e+00
    outer loop
      vertex   2.882800e+01 7.753000e+00 2.998000e+00
      vertex   3.500300e+01 -9.003000e+00 2.998000e+00
      vertex   2.899400e+01 9.500000e+00 2.998000e+00
    endloop
  endfacet
  facet normal -7.068107e-01 7.073964e-01 2.997069e-03
    outer loop
      vertex   -8.731000e+00 -1.904400e+01 2.998000e+00
      vertex   -7.698000e+00 -1.801300e+01 3.268000e+00
      vertex   -7.683000e+00 -1.799700e+01 3.029000e+00
    endloop
  endfacet
  facet normal 0.000000e+00 0.000000e+00 -1.000000e+00
    outer loop
      vertex   -6.715000e+00 -1.885400e+01 3.029000e+00
      vertex   -6.970000e+00 -1.869800e+01 3.029000e+00
      vertex   -6.962000e+00 -1.869100e+01 3.029000e+00
    endloop
  endfacet
  facet normal 0.000000e+00 0.000000e+00 -1.000000e+00
    outer loop
      vertex   -6.715000e+00 -1.885400e+01 3.029000e+00
      vertex   -6.962000e+00 -1.869100e+01 3.029000e+00
      vertex   -5.966000e+00 -1.770800e+01 3.029000e+00
    endloop
  endfacet
  facet normal 0.000000e+00 0.000000e+00 -1.000000e+00
    outer loop
      vertex   -7.944000e+00 -1.754400e+01 3.029000e+00
      vertex   -6.743000e+00 -1.697800e+01 3.029000e+00
      vertex   -7.670000e+00 -1.798400e+01 3.029000e+00
    endloop
  endfacet
  facet normal 0.000000e+00 0.000000e+00 -1.000000e+00
    outer loop
      vertex   -6.962000e+00 -1.869100e+01 3.029000e+00
      vertex   -7.670000e+00 -1.798400e+01 3.029000e+00
      vertex   -6.346000e+00 -1.744600e+01 3.029000e+00
    endloop
  endfacet
  facet normal 0.000000e+00 -0.000000e+00 -1.000000e+00
    outer loop
      vertex   -6.346000e+00 -1.744600e+01 3.029000e+00
      vertex   -5.966000e+00 -1.770800e+01 3.029000e+00
      vertex   -6.962000e+00 -1.869100e+01 3.029000e+00
    endloop
  endfacet
  facet normal -0.000000e+00 0.000000e+00 1.000000e+00
    outer loop
      vertex   -7.498000e+00 -2.069600e+01 2.998000e+00
      vertex   -6.794000e+00 -2.104300e+01 2.998000e+00
      vertex   -6.962000e+00 -1.869100e+01 2.998000e+00
    endloop
  endfacet
  facet normal 0.000000e+00 0.000000e+00 1.000000e+00
    outer loop
      vertex   -6.962000e+00 -1.869100e+01 2.998000e+00
      vertex   -8.023000e+00 -1.975100e+01 2.998000e+00
      vertex   -7.498000e+00 -2.069600e+01 2.998000e+00
    endloop
  endfacet
  facet normal 6.585245e-01 -7.525593e-01 0.000000e+00
    outer loop
      vertex   -6.970000e+00 -1.869800e+01 3.029000e+00
      vertex   -6.962000e+00 -1.869100e+01 2.998000e+00
      vertex   -6.962000e+00 -1.869100e+01 3.029000e+00
    endloop
  endfacet
  facet normal 7.065922e-01 -7.072589e-01 2.263289e-02
    outer loop
      vertex   -6.970000e+00 -1.869800e+01 3.029000e+00
      vertex   -8.023000e+00 -1.975100e+01 2.998000e+00
      vertex   -6.962000e+00 -1.869100e+01 2.998000e+00
    endloop
  endfacet
  facet normal 7.066071e-01 7.076061e-01 -0.000000e+00
    outer loop
      vertex   -6.962000e+00 -1.869100e+01 2.998000e+00
      vertex   -7.670000e+00 -1.798400e+01 3.029000e+00
      vertex   -6.962000e+00 -1.869100e+01 3.029000e+00
    endloop
  endfacet
  facet normal 7.066071e-01 7.076061e-01 -0.000000e+00
    outer loop
      vertex   -7.670000e+00 -1.798400e+01 2.998000e+00
      vertex   -7.670000e+00 -1.798400e+01 3.029000e+00
      vertex   -6.962000e+00 -1.869100e+01 2.998000e+00
    endloop
  endfacet
  facet normal -2.562691e-01 -9.564996e-01 -1.394081e-01
    outer loop
      vertex   -6.300001e+00 -1.904100e+01 3.029000e+00
      vertex   -5.770000e+00 -1.918300e+01 3.029000e+00
      vertex   -6.221001e+00 -1.909700e+01 3.268000e+00
    endloop
  endfacet
  facet normal 0.000000e+00 -0.000000e+00 1.000000e+00
    outer loop
      vertex   2.899400e+01 9.500000e+00 2.998000e+00
      vertex   2.899400e+01 1.050000e+01 2.998000e+00
      vertex   2.599200e+01 9.500000e+00 2.998000e+00
    endloop
  endfacet
  facet normal -9.968129e-01 -7.977510e-02 0.000000e+00
    outer loop
      vertex   2.888900e+01 1.181200e+01 2.998000e+00
      vertex   2.899400e+01 1.050000e+01 0.000000e+00
      vertex   2.899400e+01 1.050000e+01 2.998000e+00
    endloop
  endfacet
  facet normal -9.855273e-01 -1.694468e-01 -4.861883e-03
    outer loop
      vertex   2.866600e+01 1.310900e+01 2.998000e+00
      vertex   2.879100e+01 1.246800e+01 0.000000e+00
      vertex   2.888900e+01 1.181200e+01 2.998000e+00
    endloop
  endfacet
  facet normal -3.818467e-01 -9.198991e-01 -8.932327e-02
    outer loop
      vertex   -6.645000e+00 -1.892100e+01 3.268000e+00
      vertex   -6.300001e+00 -1.904100e+01 3.029000e+00
      vertex   -6.221001e+00 -1.909700e+01 3.268000e+00
    endloop
  endfacet
  facet normal 0.000000e+00 1.000000e+00 -0.000000e+00
    outer loop
      vertex   2.899400e+01 1.050000e+01 0.000000e+00
      vertex   2.599200e+01 1.050000e+01 2.998000e+00
      vertex   2.899400e+01 1.050000e+01 2.998000e+00
    endloop
  endfacet
  facet normal -5.218554e-01 -8.530340e-01 0.000000e+00
    outer loop
      vertex   -6.645000e+00 -1.892100e+01 3.268000e+00
      vertex   -6.985000e+00 -1.871300e+01 4.996000e+00
      vertex   -6.985000e+00 -1.871300e+01 3.268000e+00
    endloop
  endfacet
  facet normal 7.071068e-01 -7.071068e-01 0.000000e+00
    outer loop
      vertex   -6.985000e+00 -1.871300e+01 4.996000e+00
      vertex   -8.023000e+00 -1.975100e+01 4.996000e+00
      vertex   -6.985000e+00 -1.871300e+01 3.268000e+00
    endloop
  endfacet
  facet normal -2.343576e-01 -9.721505e-01 0.000000e+00
    outer loop
      vertex   -5.773000e+00 -1.920500e+01 3.268000e+00
      vertex   -6.221001e+00 -1.909700e+01 6.668000e+00
      vertex   -6.221001e+00 -1.909700e+01 3.268000e+00
    endloop
  endfacet
  facet normal -0.000000e+00 0.000000e+00 1.000000e+00
    outer loop
      vertex   2.866600e+01 1.310900e+01 2.998000e+00
      vertex   2.888900e+01 1.181200e+01 2.998000e+00
      vertex   3.500300e+01 3.350300e+01 2.998000e+00
    endloop
  endfacet
  facet normal -7.066059e-01 -7.076073e-01 0.000000e+00
    outer loop
      vertex   -8.023000e+00 -1.975100e+01 2.998000e+00
      vertex   -8.023000e+00 -1.975100e+01 4.996000e+00
      vertex   -8.731000e+00 -1.904400e+01 4.996000e+00
    endloop
  endfacet
  facet normal -2.333629e-01 -9.680243e-01 -9.203639e-02
    outer loop
      vertex   -6.221001e+00 -1.909700e+01 3.268000e+00
      vertex   -5.770000e+00 -1.918300e+01 3.029000e+00
      vertex   -5.773000e+00 -1.920500e+01 3.268000e+00
    endloop
  endfacet
  facet normal -7.836615e-02 -9.926374e-01 -9.235654e-02
    outer loop
      vertex   -5.773000e+00 -1.920500e+01 3.268000e+00
      vertex   -5.770000e+00 -1.918300e+01 3.029000e+00
      vertex   -5.314000e+00 -1.921900e+01 3.029000e+00
    endloop
  endfacet
  facet normal -9.386794e-01 -3.447911e-01 -2.930177e-04
    outer loop
      vertex   2.787100e+01 1.561700e+01 2.998000e+00
      vertex   2.832300e+01 1.438900e+01 0.000000e+00
      vertex   2.832500e+01 1.438100e+01 2.998000e+00
    endloop
  endfacet
  facet normal -0.000000e+00 -9.957905e-01 -9.165818e-02
    outer loop
      vertex   -1.449000e+00 -1.921900e+01 3.029000e+00
      vertex   -5.314000e+00 -1.924100e+01 3.268000e+00
      vertex   -5.314000e+00 -1.921900e+01 3.029000e+00
    endloop
  endfacet
  facet normal 0.000000e+00 -9.957905e-01 -9.165818e-02
    outer loop
      vertex   -1.449000e+00 -1.921900e+01 3.029000e+00
      vertex   -1.449000e+00 -1.924100e+01 3.268000e+00
      vertex   -5.314000e+00 -1.924100e+01 3.268000e+00
    endloop
  endfacet
  facet normal -9.302314e-01 -3.668370e-01 1.001079e-02
    outer loop
      vertex   2.787100e+01 1.561700e+01 2.998000e+00
      vertex   2.759700e+01 1.623000e+01 0.000000e+00
      vertex   2.832300e+01 1.438900e+01 0.000000e+00
    endloop
  endfacet
  facet normal -7.786159e-02 -9.927675e-01 -9.137992e-02
    outer loop
      vertex   -5.773000e+00 -1.920500e+01 3.268000e+00
      vertex   -5.314000e+00 -1.921900e+01 3.029000e+00
      vertex   -5.314000e+00 -1.924100e+01 3.268000e+00
    endloop
  endfacet
  facet normal -9.658941e-01 -2.589374e-01 -4.573812e-05
    outer loop
      vertex   2.832300e+01 1.438900e+01 0.000000e+00
      vertex   2.866600e+01 1.310900e+01 2.998000e+00
      vertex   2.832500e+01 1.438100e+01 2.998000e+00
    endloop
  endfacet
  facet normal 0.000000e+00 0.000000e+00 -1.000000e+00
    outer loop
      vertex   -5.770000e+00 -1.918300e+01 3.029000e+00
      vertex   -5.683000e+00 -1.782500e+01 3.029000e+00
      vertex   -5.314000e+00 -1.921900e+01 3.029000e+00
    endloop
  endfacet
  facet normal 0.000000e+00 0.000000e+00 -1.000000e+00
    outer loop
      vertex   -5.770000e+00 -1.918300e+01 3.029000e+00
      vertex   -6.300001e+00 -1.904100e+01 3.029000e+00
      vertex   -5.683000e+00 -1.782500e+01 3.029000e+00
    endloop
  endfacet
  facet normal 0.000000e+00 0.000000e+00 -1.000000e+00
    outer loop
      vertex   -6.300001e+00 -1.904100e+01 3.029000e+00
      vertex   -6.715000e+00 -1.885400e+01 3.029000e+00
      vertex   -5.966000e+00 -1.770800e+01 3.029000e+00
    endloop
  endfacet
  facet normal -0.000000e+00 -0.000000e+00 1.000000e+00
    outer loop
      vertex   -6.794000e+00 -2.104300e+01 2.998000e+00
      vertex   -6.051000e+00 -2.129600e+01 2.998000e+00
      vertex   -6.962000e+00 -1.869100e+01 2.998000e+00
    endloop
  endfacet
  facet normal -9.034940e-01 -4.285710e-01 -5.055595e-03
    outer loop
      vertex   2.730700e+01 1.680600e+01 2.998000e+00
      vertex   2.759700e+01 1.623000e+01 0.000000e+00
      vertex   2.787100e+01 1.561700e+01 2.998000e+00
    endloop
  endfacet
  facet normal -8.714790e-01 -4.903327e-01 9.907426e-03
    outer loop
      vertex   2.730700e+01 1.680600e+01 2.998000e+00
      vertex   2.662700e+01 1.795400e+01 0.000000e+00
      vertex   2.759700e+01 1.623000e+01 0.000000e+00
    endloop
  endfacet
  facet normal 9.283876e-01 3.716134e-01 0.000000e+00
    outer loop
      vertex   2.486700e+01 1.498300e+01 2.998000e+00
      vertex   2.544300e+01 1.354400e+01 0.000000e+00
      vertex   2.486700e+01 1.498300e+01 0.000000e+00
    endloop
  endfacet
  facet normal 9.283876e-01 3.716134e-01 0.000000e+00
    outer loop
      vertex   2.486700e+01 1.498300e+01 2.998000e+00
      vertex   2.544300e+01 1.354400e+01 2.998000e+00
      vertex   2.544300e+01 1.354400e+01 0.000000e+00
    endloop
  endfacet
  facet normal -0.000000e+00 -0.000000e+00 1.000000e+00
    outer loop
      vertex   -6.051000e+00 -2.129600e+01 2.998000e+00
      vertex   -5.281000e+00 -2.144900e+01 2.998000e+00
      vertex   -6.962000e+00 -1.869100e+01 2.998000e+00
    endloop
  endfacet
  facet normal -8.580523e-01 -4.943754e-01 -1.390656e-01
    outer loop
      vertex   -7.944000e+00 -1.754400e+01 3.029000e+00
      vertex   -7.683000e+00 -1.799700e+01 3.029000e+00
      vertex   -7.928000e+00 -1.763900e+01 3.268000e+00
    endloop
  endfacet
  facet normal -9.210014e-01 -3.792364e-01 -8.908539e-02
    outer loop
      vertex   -7.944000e+00 -1.754400e+01 3.029000e+00
      vertex   -7.928000e+00 -1.763900e+01 3.268000e+00
      vertex   -8.103000e+00 -1.721400e+01 3.268000e+00
    endloop
  endfacet
  facet normal -8.484960e-01 -5.218023e-01 -8.818633e-02
    outer loop
      vertex   -7.928000e+00 -1.763900e+01 3.268000e+00
      vertex   -7.683000e+00 -1.799700e+01 3.029000e+00
      vertex   -7.698000e+00 -1.801300e+01 3.268000e+00
    endloop
  endfacet
  facet normal -0.000000e+00 0.000000e+00 1.000000e+00
    outer loop
      vertex   2.395700e+01 1.456800e+01 2.998000e+00
      vertex   2.448300e+01 1.326200e+01 2.998000e+00
      vertex   2.486700e+01 1.498300e+01 2.998000e+00
    endloop
  endfacet
  facet normal 5.500377e-01 7.459418e-01 -3.755388e-01
    outer loop
      vertex   -6.346000e+00 -1.744600e+01 3.029000e+00
      vertex   -6.472000e+00 -1.734000e+01 3.055000e+00
      vertex   -5.977001e+00 -1.770500e+01 3.055000e+00
    endloop
  endfacet
  facet normal -9.715331e-01 -2.366887e-01 1.009854e-02
    outer loop
      vertex   2.832300e+01 1.438900e+01 0.000000e+00
      vertex   2.879100e+01 1.246800e+01 0.000000e+00
      vertex   2.866600e+01 1.310900e+01 2.998000e+00
    endloop
  endfacet
  facet normal 0.000000e+00 -0.000000e+00 -1.000000e+00
    outer loop
      vertex   -5.966000e+00 -1.770800e+01 3.029000e+00
      vertex   -5.683000e+00 -1.782500e+01 3.029000e+00
      vertex   -6.300001e+00 -1.904100e+01 3.029000e+00
    endloop
  endfacet
  facet normal 0.000000e+00 0.000000e+00 -1.000000e+00
    outer loop
      vertex   -7.683000e+00 -1.799700e+01 3.029000e+00
      vertex   -7.944000e+00 -1.754400e+01 3.029000e+00
      vertex   -7.670000e+00 -1.798400e+01 3.029000e+00
    endloop
  endfacet
  facet normal 0.000000e+00 0.000000e+00 1.000000e+00
    outer loop
      vertex   -3.000000e+00 -1.327286e+01 2.998000e+00
      vertex   -7.670000e+00 -1.798400e+01 2.998000e+00
      vertex   -3.000000e+00 -1.378837e+01 2.998000e+00
    endloop
  endfacet
  facet normal 0.000000e+00 0.000000e+00 1.000000e+00
    outer loop
      vertex   -3.000000e+00 -1.378837e+01 2.998000e+00
      vertex   -7.670000e+00 -1.798400e+01 2.998000e+00
      vertex   -6.962000e+00 -1.869100e+01 2.998000e+00
    endloop
  endfacet
  facet normal 0.000000e+00 -0.000000e+00 1.000000e+00
    outer loop
      vertex   -9.694000e+00 -1.850000e+01 2.998000e+00
      vertex   -7.670000e+00 -1.798400e+01 2.998000e+00
      vertex   -1.004100e+01 -1.779600e+01 2.998000e+00
    endloop
  endfacet
  facet normal -7.071392e-01 7.070744e-01 0.000000e+00
    outer loop
      vertex   -7.670000e+00 -1.798400e+01 3.029000e+00
      vertex   -7.670000e+00 -1.798400e+01 2.998000e+00
      vertex   -7.683000e+00 -1.799700e+01 3.029000e+00
    endloop
  endfacet
  facet normal -9.272415e-01 -3.496150e-01 -1.341367e-01
    outer loop
      vertex   -8.105000e+00 -1.711700e+01 3.029000e+00
      vertex   -7.944000e+00 -1.754400e+01 3.029000e+00
      vertex   -8.103000e+00 -1.721400e+01 3.268000e+00
    endloop
  endfacet
  facet normal 0.000000e+00 0.000000e+00 -1.000000e+00
    outer loop
      vertex   -8.105000e+00 -1.711700e+01 3.029000e+00
      vertex   -8.198000e+00 -1.667000e+01 3.029000e+00
      vertex   -6.979000e+00 -1.640800e+01 3.029000e+00
    endloop
  endfacet
  facet normal 9.880340e-01 0.000000e+00 1.542361e-01
    outer loop
      vertex   1.911000e+00 1.719100e+01 2.998000e+00
      vertex   1.911000e+00 1.718900e+01 2.998000e+00
      vertex   2.379000e+00 1.795400e+01 0.000000e+00
    endloop
  endfacet
  facet normal 8.714695e-01 -4.903280e-01 1.092280e-02
    outer loop
      vertex   1.409000e+00 1.623000e+01 0.000000e+00
      vertex   2.379000e+00 1.795400e+01 0.000000e+00
      vertex   1.911000e+00 1.718900e+01 2.998000e+00
    endloop
  endfacet
  facet normal 0.000000e+00 -0.000000e+00 -1.000000e+00
    outer loop
      vertex   -6.979000e+00 -1.640800e+01 3.029000e+00
      vertex   -6.743000e+00 -1.697800e+01 3.029000e+00
      vertex   -8.105000e+00 -1.711700e+01 3.029000e+00
    endloop
  endfacet
  facet normal 9.287166e-01 1.469586e-01 -3.404241e-01
    outer loop
      vertex   -7.044000e+00 -1.593700e+01 3.055000e+00
      vertex   -6.947000e+00 -1.655000e+01 3.055000e+00
      vertex   -6.979000e+00 -1.640800e+01 3.029000e+00
    endloop
  endfacet
  facet normal 0.000000e+00 0.000000e+00 1.000000e+00
    outer loop
      vertex   -3.000000e+00 -1.222637e+01 2.998000e+00
      vertex   -1.044700e+01 -1.628300e+01 2.998000e+00
      vertex   -3.000000e+00 -1.242789e+01 2.998000e+00
    endloop
  endfacet
  facet normal 0.000000e+00 0.000000e+00 1.000000e+00
    outer loop
      vertex   -3.000000e+00 -1.242789e+01 2.998000e+00
      vertex   -1.044700e+01 -1.628300e+01 2.998000e+00
      vertex   -1.029400e+01 -1.705300e+01 2.998000e+00
    endloop
  endfacet
  facet normal 7.967854e-01 -6.041614e-01 1.104691e-02
    outer loop
      vertex   2.872000e+00 1.865900e+01 2.998000e+00
      vertex   2.379000e+00 1.795400e+01 0.000000e+00
      vertex   3.574000e+00 1.953000e+01 0.000000e+00
    endloop
  endfacet
  facet normal 0.000000e+00 0.000000e+00 -1.000000e+00
    outer loop
      vertex   -7.944000e+00 -1.754400e+01 3.029000e+00
      vertex   -8.105000e+00 -1.711700e+01 3.029000e+00
      vertex   -6.743000e+00 -1.697800e+01 3.029000e+00
    endloop
  endfacet
  facet normal 8.364644e-01 -5.479493e-01 -8.879266e-03
    outer loop
      vertex   2.379000e+00 1.795400e+01 0.000000e+00
      vertex   2.872000e+00 1.865800e+01 2.998000e+00
      vertex   1.911000e+00 1.719100e+01 2.998000e+00
    endloop
  endfacet
  facet normal 0.000000e+00 -0.000000e+00 1.000000e+00
    outer loop
      vertex   2.872000e+00 1.865800e+01 2.998000e+00
      vertex   2.872000e+00 1.865900e+01 2.998000e+00
      vertex   1.911000e+00 1.719100e+01 2.998000e+00
    endloop
  endfacet
  facet normal 0.000000e+00 0.000000e+00 1.000000e+00
    outer loop
      vertex   -2.503000e+00 2.824800e+01 2.998000e+00
      vertex   5.540000e-01 1.396100e+01 2.998000e+00
      vertex   1.135000e+00 1.561700e+01 2.998000e+00
    endloop
  endfacet
  facet normal 0.000000e+00 0.000000e+00 1.000000e+00
    outer loop
      vertex   -2.503000e+00 2.824800e+01 2.998000e+00
      vertex   1.135000e+00 1.561700e+01 2.998000e+00
      vertex   1.911000e+00 1.719100e+01 2.998000e+00
    endloop
  endfacet
  facet normal 7.658179e-01 6.430274e-01 -6.223096e-03
    outer loop
      vertex   -6.671000e+00 -1.710300e+01 3.055000e+00
      vertex   -6.355000e+00 -1.744100e+01 7.017000e+00
      vertex   -6.472000e+00 -1.734000e+01 3.055000e+00
    endloop
  endfacet
  facet normal -0.000000e+00 0.000000e+00 -1.000000e+00
    outer loop
      vertex   -6.346000e+00 -1.744600e+01 3.029000e+00
      vertex   -7.670000e+00 -1.798400e+01 3.029000e+00
      vertex   -6.743000e+00 -1.697800e+01 3.029000e+00
    endloop
  endfacet
  facet normal 5.237422e-01 4.442862e-01 7.268451e-01
    outer loop
      vertex   -6.346000e+00 -1.744600e+01 3.029000e+00
      vertex   -6.743000e+00 -1.697800e+01 3.029000e+00
      vertex   -6.472000e+00 -1.734000e+01 3.055000e+00
    endloop
  endfacet
  facet normal 0.000000e+00 0.000000e+00 1.000000e+00
    outer loop
      vertex   -2.503000e+00 2.824800e+01 2.998000e+00
      vertex   1.911000e+00 1.719100e+01 2.998000e+00
      vertex   2.872000e+00 1.865900e+01 2.998000e+00
    endloop
  endfacet
  facet normal 0.000000e+00 0.000000e+00 1.000000e+00
    outer loop
      vertex   4.003000e+00 2.000000e+01 2.998000e+00
      vertex   -2.503000e+00 2.824800e+01 2.998000e+00
      vertex   2.872000e+00 1.865900e+01 2.998000e+00
    endloop
  endfacet
  facet normal 5.494922e-01 4.613871e-01 6.965488e-01
    outer loop
      vertex   -6.472000e+00 -1.734000e+01 3.055000e+00
      vertex   -6.743000e+00 -1.697800e+01 3.029000e+00
      vertex   -6.671000e+00 -1.710300e+01 3.055000e+00
    endloop
  endfacet
  facet normal 0.000000e+00 -1.000000e+00 0.000000e+00
    outer loop
      vertex   -7.914000e+00 2.025000e+01 9.000000e+00
      vertex   -7.914000e+00 2.025000e+01 3.000000e+00
      vertex   -6.914000e+00 2.025000e+01 9.000000e+00
    endloop
  endfacet
  facet normal 0.000000e+00 -1.000000e+00 0.000000e+00
    outer loop
      vertex   -6.914000e+00 2.025000e+01 3.000000e+00
      vertex   -6.914000e+00 2.025000e+01 9.000000e+00
      vertex   -7.914000e+00 2.025000e+01 3.000000e+00
    endloop
  endfacet
  facet normal -1.000000e+00 -0.000000e+00 -0.000000e+00
    outer loop
      vertex   -7.914000e+00 2.225000e+01 9.000000e+00
      vertex   -7.914000e+00 2.225000e+01 3.000000e+00
      vertex   -7.914000e+00 2.025000e+01 9.000000e+00
    endloop
  endfacet
  facet normal 0.000000e+00 -1.000000e+00 0.000000e+00
    outer loop
      vertex   -7.914000e+00 2.425000e+01 9.000000e+00
      vertex   -7.914000e+00 2.425000e+01 3.000000e+00
      vertex   -7.912000e+00 2.425000e+01 5.000000e+00
    endloop
  endfacet
  facet normal 0.000000e+00 -1.000000e+00 0.000000e+00
    outer loop
      vertex   -6.912000e+00 2.425000e+01 5.000000e+00
      vertex   -7.914000e+00 2.425000e+01 9.000000e+00
      vertex   -7.912000e+00 2.425000e+01 5.000000e+00
    endloop
  endfacet
  facet normal 0.000000e+00 -1.000000e+00 0.000000e+00
    outer loop
      vertex   -5.914000e+00 2.425000e+01 3.000000e+00
      vertex   -5.914000e+00 2.425000e+01 9.000000e+00
      vertex   -6.912000e+00 2.425000e+01 5.000000e+00
    endloop
  endfacet
  facet normal -0.000000e+00 -1.000000e+00 0.000000e+00
    outer loop
      vertex   -5.914000e+00 2.425000e+01 9.000000e+00
      vertex   -7.914000e+00 2.425000e+01 9.000000e+00
      vertex   -6.912000e+00 2.425000e+01 5.000000e+00
    endloop
  endfacet
  facet normal -1.000000e+00 0.000000e+00 0.000000e+00
    outer loop
      vertex   -7.912000e+00 2.425000e+01 3.000000e+00
      vertex   -7.912000e+00 2.225000e+01 3.000000e+00
      vertex   -7.912000e+00 2.425000e+01 5.000000e+00
    endloop
  endfacet
  facet normal -1.000000e+00 0.000000e+00 0.000000e+00
    outer loop
      vertex   -7.912000e+00 2.225000e+01 5.000000e+00
      vertex   -7.912000e+00 2.425000e+01 5.000000e+00
      vertex   -7.912000e+00 2.225000e+01 3.000000e+00
    endloop
  endfacet
  facet normal 0.000000e+00 1.000000e+00 -0.000000e+00
    outer loop
      vertex   -7.912000e+00 2.225000e+01 3.000000e+00
      vertex   -7.914000e+00 2.225000e+01 3.000000e+00
      vertex   -7.912000e+00 2.225000e+01 5.000000e+00
    endloop
  endfacet
  facet normal 0.000000e+00 1.000000e+00 0.000000e+00
    outer loop
      vertex   -7.914000e+00 2.225000e+01 3.000000e+00
      vertex   -7.914000e+00 2.225000e+01 9.000000e+00
      vertex   -7.912000e+00 2.225000e+01 5.000000e+00
    endloop
  endfacet
  facet normal 1.000000e+00 0.000000e+00 0.000000e+00
    outer loop
      vertex   -6.914000e+00 2.125000e+01 9.000000e+00
      vertex   -6.914000e+00 2.025000e+01 9.000000e+00
      vertex   -6.914000e+00 2.125000e+01 3.000000e+00
    endloop
  endfacet
  facet normal 1.000000e+00 0.000000e+00 0.000000e+00
    outer loop
      vertex   -6.914000e+00 2.025000e+01 3.000000e+00
      vertex   -6.914000e+00 2.125000e+01 3.000000e+00
      vertex   -6.914000e+00 2.025000e+01 9.000000e+00
    endloop
  endfacet
  facet normal 0.000000e+00 0.000000e+00 1.000000e+00
    outer loop
      vertex   -7.912000e+00 2.225000e+01 5.000000e+00
      vertex   -6.912000e+00 2.425000e+01 5.000000e+00
      vertex   -7.912000e+00 2.425000e+01 5.000000e+00
    endloop
  endfacet
  facet normal 0.000000e+00 0.000000e+00 1.000000e+00
    outer loop
      vertex   -7.912000e+00 2.225000e+01 5.000000e+00
      vertex   -6.912000e+00 2.225000e+01 5.000000e+00
      vertex   -6.912000e+00 2.425000e+01 5.000000e+00
    endloop
  endfacet
  facet normal 0.000000e+00 1.000000e+00 -0.000000e+00
    outer loop
      vertex   -7.912000e+00 2.225000e+01 5.000000e+00
      vertex   -7.914000e+00 2.225000e+01 9.000000e+00
      vertex   -6.912000e+00 2.225000e+01 5.000000e+00
    endloop
  endfacet
  facet normal 0.000000e+00 -1.000000e+00 0.000000e+00
    outer loop
      vertex   -5.914000e+00 2.125000e+01 3.000000e+00
      vertex   -5.914000e+00 2.125000e+01 9.000000e+00
      vertex   -6.914000e+00 2.125000e+01 3.000000e+00
    endloop
  endfacet
  facet normal -1.000000e+00 -0.000000e+00 -0.000000e+00
    outer loop
      vertex   5.050300e+01 3.950000e+01 9.000000e+00
      vertex   5.050300e+01 3.950000e+01 3.000000e+00
      vertex   5.050300e+01 3.850000e+01 9.000000e+00
    endloop
  endfacet
  facet normal 0.000000e+00 -1.000000e+00 0.000000e+00
    outer loop
      vertex   5.050300e+01 3.850000e+01 3.000000e+00
      vertex   5.150300e+01 3.850000e+01 9.000000e+00
      vertex   5.050300e+01 3.850000e+01 9.000000e+00
    endloop
  endfacet
  facet normal 0.000000e+00 0.000000e+00 1.000000e+00
    outer loop
      vertex   5.250300e+01 3.950000e+01 9.000000e+00
      vertex   5.150300e+01 3.850000e+01 9.000000e+00
      vertex   5.250300e+01 3.750000e+01 9.000000e+00
    endloop
  endfacet
  facet normal 0.000000e+00 0.000000e+00 1.000000e+00
    outer loop
      vertex   5.150300e+01 3.750000e+01 9.000000e+00
      vertex   5.250300e+01 3.750000e+01 9.000000e+00
      vertex   5.150300e+01 3.850000e+01 9.000000e+00
    endloop
  endfacet
  facet normal 0.000000e+00 0.000000e+00 1.000000e+00
    outer loop
      vertex   5.250300e+01 3.950000e+01 9.000000e+00
      vertex   5.050300e+01 3.950000e+01 9.000000e+00
      vertex   5.150300e+01 3.850000e+01 9.000000e+00
    endloop
  endfacet
  facet normal 0.000000e+00 0.000000e+00 1.000000e+00
    outer loop
      vertex   5.050300e+01 3.950000e+01 9.000000e+00
      vertex   5.050300e+01 3.850000e+01 9.000000e+00
      vertex   5.150300e+01 3.850000e+01 9.000000e+00
    endloop
  endfacet
  facet normal 0.000000e+00 0.000000e+00 1.000000e+00
    outer loop
      vertex   5.450300e+01 3.750000e+01 9.000000e+00
      vertex   5.550300e+01 3.850000e+01 9.000000e+00
      vertex   5.450300e+01 3.950000e+01 9.000000e+00
    endloop
  endfacet
  facet normal 0.000000e+00 0.000000e+00 1.000000e+00
    outer loop
      vertex   5.650300e+01 3.950000e+01 9.000000e+00
      vertex   5.450300e+01 3.950000e+01 9.000000e+00
      vertex   5.550300e+01 3.850000e+01 9.000000e+00
    endloop
  endfacet
  facet normal 0.000000e+00 -0.000000e+00 1.000000e+00
    outer loop
      vertex   5.650300e+01 3.850000e+01 9.000000e+00
      vertex   5.650300e+01 3.950000e+01 9.000000e+00
      vertex   5.550300e+01 3.850000e+01 9.000000e+00
    endloop
  endfacet
  facet normal 0.000000e+00 0.000000e+00 1.000000e+00
    outer loop
      vertex   5.450300e+01 3.750000e+01 9.000000e+00
      vertex   5.550300e+01 3.750000e+01 9.000000e+00
      vertex   5.550300e+01 3.850000e+01 9.000000e+00
    endloop
  endfacet
  facet normal 1.000000e+00 0.000000e+00 0.000000e+00
    outer loop
      vertex   5.778700e+01 4.150000e+01 3.000000e+00
      vertex   5.778700e+01 2.695600e+01 3.000000e+00
      vertex   5.778700e+01 4.150000e+01 0.000000e+00
    endloop
  endfacet
  facet normal 0.000000e+00 1.000000e+00 -0.000000e+00
    outer loop
      vertex   5.774900e+01 3.521500e+01 3.000000e+00
      vertex   5.624900e+01 3.521500e+01 5.000000e+00
      vertex   5.774900e+01 3.521500e+01 8.314000e+00
    endloop
  endfacet
  facet normal 0.000000e+00 1.000000e+00 0.000000e+00
    outer loop
      vertex   5.747100e+01 3.521500e+01 1.024300e+01
      vertex   5.776900e+01 3.521500e+01 1.007200e+01
      vertex   5.774900e+01 3.521500e+01 8.314000e+00
    endloop
  endfacet
  facet normal 0.000000e+00 1.000000e+00 0.000000e+00
    outer loop
      vertex   5.776900e+01 3.521500e+01 1.007200e+01
      vertex   5.800800e+01 3.521500e+01 9.868000e+00
      vertex   5.774900e+01 3.521500e+01 8.314000e+00
    endloop
  endfacet
  facet normal 0.000000e+00 1.000000e+00 0.000000e+00
    outer loop
      vertex   5.800800e+01 3.521500e+01 9.868000e+00
      vertex   5.818000e+01 3.521500e+01 9.637000e+00
      vertex   5.774900e+01 3.521500e+01 8.314000e+00
    endloop
  endfacet
  facet normal 0.000000e+00 1.000000e+00 -0.000000e+00
    outer loop
      vertex   5.810300e+01 3.521500e+01 8.645000e+00
      vertex   5.774900e+01 3.521500e+01 8.314000e+00
      vertex   5.818000e+01 3.521500e+01 9.637000e+00
    endloop
  endfacet
  facet normal 0.000000e+00 1.000000e+00 0.000000e+00
    outer loop
      vertex   5.823900e+01 3.521500e+01 8.885000e+00
      vertex   5.810300e+01 3.521500e+01 8.645000e+00
      vertex   5.818000e+01 3.521500e+01 9.637000e+00
    endloop
  endfacet
  facet normal 0.000000e+00 1.000000e+00 0.000000e+00
    outer loop
      vertex   5.818000e+01 3.521500e+01 9.637000e+00
      vertex   5.827800e+01 3.521500e+01 9.391000e+00
      vertex   5.823900e+01 3.521500e+01 8.885000e+00
    endloop
  endfacet
  facet normal 0.000000e+00 1.000000e+00 0.000000e+00
    outer loop
      vertex   5.829800e+01 3.521500e+01 9.136000e+00
      vertex   5.823900e+01 3.521500e+01 8.885000e+00
      vertex   5.827800e+01 3.521500e+01 9.391000e+00
    endloop
  endfacet
  facet normal -0.000000e+00 1.000000e+00 0.000000e+00
    outer loop
      vertex   -4.498000e+00 4.150000e+01 2.998000e+00
      vertex   2.255000e+00 4.150000e+01 2.998000e+00
      vertex   -4.498000e+00 4.150000e+01 0.000000e+00
    endloop
  endfacet
  facet normal -0.000000e+00 1.000000e+00 0.000000e+00
    outer loop
      vertex   2.255000e+00 4.150000e+01 2.998000e+00
      vertex   2.255000e+00 4.150000e+01 3.000000e+00
      vertex   3.500300e+01 4.150000e+01 0.000000e+00
    endloop
  endfacet
  facet normal 0.000000e+00 1.000000e+00 0.000000e+00
    outer loop
      vertex   3.500300e+01 4.150000e+01 0.000000e+00
      vertex   -4.498000e+00 4.150000e+01 0.000000e+00
      vertex   2.255000e+00 4.150000e+01 2.998000e+00
    endloop
  endfacet
  facet normal -0.000000e+00 1.000000e+00 0.000000e+00
    outer loop
      vertex   2.255000e+00 4.150000e+01 3.000000e+00
      vertex   4.915200e+01 4.150000e+01 3.000000e+00
      vertex   3.500300e+01 4.150000e+01 0.000000e+00
    endloop
  endfacet
  facet normal 0.000000e+00 1.000000e+00 0.000000e+00
    outer loop
      vertex   5.778700e+01 4.150000e+01 3.000000e+00
      vertex   5.778700e+01 4.150000e+01 0.000000e+00
      vertex   4.915200e+01 4.150000e+01 3.000000e+00
    endloop
  endfacet
  facet normal 0.000000e+00 1.000000e+00 0.000000e+00
    outer loop
      vertex   3.500300e+01 4.150000e+01 0.000000e+00
      vertex   4.915200e+01 4.150000e+01 3.000000e+00
      vertex   5.778700e+01 4.150000e+01 0.000000e+00
    endloop
  endfacet
  facet normal 0.000000e+00 -0.000000e+00 -1.000000e+00
    outer loop
      vertex   -3.000000e+00 -1.214367e+01 0.000000e+00
      vertex   -3.000000e+00 -1.276016e+01 0.000000e+00
      vertex   -1.004100e+01 -1.779600e+01 0.000000e+00
    endloop
  endfacet
  facet normal 0.000000e+00 0.000000e+00 -1.000000e+00
    outer loop
      vertex   -1.004100e+01 -1.779600e+01 0.000000e+00
      vertex   -3.000000e+00 -1.276016e+01 0.000000e+00
      vertex   -9.694000e+00 -1.850000e+01 0.000000e+00
    endloop
  endfacet
  facet normal 0.000000e+00 0.000000e+00 -1.000000e+00
    outer loop
      vertex   -3.000000e+00 -1.567578e+01 0.000000e+00
      vertex   -3.000000e+00 -1.652329e+01 0.000000e+00
      vertex   -7.498000e+00 -2.069600e+01 0.000000e+00
    endloop
  endfacet
  facet normal 0.000000e+00 0.000000e+00 -1.000000e+00
    outer loop
      vertex   -7.498000e+00 -2.069600e+01 0.000000e+00
      vertex   -3.000000e+00 -1.652329e+01 0.000000e+00
      vertex   -6.794000e+00 -2.104300e+01 0.000000e+00
    endloop
  endfacet
  facet normal 0.000000e+00 -0.000000e+00 -1.000000e+00
    outer loop
      vertex   -3.000000e+00 -1.412581e+01 0.000000e+00
      vertex   -3.000000e+00 -1.487629e+01 0.000000e+00
      vertex   -8.740000e+00 -1.974300e+01 0.000000e+00
    endloop
  endfacet
  facet normal 0.000000e+00 0.000000e+00 -1.000000e+00
    outer loop
      vertex   -8.740000e+00 -1.974300e+01 0.000000e+00
      vertex   -3.000000e+00 -1.487629e+01 0.000000e+00
      vertex   -8.151000e+00 -2.026000e+01 0.000000e+00
    endloop
  endfacet
  facet normal 0.000000e+00 0.000000e+00 -1.000000e+00
    outer loop
      vertex   -1.044700e+01 -1.628300e+01 0.000000e+00
      vertex   8.273000e+00 -3.094000e+00 0.000000e+00
      vertex   -1.029400e+01 -1.705300e+01 0.000000e+00
    endloop
  endfacet
  facet normal -0.000000e+00 0.000000e+00 -1.000000e+00
    outer loop
      vertex   -2.670278e+00 -1.700000e+01 0.000000e+00
      vertex   -6.051000e+00 -2.129600e+01 0.000000e+00
      vertex   -3.000000e+00 -1.700000e+01 0.000000e+00
    endloop
  endfacet
  facet normal 0.000000e+00 0.000000e+00 -1.000000e+00
    outer loop
      vertex   -3.000000e+00 -1.700000e+01 0.000000e+00
      vertex   -6.051000e+00 -2.129600e+01 0.000000e+00
      vertex   -6.794000e+00 -2.104300e+01 0.000000e+00
    endloop
  endfacet
  facet normal -0.000000e+00 0.000000e+00 -1.000000e+00
    outer loop
      vertex   -3.000000e+00 -1.700000e+01 0.000000e+00
      vertex   -6.794000e+00 -2.104300e+01 0.000000e+00
      vertex   -3.000000e+00 -1.652329e+01 0.000000e+00
    endloop
  endfacet
  facet normal -0.000000e+00 0.000000e+00 -1.000000e+00
    outer loop
      vertex   -1.995696e+00 -1.700000e+01 0.000000e+00
      vertex   -5.281000e+00 -2.144900e+01 0.000000e+00
      vertex   -2.670278e+00 -1.700000e+01 0.000000e+00
    endloop
  endfacet
  facet normal 0.000000e+00 0.000000e+00 -1.000000e+00
    outer loop
      vertex   -2.670278e+00 -1.700000e+01 0.000000e+00
      vertex   -5.281000e+00 -2.144900e+01 0.000000e+00
      vertex   -6.051000e+00 -2.129600e+01 0.000000e+00
    endloop
  endfacet
  facet normal 0.000000e+00 -0.000000e+00 -1.000000e+00
    outer loop
      vertex   -3.000000e+00 -1.487629e+01 0.000000e+00
      vertex   -3.000000e+00 -1.567578e+01 0.000000e+00
      vertex   -8.151000e+00 -2.026000e+01 0.000000e+00
    endloop
  endfacet
  facet normal 0.000000e+00 0.000000e+00 -1.000000e+00
    outer loop
      vertex   -8.151000e+00 -2.026000e+01 0.000000e+00
      vertex   -3.000000e+00 -1.567578e+01 0.000000e+00
      vertex   -7.498000e+00 -2.069600e+01 0.000000e+00
    endloop
  endfacet
  facet normal -0.000000e+00 0.000000e+00 -1.000000e+00
    outer loop
      vertex   -3.000000e+00 -1.214367e+01 0.000000e+00
      vertex   -1.029400e+01 -1.705300e+01 0.000000e+00
      vertex   -3.000000e+00 -1.200000e+01 0.000000e+00
    endloop
  endfacet
  facet normal -0.000000e+00 0.000000e+00 -1.000000e+00
    outer loop
      vertex   -3.000000e+00 -1.200000e+01 0.000000e+00
      vertex   -1.029400e+01 -1.705300e+01 0.000000e+00
      vertex   8.273000e+00 -3.094000e+00 0.000000e+00
    endloop
  endfacet
  facet normal 0.000000e+00 0.000000e+00 -1.000000e+00
    outer loop
      vertex   -3.000000e+00 -1.200000e+01 0.000000e+00
      vertex   8.273000e+00 -3.094000e+00 0.000000e+00
      vertex   -2.821034e+00 -1.200000e+01 0.000000e+00
    endloop
  endfacet
  facet normal 0.000000e+00 0.000000e+00 -1.000000e+00
    outer loop
      vertex   -3.000000e+00 -1.214367e+01 0.000000e+00
      vertex   -1.004100e+01 -1.779600e+01 0.000000e+00
      vertex   -1.029400e+01 -1.705300e+01 0.000000e+00
    endloop
  endfacet
  facet normal 0.000000e+00 -0.000000e+00 -1.000000e+00
    outer loop
      vertex   -3.000000e+00 -1.342046e+01 0.000000e+00
      vertex   -3.000000e+00 -1.412581e+01 0.000000e+00
      vertex   -9.258000e+00 -1.915300e+01 0.000000e+00
    endloop
  endfacet
  facet normal 0.000000e+00 0.000000e+00 -1.000000e+00
    outer loop
      vertex   -9.258000e+00 -1.915300e+01 0.000000e+00
      vertex   -3.000000e+00 -1.412581e+01 0.000000e+00
      vertex   -8.740000e+00 -1.974300e+01 0.000000e+00
    endloop
  endfacet
  facet normal 0.000000e+00 -0.000000e+00 -1.000000e+00
    outer loop
      vertex   -3.000000e+00 -1.276016e+01 0.000000e+00
      vertex   -3.000000e+00 -1.342046e+01 0.000000e+00
      vertex   -9.694000e+00 -1.850000e+01 0.000000e+00
    endloop
  endfacet
  facet normal 0.000000e+00 0.000000e+00 -1.000000e+00
    outer loop
      vertex   -9.694000e+00 -1.850000e+01 0.000000e+00
      vertex   -3.000000e+00 -1.342046e+01 0.000000e+00
      vertex   -9.258000e+00 -1.915300e+01 0.000000e+00
    endloop
  endfacet
  facet normal 0.000000e+00 0.000000e+00 -1.000000e+00
    outer loop
      vertex   -1.049700e+01 -1.550000e+01 0.000000e+00
      vertex   8.273000e+00 -3.094000e+00 0.000000e+00
      vertex   -1.044700e+01 -1.628300e+01 0.000000e+00
    endloop
  endfacet
  facet normal 0.000000e+00 0.000000e+00 -1.000000e+00
    outer loop
      vertex   -1.049700e+01 3.550000e+01 0.000000e+00
      vertex   1.200000e-02 9.500000e+00 0.000000e+00
      vertex   -1.049700e+01 -1.550000e+01 0.000000e+00
    endloop
  endfacet
  facet normal -0.000000e+00 0.000000e+00 -1.000000e+00
    outer loop
      vertex   2.150000e-01 7.532000e+00 0.000000e+00
      vertex   -1.049700e+01 -1.550000e+01 0.000000e+00
      vertex   1.200000e-02 9.500000e+00 0.000000e+00
    endloop
  endfacet
  facet normal 0.000000e+00 0.000000e+00 -1.000000e+00
    outer loop
      vertex   1.200000e-02 9.500000e+00 0.000000e+00
      vertex   -1.049700e+01 3.550000e+01 0.000000e+00
      vertex   1.200000e-02 1.050000e+01 0.000000e+00
    endloop
  endfacet
  facet normal -0.000000e+00 0.000000e+00 -1.000000e+00
    outer loop
      vertex   1.409000e+00 1.623000e+01 0.000000e+00
      vertex   6.830000e-01 1.438900e+01 0.000000e+00
      vertex   -1.049700e+01 3.550000e+01 0.000000e+00
    endloop
  endfacet
  facet normal 0.000000e+00 0.000000e+00 -1.000000e+00
    outer loop
      vertex   2.150000e-01 1.246800e+01 0.000000e+00
      vertex   -1.049700e+01 3.550000e+01 0.000000e+00
      vertex   6.830000e-01 1.438900e+01 0.000000e+00
    endloop
  endfacet
  facet normal 0.000000e+00 -0.000000e+00 -1.000000e+00
    outer loop
      vertex   -1.044700e+01 3.628300e+01 0.000000e+00
      vertex   3.574000e+00 1.953000e+01 0.000000e+00
      vertex   -1.049700e+01 3.550000e+01 0.000000e+00
    endloop
  endfacet
  facet normal 0.000000e+00 0.000000e+00 -1.000000e+00
    outer loop
      vertex   1.409000e+00 1.623000e+01 0.000000e+00
      vertex   -1.049700e+01 3.550000e+01 0.000000e+00
      vertex   2.379000e+00 1.795400e+01 0.000000e+00
    endloop
  endfacet
  facet normal 0.000000e+00 -0.000000e+00 -1.000000e+00
    outer loop
      vertex   -1.029400e+01 3.705300e+01 0.000000e+00
      vertex   3.574000e+00 1.953000e+01 0.000000e+00
      vertex   -1.044700e+01 3.628300e+01 0.000000e+00
    endloop
  endfacet
  facet normal 0.000000e+00 -0.000000e+00 -1.000000e+00
    outer loop
      vertex   -1.004100e+01 3.779600e+01 0.000000e+00
      vertex   3.574000e+00 1.953000e+01 0.000000e+00
      vertex   -1.029400e+01 3.705300e+01 0.000000e+00
    endloop
  endfacet
  facet normal 0.000000e+00 -0.000000e+00 -1.000000e+00
    outer loop
      vertex   -6.051000e+00 4.129600e+01 0.000000e+00
      vertex   3.574000e+00 1.953000e+01 0.000000e+00
      vertex   -6.794000e+00 4.104300e+01 0.000000e+00
    endloop
  endfacet
  facet normal 0.000000e+00 0.000000e+00 -1.000000e+00
    outer loop
      vertex   -8.740000e+00 3.974300e+01 0.000000e+00
      vertex   -8.151000e+00 4.026000e+01 0.000000e+00
      vertex   3.574000e+00 1.953000e+01 0.000000e+00
    endloop
  endfacet
  facet normal 0.000000e+00 -0.000000e+00 -1.000000e+00
    outer loop
      vertex   -7.498000e+00 4.069600e+01 0.000000e+00
      vertex   3.574000e+00 1.953000e+01 0.000000e+00
      vertex   -8.151000e+00 4.026000e+01 0.000000e+00
    endloop
  endfacet
  facet normal 0.000000e+00 0.000000e+00 -1.000000e+00
    outer loop
      vertex   -9.258000e+00 3.915300e+01 0.000000e+00
      vertex   -8.740000e+00 3.974300e+01 0.000000e+00
      vertex   3.574000e+00 1.953000e+01 0.000000e+00
    endloop
  endfacet
  facet normal 0.000000e+00 -0.000000e+00 -1.000000e+00
    outer loop
      vertex   -6.794000e+00 4.104300e+01 0.000000e+00
      vertex   3.574000e+00 1.953000e+01 0.000000e+00
      vertex   -7.498000e+00 4.069600e+01 0.000000e+00
    endloop
  endfacet
  facet normal 0.000000e+00 0.000000e+00 -1.000000e+00
    outer loop
      vertex   -9.694000e+00 3.850000e+01 0.000000e+00
      vertex   -9.258000e+00 3.915300e+01 0.000000e+00
      vertex   3.574000e+00 1.953000e+01 0.000000e+00
    endloop
  endfacet
  facet normal 0.000000e+00 0.000000e+00 -1.000000e+00
    outer loop
      vertex   -1.004100e+01 3.779600e+01 0.000000e+00
      vertex   -9.694000e+00 3.850000e+01 0.000000e+00
      vertex   3.574000e+00 1.953000e+01 0.000000e+00
    endloop
  endfacet
  facet normal 0.000000e+00 -0.000000e+00 -1.000000e+00
    outer loop
      vertex   -5.281000e+00 4.144900e+01 0.000000e+00
      vertex   3.574000e+00 1.953000e+01 0.000000e+00
      vertex   -6.051000e+00 4.129600e+01 0.000000e+00
    endloop
  endfacet
  facet normal 0.000000e+00 -0.000000e+00 -1.000000e+00
    outer loop
      vertex   3.574000e+00 4.700000e-01 0.000000e+00
      vertex   4.973000e+00 -9.290000e-01 0.000000e+00
      vertex   -1.049700e+01 -1.550000e+01 0.000000e+00
    endloop
  endfacet
  facet normal -0.000000e+00 0.000000e+00 -1.000000e+00
    outer loop
      vertex   6.549000e+00 -2.124000e+00 0.000000e+00
      vertex   -1.049700e+01 -1.550000e+01 0.000000e+00
      vertex   4.973000e+00 -9.290000e-01 0.000000e+00
    endloop
  endfacet
  facet normal -0.000000e+00 0.000000e+00 -1.000000e+00
    outer loop
      vertex   8.273000e+00 -3.094000e+00 0.000000e+00
      vertex   -1.049700e+01 -1.550000e+01 0.000000e+00
      vertex   6.549000e+00 -2.124000e+00 0.000000e+00
    endloop
  endfacet
  facet normal 0.000000e+00 -0.000000e+00 -1.000000e+00
    outer loop
      vertex   1.500300e+01 -1.489000e+00 0.000000e+00
      vertex   1.500300e+01 -4.491000e+00 0.000000e+00
      vertex   1.400300e+01 -4.491000e+00 0.000000e+00
    endloop
  endfacet
  facet normal 0.000000e+00 0.000000e+00 -1.000000e+00
    outer loop
      vertex   9.520001e+00 -3.640000e-01 0.000000e+00
      vertex   1.124100e+01 2.000000e-02 0.000000e+00
      vertex   1.095900e+01 -9.400000e-01 0.000000e+00
    endloop
  endfacet
  facet normal 0.000000e+00 -0.000000e+00 -1.000000e+00
    outer loop
      vertex   1.124100e+01 2.000000e-02 0.000000e+00
      vertex   1.260500e+01 -3.270000e-01 0.000000e+00
      vertex   1.095900e+01 -9.400000e-01 0.000000e+00
    endloop
  endfacet
  facet normal 0.000000e+00 0.000000e+00 -1.000000e+00
    outer loop
      vertex   1.246200e+01 -1.318000e+00 0.000000e+00
      vertex   1.095900e+01 -9.400000e-01 0.000000e+00
      vertex   1.260500e+01 -3.270000e-01 0.000000e+00
    endloop
  endfacet
  facet normal 0.000000e+00 -0.000000e+00 -1.000000e+00
    outer loop
      vertex   1.640100e+01 -3.270000e-01 0.000000e+00
      vertex   1.654400e+01 -1.318000e+00 0.000000e+00
      vertex   1.500300e+01 -4.880000e-01 0.000000e+00
    endloop
  endfacet
  facet normal 0.000000e+00 0.000000e+00 -1.000000e+00
    outer loop
      vertex   1.500300e+01 -1.489000e+00 0.000000e+00
      vertex   1.500300e+01 -4.880000e-01 0.000000e+00
      vertex   1.654400e+01 -1.318000e+00 0.000000e+00
    endloop
  endfacet
  facet normal 0.000000e+00 0.000000e+00 -1.000000e+00
    outer loop
      vertex   1.500300e+01 -1.489000e+00 0.000000e+00
      vertex   1.400300e+01 -1.489000e+00 0.000000e+00
      vertex   1.400300e+01 -4.880000e-01 0.000000e+00
    endloop
  endfacet
  facet normal 0.000000e+00 0.000000e+00 -1.000000e+00
    outer loop
      vertex   1.246200e+01 -1.318000e+00 0.000000e+00
      vertex   1.400300e+01 -4.880000e-01 0.000000e+00
      vertex   1.400300e+01 -1.489000e+00 0.000000e+00
    endloop
  endfacet
  facet normal 0.000000e+00 0.000000e+00 -1.000000e+00
    outer loop
      vertex   1.400300e+01 -4.491000e+00 0.000000e+00
      vertex   1.400300e+01 -1.489000e+00 0.000000e+00
      vertex   1.500300e+01 -1.489000e+00 0.000000e+00
    endloop
  endfacet
  facet normal -0.000000e+00 -0.000000e+00 -1.000000e+00
    outer loop
      vertex   1.500300e+01 -4.880000e-01 0.000000e+00
      vertex   1.500300e+01 -1.489000e+00 0.000000e+00
      vertex   1.400300e+01 -4.880000e-01 0.000000e+00
    endloop
  endfacet
  facet normal -0.000000e+00 0.000000e+00 -1.000000e+00
    outer loop
      vertex   1.400300e+01 -4.880000e-01 0.000000e+00
      vertex   1.246200e+01 -1.318000e+00 0.000000e+00
      vertex   1.260500e+01 -3.270000e-01 0.000000e+00
    endloop
  endfacet
  facet normal -0.000000e+00 -0.000000e+00 -1.000000e+00
    outer loop
      vertex   2.260900e+01 -5.389000e+00 0.000000e+00
      vertex   2.278600e+01 -5.737000e+00 0.000000e+00
      vertex   1.889200e+01 -3.820000e+00 0.000000e+00
    endloop
  endfacet
  facet normal 0.000000e+00 -0.000000e+00 -1.000000e+00
    outer loop
      vertex   2.245700e+01 -2.124000e+00 0.000000e+00
      vertex   2.306300e+01 -3.991000e+00 0.000000e+00
      vertex   2.073300e+01 -3.094000e+00 0.000000e+00
    endloop
  endfacet
  facet normal 0.000000e+00 0.000000e+00 -1.000000e+00
    outer loop
      vertex   2.254800e+01 -5.002000e+00 0.000000e+00
      vertex   1.889200e+01 -3.820000e+00 0.000000e+00
      vertex   2.260900e+01 -4.616000e+00 0.000000e+00
    endloop
  endfacet
  facet normal 0.000000e+00 0.000000e+00 -1.000000e+00
    outer loop
      vertex   2.278600e+01 -4.267000e+00 0.000000e+00
      vertex   2.073300e+01 -3.094000e+00 0.000000e+00
      vertex   2.306300e+01 -3.991000e+00 0.000000e+00
    endloop
  endfacet
  facet normal 0.000000e+00 0.000000e+00 -1.000000e+00
    outer loop
      vertex   1.697100e+01 -4.288000e+00 0.000000e+00
      vertex   1.889200e+01 -3.820000e+00 0.000000e+00
      vertex   2.278600e+01 -5.737000e+00 0.000000e+00
    endloop
  endfacet
  facet normal 0.000000e+00 0.000000e+00 -1.000000e+00
    outer loop
      vertex   2.260900e+01 -4.616000e+00 0.000000e+00
      vertex   2.073300e+01 -3.094000e+00 0.000000e+00
      vertex   2.278600e+01 -4.267000e+00 0.000000e+00
    endloop
  endfacet
  facet normal -0.000000e+00 -0.000000e+00 -1.000000e+00
    outer loop
      vertex   2.254800e+01 -5.002000e+00 0.000000e+00
      vertex   2.260900e+01 -5.389000e+00 0.000000e+00
      vertex   1.889200e+01 -3.820000e+00 0.000000e+00
    endloop
  endfacet
  facet normal -0.000000e+00 0.000000e+00 -1.000000e+00
    outer loop
      vertex   1.948600e+01 -3.640000e-01 0.000000e+00
      vertex   1.804700e+01 -9.400000e-01 0.000000e+00
      vertex   1.776500e+01 2.000000e-02 0.000000e+00
    endloop
  endfacet
  facet normal 0.000000e+00 0.000000e+00 -1.000000e+00
    outer loop
      vertex   1.640100e+01 -3.270000e-01 0.000000e+00
      vertex   1.776500e+01 2.000000e-02 0.000000e+00
      vertex   1.804700e+01 -9.400000e-01 0.000000e+00
    endloop
  endfacet
  facet normal 0.000000e+00 0.000000e+00 -1.000000e+00
    outer loop
      vertex   1.654400e+01 -1.318000e+00 0.000000e+00
      vertex   1.640100e+01 -3.270000e-01 0.000000e+00
      vertex   1.804700e+01 -9.400000e-01 0.000000e+00
    endloop
  endfacet
  facet normal 0.000000e+00 -0.000000e+00 -1.000000e+00
    outer loop
      vertex   2.073300e+01 -3.094000e+00 0.000000e+00
      vertex   2.260900e+01 -4.616000e+00 0.000000e+00
      vertex   1.889200e+01 -3.820000e+00 0.000000e+00
    endloop
  endfacet
  facet normal 0.000000e+00 0.000000e+00 -1.000000e+00
    outer loop
      vertex   2.543200e+01 4.700000e-01 0.000000e+00
      vertex   2.453300e+01 -3.991000e+00 0.000000e+00
      vertex   2.403300e+01 -9.290000e-01 0.000000e+00
    endloop
  endfacet
  facet normal 0.000000e+00 0.000000e+00 -1.000000e+00
    outer loop
      vertex   2.245700e+01 -2.124000e+00 0.000000e+00
      vertex   2.403300e+01 -9.290000e-01 0.000000e+00
      vertex   2.341100e+01 -3.813000e+00 0.000000e+00
    endloop
  endfacet
  facet normal -0.000000e+00 0.000000e+00 -1.000000e+00
    outer loop
      vertex   2.341100e+01 -3.813000e+00 0.000000e+00
      vertex   2.306300e+01 -3.991000e+00 0.000000e+00
      vertex   2.245700e+01 -2.124000e+00 0.000000e+00
    endloop
  endfacet
  facet normal 0.000000e+00 0.000000e+00 -1.000000e+00
    outer loop
      vertex   2.418400e+01 -3.813000e+00 0.000000e+00
      vertex   2.379800e+01 -3.752000e+00 0.000000e+00
      vertex   2.403300e+01 -9.290000e-01 0.000000e+00
    endloop
  endfacet
  facet normal -0.000000e+00 0.000000e+00 -1.000000e+00
    outer loop
      vertex   2.379800e+01 -3.752000e+00 0.000000e+00
      vertex   2.341100e+01 -3.813000e+00 0.000000e+00
      vertex   2.403300e+01 -9.290000e-01 0.000000e+00
    endloop
  endfacet
  facet normal 6.430206e-01 2.662333e-01 7.180838e-01
    outer loop
      vertex   -6.743000e+00 -1.697800e+01 3.029000e+00
      vertex   -6.979000e+00 -1.640800e+01 3.029000e+00
      vertex   -6.830000e+00 -1.683800e+01 3.055000e+00
    endloop
  endfacet
  facet normal 6.834097e-01 2.776345e-01 6.751816e-01
    outer loop
      vertex   -6.979000e+00 -1.640800e+01 3.029000e+00
      vertex   -6.947000e+00 -1.655000e+01 3.055000e+00
      vertex   -6.830000e+00 -1.683800e+01 3.055000e+00
    endloop
  endfacet
  facet normal 0.000000e+00 0.000000e+00 -1.000000e+00
    outer loop
      vertex   2.418400e+01 -3.813000e+00 0.000000e+00
      vertex   2.403300e+01 -9.290000e-01 0.000000e+00
      vertex   2.453300e+01 -3.991000e+00 0.000000e+00
    endloop
  endfacet
  facet normal 0.000000e+00 0.000000e+00 -1.000000e+00
    outer loop
      vertex   2.453300e+01 -3.991000e+00 0.000000e+00
      vertex   2.543200e+01 4.700000e-01 0.000000e+00
      vertex   2.480900e+01 -4.267000e+00 0.000000e+00
    endloop
  endfacet
  facet normal 0.000000e+00 0.000000e+00 -1.000000e+00
    outer loop
      vertex   2.480900e+01 -4.267000e+00 0.000000e+00
      vertex   4.979800e+01 -1.503000e+00 0.000000e+00
      vertex   2.498700e+01 -4.616000e+00 0.000000e+00
    endloop
  endfacet
  facet normal 0.000000e+00 0.000000e+00 -1.000000e+00
    outer loop
      vertex   2.498700e+01 -4.616000e+00 0.000000e+00
      vertex   4.979800e+01 -1.503000e+00 0.000000e+00
      vertex   2.504800e+01 -5.002000e+00 0.000000e+00
    endloop
  endfacet
  facet normal 0.000000e+00 -0.000000e+00 -1.000000e+00
    outer loop
      vertex   2.504800e+01 -5.002000e+00 0.000000e+00
      vertex   5.261300e+01 -5.389000e+00 0.000000e+00
      vertex   2.498700e+01 -5.389000e+00 0.000000e+00
    endloop
  endfacet
  facet normal -0.000000e+00 0.000000e+00 -1.000000e+00
    outer loop
      vertex   3.574000e+00 4.700000e-01 0.000000e+00
      vertex   -1.049700e+01 -1.550000e+01 0.000000e+00
      vertex   2.379000e+00 2.046000e+00 0.000000e+00
    endloop
  endfacet
  facet normal -0.000000e+00 0.000000e+00 -1.000000e+00
    outer loop
      vertex   2.379000e+00 2.046000e+00 0.000000e+00
      vertex   -1.049700e+01 -1.550000e+01 0.000000e+00
      vertex   1.409000e+00 3.770000e+00 0.000000e+00
    endloop
  endfacet
  facet normal -0.000000e+00 0.000000e+00 -1.000000e+00
    outer loop
      vertex   1.409000e+00 3.770000e+00 0.000000e+00
      vertex   -1.049700e+01 -1.550000e+01 0.000000e+00
      vertex   6.830000e-01 5.611000e+00 0.000000e+00
    endloop
  endfacet
  facet normal 0.000000e+00 0.000000e+00 -1.000000e+00
    outer loop
      vertex   8.171000e+00 4.000000e-01 0.000000e+00
      vertex   6.938000e+00 1.339000e+00 0.000000e+00
      vertex   8.712000e+00 1.241000e+00 0.000000e+00
    endloop
  endfacet
  facet normal 0.000000e+00 0.000000e+00 -1.000000e+00
    outer loop
      vertex   6.938000e+00 1.339000e+00 0.000000e+00
      vertex   5.842000e+00 2.435000e+00 0.000000e+00
      vertex   7.593000e+00 2.094000e+00 0.000000e+00
    endloop
  endfacet
  facet normal 0.000000e+00 -0.000000e+00 -1.000000e+00
    outer loop
      vertex   6.597000e+00 3.090000e+00 0.000000e+00
      vertex   7.593000e+00 2.094000e+00 0.000000e+00
      vertex   5.842000e+00 2.435000e+00 0.000000e+00
    endloop
  endfacet
  facet normal 0.000000e+00 0.000000e+00 -1.000000e+00
    outer loop
      vertex   4.903000e+00 3.668000e+00 0.000000e+00
      vertex   5.744000e+00 4.209000e+00 0.000000e+00
      vertex   5.842000e+00 2.435000e+00 0.000000e+00
    endloop
  endfacet
  facet normal -0.000000e+00 0.000000e+00 -1.000000e+00
    outer loop
      vertex   6.597000e+00 3.090000e+00 0.000000e+00
      vertex   5.842000e+00 2.435000e+00 0.000000e+00
      vertex   5.744000e+00 4.209000e+00 0.000000e+00
    endloop
  endfacet
  facet normal 0.000000e+00 0.000000e+00 -1.000000e+00
    outer loop
      vertex   4.139000e+00 5.017000e+00 0.000000e+00
      vertex   5.049000e+00 5.432000e+00 0.000000e+00
      vertex   4.903000e+00 3.668000e+00 0.000000e+00
    endloop
  endfacet
  facet normal 0.000000e+00 -0.000000e+00 -1.000000e+00
    outer loop
      vertex   7.593000e+00 2.094000e+00 0.000000e+00
      vertex   8.712000e+00 1.241000e+00 0.000000e+00
      vertex   6.938000e+00 1.339000e+00 0.000000e+00
    endloop
  endfacet
  facet normal -0.000000e+00 0.000000e+00 -1.000000e+00
    outer loop
      vertex   4.523000e+00 6.738000e+00 0.000000e+00
      vertex   3.563000e+00 6.456000e+00 0.000000e+00
      vertex   4.176000e+00 8.102000e+00 0.000000e+00
    endloop
  endfacet
  facet normal 0.000000e+00 0.000000e+00 -1.000000e+00
    outer loop
      vertex   3.185000e+00 7.959000e+00 0.000000e+00
      vertex   4.176000e+00 8.102000e+00 0.000000e+00
      vertex   3.563000e+00 6.456000e+00 0.000000e+00
    endloop
  endfacet
  facet normal -0.000000e+00 0.000000e+00 -1.000000e+00
    outer loop
      vertex   6.830000e-01 5.611000e+00 0.000000e+00
      vertex   -1.049700e+01 -1.550000e+01 0.000000e+00
      vertex   2.150000e-01 7.532000e+00 0.000000e+00
    endloop
  endfacet
  facet normal 0.000000e+00 0.000000e+00 -1.000000e+00
    outer loop
      vertex   8.268000e+00 5.831000e+00 0.000000e+00
      vertex   7.778000e+00 6.679000e+00 0.000000e+00
      vertex   8.688000e+00 7.095000e+00 0.000000e+00
    endloop
  endfacet
  facet normal 0.000000e+00 0.000000e+00 -1.000000e+00
    outer loop
      vertex   7.403000e+00 7.583000e+00 0.000000e+00
      vertex   8.363000e+00 7.865000e+00 0.000000e+00
      vertex   7.778000e+00 6.679000e+00 0.000000e+00
    endloop
  endfacet
  facet normal 0.000000e+00 0.000000e+00 -1.000000e+00
    outer loop
      vertex   7.149000e+00 8.529000e+00 0.000000e+00
      vertex   8.140001e+00 8.672000e+00 0.000000e+00
      vertex   7.403000e+00 7.583000e+00 0.000000e+00
    endloop
  endfacet
  facet normal 0.000000e+00 -0.000000e+00 -1.000000e+00
    outer loop
      vertex   4.523000e+00 6.738000e+00 0.000000e+00
      vertex   5.049000e+00 5.432000e+00 0.000000e+00
      vertex   4.139000e+00 5.017000e+00 0.000000e+00
    endloop
  endfacet
  facet normal 0.000000e+00 0.000000e+00 -1.000000e+00
    outer loop
      vertex   4.139000e+00 5.017000e+00 0.000000e+00
      vertex   3.563000e+00 6.456000e+00 0.000000e+00
      vertex   4.523000e+00 6.738000e+00 0.000000e+00
    endloop
  endfacet
  facet normal -0.000000e+00 0.000000e+00 -1.000000e+00
    outer loop
      vertex   5.744000e+00 4.209000e+00 0.000000e+00
      vertex   4.903000e+00 3.668000e+00 0.000000e+00
      vertex   5.049000e+00 5.432000e+00 0.000000e+00
    endloop
  endfacet
  facet normal 0.000000e+00 0.000000e+00 -1.000000e+00
    outer loop
      vertex   1.303200e+01 2.646000e+00 0.000000e+00
      vertex   1.208600e+01 2.900000e+00 0.000000e+00
      vertex   1.317500e+01 3.637000e+00 0.000000e+00
    endloop
  endfacet
  facet normal 0.000000e+00 -0.000000e+00 -1.000000e+00
    outer loop
      vertex   1.236800e+01 3.860000e+00 0.000000e+00
      vertex   1.317500e+01 3.637000e+00 0.000000e+00
      vertex   1.208600e+01 2.900000e+00 0.000000e+00
    endloop
  endfacet
  facet normal 0.000000e+00 0.000000e+00 -1.000000e+00
    outer loop
      vertex   1.208600e+01 2.900000e+00 0.000000e+00
      vertex   1.118200e+01 3.275000e+00 0.000000e+00
      vertex   1.236800e+01 3.860000e+00 0.000000e+00
    endloop
  endfacet
  facet normal 0.000000e+00 0.000000e+00 -1.000000e+00
    outer loop
      vertex   9.557000e+00 4.362000e+00 0.000000e+00
      vertex   1.087500e+01 4.607000e+00 0.000000e+00
      vertex   1.033400e+01 3.765000e+00 0.000000e+00
    endloop
  endfacet
  facet normal 0.000000e+00 0.000000e+00 -1.000000e+00
    outer loop
      vertex   1.033400e+01 3.765000e+00 0.000000e+00
      vertex   1.159800e+01 4.185000e+00 0.000000e+00
      vertex   1.118200e+01 3.275000e+00 0.000000e+00
    endloop
  endfacet
  facet normal 0.000000e+00 -0.000000e+00 -1.000000e+00
    outer loop
      vertex   1.159800e+01 4.185000e+00 0.000000e+00
      vertex   1.236800e+01 3.860000e+00 0.000000e+00
      vertex   1.118200e+01 3.275000e+00 0.000000e+00
    endloop
  endfacet
  facet normal 0.000000e+00 0.000000e+00 -1.000000e+00
    outer loop
      vertex   9.520001e+00 -3.640000e-01 0.000000e+00
      vertex   8.171000e+00 4.000000e-01 0.000000e+00
      vertex   9.935001e+00 5.460000e-01 0.000000e+00
    endloop
  endfacet
  facet normal 0.000000e+00 -0.000000e+00 -1.000000e+00
    outer loop
      vertex   8.712000e+00 1.241000e+00 0.000000e+00
      vertex   9.935001e+00 5.460000e-01 0.000000e+00
      vertex   8.171000e+00 4.000000e-01 0.000000e+00
    endloop
  endfacet
  facet normal 0.000000e+00 0.000000e+00 -1.000000e+00
    outer loop
      vertex   9.520001e+00 -3.640000e-01 0.000000e+00
      vertex   9.935001e+00 5.460000e-01 0.000000e+00
      vertex   1.124100e+01 2.000000e-02 0.000000e+00
    endloop
  endfacet
  facet normal -1.000000e+00 -0.000000e+00 -0.000000e+00
    outer loop
      vertex   -7.914000e+00 2.625000e+01 9.000000e+00
      vertex   -7.914000e+00 2.625000e+01 3.000000e+00
      vertex   -7.914000e+00 2.425000e+01 9.000000e+00
    endloop
  endfacet
  facet normal 6.104614e-01 7.920460e-01 -0.000000e+00
    outer loop
      vertex   1.087500e+01 4.607000e+00 0.000000e+00
      vertex   1.021200e+01 5.118000e+00 2.998000e+00
      vertex   1.087500e+01 4.607000e+00 2.998000e+00
    endloop
  endfacet
  facet normal 1.000000e+00 -0.000000e+00 0.000000e+00
    outer loop
      vertex   -5.914000e+00 2.425000e+01 9.000000e+00
      vertex   -5.914000e+00 2.425000e+01 3.000000e+00
      vertex   -5.914000e+00 2.525000e+01 9.000000e+00
    endloop
  endfacet
  facet normal 0.000000e+00 1.000000e+00 0.000000e+00
    outer loop
      vertex   -5.914000e+00 2.225000e+01 9.000000e+00
      vertex   -6.912000e+00 2.225000e+01 5.000000e+00
      vertex   -7.914000e+00 2.225000e+01 9.000000e+00
    endloop
  endfacet
  facet normal 0.000000e+00 0.000000e+00 1.000000e+00
    outer loop
      vertex   9.621000e+00 5.709000e+00 2.998000e+00
      vertex   8.865000e+00 5.054000e+00 2.998000e+00
      vertex   1.021200e+01 5.118000e+00 2.998000e+00
    endloop
  endfacet
  facet normal 0.000000e+00 0.000000e+00 1.000000e+00
    outer loop
      vertex   1.021200e+01 5.118000e+00 2.998000e+00
      vertex   9.557000e+00 4.362000e+00 2.998000e+00
      vertex   1.087500e+01 4.607000e+00 2.998000e+00
    endloop
  endfacet
  facet normal 0.000000e+00 -0.000000e+00 1.000000e+00
    outer loop
      vertex   1.033400e+01 3.765000e+00 2.998000e+00
      vertex   1.087500e+01 4.607000e+00 2.998000e+00
      vertex   9.557000e+00 4.362000e+00 2.998000e+00
    endloop
  endfacet
  facet normal 0.000000e+00 -0.000000e+00 1.000000e+00
    outer loop
      vertex   9.557000e+00 4.362000e+00 2.998000e+00
      vertex   1.021200e+01 5.118000e+00 2.998000e+00
      vertex   8.865000e+00 5.054000e+00 2.998000e+00
    endloop
  endfacet
  facet normal 1.000000e+00 0.000000e+00 0.000000e+00
    outer loop
      vertex   -5.914000e+00 2.125000e+01 3.000000e+00
      vertex   -5.914000e+00 2.225000e+01 9.000000e+00
      vertex   -5.914000e+00 2.125000e+01 9.000000e+00
    endloop
  endfacet
  facet normal 0.000000e+00 -1.000000e+00 0.000000e+00
    outer loop
      vertex   -6.914000e+00 2.125000e+01 9.000000e+00
      vertex   -6.914000e+00 2.125000e+01 3.000000e+00
      vertex   -5.914000e+00 2.125000e+01 9.000000e+00
    endloop
  endfacet
  facet normal 0.000000e+00 0.000000e+00 1.000000e+00
    outer loop
      vertex   9.110000e+00 6.372001e+00 2.998000e+00
      vertex   8.688000e+00 7.095000e+00 2.998000e+00
      vertex   8.268000e+00 5.831000e+00 2.998000e+00
    endloop
  endfacet
  facet normal 5.040940e-01 8.636488e-01 0.000000e+00
    outer loop
      vertex   1.159800e+01 4.185000e+00 2.998000e+00
      vertex   1.087500e+01 4.607000e+00 0.000000e+00
      vertex   1.087500e+01 4.607000e+00 2.998000e+00
    endloop
  endfacet
  facet normal 0.000000e+00 -0.000000e+00 1.000000e+00
    outer loop
      vertex   1.283000e+01 5.823000e+00 2.998000e+00
      vertex   1.284800e+01 6.916000e+00 2.998000e+00
      vertex   1.228400e+01 6.085000e+00 2.998000e+00
    endloop
  endfacet
  facet normal 0.000000e+00 0.000000e+00 1.000000e+00
    outer loop
      vertex   -7.914000e+00 2.425000e+01 9.000000e+00
      vertex   -5.914000e+00 2.425000e+01 9.000000e+00
      vertex   -6.914000e+00 2.525000e+01 9.000000e+00
    endloop
  endfacet
  facet normal 0.000000e+00 0.000000e+00 1.000000e+00
    outer loop
      vertex   -5.914000e+00 2.525000e+01 9.000000e+00
      vertex   -6.914000e+00 2.525000e+01 9.000000e+00
      vertex   -5.914000e+00 2.425000e+01 9.000000e+00
    endloop
  endfacet
  facet normal 0.000000e+00 0.000000e+00 1.000000e+00
    outer loop
      vertex   -7.914000e+00 2.025000e+01 9.000000e+00
      vertex   -6.914000e+00 2.125000e+01 9.000000e+00
      vertex   -7.914000e+00 2.225000e+01 9.000000e+00
    endloop
  endfacet
  facet normal 0.000000e+00 0.000000e+00 1.000000e+00
    outer loop
      vertex   -5.914000e+00 2.225000e+01 9.000000e+00
      vertex   -7.914000e+00 2.225000e+01 9.000000e+00
      vertex   -6.914000e+00 2.125000e+01 9.000000e+00
    endloop
  endfacet
  facet normal 0.000000e+00 0.000000e+00 1.000000e+00
    outer loop
      vertex   -7.914000e+00 2.025000e+01 9.000000e+00
      vertex   -6.914000e+00 2.025000e+01 9.000000e+00
      vertex   -6.914000e+00 2.125000e+01 9.000000e+00
    endloop
  endfacet
  facet normal 0.000000e+00 -0.000000e+00 1.000000e+00
    outer loop
      vertex   -5.914000e+00 2.125000e+01 9.000000e+00
      vertex   -5.914000e+00 2.225000e+01 9.000000e+00
      vertex   -6.914000e+00 2.125000e+01 9.000000e+00
    endloop
  endfacet
  facet normal -9.958229e-01 0.000000e+00 9.130566e-02
    outer loop
      vertex   -8.225001e+00 3.627100e+01 7.017000e+00
      vertex   -8.257000e+00 3.240600e+01 6.668000e+00
      vertex   -8.225001e+00 3.240600e+01 7.017000e+00
    endloop
  endfacet
  facet normal -9.958229e-01 0.000000e+00 9.130566e-02
    outer loop
      vertex   -8.225001e+00 3.627100e+01 7.017000e+00
      vertex   -8.257000e+00 3.627100e+01 6.668000e+00
      vertex   -8.257000e+00 3.240600e+01 6.668000e+00
    endloop
  endfacet
  facet normal 0.000000e+00 -0.000000e+00 1.000000e+00
    outer loop
      vertex   -6.937000e+00 3.240600e+01 7.017000e+00
      vertex   -6.937000e+00 3.604700e+01 7.017000e+00
      vertex   -8.225001e+00 3.240600e+01 7.017000e+00
    endloop
  endfacet
  facet normal 0.000000e+00 -1.000000e+00 0.000000e+00
    outer loop
      vertex   -8.257000e+00 3.240600e+01 6.668000e+00
      vertex   -8.257000e+00 3.240600e+01 3.268000e+00
      vertex   -6.937000e+00 3.240600e+01 3.055000e+00
    endloop
  endfacet
  facet normal 0.000000e+00 -1.000000e+00 0.000000e+00
    outer loop
      vertex   -8.235000e+00 3.240600e+01 3.029000e+00
      vertex   -6.937000e+00 3.240600e+01 3.055000e+00
      vertex   -8.257000e+00 3.240600e+01 3.268000e+00
    endloop
  endfacet
  facet normal -0.000000e+00 -1.000000e+00 0.000000e+00
    outer loop
      vertex   -6.937000e+00 3.240600e+01 7.017000e+00
      vertex   -8.225001e+00 3.240600e+01 7.017000e+00
      vertex   -8.257000e+00 3.240600e+01 6.668000e+00
    endloop
  endfacet
  facet normal 9.638766e-01 2.663493e-01 0.000000e+00
    outer loop
      vertex   8.140001e+00 8.672000e+00 2.998000e+00
      vertex   8.363000e+00 7.865000e+00 2.998000e+00
      vertex   8.363000e+00 7.865000e+00 0.000000e+00
    endloop
  endfacet
  facet normal 9.212973e-01 3.888591e-01 0.000000e+00
    outer loop
      vertex   8.363000e+00 7.865000e+00 2.998000e+00
      vertex   8.688000e+00 7.095000e+00 2.998000e+00
      vertex   8.363000e+00 7.865000e+00 0.000000e+00
    endloop
  endfacet
  facet normal -9.957901e-01 0.000000e+00 -9.166310e-02
    outer loop
      vertex   -8.257000e+00 3.240600e+01 3.268000e+00
      vertex   -8.235000e+00 3.627100e+01 3.029000e+00
      vertex   -8.235000e+00 3.240600e+01 3.029000e+00
    endloop
  endfacet
  facet normal 0.000000e+00 -0.000000e+00 1.000000e+00
    outer loop
      vertex   -7.914000e+00 2.625000e+01 3.000000e+00
      vertex   -6.914000e+00 2.625000e+01 3.000000e+00
      vertex   -1.049700e+01 2.824800e+01 3.000000e+00
    endloop
  endfacet
  facet normal -1.000000e+00 -0.000000e+00 0.000000e+00
    outer loop
      vertex   -8.257000e+00 3.627100e+01 6.668000e+00
      vertex   -8.257000e+00 3.240600e+01 3.268000e+00
      vertex   -8.257000e+00 3.240600e+01 6.668000e+00
    endloop
  endfacet
  facet normal -8.345795e-01 -5.508875e-01 0.000000e+00
    outer loop
      vertex   1.058800e+01 7.781000e+00 2.998000e+00
      vertex   1.092200e+01 7.275000e+00 0.000000e+00
      vertex   1.092200e+01 7.275000e+00 2.998000e+00
    endloop
  endfacet
  facet normal 0.000000e+00 1.000000e+00 -0.000000e+00
    outer loop
      vertex   -2.503000e+00 2.824800e+01 2.998000e+00
      vertex   -1.049700e+01 2.824800e+01 3.000000e+00
      vertex   -2.503000e+00 2.824800e+01 3.000000e+00
    endloop
  endfacet
  facet normal 0.000000e+00 1.000000e+00 0.000000e+00
    outer loop
      vertex   -2.503000e+00 2.824800e+01 2.998000e+00
      vertex   -1.049700e+01 2.824800e+01 2.998000e+00
      vertex   -1.049700e+01 2.824800e+01 3.000000e+00
    endloop
  endfacet
  facet normal -7.532916e-01 -6.576867e-01 -0.000000e+00
    outer loop
      vertex   1.092200e+01 7.275000e+00 2.998000e+00
      vertex   1.092200e+01 7.275000e+00 0.000000e+00
      vertex   1.132100e+01 6.818000e+00 2.998000e+00
    endloop
  endfacet
  facet normal 0.000000e+00 0.000000e+00 1.000000e+00
    outer loop
      vertex   -2.503000e+00 2.824800e+01 3.000000e+00
      vertex   -1.049700e+01 2.824800e+01 3.000000e+00
      vertex   -6.914000e+00 2.625000e+01 3.000000e+00
    endloop
  endfacet
  facet normal 6.452061e-01 7.640086e-01 0.000000e+00
    outer loop
      vertex   1.243500e+01 7.176000e+00 2.998000e+00
      vertex   1.206200e+01 7.491000e+00 0.000000e+00
      vertex   1.206200e+01 7.491000e+00 2.998000e+00
    endloop
  endfacet
  facet normal 0.000000e+00 -0.000000e+00 1.000000e+00
    outer loop
      vertex   -5.914000e+00 2.525000e+01 3.000000e+00
      vertex   -2.503000e+00 2.824800e+01 3.000000e+00
      vertex   -6.914000e+00 2.625000e+01 3.000000e+00
    endloop
  endfacet
  facet normal 0.000000e+00 0.000000e+00 1.000000e+00
    outer loop
      vertex   -6.914000e+00 2.525000e+01 3.000000e+00
      vertex   -5.914000e+00 2.525000e+01 3.000000e+00
      vertex   -6.914000e+00 2.625000e+01 3.000000e+00
    endloop
  endfacet
  facet normal 7.459382e-01 6.660151e-01 -0.000000e+00
    outer loop
      vertex   1.206200e+01 7.491000e+00 0.000000e+00
      vertex   1.173700e+01 7.855000e+00 2.998000e+00
      vertex   1.206200e+01 7.491000e+00 2.998000e+00
    endloop
  endfacet
  facet normal 1.000000e+00 0.000000e+00 0.000000e+00
    outer loop
      vertex   -5.914000e+00 2.525000e+01 9.000000e+00
      vertex   -5.914000e+00 2.425000e+01 3.000000e+00
      vertex   -5.914000e+00 2.525000e+01 3.000000e+00
    endloop
  endfacet
  facet normal 0.000000e+00 0.000000e+00 1.000000e+00
    outer loop
      vertex   1.284800e+01 6.916000e+00 2.998000e+00
      vertex   1.243500e+01 7.176000e+00 2.998000e+00
      vertex   1.228400e+01 6.085000e+00 2.998000e+00
    endloop
  endfacet
  facet normal 0.000000e+00 0.000000e+00 1.000000e+00
    outer loop
      vertex   1.243500e+01 7.176000e+00 2.998000e+00
      vertex   1.206200e+01 7.491000e+00 2.998000e+00
      vertex   1.177800e+01 6.419000e+00 2.998000e+00
    endloop
  endfacet
  facet normal -0.000000e+00 0.000000e+00 1.000000e+00
    outer loop
      vertex   1.132100e+01 6.818000e+00 2.998000e+00
      vertex   1.177800e+01 6.419000e+00 2.998000e+00
      vertex   1.206200e+01 7.491000e+00 2.998000e+00
    endloop
  endfacet
  facet normal 0.000000e+00 0.000000e+00 1.000000e+00
    outer loop
      vertex   1.206200e+01 7.491000e+00 2.998000e+00
      vertex   1.173700e+01 7.855000e+00 2.998000e+00
      vertex   1.132100e+01 6.818000e+00 2.998000e+00
    endloop
  endfacet
  facet normal -0.000000e+00 0.000000e+00 1.000000e+00
    outer loop
      vertex   1.092200e+01 7.275000e+00 2.998000e+00
      vertex   1.132100e+01 6.818000e+00 2.998000e+00
      vertex   1.173700e+01 7.855000e+00 2.998000e+00
    endloop
  endfacet
  facet normal 0.000000e+00 0.000000e+00 1.000000e+00
    outer loop
      vertex   1.173700e+01 7.855000e+00 2.998000e+00
      vertex   1.146500e+01 8.261000e+00 2.998000e+00
      vertex   1.092200e+01 7.275000e+00 2.998000e+00
    endloop
  endfacet
  facet normal 0.000000e+00 1.000000e+00 0.000000e+00
    outer loop
      vertex   -6.914000e+00 2.525000e+01 3.000000e+00
      vertex   -5.914000e+00 2.525000e+01 9.000000e+00
      vertex   -5.914000e+00 2.525000e+01 3.000000e+00
    endloop
  endfacet
  facet normal 0.000000e+00 1.000000e+00 0.000000e+00
    outer loop
      vertex   -6.914000e+00 2.625000e+01 3.000000e+00
      vertex   -7.914000e+00 2.625000e+01 3.000000e+00
      vertex   -7.914000e+00 2.625000e+01 9.000000e+00
    endloop
  endfacet
  facet normal -0.000000e+00 0.000000e+00 1.000000e+00
    outer loop
      vertex   1.058800e+01 7.781000e+00 2.998000e+00
      vertex   1.092200e+01 7.275000e+00 2.998000e+00
      vertex   1.146500e+01 8.261000e+00 2.998000e+00
    endloop
  endfacet
  facet normal 0.000000e+00 0.000000e+00 1.000000e+00
    outer loop
      vertex   1.146500e+01 8.261000e+00 2.998000e+00
      vertex   1.125300e+01 8.701000e+00 2.998000e+00
      vertex   1.058800e+01 7.781000e+00 2.998000e+00
    endloop
  endfacet
  facet normal -3.087873e-01 -9.511311e-01 -0.000000e+00
    outer loop
      vertex   1.283000e+01 5.823000e+00 2.998000e+00
      vertex   1.283000e+01 5.823000e+00 0.000000e+00
      vertex   1.340600e+01 5.636000e+00 0.000000e+00
    endloop
  endfacet
  facet normal -0.000000e+00 0.000000e+00 1.000000e+00
    outer loop
      vertex   -2.503000e+00 2.824800e+01 2.998000e+00
      vertex   5.844000e+00 2.163100e+01 2.998000e+00
      vertex   2.255000e+00 3.350300e+01 2.998000e+00
    endloop
  endfacet
  facet normal -4.326244e-01 -9.015742e-01 -0.000000e+00
    outer loop
      vertex   1.283000e+01 5.823000e+00 2.998000e+00
      vertex   1.228400e+01 6.085000e+00 2.998000e+00
      vertex   1.283000e+01 5.823000e+00 0.000000e+00
    endloop
  endfacet
  facet normal 1.780151e-01 -9.840278e-01 0.000000e+00
    outer loop
      vertex   1.500300e+01 5.528000e+00 0.000000e+00
      vertex   1.560000e+01 5.636000e+00 0.000000e+00
      vertex   1.560000e+01 5.636000e+00 2.998000e+00
    endloop
  endfacet
  facet normal -1.000000e+00 0.000000e+00 0.000000e+00
    outer loop
      vertex   1.400300e+01 5.528000e+00 0.000000e+00
      vertex   1.400300e+01 3.519000e+00 2.998000e+00
      vertex   1.400300e+01 5.528000e+00 2.998000e+00
    endloop
  endfacet
  facet normal -1.000000e+00 0.000000e+00 0.000000e+00
    outer loop
      vertex   1.400300e+01 5.528000e+00 0.000000e+00
      vertex   1.400300e+01 3.519000e+00 0.000000e+00
      vertex   1.400300e+01 3.519000e+00 2.998000e+00
    endloop
  endfacet
  facet normal 3.087873e-01 -9.511311e-01 0.000000e+00
    outer loop
      vertex   1.560000e+01 5.636000e+00 2.998000e+00
      vertex   1.560000e+01 5.636000e+00 0.000000e+00
      vertex   1.617600e+01 5.823000e+00 2.998000e+00
    endloop
  endfacet
  facet normal 3.087873e-01 -9.511311e-01 0.000000e+00
    outer loop
      vertex   1.617600e+01 5.823000e+00 0.000000e+00
      vertex   1.617600e+01 5.823000e+00 2.998000e+00
      vertex   1.560000e+01 5.636000e+00 0.000000e+00
    endloop
  endfacet
  facet normal 9.934093e-01 0.000000e+00 1.146211e-01
    outer loop
      vertex   -6.934000e+00 3.604700e+01 3.029000e+00
      vertex   -6.937000e+00 3.240600e+01 3.055000e+00
      vertex   -6.934000e+00 3.240600e+01 3.029000e+00
    endloop
  endfacet
  facet normal 9.934093e-01 0.000000e+00 1.146211e-01
    outer loop
      vertex   -6.934000e+00 3.604700e+01 3.029000e+00
      vertex   -6.937000e+00 3.604700e+01 3.055000e+00
      vertex   -6.937000e+00 3.240600e+01 3.055000e+00
    endloop
  endfacet
  facet normal 4.326237e-01 -9.015746e-01 0.000000e+00
    outer loop
      vertex   1.617600e+01 5.823000e+00 2.998000e+00
      vertex   1.617600e+01 5.823000e+00 0.000000e+00
      vertex   1.672200e+01 6.085000e+00 0.000000e+00
    endloop
  endfacet
  facet normal 1.000000e+00 0.000000e+00 0.000000e+00
    outer loop
      vertex   -6.937000e+00 3.604700e+01 3.055000e+00
      vertex   -6.937000e+00 3.240600e+01 7.017000e+00
      vertex   -6.937000e+00 3.240600e+01 3.055000e+00
    endloop
  endfacet
  facet normal 0.000000e+00 -1.000000e+00 -0.000000e+00
    outer loop
      vertex   -6.937000e+00 3.240600e+01 7.017000e+00
      vertex   -8.257000e+00 3.240600e+01 6.668000e+00
      vertex   -6.937000e+00 3.240600e+01 3.055000e+00
    endloop
  endfacet
  facet normal 0.000000e+00 -1.000000e+00 0.000000e+00
    outer loop
      vertex   -6.934000e+00 3.240600e+01 3.029000e+00
      vertex   -6.937000e+00 3.240600e+01 3.055000e+00
      vertex   -8.235000e+00 3.240600e+01 3.029000e+00
    endloop
  endfacet
  facet normal 1.000000e+00 0.000000e+00 0.000000e+00
    outer loop
      vertex   1.500300e+01 5.528000e+00 2.998000e+00
      vertex   1.500300e+01 3.519000e+00 2.998000e+00
      vertex   1.500300e+01 5.528000e+00 0.000000e+00
    endloop
  endfacet
  facet normal 0.000000e+00 0.000000e+00 -1.000000e+00
    outer loop
      vertex   -8.235000e+00 3.240600e+01 3.029000e+00
      vertex   -8.235000e+00 3.627100e+01 3.029000e+00
      vertex   -6.934000e+00 3.604700e+01 3.029000e+00
    endloop
  endfacet
  facet normal 0.000000e+00 0.000000e+00 -1.000000e+00
    outer loop
      vertex   -8.235000e+00 3.240600e+01 3.029000e+00
      vertex   -6.934000e+00 3.604700e+01 3.029000e+00
      vertex   -6.934000e+00 3.240600e+01 3.029000e+00
    endloop
  endfacet
  facet normal -4.032870e-01 9.150735e-01 0.000000e+00
    outer loop
      vertex   1.613500e+01 6.904000e+00 2.998000e+00
      vertex   1.613500e+01 6.904000e+00 0.000000e+00
      vertex   1.568800e+01 6.707000e+00 0.000000e+00
    endloop
  endfacet
  facet normal 1.000000e+00 0.000000e+00 0.000000e+00
    outer loop
      vertex   -6.937000e+00 3.604700e+01 7.017000e+00
      vertex   -6.937000e+00 3.240600e+01 7.017000e+00
      vertex   -6.937000e+00 3.604700e+01 3.055000e+00
    endloop
  endfacet
  facet normal 2.049516e-03 9.999979e-01 0.000000e+00
    outer loop
      vertex   1.473400e+01 6.508000e+00 2.998000e+00
      vertex   1.473400e+01 6.508000e+00 0.000000e+00
      vertex   1.424600e+01 6.509000e+00 0.000000e+00
    endloop
  endfacet
  facet normal 1.434296e-01 9.896605e-01 -0.000000e+00
    outer loop
      vertex   1.424600e+01 6.509000e+00 0.000000e+00
      vertex   1.376300e+01 6.579000e+00 0.000000e+00
      vertex   1.424600e+01 6.509000e+00 2.998000e+00
    endloop
  endfacet
  facet normal 1.434296e-01 9.896605e-01 0.000000e+00
    outer loop
      vertex   1.376300e+01 6.579000e+00 2.998000e+00
      vertex   1.424600e+01 6.509000e+00 2.998000e+00
      vertex   1.376300e+01 6.579000e+00 0.000000e+00
    endloop
  endfacet
  facet normal 2.803929e-01 9.598853e-01 -0.000000e+00
    outer loop
      vertex   1.376300e+01 6.579000e+00 0.000000e+00
      vertex   1.329400e+01 6.716000e+00 0.000000e+00
      vertex   1.376300e+01 6.579000e+00 2.998000e+00
    endloop
  endfacet
  facet normal 0.000000e+00 1.000000e+00 0.000000e+00
    outer loop
      vertex   -6.914000e+00 2.525000e+01 3.000000e+00
      vertex   -6.914000e+00 2.525000e+01 9.000000e+00
      vertex   -5.914000e+00 2.525000e+01 9.000000e+00
    endloop
  endfacet
  facet normal -1.351135e-01 9.908301e-01 0.000000e+00
    outer loop
      vertex   1.521800e+01 6.574000e+00 0.000000e+00
      vertex   1.473400e+01 6.508000e+00 0.000000e+00
      vertex   1.473400e+01 6.508000e+00 2.998000e+00
    endloop
  endfacet
  facet normal 5.327609e-01 8.462658e-01 0.000000e+00
    outer loop
      vertex   1.284800e+01 6.916000e+00 2.998000e+00
      vertex   1.284800e+01 6.916000e+00 0.000000e+00
      vertex   1.243500e+01 7.176000e+00 2.998000e+00
    endloop
  endfacet
  facet normal 5.327609e-01 8.462658e-01 -0.000000e+00
    outer loop
      vertex   1.243500e+01 7.176000e+00 0.000000e+00
      vertex   1.243500e+01 7.176000e+00 2.998000e+00
      vertex   1.284800e+01 6.916000e+00 0.000000e+00
    endloop
  endfacet
  facet normal 1.000000e+00 0.000000e+00 0.000000e+00
    outer loop
      vertex   -6.914000e+00 2.525000e+01 9.000000e+00
      vertex   -6.914000e+00 2.525000e+01 3.000000e+00
      vertex   -6.914000e+00 2.625000e+01 3.000000e+00
    endloop
  endfacet
  facet normal 4.091730e-01 9.124568e-01 0.000000e+00
    outer loop
      vertex   1.284800e+01 6.916000e+00 2.998000e+00
      vertex   1.329400e+01 6.716000e+00 0.000000e+00
      vertex   1.284800e+01 6.916000e+00 0.000000e+00
    endloop
  endfacet
  facet normal -1.780151e-01 -9.840278e-01 0.000000e+00
    outer loop
      vertex   1.340600e+01 5.636000e+00 0.000000e+00
      vertex   1.400300e+01 5.528000e+00 2.998000e+00
      vertex   1.340600e+01 5.636000e+00 2.998000e+00
    endloop
  endfacet
  facet normal -1.780151e-01 -9.840278e-01 0.000000e+00
    outer loop
      vertex   1.340600e+01 5.636000e+00 0.000000e+00
      vertex   1.400300e+01 5.528000e+00 0.000000e+00
      vertex   1.400300e+01 5.528000e+00 2.998000e+00
    endloop
  endfacet
  facet normal 0.000000e+00 1.000000e+00 -0.000000e+00
    outer loop
      vertex   -6.914000e+00 2.625000e+01 3.000000e+00
      vertex   -7.914000e+00 2.625000e+01 9.000000e+00
      vertex   -6.914000e+00 2.625000e+01 9.000000e+00
    endloop
  endfacet
  facet normal 1.000000e+00 0.000000e+00 -0.000000e+00
    outer loop
      vertex   -6.914000e+00 2.625000e+01 3.000000e+00
      vertex   -6.914000e+00 2.625000e+01 9.000000e+00
      vertex   -6.914000e+00 2.525000e+01 9.000000e+00
    endloop
  endfacet
  facet normal 0.000000e+00 0.000000e+00 1.000000e+00
    outer loop
      vertex   -7.914000e+00 2.625000e+01 9.000000e+00
      vertex   -7.914000e+00 2.425000e+01 9.000000e+00
      vertex   -6.914000e+00 2.525000e+01 9.000000e+00
    endloop
  endfacet
  facet normal -3.087873e-01 -9.511311e-01 0.000000e+00
    outer loop
      vertex   1.283000e+01 5.823000e+00 2.998000e+00
      vertex   1.340600e+01 5.636000e+00 0.000000e+00
      vertex   1.340600e+01 5.636000e+00 2.998000e+00
    endloop
  endfacet
  facet normal 0.000000e+00 0.000000e+00 1.000000e+00
    outer loop
      vertex   -6.914000e+00 2.625000e+01 9.000000e+00
      vertex   -7.914000e+00 2.625000e+01 9.000000e+00
      vertex   -6.914000e+00 2.525000e+01 9.000000e+00
    endloop
  endfacet
  facet normal -9.969250e-01 7.836100e-02 0.000000e+00
    outer loop
      vertex   -8.221000e+00 3.672900e+01 3.268000e+00
      vertex   -8.257000e+00 3.627100e+01 3.268000e+00
      vertex   -8.221000e+00 3.672900e+01 6.668000e+00
    endloop
  endfacet
  facet normal -9.969250e-01 7.836100e-02 0.000000e+00
    outer loop
      vertex   -8.257000e+00 3.627100e+01 6.668000e+00
      vertex   -8.221000e+00 3.672900e+01 6.668000e+00
      vertex   -8.257000e+00 3.627100e+01 3.268000e+00
    endloop
  endfacet
  facet normal -9.721502e-01 2.343587e-01 0.000000e+00
    outer loop
      vertex   -8.221000e+00 3.672900e+01 3.268000e+00
      vertex   -8.221000e+00 3.672900e+01 6.668000e+00
      vertex   -8.113000e+00 3.717700e+01 3.268000e+00
    endloop
  endfacet
  facet normal -9.957901e-01 0.000000e+00 -9.166310e-02
    outer loop
      vertex   -8.257000e+00 3.240600e+01 3.268000e+00
      vertex   -8.257000e+00 3.627100e+01 3.268000e+00
      vertex   -8.235000e+00 3.627100e+01 3.029000e+00
    endloop
  endfacet
  facet normal -9.926243e-01 7.853555e-02 -9.235400e-02
    outer loop
      vertex   -8.199000e+00 3.672600e+01 3.029000e+00
      vertex   -8.235000e+00 3.627100e+01 3.029000e+00
      vertex   -8.221000e+00 3.672900e+01 3.268000e+00
    endloop
  endfacet
  facet normal 0.000000e+00 0.000000e+00 1.000000e+00
    outer loop
      vertex   1.376300e+01 6.579000e+00 2.998000e+00
      vertex   1.329400e+01 6.716000e+00 2.998000e+00
      vertex   1.340600e+01 5.636000e+00 2.998000e+00
    endloop
  endfacet
  facet normal 0.000000e+00 0.000000e+00 1.000000e+00
    outer loop
      vertex   1.424600e+01 6.509000e+00 2.998000e+00
      vertex   1.376300e+01 6.579000e+00 2.998000e+00
      vertex   1.400300e+01 5.528000e+00 2.998000e+00
    endloop
  endfacet
  facet normal -0.000000e+00 0.000000e+00 1.000000e+00
    outer loop
      vertex   1.340600e+01 5.636000e+00 2.998000e+00
      vertex   1.400300e+01 5.528000e+00 2.998000e+00
      vertex   1.376300e+01 6.579000e+00 2.998000e+00
    endloop
  endfacet
  facet normal -9.927537e-01 7.803312e-02 -9.138360e-02
    outer loop
      vertex   -8.257000e+00 3.627100e+01 3.268000e+00
      vertex   -8.221000e+00 3.672900e+01 3.268000e+00
      vertex   -8.235000e+00 3.627100e+01 3.029000e+00
    endloop
  endfacet
  facet normal 0.000000e+00 0.000000e+00 1.000000e+00
    outer loop
      vertex   1.500300e+01 5.528000e+00 2.998000e+00
      vertex   1.473400e+01 6.508000e+00 2.998000e+00
      vertex   1.400300e+01 5.528000e+00 2.998000e+00
    endloop
  endfacet
  facet normal -9.680245e-01 2.333642e-01 -9.203110e-02
    outer loop
      vertex   -8.113000e+00 3.717700e+01 3.268000e+00
      vertex   -8.199000e+00 3.672600e+01 3.029000e+00
      vertex   -8.221000e+00 3.672900e+01 3.268000e+00
    endloop
  endfacet
  facet normal 0.000000e+00 -0.000000e+00 -1.000000e+00
    outer loop
      vertex   -8.056000e+00 3.725600e+01 3.029000e+00
      vertex   -6.841000e+00 3.663900e+01 3.029000e+00
      vertex   -8.199000e+00 3.672600e+01 3.029000e+00
    endloop
  endfacet
  facet normal -0.000000e+00 0.000000e+00 1.000000e+00
    outer loop
      vertex   1.400300e+01 5.528000e+00 2.998000e+00
      vertex   1.400300e+01 3.519000e+00 2.998000e+00
      vertex   1.500300e+01 5.528000e+00 2.998000e+00
    endloop
  endfacet
  facet normal -0.000000e+00 0.000000e+00 1.000000e+00
    outer loop
      vertex   -1.029400e+01 3.705300e+01 2.998000e+00
      vertex   -1.044700e+01 3.628300e+01 2.998000e+00
      vertex   -7.707000e+00 3.791900e+01 2.998000e+00
    endloop
  endfacet
  facet normal 1.780151e-01 -9.840278e-01 0.000000e+00
    outer loop
      vertex   1.500300e+01 5.528000e+00 2.998000e+00
      vertex   1.500300e+01 5.528000e+00 0.000000e+00
      vertex   1.560000e+01 5.636000e+00 2.998000e+00
    endloop
  endfacet
  facet normal -1.000000e+00 0.000000e+00 -0.000000e+00
    outer loop
      vertex   -8.257000e+00 3.627100e+01 6.668000e+00
      vertex   -8.257000e+00 3.627100e+01 3.268000e+00
      vertex   -8.257000e+00 3.240600e+01 3.268000e+00
    endloop
  endfacet
  facet normal -9.979674e-01 6.372691e-02 0.000000e+00
    outer loop
      vertex   -1.044700e+01 3.628300e+01 0.000000e+00
      vertex   -1.049700e+01 3.550000e+01 2.998000e+00
      vertex   -1.044700e+01 3.628300e+01 2.998000e+00
    endloop
  endfacet
  facet normal -9.979674e-01 6.372691e-02 0.000000e+00
    outer loop
      vertex   -1.044700e+01 3.628300e+01 0.000000e+00
      vertex   -1.049700e+01 3.550000e+01 0.000000e+00
      vertex   -1.049700e+01 3.550000e+01 2.998000e+00
    endloop
  endfacet
  facet normal -9.808247e-01 1.948918e-01 0.000000e+00
    outer loop
      vertex   -1.044700e+01 3.628300e+01 0.000000e+00
      vertex   -1.044700e+01 3.628300e+01 2.998000e+00
      vertex   -1.029400e+01 3.705300e+01 2.998000e+00
    endloop
  endfacet
  facet normal 0.000000e+00 0.000000e+00 1.000000e+00
    outer loop
      vertex   -1.049700e+01 2.824800e+01 2.998000e+00
      vertex   -2.503000e+00 2.824800e+01 2.998000e+00
      vertex   -1.049700e+01 3.550000e+01 2.998000e+00
    endloop
  endfacet
  facet normal -7.514710e-01 6.597661e-01 0.000000e+00
    outer loop
      vertex   -8.740000e+00 3.974300e+01 0.000000e+00
      vertex   -9.258000e+00 3.915300e+01 0.000000e+00
      vertex   -8.740000e+00 3.974300e+01 2.998000e+00
    endloop
  endfacet
  facet normal -7.514710e-01 6.597661e-01 0.000000e+00
    outer loop
      vertex   -9.258000e+00 3.915300e+01 2.998000e+00
      vertex   -8.740000e+00 3.974300e+01 2.998000e+00
      vertex   -9.258000e+00 3.915300e+01 0.000000e+00
    endloop
  endfacet
  facet normal 4.326237e-01 -9.015746e-01 0.000000e+00
    outer loop
      vertex   1.672200e+01 6.085000e+00 0.000000e+00
      vertex   1.672200e+01 6.085000e+00 2.998000e+00
      vertex   1.617600e+01 5.823000e+00 2.998000e+00
    endloop
  endfacet
  facet normal -6.596773e-01 7.515490e-01 0.000000e+00
    outer loop
      vertex   -8.740000e+00 3.974300e+01 0.000000e+00
      vertex   -8.151000e+00 4.026000e+01 2.998000e+00
      vertex   -8.151000e+00 4.026000e+01 0.000000e+00
    endloop
  endfacet
  facet normal -6.596773e-01 7.515490e-01 0.000000e+00
    outer loop
      vertex   -8.740000e+00 3.974300e+01 2.998000e+00
      vertex   -8.151000e+00 4.026000e+01 2.998000e+00
      vertex   -8.740000e+00 3.974300e+01 0.000000e+00
    endloop
  endfacet
  facet normal 0.000000e+00 -0.000000e+00 1.000000e+00
    outer loop
      vertex   -8.768000e+00 3.898000e+01 2.998000e+00
      vertex   -8.740000e+00 3.974300e+01 2.998000e+00
      vertex   -9.258000e+00 3.915300e+01 2.998000e+00
    endloop
  endfacet
  facet normal 0.000000e+00 0.000000e+00 1.000000e+00
    outer loop
      vertex   -8.768000e+00 3.898000e+01 2.998000e+00
      vertex   -8.061000e+00 3.968700e+01 2.998000e+00
      vertex   -8.740000e+00 3.974300e+01 2.998000e+00
    endloop
  endfacet
  facet normal 0.000000e+00 0.000000e+00 1.000000e+00
    outer loop
      vertex   1.424600e+01 6.509000e+00 2.998000e+00
      vertex   1.400300e+01 5.528000e+00 2.998000e+00
      vertex   1.473400e+01 6.508000e+00 2.998000e+00
    endloop
  endfacet
  facet normal 0.000000e+00 0.000000e+00 1.000000e+00
    outer loop
      vertex   1.613500e+01 6.904000e+00 2.998000e+00
      vertex   1.568800e+01 6.707000e+00 2.998000e+00
      vertex   1.617600e+01 5.823000e+00 2.998000e+00
    endloop
  endfacet
  facet normal 0.000000e+00 0.000000e+00 1.000000e+00
    outer loop
      vertex   1.672200e+01 6.085000e+00 2.998000e+00
      vertex   1.613500e+01 6.904000e+00 2.998000e+00
      vertex   1.617600e+01 5.823000e+00 2.998000e+00
    endloop
  endfacet
  facet normal 0.000000e+00 0.000000e+00 1.000000e+00
    outer loop
      vertex   1.617600e+01 5.823000e+00 2.998000e+00
      vertex   1.568800e+01 6.707000e+00 2.998000e+00
      vertex   1.560000e+01 5.636000e+00 2.998000e+00
    endloop
  endfacet
  facet normal -7.071077e-01 7.071059e-01 0.000000e+00
    outer loop
      vertex   -8.061000e+00 3.968700e+01 2.998000e+00
      vertex   -8.768000e+00 3.898000e+01 2.998000e+00
      vertex   -8.768000e+00 3.898000e+01 4.996000e+00
    endloop
  endfacet
  facet normal -7.071062e-01 -7.071074e-01 0.000000e+00
    outer loop
      vertex   -7.730000e+00 3.794200e+01 3.268000e+00
      vertex   -7.730000e+00 3.794200e+01 4.996000e+00
      vertex   -8.768000e+00 3.898000e+01 4.996000e+00
    endloop
  endfacet
  facet normal -7.071070e-01 -7.071066e-01 -1.368543e-05
    outer loop
      vertex   -7.707000e+00 3.791900e+01 2.998000e+00
      vertex   -7.714000e+00 3.792600e+01 3.029000e+00
      vertex   -8.768000e+00 3.898000e+01 2.998000e+00
    endloop
  endfacet
  facet normal -9.808247e-01 1.948918e-01 0.000000e+00
    outer loop
      vertex   -1.029400e+01 3.705300e+01 0.000000e+00
      vertex   -1.044700e+01 3.628300e+01 0.000000e+00
      vertex   -1.029400e+01 3.705300e+01 2.998000e+00
    endloop
  endfacet
  facet normal -9.466255e-01 3.223354e-01 0.000000e+00
    outer loop
      vertex   -1.004100e+01 3.779600e+01 0.000000e+00
      vertex   -1.029400e+01 3.705300e+01 2.998000e+00
      vertex   -1.004100e+01 3.779600e+01 2.998000e+00
    endloop
  endfacet
  facet normal -9.466255e-01 3.223354e-01 0.000000e+00
    outer loop
      vertex   -1.004100e+01 3.779600e+01 0.000000e+00
      vertex   -1.029400e+01 3.705300e+01 0.000000e+00
      vertex   -1.029400e+01 3.705300e+01 2.998000e+00
    endloop
  endfacet
  facet normal -8.969607e-01 4.421103e-01 0.000000e+00
    outer loop
      vertex   -9.694000e+00 3.850000e+01 0.000000e+00
      vertex   -1.004100e+01 3.779600e+01 2.998000e+00
      vertex   -9.694000e+00 3.850000e+01 2.998000e+00
    endloop
  endfacet
  facet normal -8.969607e-01 4.421103e-01 0.000000e+00
    outer loop
      vertex   -9.694000e+00 3.850000e+01 0.000000e+00
      vertex   -1.004100e+01 3.779600e+01 0.000000e+00
      vertex   -1.004100e+01 3.779600e+01 2.998000e+00
    endloop
  endfacet
  facet normal -8.316580e-01 5.552881e-01 0.000000e+00
    outer loop
      vertex   -9.258000e+00 3.915300e+01 0.000000e+00
      vertex   -9.694000e+00 3.850000e+01 2.998000e+00
      vertex   -9.258000e+00 3.915300e+01 2.998000e+00
    endloop
  endfacet
  facet normal -8.316580e-01 5.552881e-01 0.000000e+00
    outer loop
      vertex   -9.258000e+00 3.915300e+01 0.000000e+00
      vertex   -9.694000e+00 3.850000e+01 0.000000e+00
      vertex   -9.694000e+00 3.850000e+01 2.998000e+00
    endloop
  endfacet
  facet normal 2.049516e-03 9.999979e-01 -0.000000e+00
    outer loop
      vertex   1.424600e+01 6.509000e+00 0.000000e+00
      vertex   1.424600e+01 6.509000e+00 2.998000e+00
      vertex   1.473400e+01 6.508000e+00 2.998000e+00
    endloop
  endfacet
  facet normal 0.000000e+00 0.000000e+00 1.000000e+00
    outer loop
      vertex   -9.258000e+00 3.915300e+01 2.998000e+00
      vertex   -9.694000e+00 3.850000e+01 2.998000e+00
      vertex   -8.768000e+00 3.898000e+01 2.998000e+00
    endloop
  endfacet
  facet normal 0.000000e+00 0.000000e+00 1.000000e+00
    outer loop
      vertex   -8.768000e+00 3.898000e+01 2.998000e+00
      vertex   -9.694000e+00 3.850000e+01 2.998000e+00
      vertex   -7.707000e+00 3.791900e+01 2.998000e+00
    endloop
  endfacet
  facet normal -0.000000e+00 0.000000e+00 1.000000e+00
    outer loop
      vertex   -1.004100e+01 3.779600e+01 2.998000e+00
      vertex   -1.029400e+01 3.705300e+01 2.998000e+00
      vertex   -7.707000e+00 3.791900e+01 2.998000e+00
    endloop
  endfacet
  facet normal 0.000000e+00 0.000000e+00 1.000000e+00
    outer loop
      vertex   -1.004100e+01 3.779600e+01 2.998000e+00
      vertex   -7.707000e+00 3.791900e+01 2.998000e+00
      vertex   -9.694000e+00 3.850000e+01 2.998000e+00
    endloop
  endfacet
  facet normal 2.803929e-01 9.598853e-01 0.000000e+00
    outer loop
      vertex   1.376300e+01 6.579000e+00 2.998000e+00
      vertex   1.329400e+01 6.716000e+00 0.000000e+00
      vertex   1.329400e+01 6.716000e+00 2.998000e+00
    endloop
  endfacet
  facet normal -7.071062e-01 -7.071074e-01 -0.000000e+00
    outer loop
      vertex   -8.768000e+00 3.898000e+01 4.996000e+00
      vertex   -8.768000e+00 3.898000e+01 2.998000e+00
      vertex   -7.730000e+00 3.794200e+01 3.268000e+00
    endloop
  endfacet
  facet normal 4.091730e-01 9.124568e-01 -0.000000e+00
    outer loop
      vertex   1.329400e+01 6.716000e+00 0.000000e+00
      vertex   1.284800e+01 6.916000e+00 2.998000e+00
      vertex   1.329400e+01 6.716000e+00 2.998000e+00
    endloop
  endfacet
  facet normal -0.000000e+00 0.000000e+00 1.000000e+00
    outer loop
      vertex   -8.768000e+00 3.898000e+01 4.996000e+00
      vertex   -7.398000e+00 3.834500e+01 4.996000e+00
      vertex   -8.061000e+00 3.968700e+01 4.996000e+00
    endloop
  endfacet
  facet normal -0.000000e+00 0.000000e+00 1.000000e+00
    outer loop
      vertex   1.283000e+01 5.823000e+00 2.998000e+00
      vertex   1.340600e+01 5.636000e+00 2.998000e+00
      vertex   1.329400e+01 6.716000e+00 2.998000e+00
    endloop
  endfacet
  facet normal -0.000000e+00 0.000000e+00 1.000000e+00
    outer loop
      vertex   1.177800e+01 6.419000e+00 2.998000e+00
      vertex   1.228400e+01 6.085000e+00 2.998000e+00
      vertex   1.243500e+01 7.176000e+00 2.998000e+00
    endloop
  endfacet
  facet normal 0.000000e+00 0.000000e+00 1.000000e+00
    outer loop
      vertex   1.284800e+01 6.916000e+00 2.998000e+00
      vertex   1.283000e+01 5.823000e+00 2.998000e+00
      vertex   1.329400e+01 6.716000e+00 2.998000e+00
    endloop
  endfacet
  facet normal -9.922116e-01 8.086493e-02 9.474670e-02
    outer loop
      vertex   -8.188000e+00 3.672500e+01 7.017000e+00
      vertex   -8.221000e+00 3.672900e+01 6.668000e+00
      vertex   -8.225001e+00 3.627100e+01 7.017000e+00
    endloop
  endfacet
  facet normal -4.032870e-01 9.150735e-01 0.000000e+00
    outer loop
      vertex   1.568800e+01 6.707000e+00 0.000000e+00
      vertex   1.568800e+01 6.707000e+00 2.998000e+00
      vertex   1.613500e+01 6.904000e+00 2.998000e+00
    endloop
  endfacet
  facet normal -9.927862e-01 7.803568e-02 9.102723e-02
    outer loop
      vertex   -8.257000e+00 3.627100e+01 6.668000e+00
      vertex   -8.225001e+00 3.627100e+01 7.017000e+00
      vertex   -8.221000e+00 3.672900e+01 6.668000e+00
    endloop
  endfacet
  facet normal -9.721502e-01 2.343587e-01 0.000000e+00
    outer loop
      vertex   -8.113000e+00 3.717700e+01 6.668000e+00
      vertex   -8.113000e+00 3.717700e+01 3.268000e+00
      vertex   -8.221000e+00 3.672900e+01 6.668000e+00
    endloop
  endfacet
  facet normal -2.722871e-01 9.622161e-01 0.000000e+00
    outer loop
      vertex   1.568800e+01 6.707000e+00 0.000000e+00
      vertex   1.521800e+01 6.574000e+00 0.000000e+00
      vertex   1.568800e+01 6.707000e+00 2.998000e+00
    endloop
  endfacet
  facet normal -2.722871e-01 9.622161e-01 0.000000e+00
    outer loop
      vertex   1.521800e+01 6.574000e+00 2.998000e+00
      vertex   1.568800e+01 6.707000e+00 2.998000e+00
      vertex   1.521800e+01 6.574000e+00 0.000000e+00
    endloop
  endfacet
  facet normal -1.351135e-01 9.908301e-01 0.000000e+00
    outer loop
      vertex   1.521800e+01 6.574000e+00 0.000000e+00
      vertex   1.473400e+01 6.508000e+00 2.998000e+00
      vertex   1.521800e+01 6.574000e+00 2.998000e+00
    endloop
  endfacet
  facet normal 0.000000e+00 0.000000e+00 1.000000e+00
    outer loop
      vertex   1.560000e+01 5.636000e+00 2.998000e+00
      vertex   1.521800e+01 6.574000e+00 2.998000e+00
      vertex   1.500300e+01 5.528000e+00 2.998000e+00
    endloop
  endfacet
  facet normal -0.000000e+00 0.000000e+00 1.000000e+00
    outer loop
      vertex   1.473400e+01 6.508000e+00 2.998000e+00
      vertex   1.500300e+01 5.528000e+00 2.998000e+00
      vertex   1.521800e+01 6.574000e+00 2.998000e+00
    endloop
  endfacet
  facet normal -0.000000e+00 0.000000e+00 1.000000e+00
    outer loop
      vertex   1.521800e+01 6.574000e+00 2.998000e+00
      vertex   1.560000e+01 5.636000e+00 2.998000e+00
      vertex   1.568800e+01 6.707000e+00 2.998000e+00
    endloop
  endfacet
  facet normal -9.555970e-01 2.578331e-01 -1.426760e-01
    outer loop
      vertex   -8.199000e+00 3.672600e+01 3.029000e+00
      vertex   -8.113000e+00 3.717700e+01 3.268000e+00
      vertex   -8.056000e+00 3.725600e+01 3.029000e+00
    endloop
  endfacet
  facet normal 9.947110e-01 -1.026049e-01 4.712653e-03
    outer loop
      vertex   1.200000e-02 1.050000e+01 0.000000e+00
      vertex   2.150000e-01 1.246800e+01 0.000000e+00
      vertex   1.780000e-01 1.224700e+01 2.998000e+00
    endloop
  endfacet
  facet normal 0.000000e+00 0.000000e+00 -1.000000e+00
    outer loop
      vertex   -6.934000e+00 3.604700e+01 3.029000e+00
      vertex   -8.235000e+00 3.627100e+01 3.029000e+00
      vertex   -6.841000e+00 3.663900e+01 3.029000e+00
    endloop
  endfacet
  facet normal 0.000000e+00 0.000000e+00 -1.000000e+00
    outer loop
      vertex   -6.841000e+00 3.663900e+01 3.029000e+00
      vertex   -8.056000e+00 3.725600e+01 3.029000e+00
      vertex   -6.724000e+00 3.692200e+01 3.029000e+00
    endloop
  endfacet
  facet normal 0.000000e+00 0.000000e+00 -1.000000e+00
    outer loop
      vertex   -8.235000e+00 3.627100e+01 3.029000e+00
      vertex   -8.199000e+00 3.672600e+01 3.029000e+00
      vertex   -6.841000e+00 3.663900e+01 3.029000e+00
    endloop
  endfacet
  facet normal -0.000000e+00 1.000000e+00 0.000000e+00
    outer loop
      vertex   1.200000e-02 1.050000e+01 2.998000e+00
      vertex   3.014000e+00 1.050000e+01 2.998000e+00
      vertex   1.200000e-02 1.050000e+01 0.000000e+00
    endloop
  endfacet
  facet normal 0.000000e+00 1.000000e+00 -0.000000e+00
    outer loop
      vertex   3.014000e+00 1.050000e+01 0.000000e+00
      vertex   1.200000e-02 1.050000e+01 0.000000e+00
      vertex   3.014000e+00 1.050000e+01 2.998000e+00
    endloop
  endfacet
  facet normal -9.698000e-01 2.439016e-01 0.000000e+00
    outer loop
      vertex   3.185000e+00 1.204100e+01 2.998000e+00
      vertex   3.563000e+00 1.354400e+01 0.000000e+00
      vertex   3.185000e+00 1.204100e+01 0.000000e+00
    endloop
  endfacet
  facet normal 9.168747e-01 -3.790617e-01 1.251120e-01
    outer loop
      vertex   -6.841000e+00 3.663900e+01 3.029000e+00
      vertex   -6.724000e+00 3.692200e+01 3.029000e+00
      vertex   -6.840000e+00 3.665000e+01 3.055000e+00
    endloop
  endfacet
  facet normal -9.938994e-01 1.102900e-01 0.000000e+00
    outer loop
      vertex   3.014000e+00 1.050000e+01 2.998000e+00
      vertex   3.185000e+00 1.204100e+01 2.998000e+00
      vertex   3.014000e+00 1.050000e+01 0.000000e+00
    endloop
  endfacet
  facet normal -9.938994e-01 1.102900e-01 0.000000e+00
    outer loop
      vertex   3.185000e+00 1.204100e+01 0.000000e+00
      vertex   3.014000e+00 1.050000e+01 0.000000e+00
      vertex   3.185000e+00 1.204100e+01 2.998000e+00
    endloop
  endfacet
  facet normal 9.693412e-01 -2.374572e-01 6.318028e-02
    outer loop
      vertex   -6.840000e+00 3.665000e+01 3.055000e+00
      vertex   -6.913000e+00 3.635200e+01 3.055000e+00
      vertex   -6.841000e+00 3.663900e+01 3.029000e+00
    endloop
  endfacet
  facet normal 6.906831e-01 -1.085024e-01 7.149714e-01
    outer loop
      vertex   -6.913000e+00 3.635200e+01 3.055000e+00
      vertex   -6.934000e+00 3.604700e+01 3.029000e+00
      vertex   -6.841000e+00 3.663900e+01 3.029000e+00
    endloop
  endfacet
  facet normal 0.000000e+00 1.000000e+00 0.000000e+00
    outer loop
      vertex   4.015000e+00 1.050000e+01 2.998000e+00
      vertex   7.020000e+00 1.050000e+01 0.000000e+00
      vertex   4.015000e+00 1.050000e+01 0.000000e+00
    endloop
  endfacet
  facet normal 9.903881e-01 -7.793112e-02 1.142725e-01
    outer loop
      vertex   -6.913000e+00 3.635200e+01 3.055000e+00
      vertex   -6.937000e+00 3.604700e+01 3.055000e+00
      vertex   -6.934000e+00 3.604700e+01 3.029000e+00
    endloop
  endfacet
  facet normal 0.000000e+00 -1.000000e+00 0.000000e+00
    outer loop
      vertex   7.020000e+00 9.500000e+00 0.000000e+00
      vertex   7.020000e+00 9.500000e+00 2.998000e+00
      vertex   4.015000e+00 9.500000e+00 0.000000e+00
    endloop
  endfacet
  facet normal 9.969184e-01 -7.844497e-02 0.000000e+00
    outer loop
      vertex   -6.937000e+00 3.604700e+01 3.055000e+00
      vertex   -6.913000e+00 3.635200e+01 3.055000e+00
      vertex   -6.937000e+00 3.604700e+01 7.017000e+00
    endloop
  endfacet
  facet normal 0.000000e+00 -1.000000e+00 0.000000e+00
    outer loop
      vertex   1.200000e-02 9.500000e+00 2.998000e+00
      vertex   1.200000e-02 9.500000e+00 0.000000e+00
      vertex   3.014000e+00 9.500000e+00 2.998000e+00
    endloop
  endfacet
  facet normal 0.000000e+00 -1.000000e+00 0.000000e+00
    outer loop
      vertex   3.014000e+00 9.500000e+00 0.000000e+00
      vertex   3.014000e+00 9.500000e+00 2.998000e+00
      vertex   1.200000e-02 9.500000e+00 0.000000e+00
    endloop
  endfacet
  facet normal 9.955159e-01 9.459395e-02 0.000000e+00
    outer loop
      vertex   1.200000e-02 9.500000e+00 2.998000e+00
      vertex   1.780000e-01 7.753000e+00 2.998000e+00
      vertex   1.200000e-02 9.500000e+00 0.000000e+00
    endloop
  endfacet
  facet normal -9.938994e-01 -1.102900e-01 0.000000e+00
    outer loop
      vertex   3.185000e+00 7.959000e+00 0.000000e+00
      vertex   3.185000e+00 7.959000e+00 2.998000e+00
      vertex   3.014000e+00 9.500000e+00 0.000000e+00
    endloop
  endfacet
  facet normal 9.934338e-01 1.144085e-01 0.000000e+00
    outer loop
      vertex   4.176000e+00 8.102000e+00 0.000000e+00
      vertex   4.015000e+00 9.500000e+00 0.000000e+00
      vertex   4.015000e+00 9.500000e+00 2.998000e+00
    endloop
  endfacet
  facet normal 9.712066e-01 -2.379142e-01 -1.243197e-02
    outer loop
      vertex   -6.937000e+00 3.604700e+01 7.017000e+00
      vertex   -6.913000e+00 3.635200e+01 3.055000e+00
      vertex   -6.840000e+00 3.665000e+01 3.055000e+00
    endloop
  endfacet
  facet normal 0.000000e+00 -1.000000e+00 0.000000e+00
    outer loop
      vertex   4.015000e+00 9.500000e+00 0.000000e+00
      vertex   7.020000e+00 9.500000e+00 2.998000e+00
      vertex   4.015000e+00 9.500000e+00 2.998000e+00
    endloop
  endfacet
  facet normal 9.873075e-01 -1.588203e-01 0.000000e+00
    outer loop
      vertex   -6.840000e+00 3.665000e+01 7.017000e+00
      vertex   -6.937000e+00 3.604700e+01 7.017000e+00
      vertex   -6.840000e+00 3.665000e+01 3.055000e+00
    endloop
  endfacet
  facet normal 0.000000e+00 0.000000e+00 1.000000e+00
    outer loop
      vertex   4.015000e+00 9.500000e+00 2.998000e+00
      vertex   3.014000e+00 1.050000e+01 2.998000e+00
      vertex   3.014000e+00 9.500000e+00 2.998000e+00
    endloop
  endfacet
  facet normal 0.000000e+00 0.000000e+00 1.000000e+00
    outer loop
      vertex   1.200000e-02 1.050000e+01 2.998000e+00
      vertex   -2.503000e+00 2.824800e+01 2.998000e+00
      vertex   1.200000e-02 9.500000e+00 2.998000e+00
    endloop
  endfacet
  facet normal 0.000000e+00 0.000000e+00 1.000000e+00
    outer loop
      vertex   7.020000e+00 9.500000e+00 2.998000e+00
      vertex   4.015000e+00 1.050000e+01 2.998000e+00
      vertex   4.015000e+00 9.500000e+00 2.998000e+00
    endloop
  endfacet
  facet normal -9.028114e-01 4.068082e-01 -1.394230e-01
    outer loop
      vertex   -7.869000e+00 3.767100e+01 3.029000e+00
      vertex   -8.056000e+00 3.725600e+01 3.029000e+00
      vertex   -7.937000e+00 3.760200e+01 3.268000e+00
    endloop
  endfacet
  facet normal -9.198681e-01 3.809292e-01 -9.346495e-02
    outer loop
      vertex   -7.937000e+00 3.760200e+01 3.268000e+00
      vertex   -8.056000e+00 3.725600e+01 3.029000e+00
      vertex   -8.113000e+00 3.717700e+01 3.268000e+00
    endloop
  endfacet
  facet normal 9.955159e-01 -9.459402e-02 0.000000e+00
    outer loop
      vertex   1.200000e-02 1.050000e+01 2.998000e+00
      vertex   1.200000e-02 1.050000e+01 0.000000e+00
      vertex   1.780000e-01 1.224700e+01 2.998000e+00
    endloop
  endfacet
  facet normal 4.462893e-01 -5.249765e-01 7.247245e-01
    outer loop
      vertex   -6.355000e+00 3.742800e+01 3.055000e+00
      vertex   -6.461000e+00 3.730200e+01 3.029000e+00
      vertex   -5.994000e+00 3.769900e+01 3.029000e+00
    endloop
  endfacet
  facet normal 9.934338e-01 -1.144085e-01 0.000000e+00
    outer loop
      vertex   4.015000e+00 1.050000e+01 2.998000e+00
      vertex   4.015000e+00 1.050000e+01 0.000000e+00
      vertex   4.176000e+00 1.189800e+01 2.998000e+00
    endloop
  endfacet
  facet normal 9.202924e-01 -3.869809e-01 5.751288e-02
    outer loop
      vertex   -6.724000e+00 3.692200e+01 3.029000e+00
      vertex   -6.721000e+00 3.693300e+01 3.055000e+00
      vertex   -6.840000e+00 3.665000e+01 3.055000e+00
    endloop
  endfacet
  facet normal 0.000000e+00 0.000000e+00 1.000000e+00
    outer loop
      vertex   1.780000e-01 1.224700e+01 2.998000e+00
      vertex   -2.503000e+00 2.824800e+01 2.998000e+00
      vertex   1.200000e-02 1.050000e+01 2.998000e+00
    endloop
  endfacet
  facet normal -0.000000e+00 0.000000e+00 1.000000e+00
    outer loop
      vertex   3.014000e+00 1.050000e+01 2.998000e+00
      vertex   4.015000e+00 9.500000e+00 2.998000e+00
      vertex   4.015000e+00 1.050000e+01 2.998000e+00
    endloop
  endfacet
  facet normal 0.000000e+00 0.000000e+00 1.000000e+00
    outer loop
      vertex   1.200000e-02 9.500000e+00 2.998000e+00
      vertex   3.014000e+00 9.500000e+00 2.998000e+00
      vertex   3.014000e+00 1.050000e+01 2.998000e+00
    endloop
  endfacet
  facet normal -0.000000e+00 0.000000e+00 1.000000e+00
    outer loop
      vertex   1.200000e-02 1.050000e+01 2.998000e+00
      vertex   1.200000e-02 9.500000e+00 2.998000e+00
      vertex   3.014000e+00 1.050000e+01 2.998000e+00
    endloop
  endfacet
  facet normal 7.473653e-01 -5.525947e-01 -3.688958e-01
    outer loop
      vertex   -6.355000e+00 3.742800e+01 3.055000e+00
      vertex   -6.721000e+00 3.693300e+01 3.055000e+00
      vertex   -6.461000e+00 3.730200e+01 3.029000e+00
    endloop
  endfacet
  facet normal 8.136573e-01 -5.631423e-01 1.443350e-01
    outer loop
      vertex   -6.721000e+00 3.693300e+01 3.055000e+00
      vertex   -6.724000e+00 3.692200e+01 3.029000e+00
      vertex   -6.461000e+00 3.730200e+01 3.029000e+00
    endloop
  endfacet
  facet normal 0.000000e+00 0.000000e+00 1.000000e+00
    outer loop
      vertex   3.563000e+00 1.354400e+01 2.998000e+00
      vertex   3.185000e+00 1.204100e+01 2.998000e+00
      vertex   4.176000e+00 1.189800e+01 2.998000e+00
    endloop
  endfacet
  facet normal 0.000000e+00 -0.000000e+00 1.000000e+00
    outer loop
      vertex   4.015000e+00 1.050000e+01 2.998000e+00
      vertex   4.176000e+00 1.189800e+01 2.998000e+00
      vertex   3.185000e+00 1.204100e+01 2.998000e+00
    endloop
  endfacet
  facet normal 0.000000e+00 0.000000e+00 1.000000e+00
    outer loop
      vertex   3.014000e+00 1.050000e+01 2.998000e+00
      vertex   4.015000e+00 1.050000e+01 2.998000e+00
      vertex   3.185000e+00 1.204100e+01 2.998000e+00
    endloop
  endfacet
  facet normal -0.000000e+00 0.000000e+00 -1.000000e+00
    outer loop
      vertex   -5.994000e+00 3.769900e+01 3.029000e+00
      vertex   -6.461000e+00 3.730200e+01 3.029000e+00
      vertex   -7.000000e+00 3.862600e+01 3.029000e+00
    endloop
  endfacet
  facet normal 0.000000e+00 0.000000e+00 -1.000000e+00
    outer loop
      vertex   -7.000000e+00 3.862600e+01 3.029000e+00
      vertex   -6.559000e+00 3.890000e+01 3.029000e+00
      vertex   -5.994000e+00 3.769900e+01 3.029000e+00
    endloop
  endfacet
  facet normal 0.000000e+00 0.000000e+00 -1.000000e+00
    outer loop
      vertex   -7.707000e+00 3.791900e+01 3.029000e+00
      vertex   -7.000000e+00 3.862600e+01 3.029000e+00
      vertex   -6.461000e+00 3.730200e+01 3.029000e+00
    endloop
  endfacet
  facet normal 0.000000e+00 1.000000e+00 0.000000e+00
    outer loop
      vertex   7.020000e+00 1.050000e+01 2.998000e+00
      vertex   7.020000e+00 1.050000e+01 0.000000e+00
      vertex   4.015000e+00 1.050000e+01 2.998000e+00
    endloop
  endfacet
  facet normal -9.912902e-01 1.316957e-01 0.000000e+00
    outer loop
      vertex   7.149000e+00 1.147100e+01 0.000000e+00
      vertex   7.020000e+00 1.050000e+01 0.000000e+00
      vertex   7.149000e+00 1.147100e+01 2.998000e+00
    endloop
  endfacet
  facet normal -9.912902e-01 1.316957e-01 0.000000e+00
    outer loop
      vertex   7.020000e+00 1.050000e+01 2.998000e+00
      vertex   7.149000e+00 1.147100e+01 2.998000e+00
      vertex   7.020000e+00 1.050000e+01 0.000000e+00
    endloop
  endfacet
  facet normal -0.000000e+00 0.000000e+00 -1.000000e+00
    outer loop
      vertex   -7.707000e+00 3.791900e+01 3.029000e+00
      vertex   -7.869000e+00 3.767100e+01 3.029000e+00
      vertex   -7.714000e+00 3.792600e+01 3.029000e+00
    endloop
  endfacet
  facet normal -9.657931e-01 2.593140e-01 0.000000e+00
    outer loop
      vertex   7.149000e+00 1.147100e+01 0.000000e+00
      vertex   7.149000e+00 1.147100e+01 2.998000e+00
      vertex   7.403000e+00 1.241700e+01 0.000000e+00
    endloop
  endfacet
  facet normal -9.657931e-01 2.593140e-01 0.000000e+00
    outer loop
      vertex   7.403000e+00 1.241700e+01 2.998000e+00
      vertex   7.403000e+00 1.241700e+01 0.000000e+00
      vertex   7.149000e+00 1.147100e+01 2.998000e+00
    endloop
  endfacet
  facet normal -0.000000e+00 0.000000e+00 -1.000000e+00
    outer loop
      vertex   -6.461000e+00 3.730200e+01 3.029000e+00
      vertex   -6.724000e+00 3.692200e+01 3.029000e+00
      vertex   -7.707000e+00 3.791900e+01 3.029000e+00
    endloop
  endfacet
  facet normal 0.000000e+00 0.000000e+00 -1.000000e+00
    outer loop
      vertex   -8.056000e+00 3.725600e+01 3.029000e+00
      vertex   -7.869000e+00 3.767100e+01 3.029000e+00
      vertex   -6.724000e+00 3.692200e+01 3.029000e+00
    endloop
  endfacet
  facet normal -9.912902e-01 -1.316956e-01 0.000000e+00
    outer loop
      vertex   7.020000e+00 9.500000e+00 2.998000e+00
      vertex   7.149000e+00 8.529000e+00 0.000000e+00
      vertex   7.149000e+00 8.529000e+00 2.998000e+00
    endloop
  endfacet
  facet normal -9.912902e-01 -1.316956e-01 -0.000000e+00
    outer loop
      vertex   7.020000e+00 9.500000e+00 2.998000e+00
      vertex   7.020000e+00 9.500000e+00 0.000000e+00
      vertex   7.149000e+00 8.529000e+00 0.000000e+00
    endloop
  endfacet
  facet normal 9.691312e-01 -2.465457e-01 0.000000e+00
    outer loop
      vertex   4.523000e+00 1.326200e+01 0.000000e+00
      vertex   4.523000e+00 1.326200e+01 2.998000e+00
      vertex   4.176000e+00 1.189800e+01 0.000000e+00
    endloop
  endfacet
  facet normal -0.000000e+00 0.000000e+00 1.000000e+00
    outer loop
      vertex   -1.044700e+01 3.628300e+01 2.998000e+00
      vertex   -1.049700e+01 3.550000e+01 2.998000e+00
      vertex   -7.707000e+00 3.791900e+01 2.998000e+00
    endloop
  endfacet
  facet normal 0.000000e+00 0.000000e+00 1.000000e+00
    outer loop
      vertex   -7.707000e+00 3.791900e+01 2.998000e+00
      vertex   -1.049700e+01 3.550000e+01 2.998000e+00
      vertex   -2.503000e+00 2.824800e+01 2.998000e+00
    endloop
  endfacet
  facet normal 0.000000e+00 0.000000e+00 1.000000e+00
    outer loop
      vertex   -6.051000e+00 4.129600e+01 2.998000e+00
      vertex   -6.794000e+00 4.104300e+01 2.998000e+00
      vertex   -7.000000e+00 3.862600e+01 2.998000e+00
    endloop
  endfacet
  facet normal 0.000000e+00 0.000000e+00 1.000000e+00
    outer loop
      vertex   5.315600e+01 -1.950000e+01 3.000000e+00
      vertex   5.150300e+01 -1.950000e+01 3.000000e+00
      vertex   5.315600e+01 -1.951600e+01 3.000000e+00
    endloop
  endfacet
  facet normal 0.000000e+00 0.000000e+00 1.000000e+00
    outer loop
      vertex   5.150300e+01 -1.950000e+01 3.000000e+00
      vertex   5.778700e+01 -2.150000e+01 3.000000e+00
      vertex   5.315600e+01 -1.951600e+01 3.000000e+00
    endloop
  endfacet
  facet normal 0.000000e+00 0.000000e+00 1.000000e+00
    outer loop
      vertex   5.634800e+01 -1.951600e+01 3.000000e+00
      vertex   5.315600e+01 -1.951600e+01 3.000000e+00
      vertex   5.634800e+01 -1.962000e+01 3.000000e+00
    endloop
  endfacet
  facet normal 0.000000e+00 0.000000e+00 1.000000e+00
    outer loop
      vertex   5.500000e+01 -1.390767e+01 3.000000e+00
      vertex   5.500000e+01 -1.490118e+01 3.000000e+00
      vertex   5.535200e+01 -1.399400e+01 3.000000e+00
    endloop
  endfacet
  facet normal 0.000000e+00 0.000000e+00 1.000000e+00
    outer loop
      vertex   5.535200e+01 -1.399400e+01 3.000000e+00
      vertex   5.500000e+01 -1.490118e+01 3.000000e+00
      vertex   5.535200e+01 -1.500500e+01 3.000000e+00
    endloop
  endfacet
  facet normal 0.000000e+00 0.000000e+00 1.000000e+00
    outer loop
      vertex   5.500000e+01 -1.490118e+01 3.000000e+00
      vertex   5.500000e+01 -1.531326e+01 3.000000e+00
      vertex   5.535200e+01 -1.500500e+01 3.000000e+00
    endloop
  endfacet
  facet normal 0.000000e+00 -0.000000e+00 1.000000e+00
    outer loop
      vertex   5.250300e+01 -1.850000e+01 3.000000e+00
      vertex   5.250300e+01 -1.750000e+01 3.000000e+00
      vertex   5.150300e+01 -1.850000e+01 3.000000e+00
    endloop
  endfacet
  facet normal 0.000000e+00 0.000000e+00 1.000000e+00
    outer loop
      vertex   3.276800e+01 -2.150000e+01 3.000000e+00
      vertex   5.778700e+01 -2.150000e+01 3.000000e+00
      vertex   5.150300e+01 -1.950000e+01 3.000000e+00
    endloop
  endfacet
  facet normal -1.000000e+00 0.000000e+00 0.000000e+00
    outer loop
      vertex   5.150300e+01 -1.850000e+01 3.000000e+00
      vertex   5.150300e+01 -1.950000e+01 3.000000e+00
      vertex   5.150300e+01 -1.850000e+01 9.000000e+00
    endloop
  endfacet
  facet normal -1.000000e+00 0.000000e+00 0.000000e+00
    outer loop
      vertex   5.150300e+01 -1.950000e+01 9.000000e+00
      vertex   5.150300e+01 -1.850000e+01 9.000000e+00
      vertex   5.150300e+01 -1.950000e+01 3.000000e+00
    endloop
  endfacet
  facet normal 0.000000e+00 1.000000e+00 0.000000e+00
    outer loop
      vertex   5.150300e+01 -1.850000e+01 3.000000e+00
      vertex   5.150300e+01 -1.850000e+01 9.000000e+00
      vertex   5.250300e+01 -1.850000e+01 3.000000e+00
    endloop
  endfacet
  facet normal 0.000000e+00 -1.000000e+00 0.000000e+00
    outer loop
      vertex   5.315600e+01 -1.950000e+01 3.000000e+00
      vertex   5.315600e+01 -1.950000e+01 5.000000e+00
      vertex   5.150300e+01 -1.950000e+01 3.000000e+00
    endloop
  endfacet
  facet normal 0.000000e+00 0.000000e+00 1.000000e+00
    outer loop
      vertex   5.778700e+01 -1.962000e+01 3.000000e+00
      vertex   5.634800e+01 -1.962000e+01 3.000000e+00
      vertex   5.778700e+01 -2.150000e+01 3.000000e+00
    endloop
  endfacet
  facet normal 0.000000e+00 0.000000e+00 1.000000e+00
    outer loop
      vertex   5.634800e+01 -1.962000e+01 3.000000e+00
      vertex   5.315600e+01 -1.951600e+01 3.000000e+00
      vertex   5.778700e+01 -2.150000e+01 3.000000e+00
    endloop
  endfacet
  facet normal 0.000000e+00 -1.000000e+00 0.000000e+00
    outer loop
      vertex   5.634800e+01 -1.951600e+01 2.995000e+00
      vertex   5.748500e+01 -1.951600e+01 2.995000e+00
      vertex   5.634800e+01 -1.951600e+01 3.000000e+00
    endloop
  endfacet
  facet normal 0.000000e+00 -1.000000e+00 -0.000000e+00
    outer loop
      vertex   5.551100e+01 -1.951600e+01 5.000000e+00
      vertex   5.315600e+01 -1.951600e+01 3.000000e+00
      vertex   5.634800e+01 -1.951600e+01 3.000000e+00
    endloop
  endfacet
  facet normal 1.000000e+00 -0.000000e+00 0.000000e+00
    outer loop
      vertex   5.634800e+01 -1.962000e+01 3.000000e+00
      vertex   5.634800e+01 -1.951600e+01 2.995000e+00
      vertex   5.634800e+01 -1.951600e+01 3.000000e+00
    endloop
  endfacet
  facet normal 1.000000e+00 0.000000e+00 0.000000e+00
    outer loop
      vertex   5.634800e+01 -1.962000e+01 3.000000e+00
      vertex   5.634800e+01 -1.962000e+01 2.995000e+00
      vertex   5.634800e+01 -1.951600e+01 2.995000e+00
    endloop
  endfacet
  facet normal 0.000000e+00 1.000000e+00 0.000000e+00
    outer loop
      vertex   5.551100e+01 -1.851600e+01 5.000000e+00
      vertex   5.350300e+01 -1.851600e+01 3.000000e+00
      vertex   5.350300e+01 -1.851600e+01 5.000000e+00
    endloop
  endfacet
  facet normal 0.000000e+00 1.000000e+00 0.000000e+00
    outer loop
      vertex   5.551100e+01 -1.851600e+01 5.000000e+00
      vertex   5.551100e+01 -1.851600e+01 3.000000e+00
      vertex   5.350300e+01 -1.851600e+01 3.000000e+00
    endloop
  endfacet
  facet normal -1.000000e+00 0.000000e+00 0.000000e+00
    outer loop
      vertex   5.551100e+01 -1.851600e+01 3.000000e+00
      vertex   5.551100e+01 -1.851600e+01 5.000000e+00
      vertex   5.551100e+01 -1.751200e+01 3.000000e+00
    endloop
  endfacet
  facet normal 1.000000e+00 0.000000e+00 0.000000e+00
    outer loop
      vertex   5.651600e+01 -1.850200e+01 9.010000e+00
      vertex   5.651600e+01 -1.850200e+01 2.995000e+00
      vertex   5.651600e+01 -1.802600e+01 3.000000e+00
    endloop
  endfacet
  facet normal 1.000000e+00 0.000000e+00 -0.000000e+00
    outer loop
      vertex   5.651600e+01 -1.802600e+01 2.995000e+00
      vertex   5.651600e+01 -1.802600e+01 3.000000e+00
      vertex   5.651600e+01 -1.850200e+01 2.995000e+00
    endloop
  endfacet
  facet normal 0.000000e+00 -1.000000e+00 -0.000000e+00
    outer loop
      vertex   5.748500e+01 -1.951600e+01 9.010000e+00
      vertex   5.551100e+01 -1.951600e+01 5.000000e+00
      vertex   5.748500e+01 -1.951600e+01 2.995000e+00
    endloop
  endfacet
  facet normal -0.000000e+00 0.000000e+00 1.000000e+00
    outer loop
      vertex   5.634800e+01 -1.951600e+01 2.995000e+00
      vertex   5.634800e+01 -1.962000e+01 2.995000e+00
      vertex   5.748500e+01 -1.951600e+01 2.995000e+00
    endloop
  endfacet
  facet normal -0.000000e+00 1.000000e+00 0.000000e+00
    outer loop
      vertex   5.634800e+01 -1.962000e+01 3.000000e+00
      vertex   5.778700e+01 -1.962000e+01 3.000000e+00
      vertex   5.634800e+01 -1.962000e+01 2.995000e+00
    endloop
  endfacet
  facet normal 0.000000e+00 1.000000e+00 0.000000e+00
    outer loop
      vertex   5.651600e+01 -1.850200e+01 2.995000e+00
      vertex   5.651600e+01 -1.850200e+01 9.010000e+00
      vertex   5.748500e+01 -1.850200e+01 2.995000e+00
    endloop
  endfacet
  facet normal 0.000000e+00 0.000000e+00 1.000000e+00
    outer loop
      vertex   5.651600e+01 -1.850200e+01 2.995000e+00
      vertex   5.748500e+01 -1.850200e+01 2.995000e+00
      vertex   5.651600e+01 -1.802600e+01 2.995000e+00
    endloop
  endfacet
  facet normal 0.000000e+00 0.000000e+00 1.000000e+00
    outer loop
      vertex   5.350300e+01 -1.750000e+01 3.000000e+00
      vertex   5.350300e+01 -1.851600e+01 3.000000e+00
      vertex   5.551100e+01 -1.751200e+01 3.000000e+00
    endloop
  endfacet
  facet normal 1.000000e+00 0.000000e+00 -0.000000e+00
    outer loop
      vertex   5.651600e+01 -1.751200e+01 3.000000e+00
      vertex   5.651600e+01 -1.751200e+01 9.010000e+00
      vertex   5.651600e+01 -1.802600e+01 3.000000e+00
    endloop
  endfacet
  facet normal 0.000000e+00 -1.000000e+00 0.000000e+00
    outer loop
      vertex   5.651600e+01 -1.802600e+01 2.995000e+00
      vertex   5.778700e+01 -1.802600e+01 2.995000e+00
      vertex   5.651600e+01 -1.802600e+01 3.000000e+00
    endloop
  endfacet
  facet normal -0.000000e+00 -1.000000e+00 0.000000e+00
    outer loop
      vertex   5.780300e+01 -1.802600e+01 3.000000e+00
      vertex   5.651600e+01 -1.802600e+01 3.000000e+00
      vertex   5.778700e+01 -1.802600e+01 2.995000e+00
    endloop
  endfacet
  facet normal 0.000000e+00 0.000000e+00 1.000000e+00
    outer loop
      vertex   5.651600e+01 -1.751200e+01 3.000000e+00
      vertex   5.651600e+01 -1.802600e+01 3.000000e+00
      vertex   5.780300e+01 -1.802600e+01 3.000000e+00
    endloop
  endfacet
  facet normal 0.000000e+00 1.000000e+00 0.000000e+00
    outer loop
      vertex   5.651600e+01 -1.751200e+01 9.010000e+00
      vertex   5.651600e+01 -1.751200e+01 3.000000e+00
      vertex   5.551100e+01 -1.751200e+01 3.000000e+00
    endloop
  endfacet
  facet normal 1.000000e+00 0.000000e+00 0.000000e+00
    outer loop
      vertex   5.350300e+01 -1.750000e+01 9.000000e+00
      vertex   5.350300e+01 -1.851600e+01 5.000000e+00
      vertex   5.350300e+01 -1.750000e+01 3.000000e+00
    endloop
  endfacet
  facet normal 0.000000e+00 -0.000000e+00 1.000000e+00
    outer loop
      vertex   5.551100e+01 -1.851600e+01 3.000000e+00
      vertex   5.551100e+01 -1.751200e+01 3.000000e+00
      vertex   5.350300e+01 -1.851600e+01 3.000000e+00
    endloop
  endfacet
  facet normal 0.000000e+00 1.000000e+00 -0.000000e+00
    outer loop
      vertex   5.350300e+01 -1.750000e+01 3.000000e+00
      vertex   5.250300e+01 -1.750000e+01 3.000000e+00
      vertex   5.350300e+01 -1.750000e+01 9.000000e+00
    endloop
  endfacet
  facet normal 0.000000e+00 0.000000e+00 1.000000e+00
    outer loop
      vertex   5.624900e+01 -1.500600e+01 3.000000e+00
      vertex   5.551100e+01 -1.751200e+01 3.000000e+00
      vertex   5.651600e+01 -1.751200e+01 3.000000e+00
    endloop
  endfacet
  facet normal -1.000000e+00 -0.000000e+00 0.000000e+00
    outer loop
      vertex   5.315600e+01 -1.950000e+01 5.000000e+00
      vertex   5.315600e+01 -1.951600e+01 3.000000e+00
      vertex   5.315600e+01 -1.951600e+01 5.000000e+00
    endloop
  endfacet
  facet normal -1.000000e+00 0.000000e+00 -0.000000e+00
    outer loop
      vertex   5.315600e+01 -1.950000e+01 5.000000e+00
      vertex   5.315600e+01 -1.950000e+01 3.000000e+00
      vertex   5.315600e+01 -1.951600e+01 3.000000e+00
    endloop
  endfacet
  facet normal 0.000000e+00 -1.000000e+00 0.000000e+00
    outer loop
      vertex   5.150300e+01 -1.950000e+01 9.000000e+00
      vertex   5.150300e+01 -1.950000e+01 3.000000e+00
      vertex   5.315600e+01 -1.950000e+01 5.000000e+00
    endloop
  endfacet
  facet normal 0.000000e+00 -1.000000e+00 -0.000000e+00
    outer loop
      vertex   5.350300e+01 -1.950000e+01 9.000000e+00
      vertex   5.315600e+01 -1.950000e+01 5.000000e+00
      vertex   5.350300e+01 -1.950000e+01 5.000000e+00
    endloop
  endfacet
  facet normal -1.000000e+00 0.000000e+00 0.000000e+00
    outer loop
      vertex   5.250300e+01 -1.750000e+01 3.000000e+00
      vertex   5.250300e+01 -1.850000e+01 3.000000e+00
      vertex   5.250300e+01 -1.750000e+01 9.000000e+00
    endloop
  endfacet
  facet normal -1.000000e+00 -0.000000e+00 0.000000e+00
    outer loop
      vertex   5.250300e+01 -1.750000e+01 9.000000e+00
      vertex   5.250300e+01 -1.850000e+01 3.000000e+00
      vertex   5.250300e+01 -1.850000e+01 9.000000e+00
    endloop
  endfacet
  facet normal 0.000000e+00 1.000000e+00 -0.000000e+00
    outer loop
      vertex   5.250300e+01 -1.850000e+01 3.000000e+00
      vertex   5.150300e+01 -1.850000e+01 9.000000e+00
      vertex   5.250300e+01 -1.850000e+01 9.000000e+00
    endloop
  endfacet
  facet normal 0.000000e+00 1.000000e+00 0.000000e+00
    outer loop
      vertex   5.250300e+01 -1.750000e+01 3.000000e+00
      vertex   5.250300e+01 -1.750000e+01 9.000000e+00
      vertex   5.350300e+01 -1.750000e+01 9.000000e+00
    endloop
  endfacet
  facet normal 0.000000e+00 -1.000000e+00 0.000000e+00
    outer loop
      vertex   5.315600e+01 -1.951600e+01 5.000000e+00
      vertex   5.315600e+01 -1.951600e+01 3.000000e+00
      vertex   5.551100e+01 -1.951600e+01 5.000000e+00
    endloop
  endfacet
  facet normal 0.000000e+00 0.000000e+00 1.000000e+00
    outer loop
      vertex   5.350300e+01 -1.950000e+01 5.000000e+00
      vertex   5.315600e+01 -1.951600e+01 5.000000e+00
      vertex   5.551100e+01 -1.951600e+01 5.000000e+00
    endloop
  endfacet
  facet normal 0.000000e+00 0.000000e+00 1.000000e+00
    outer loop
      vertex   5.350300e+01 -1.950000e+01 5.000000e+00
      vertex   5.315600e+01 -1.950000e+01 5.000000e+00
      vertex   5.315600e+01 -1.951600e+01 5.000000e+00
    endloop
  endfacet
  facet normal 1.000000e+00 0.000000e+00 0.000000e+00
    outer loop
      vertex   5.350300e+01 -1.750000e+01 9.000000e+00
      vertex   5.350300e+01 -1.950000e+01 9.000000e+00
      vertex   5.350300e+01 -1.851600e+01 5.000000e+00
    endloop
  endfacet
  facet normal -0.000000e+00 0.000000e+00 1.000000e+00
    outer loop
      vertex   5.350300e+01 -1.851600e+01 5.000000e+00
      vertex   5.350300e+01 -1.950000e+01 5.000000e+00
      vertex   5.551100e+01 -1.851600e+01 5.000000e+00
    endloop
  endfacet
  facet normal 0.000000e+00 0.000000e+00 1.000000e+00
    outer loop
      vertex   5.551100e+01 -1.851600e+01 5.000000e+00
      vertex   5.350300e+01 -1.950000e+01 5.000000e+00
      vertex   5.551100e+01 -1.951600e+01 5.000000e+00
    endloop
  endfacet
  facet normal -0.000000e+00 -1.000000e+00 0.000000e+00
    outer loop
      vertex   5.748500e+01 -1.951600e+01 9.010000e+00
      vertex   5.551100e+01 -1.951600e+01 9.010000e+00
      vertex   5.551100e+01 -1.951600e+01 5.000000e+00
    endloop
  endfacet
  facet normal -1.000000e+00 0.000000e+00 0.000000e+00
    outer loop
      vertex   5.551100e+01 -1.951600e+01 5.000000e+00
      vertex   5.551100e+01 -1.951600e+01 9.010000e+00
      vertex   5.551100e+01 -1.851600e+01 5.000000e+00
    endloop
  endfacet
  facet normal -1.000000e+00 0.000000e+00 0.000000e+00
    outer loop
      vertex   5.551100e+01 -1.951600e+01 9.010000e+00
      vertex   5.551100e+01 -1.751200e+01 9.010000e+00
      vertex   5.551100e+01 -1.851600e+01 5.000000e+00
    endloop
  endfacet
  facet normal 0.000000e+00 -1.000000e+00 0.000000e+00
    outer loop
      vertex   5.634800e+01 -1.951600e+01 3.000000e+00
      vertex   5.748500e+01 -1.951600e+01 2.995000e+00
      vertex   5.551100e+01 -1.951600e+01 5.000000e+00
    endloop
  endfacet
  facet normal 1.000000e+00 0.000000e+00 0.000000e+00
    outer loop
      vertex   5.350300e+01 -1.851600e+01 3.000000e+00
      vertex   5.350300e+01 -1.750000e+01 3.000000e+00
      vertex   5.350300e+01 -1.851600e+01 5.000000e+00
    endloop
  endfacet
  facet normal -1.000000e+00 0.000000e+00 -0.000000e+00
    outer loop
      vertex   5.551100e+01 -1.751200e+01 9.010000e+00
      vertex   5.551100e+01 -1.751200e+01 3.000000e+00
      vertex   5.551100e+01 -1.851600e+01 5.000000e+00
    endloop
  endfacet
  facet normal 1.000000e+00 -0.000000e+00 0.000000e+00
    outer loop
      vertex   5.651600e+01 -1.850200e+01 9.010000e+00
      vertex   5.651600e+01 -1.802600e+01 3.000000e+00
      vertex   5.651600e+01 -1.751200e+01 9.010000e+00
    endloop
  endfacet
  facet normal 0.000000e+00 1.000000e+00 0.000000e+00
    outer loop
      vertex   5.651600e+01 -1.751200e+01 9.010000e+00
      vertex   5.551100e+01 -1.751200e+01 3.000000e+00
      vertex   5.551100e+01 -1.751200e+01 9.010000e+00
    endloop
  endfacet
  facet normal 1.000000e+00 0.000000e+00 0.000000e+00
    outer loop
      vertex   5.350300e+01 -1.950000e+01 5.000000e+00
      vertex   5.350300e+01 -1.851600e+01 5.000000e+00
      vertex   5.350300e+01 -1.950000e+01 9.000000e+00
    endloop
  endfacet
  facet normal 0.000000e+00 1.000000e+00 -0.000000e+00
    outer loop
      vertex   5.748500e+01 -1.850200e+01 2.995000e+00
      vertex   5.651600e+01 -1.850200e+01 9.010000e+00
      vertex   5.748500e+01 -1.850200e+01 9.010000e+00
    endloop
  endfacet
  facet normal 0.000000e+00 -1.000000e+00 0.000000e+00
    outer loop
      vertex   5.315600e+01 -1.950000e+01 5.000000e+00
      vertex   5.350300e+01 -1.950000e+01 9.000000e+00
      vertex   5.150300e+01 -1.950000e+01 9.000000e+00
    endloop
  endfacet
  facet normal 0.000000e+00 -0.000000e+00 1.000000e+00
    outer loop
      vertex   5.350300e+01 -1.950000e+01 9.000000e+00
      vertex   5.350300e+01 -1.750000e+01 9.000000e+00
      vertex   5.250300e+01 -1.850000e+01 9.000000e+00
    endloop
  endfacet
  facet normal 0.000000e+00 0.000000e+00 1.000000e+00
    outer loop
      vertex   5.150300e+01 -1.950000e+01 9.000000e+00
      vertex   5.350300e+01 -1.950000e+01 9.000000e+00
      vertex   5.250300e+01 -1.850000e+01 9.000000e+00
    endloop
  endfacet
  facet normal 0.000000e+00 0.000000e+00 1.000000e+00
    outer loop
      vertex   5.350300e+01 -1.750000e+01 9.000000e+00
      vertex   5.250300e+01 -1.750000e+01 9.000000e+00
      vertex   5.250300e+01 -1.850000e+01 9.000000e+00
    endloop
  endfacet
  facet normal -0.000000e+00 0.000000e+00 1.000000e+00
    outer loop
      vertex   5.150300e+01 -1.850000e+01 9.000000e+00
      vertex   5.150300e+01 -1.950000e+01 9.000000e+00
      vertex   5.250300e+01 -1.850000e+01 9.000000e+00
    endloop
  endfacet
  facet normal 0.000000e+00 0.000000e+00 1.000000e+00
    outer loop
      vertex   5.551100e+01 -1.951600e+01 9.010000e+00
      vertex   5.651600e+01 -1.850200e+01 9.010000e+00
      vertex   5.551100e+01 -1.751200e+01 9.010000e+00
    endloop
  endfacet
  facet normal 0.000000e+00 0.000000e+00 1.000000e+00
    outer loop
      vertex   5.651600e+01 -1.751200e+01 9.010000e+00
      vertex   5.551100e+01 -1.751200e+01 9.010000e+00
      vertex   5.651600e+01 -1.850200e+01 9.010000e+00
    endloop
  endfacet
  facet normal 0.000000e+00 0.000000e+00 1.000000e+00
    outer loop
      vertex   5.651600e+01 -1.850200e+01 9.010000e+00
      vertex   5.551100e+01 -1.951600e+01 9.010000e+00
      vertex   5.748500e+01 -1.951600e+01 9.010000e+00
    endloop
  endfacet
  facet normal 0.000000e+00 0.000000e+00 1.000000e+00
    outer loop
      vertex   5.748500e+01 -1.951600e+01 2.995000e+00
      vertex   5.634800e+01 -1.962000e+01 2.995000e+00
      vertex   5.778700e+01 -1.962000e+01 2.995000e+00
    endloop
  endfacet
  facet normal 0.000000e+00 1.000000e+00 0.000000e+00
    outer loop
      vertex   5.634800e+01 -1.962000e+01 2.995000e+00
      vertex   5.778700e+01 -1.962000e+01 3.000000e+00
      vertex   5.778700e+01 -1.962000e+01 2.995000e+00
    endloop
  endfacet
  facet normal 1.000000e+00 0.000000e+00 0.000000e+00
    outer loop
      vertex   5.778700e+01 -2.150000e+01 3.000000e+00
      vertex   5.778700e+01 -2.150000e+01 0.000000e+00
      vertex   5.778700e+01 -1.962000e+01 2.995000e+00
    endloop
  endfacet
  facet normal 1.000000e+00 0.000000e+00 0.000000e+00
    outer loop
      vertex   5.778700e+01 -1.802600e+01 2.995000e+00
      vertex   5.778700e+01 -1.962000e+01 2.995000e+00
      vertex   5.778700e+01 -1.802600e+01 0.000000e+00
    endloop
  endfacet
  facet normal 1.000000e+00 0.000000e+00 0.000000e+00
    outer loop
      vertex   5.778700e+01 -1.802600e+01 0.000000e+00
      vertex   5.778700e+01 -1.962000e+01 2.995000e+00
      vertex   5.778700e+01 -2.150000e+01 0.000000e+00
    endloop
  endfacet
  facet normal 0.000000e+00 0.000000e+00 1.000000e+00
    outer loop
      vertex   5.778700e+01 -1.802600e+01 2.995000e+00
      vertex   5.748500e+01 -1.850200e+01 2.995000e+00
      vertex   5.778700e+01 -1.962000e+01 2.995000e+00
    endloop
  endfacet
  facet normal -0.000000e+00 0.000000e+00 1.000000e+00
    outer loop
      vertex   5.748500e+01 -1.951600e+01 2.995000e+00
      vertex   5.778700e+01 -1.962000e+01 2.995000e+00
      vertex   5.748500e+01 -1.850200e+01 2.995000e+00
    endloop
  endfacet
  facet normal 1.000000e+00 -0.000000e+00 0.000000e+00
    outer loop
      vertex   5.778700e+01 -2.150000e+01 3.000000e+00
      vertex   5.778700e+01 -1.962000e+01 2.995000e+00
      vertex   5.778700e+01 -1.962000e+01 3.000000e+00
    endloop
  endfacet
  facet normal 0.000000e+00 -1.000000e+00 0.000000e+00
    outer loop
      vertex   5.780300e+01 -1.802600e+01 0.000000e+00
      vertex   5.778700e+01 -1.802600e+01 2.995000e+00
      vertex   5.778700e+01 -1.802600e+01 0.000000e+00
    endloop
  endfacet
  facet normal 0.000000e+00 0.000000e+00 1.000000e+00
    outer loop
      vertex   5.778700e+01 -1.802600e+01 2.995000e+00
      vertex   5.651600e+01 -1.802600e+01 2.995000e+00
      vertex   5.748500e+01 -1.850200e+01 2.995000e+00
    endloop
  endfacet
  facet normal 0.000000e+00 -1.000000e+00 0.000000e+00
    outer loop
      vertex   5.780300e+01 -1.802600e+01 0.000000e+00
      vertex   5.780300e+01 -1.802600e+01 3.000000e+00
      vertex   5.778700e+01 -1.802600e+01 2.995000e+00
    endloop
  endfacet
  facet normal 0.000000e+00 0.000000e+00 1.000000e+00
    outer loop
      vertex   5.780300e+01 -1.802600e+01 3.000000e+00
      vertex   5.774900e+01 -1.500600e+01 3.000000e+00
      vertex   5.651600e+01 -1.751200e+01 3.000000e+00
    endloop
  endfacet
  facet normal 0.000000e+00 0.000000e+00 1.000000e+00
    outer loop
      vertex   5.780300e+01 -1.503000e+00 3.000000e+00
      vertex   5.774900e+01 -7.000000e+00 3.000000e+00
      vertex   5.780300e+01 -1.802600e+01 3.000000e+00
    endloop
  endfacet
  facet normal -0.000000e+00 0.000000e+00 1.000000e+00
    outer loop
      vertex   5.624900e+01 -1.500600e+01 3.000000e+00
      vertex   5.651600e+01 -1.751200e+01 3.000000e+00
      vertex   5.774900e+01 -1.500600e+01 3.000000e+00
    endloop
  endfacet
  facet normal 1.000000e+00 -0.000000e+00 0.000000e+00
    outer loop
      vertex   5.748500e+01 -1.951600e+01 9.010000e+00
      vertex   5.748500e+01 -1.850200e+01 2.995000e+00
      vertex   5.748500e+01 -1.850200e+01 9.010000e+00
    endloop
  endfacet
  facet normal 1.000000e+00 0.000000e+00 0.000000e+00
    outer loop
      vertex   5.748500e+01 -1.951600e+01 9.010000e+00
      vertex   5.748500e+01 -1.951600e+01 2.995000e+00
      vertex   5.748500e+01 -1.850200e+01 2.995000e+00
    endloop
  endfacet
  facet normal 0.000000e+00 -0.000000e+00 1.000000e+00
    outer loop
      vertex   5.748500e+01 -1.951600e+01 9.010000e+00
      vertex   5.748500e+01 -1.850200e+01 9.010000e+00
      vertex   5.651600e+01 -1.850200e+01 9.010000e+00
    endloop
  endfacet
  facet normal 0.000000e+00 0.000000e+00 1.000000e+00
    outer loop
      vertex   5.624900e+01 -1.500600e+01 3.000000e+00
      vertex   5.535200e+01 -1.500500e+01 3.000000e+00
      vertex   5.551100e+01 -1.751200e+01 3.000000e+00
    endloop
  endfacet
  facet normal 0.000000e+00 -0.000000e+00 1.000000e+00
    outer loop
      vertex   5.624900e+01 -1.500600e+01 3.000000e+00
      vertex   5.624900e+01 -1.500500e+01 3.000000e+00
      vertex   5.535200e+01 -1.500500e+01 3.000000e+00
    endloop
  endfacet
  facet normal 0.000000e+00 0.000000e+00 1.000000e+00
    outer loop
      vertex   5.624900e+01 -1.192100e+01 3.000000e+00
      vertex   5.600700e+01 -1.178400e+01 3.000000e+00
      vertex   5.535200e+01 -1.399400e+01 3.000000e+00
    endloop
  endfacet
  facet normal 0.000000e+00 -0.000000e+00 1.000000e+00
    outer loop
      vertex   5.624900e+01 -1.399400e+01 3.000000e+00
      vertex   5.624900e+01 -1.192100e+01 3.000000e+00
      vertex   5.535200e+01 -1.399400e+01 3.000000e+00
    endloop
  endfacet
  facet normal 0.000000e+00 -1.000000e+00 0.000000e+00
    outer loop
      vertex   5.624900e+01 -1.500500e+01 3.000000e+00
      vertex   5.535200e+01 -1.500500e+01 5.000000e+00
      vertex   5.535200e+01 -1.500500e+01 3.000000e+00
    endloop
  endfacet
  facet normal 0.000000e+00 -1.000000e+00 0.000000e+00
    outer loop
      vertex   5.624900e+01 -1.500500e+01 3.000000e+00
      vertex   5.624900e+01 -1.500500e+01 5.000000e+00
      vertex   5.535200e+01 -1.500500e+01 5.000000e+00
    endloop
  endfacet
  facet normal -1.000000e+00 0.000000e+00 0.000000e+00
    outer loop
      vertex   5.624900e+01 -1.500500e+01 3.000000e+00
      vertex   5.624900e+01 -1.500600e+01 3.000000e+00
      vertex   5.624900e+01 -1.500500e+01 5.000000e+00
    endloop
  endfacet
  facet normal -1.000000e+00 0.000000e+00 0.000000e+00
    outer loop
      vertex   5.624900e+01 -1.500600e+01 1.050000e+01
      vertex   5.624900e+01 -1.500500e+01 5.000000e+00
      vertex   5.624900e+01 -1.500600e+01 3.000000e+00
    endloop
  endfacet
  facet normal -1.000000e+00 0.000000e+00 0.000000e+00
    outer loop
      vertex   5.535200e+01 -1.399400e+01 3.000000e+00
      vertex   5.535200e+01 -1.500500e+01 5.000000e+00
      vertex   5.535200e+01 -1.399400e+01 5.000000e+00
    endloop
  endfacet
  facet normal -1.000000e+00 0.000000e+00 0.000000e+00
    outer loop
      vertex   5.535200e+01 -1.399400e+01 3.000000e+00
      vertex   5.535200e+01 -1.500500e+01 3.000000e+00
      vertex   5.535200e+01 -1.500500e+01 5.000000e+00
    endloop
  endfacet
  facet normal 0.000000e+00 -1.000000e+00 0.000000e+00
    outer loop
      vertex   5.774900e+01 -1.500600e+01 3.000000e+00
      vertex   5.774900e+01 -1.500600e+01 8.314000e+00
      vertex   5.624900e+01 -1.500600e+01 3.000000e+00
    endloop
  endfacet
  facet normal 0.000000e+00 1.000000e+00 0.000000e+00
    outer loop
      vertex   5.624900e+01 -1.399400e+01 5.000000e+00
      vertex   5.535200e+01 -1.399400e+01 3.000000e+00
      vertex   5.535200e+01 -1.399400e+01 5.000000e+00
    endloop
  endfacet
  facet normal 0.000000e+00 1.000000e+00 0.000000e+00
    outer loop
      vertex   5.624900e+01 -1.399400e+01 5.000000e+00
      vertex   5.624900e+01 -1.399400e+01 3.000000e+00
      vertex   5.535200e+01 -1.399400e+01 3.000000e+00
    endloop
  endfacet
  facet normal 8.533268e-01 5.119946e-01 9.846251e-02
    outer loop
      vertex   -6.830000e+00 -1.683800e+01 3.055000e+00
      vertex   -6.671000e+00 -1.710300e+01 3.055000e+00
      vertex   -6.743000e+00 -1.697800e+01 3.029000e+00
    endloop
  endfacet
  facet normal 0.000000e+00 0.000000e+00 1.000000e+00
    outer loop
      vertex   -3.000000e+00 -1.203902e+01 2.998000e+00
      vertex   -1.049700e+01 -1.550000e+01 2.998000e+00
      vertex   -3.000000e+00 -1.222637e+01 2.998000e+00
    endloop
  endfacet
  facet normal 0.000000e+00 0.000000e+00 1.000000e+00
    outer loop
      vertex   -3.000000e+00 -1.222637e+01 2.998000e+00
      vertex   -1.049700e+01 -1.550000e+01 2.998000e+00
      vertex   -1.044700e+01 -1.628300e+01 2.998000e+00
    endloop
  endfacet
  facet normal -8.518147e-01 -5.238432e-01 0.000000e+00
    outer loop
      vertex   -7.928000e+00 -1.763900e+01 3.268000e+00
      vertex   -7.698000e+00 -1.801300e+01 3.268000e+00
      vertex   -7.698000e+00 -1.801300e+01 4.996000e+00
    endloop
  endfacet
  facet normal 9.877106e-01 1.562937e-01 0.000000e+00
    outer loop
      vertex   -7.044000e+00 -1.593700e+01 3.055000e+00
      vertex   -6.947000e+00 -1.655000e+01 7.017000e+00
      vertex   -6.947000e+00 -1.655000e+01 3.055000e+00
    endloop
  endfacet
  facet normal 7.304789e-01 6.829352e-01 0.000000e+00
    outer loop
      vertex   -6.671000e+00 -1.710300e+01 7.017000e+00
      vertex   -6.355000e+00 -1.744100e+01 7.017000e+00
      vertex   -6.671000e+00 -1.710300e+01 3.055000e+00
    endloop
  endfacet
  facet normal 8.574936e-01 5.144946e-01 0.000000e+00
    outer loop
      vertex   -6.671000e+00 -1.710300e+01 7.017000e+00
      vertex   -6.671000e+00 -1.710300e+01 3.055000e+00
      vertex   -6.830000e+00 -1.683800e+01 3.055000e+00
    endloop
  endfacet
  facet normal 9.264669e-01 3.763762e-01 -0.000000e+00
    outer loop
      vertex   -6.947000e+00 -1.655000e+01 3.055000e+00
      vertex   -6.947000e+00 -1.655000e+01 7.017000e+00
      vertex   -6.830000e+00 -1.683800e+01 3.055000e+00
    endloop
  endfacet
  facet normal -0.000000e+00 0.000000e+00 -1.000000e+00
    outer loop
      vertex   -5.091000e+00 -1.791900e+01 3.029000e+00
      vertex   -5.314000e+00 -1.921900e+01 3.029000e+00
      vertex   -5.683000e+00 -1.782500e+01 3.029000e+00
    endloop
  endfacet
  facet normal 5.617418e-01 8.147392e-01 1.436879e-01
    outer loop
      vertex   -6.346000e+00 -1.744600e+01 3.029000e+00
      vertex   -5.977001e+00 -1.770500e+01 3.055000e+00
      vertex   -5.966000e+00 -1.770800e+01 3.029000e+00
    endloop
  endfacet
  facet normal 5.934735e-01 8.048480e-01 2.991453e-03
    outer loop
      vertex   -6.472000e+00 -1.734000e+01 3.055000e+00
      vertex   -6.355000e+00 -1.744100e+01 7.017000e+00
      vertex   -5.977001e+00 -1.770500e+01 3.055000e+00
    endloop
  endfacet
  facet normal 0.000000e+00 0.000000e+00 1.000000e+00
    outer loop
      vertex   -3.000000e+00 -1.378837e+01 2.998000e+00
      vertex   -6.962000e+00 -1.869100e+01 2.998000e+00
      vertex   -3.000000e+00 -1.619355e+01 2.998000e+00
    endloop
  endfacet
  facet normal 0.000000e+00 0.000000e+00 1.000000e+00
    outer loop
      vertex   -3.000000e+00 -1.619355e+01 2.998000e+00
      vertex   -6.962000e+00 -1.869100e+01 2.998000e+00
      vertex   -5.281000e+00 -2.144900e+01 2.998000e+00
    endloop
  endfacet
  facet normal -0.000000e+00 -0.000000e+00 -1.000000e+00
    outer loop
      vertex   -1.449000e+00 -1.791900e+01 3.029000e+00
      vertex   -1.449000e+00 -1.921900e+01 3.029000e+00
      vertex   -5.091000e+00 -1.791900e+01 3.029000e+00
    endloop
  endfacet
  facet normal 3.814902e-01 9.227373e-01 5.496427e-02
    outer loop
      vertex   -5.977001e+00 -1.770500e+01 3.055000e+00
      vertex   -5.683000e+00 -1.782500e+01 3.029000e+00
      vertex   -5.966000e+00 -1.770800e+01 3.029000e+00
    endloop
  endfacet
  facet normal 3.132807e-01 9.496407e-01 6.145421e-03
    outer loop
      vertex   -5.977001e+00 -1.770500e+01 3.055000e+00
      vertex   -5.694000e+00 -1.782400e+01 7.017000e+00
      vertex   -5.395000e+00 -1.789700e+01 3.055000e+00
    endloop
  endfacet
  facet normal 3.876181e-01 9.218200e-01 0.000000e+00
    outer loop
      vertex   -5.977001e+00 -1.770500e+01 7.017000e+00
      vertex   -5.694000e+00 -1.782400e+01 7.017000e+00
      vertex   -5.977001e+00 -1.770500e+01 3.055000e+00
    endloop
  endfacet
  facet normal -0.000000e+00 1.000000e+00 0.000000e+00
    outer loop
      vertex   -5.091000e+00 -1.792100e+01 7.017000e+00
      vertex   -1.449000e+00 -1.792100e+01 7.017000e+00
      vertex   -5.091000e+00 -1.792100e+01 3.055000e+00
    endloop
  endfacet
  facet normal 0.000000e+00 1.000000e+00 0.000000e+00
    outer loop
      vertex   -1.449000e+00 -1.792100e+01 7.017000e+00
      vertex   -1.449000e+00 -1.792100e+01 3.055000e+00
      vertex   -5.091000e+00 -1.792100e+01 3.055000e+00
    endloop
  endfacet
  facet normal 2.398236e-01 7.269718e-01 -6.434257e-01
    outer loop
      vertex   -5.977001e+00 -1.770500e+01 3.055000e+00
      vertex   -5.395000e+00 -1.789700e+01 3.055000e+00
      vertex   -5.683000e+00 -1.782500e+01 3.029000e+00
    endloop
  endfacet
  facet normal 1.110071e-01 6.991164e-01 7.063382e-01
    outer loop
      vertex   -5.395000e+00 -1.789700e+01 3.055000e+00
      vertex   -5.091000e+00 -1.791900e+01 3.029000e+00
      vertex   -5.683000e+00 -1.782500e+01 3.029000e+00
    endloop
  endfacet
  facet normal 0.000000e+00 0.000000e+00 -1.000000e+00
    outer loop
      vertex   -5.314000e+00 -1.921900e+01 3.029000e+00
      vertex   -5.091000e+00 -1.791900e+01 3.029000e+00
      vertex   -1.449000e+00 -1.921900e+01 3.029000e+00
    endloop
  endfacet
  facet normal 7.847367e-02 9.939822e-01 7.642774e-02
    outer loop
      vertex   -5.091000e+00 -1.792100e+01 3.055000e+00
      vertex   -5.091000e+00 -1.791900e+01 3.029000e+00
      vertex   -5.395000e+00 -1.789700e+01 3.055000e+00
    endloop
  endfacet
  facet normal 0.000000e+00 9.970570e-01 7.666416e-02
    outer loop
      vertex   -1.449000e+00 -1.792100e+01 3.055000e+00
      vertex   -5.091000e+00 -1.791900e+01 3.029000e+00
      vertex   -5.091000e+00 -1.792100e+01 3.055000e+00
    endloop
  endfacet
  facet normal -1.000000e+00 -0.000000e+00 -0.000000e+00
    outer loop
      vertex   -7.450000e-01 -1.700000e+01 3.000000e+00
      vertex   -7.450000e-01 -1.700000e+01 2.998857e+00
      vertex   -7.450000e-01 -2.150000e+01 3.000000e+00
    endloop
  endfacet
  facet normal -1.000000e+00 0.000000e+00 0.000000e+00
    outer loop
      vertex   -7.450000e-01 -2.150000e+01 3.000000e+00
      vertex   -7.450000e-01 -1.700000e+01 2.998857e+00
      vertex   -7.450000e-01 -2.150000e+01 2.998000e+00
    endloop
  endfacet
  facet normal 0.000000e+00 9.970570e-01 7.666416e-02
    outer loop
      vertex   -1.449000e+00 -1.791900e+01 3.029000e+00
      vertex   -5.091000e+00 -1.791900e+01 3.029000e+00
      vertex   -1.449000e+00 -1.792100e+01 3.055000e+00
    endloop
  endfacet
  facet normal 0.000000e+00 -1.000000e+00 0.000000e+00
    outer loop
      vertex   -5.314000e+00 -1.924100e+01 6.668000e+00
      vertex   -1.449000e+00 -1.924100e+01 3.268000e+00
      vertex   -1.449000e+00 -1.924100e+01 6.668000e+00
    endloop
  endfacet
  facet normal 1.000000e+00 -0.000000e+00 0.000000e+00
    outer loop
      vertex   -1.449000e+00 -1.924100e+01 6.668000e+00
      vertex   -1.449000e+00 -1.792100e+01 3.055000e+00
      vertex   -1.449000e+00 -1.792100e+01 7.017000e+00
    endloop
  endfacet
  facet normal 1.000000e+00 0.000000e+00 0.000000e+00
    outer loop
      vertex   -1.449000e+00 -1.924100e+01 6.668000e+00
      vertex   -1.449000e+00 -1.924100e+01 3.268000e+00
      vertex   -1.449000e+00 -1.792100e+01 3.055000e+00
    endloop
  endfacet
  facet normal 1.000000e+00 0.000000e+00 0.000000e+00
    outer loop
      vertex   -1.449000e+00 -1.924100e+01 3.268000e+00
      vertex   -1.449000e+00 -1.921900e+01 3.029000e+00
      vertex   -1.449000e+00 -1.792100e+01 3.055000e+00
    endloop
  endfacet
  facet normal 1.000000e+00 0.000000e+00 0.000000e+00
    outer loop
      vertex   -1.449000e+00 -1.791900e+01 3.029000e+00
      vertex   -1.449000e+00 -1.792100e+01 3.055000e+00
      vertex   -1.449000e+00 -1.921900e+01 3.029000e+00
    endloop
  endfacet
  facet normal -5.218554e-01 -8.530340e-01 -0.000000e+00
    outer loop
      vertex   -6.645000e+00 -1.892100e+01 6.668000e+00
      vertex   -6.985000e+00 -1.871300e+01 4.996000e+00
      vertex   -6.645000e+00 -1.892100e+01 3.268000e+00
    endloop
  endfacet
  facet normal -3.833792e-01 -9.235910e-01 -0.000000e+00
    outer loop
      vertex   -6.645000e+00 -1.892100e+01 6.668000e+00
      vertex   -6.645000e+00 -1.892100e+01 3.268000e+00
      vertex   -6.221001e+00 -1.909700e+01 6.668000e+00
    endloop
  endfacet
  facet normal -3.833792e-01 -9.235910e-01 0.000000e+00
    outer loop
      vertex   -6.221001e+00 -1.909700e+01 3.268000e+00
      vertex   -6.221001e+00 -1.909700e+01 6.668000e+00
      vertex   -6.645000e+00 -1.892100e+01 3.268000e+00
    endloop
  endfacet
  facet normal 7.071068e-01 -7.071068e-01 0.000000e+00
    outer loop
      vertex   -8.023000e+00 -1.975100e+01 2.998000e+00
      vertex   -6.985000e+00 -1.871300e+01 3.268000e+00
      vertex   -8.023000e+00 -1.975100e+01 4.996000e+00
    endloop
  endfacet
  facet normal -7.818872e-02 -9.969386e-01 -0.000000e+00
    outer loop
      vertex   -5.314000e+00 -1.924100e+01 6.668000e+00
      vertex   -5.773000e+00 -1.920500e+01 6.668000e+00
      vertex   -5.314000e+00 -1.924100e+01 3.268000e+00
    endloop
  endfacet
  facet normal 0.000000e+00 0.000000e+00 1.000000e+00
    outer loop
      vertex   -7.039000e+00 -1.868000e+01 4.996000e+00
      vertex   -7.388000e+00 -1.838100e+01 4.996000e+00
      vertex   -8.023000e+00 -1.975100e+01 4.996000e+00
    endloop
  endfacet
  facet normal 0.000000e+00 0.000000e+00 1.000000e+00
    outer loop
      vertex   -8.023000e+00 -1.975100e+01 4.996000e+00
      vertex   -6.985000e+00 -1.871300e+01 4.996000e+00
      vertex   -7.039000e+00 -1.868000e+01 4.996000e+00
    endloop
  endfacet
  facet normal -0.000000e+00 0.000000e+00 1.000000e+00
    outer loop
      vertex   -8.731000e+00 -1.904400e+01 4.996000e+00
      vertex   -8.023000e+00 -1.975100e+01 4.996000e+00
      vertex   -7.388000e+00 -1.838100e+01 4.996000e+00
    endloop
  endfacet
  facet normal -7.818872e-02 -9.969386e-01 0.000000e+00
    outer loop
      vertex   -5.773000e+00 -1.920500e+01 3.268000e+00
      vertex   -5.314000e+00 -1.924100e+01 3.268000e+00
      vertex   -5.773000e+00 -1.920500e+01 6.668000e+00
    endloop
  endfacet
  facet normal -5.217990e-01 -8.530684e-01 -1.573744e-05
    outer loop
      vertex   -6.985000e+00 -1.871300e+01 4.996000e+00
      vertex   -6.645000e+00 -1.892100e+01 6.668000e+00
      vertex   -7.039000e+00 -1.868000e+01 6.668000e+00
    endloop
  endfacet
  facet normal -5.214443e-01 -8.532853e-01 -0.000000e+00
    outer loop
      vertex   -7.039000e+00 -1.868000e+01 6.668000e+00
      vertex   -7.039000e+00 -1.868000e+01 4.996000e+00
      vertex   -6.985000e+00 -1.871300e+01 4.996000e+00
    endloop
  endfacet
  facet normal -2.343576e-01 -9.721505e-01 0.000000e+00
    outer loop
      vertex   -5.773000e+00 -1.920500e+01 3.268000e+00
      vertex   -5.773000e+00 -1.920500e+01 6.668000e+00
      vertex   -6.221001e+00 -1.909700e+01 6.668000e+00
    endloop
  endfacet
  facet normal 0.000000e+00 -1.000000e+00 0.000000e+00
    outer loop
      vertex   -5.314000e+00 -1.924100e+01 3.268000e+00
      vertex   -1.449000e+00 -1.924100e+01 3.268000e+00
      vertex   -5.314000e+00 -1.924100e+01 6.668000e+00
    endloop
  endfacet
  facet normal 1.560926e-01 9.877424e-01 0.000000e+00
    outer loop
      vertex   5.380200e+01 2.375200e+01 3.000000e+00
      vertex   5.380200e+01 2.375200e+01 0.000000e+00
      vertex   5.341600e+01 2.381300e+01 3.000000e+00
    endloop
  endfacet
  facet normal 1.560926e-01 9.877424e-01 -0.000000e+00
    outer loop
      vertex   5.341600e+01 2.381300e+01 0.000000e+00
      vertex   5.341600e+01 2.381300e+01 3.000000e+00
      vertex   5.380200e+01 2.375200e+01 0.000000e+00
    endloop
  endfacet
  facet normal 4.543512e-01 8.908226e-01 0.000000e+00
    outer loop
      vertex   5.341600e+01 2.381300e+01 3.000000e+00
      vertex   5.341600e+01 2.381300e+01 0.000000e+00
      vertex   5.306700e+01 2.399100e+01 3.000000e+00
    endloop
  endfacet
  facet normal -7.058283e-01 7.083830e-01 0.000000e+00
    outer loop
      vertex   5.481400e+01 2.426700e+01 3.000000e+00
      vertex   5.481400e+01 2.426700e+01 0.000000e+00
      vertex   5.453700e+01 2.399100e+01 3.000000e+00
    endloop
  endfacet
  facet normal -7.058283e-01 7.083830e-01 0.000000e+00
    outer loop
      vertex   5.453700e+01 2.399100e+01 0.000000e+00
      vertex   5.453700e+01 2.399100e+01 3.000000e+00
      vertex   5.481400e+01 2.426700e+01 0.000000e+00
    endloop
  endfacet
  facet normal 0.000000e+00 0.000000e+00 1.000000e+00
    outer loop
      vertex   -7.688000e+00 -1.803100e+01 4.996000e+00
      vertex   -7.698000e+00 -1.801300e+01 4.996000e+00
      vertex   -8.731000e+00 -1.904400e+01 4.996000e+00
    endloop
  endfacet
  facet normal -4.553828e-01 8.902957e-01 0.000000e+00
    outer loop
      vertex   5.453700e+01 2.399100e+01 3.000000e+00
      vertex   5.453700e+01 2.399100e+01 0.000000e+00
      vertex   5.418900e+01 2.381300e+01 3.000000e+00
    endloop
  endfacet
  facet normal -4.553828e-01 8.902957e-01 0.000000e+00
    outer loop
      vertex   5.418900e+01 2.381300e+01 0.000000e+00
      vertex   5.418900e+01 2.381300e+01 3.000000e+00
      vertex   5.453700e+01 2.399100e+01 0.000000e+00
    endloop
  endfacet
  facet normal -6.506121e-01 -7.594102e-01 0.000000e+00
    outer loop
      vertex   -7.388000e+00 -1.838100e+01 4.996000e+00
      vertex   -7.039000e+00 -1.868000e+01 4.996000e+00
      vertex   -7.039000e+00 -1.868000e+01 6.668000e+00
    endloop
  endfacet
  facet normal -1.556985e-01 9.878046e-01 0.000000e+00
    outer loop
      vertex   5.418900e+01 2.381300e+01 3.000000e+00
      vertex   5.380200e+01 2.375200e+01 0.000000e+00
      vertex   5.380200e+01 2.375200e+01 3.000000e+00
    endloop
  endfacet
  facet normal -1.556985e-01 9.878046e-01 0.000000e+00
    outer loop
      vertex   5.418900e+01 2.381300e+01 3.000000e+00
      vertex   5.418900e+01 2.381300e+01 0.000000e+00
      vertex   5.380200e+01 2.375200e+01 0.000000e+00
    endloop
  endfacet
  facet normal -8.741532e-01 -4.856503e-01 0.000000e+00
    outer loop
      vertex   -7.698000e+00 -1.801300e+01 4.996000e+00
      vertex   -7.688000e+00 -1.803100e+01 4.996000e+00
      vertex   -7.688000e+00 -1.803100e+01 6.668000e+00
    endloop
  endfacet
  facet normal 4.543512e-01 8.908226e-01 0.000000e+00
    outer loop
      vertex   5.341600e+01 2.381300e+01 0.000000e+00
      vertex   5.306700e+01 2.399100e+01 0.000000e+00
      vertex   5.306700e+01 2.399100e+01 3.000000e+00
    endloop
  endfacet
  facet normal -8.518147e-01 -5.238432e-01 0.000000e+00
    outer loop
      vertex   -7.698000e+00 -1.801300e+01 4.996000e+00
      vertex   -7.928000e+00 -1.763900e+01 6.668000e+00
      vertex   -7.928000e+00 -1.763900e+01 3.268000e+00
    endloop
  endfacet
  facet normal 7.071037e-01 7.071098e-01 -0.000000e+00
    outer loop
      vertex   5.279100e+01 2.426700e+01 0.000000e+00
      vertex   5.279100e+01 2.426700e+01 3.000000e+00
      vertex   5.306700e+01 2.399100e+01 0.000000e+00
    endloop
  endfacet
  facet normal 7.071037e-01 7.071098e-01 0.000000e+00
    outer loop
      vertex   5.306700e+01 2.399100e+01 3.000000e+00
      vertex   5.306700e+01 2.399100e+01 0.000000e+00
      vertex   5.279100e+01 2.426700e+01 3.000000e+00
    endloop
  endfacet
  facet normal -9.246779e-01 -3.807503e-01 -0.000000e+00
    outer loop
      vertex   -8.103000e+00 -1.721400e+01 6.668000e+00
      vertex   -8.103000e+00 -1.721400e+01 3.268000e+00
      vertex   -7.928000e+00 -1.763900e+01 3.268000e+00
    endloop
  endfacet
  facet normal 8.908264e-01 4.543439e-01 -0.000000e+00
    outer loop
      vertex   5.279100e+01 2.426700e+01 0.000000e+00
      vertex   5.261300e+01 2.461600e+01 3.000000e+00
      vertex   5.279100e+01 2.426700e+01 3.000000e+00
    endloop
  endfacet
  facet normal -9.246779e-01 -3.807503e-01 0.000000e+00
    outer loop
      vertex   -7.928000e+00 -1.763900e+01 3.268000e+00
      vertex   -7.928000e+00 -1.763900e+01 6.668000e+00
      vertex   -8.103000e+00 -1.721400e+01 6.668000e+00
    endloop
  endfacet
  facet normal -8.918548e-01 4.523217e-01 0.000000e+00
    outer loop
      vertex   5.481400e+01 2.426700e+01 3.000000e+00
      vertex   5.499100e+01 2.461600e+01 3.000000e+00
      vertex   5.481400e+01 2.426700e+01 0.000000e+00
    endloop
  endfacet
  facet normal -7.592571e-01 -6.507908e-01 0.000000e+00
    outer loop
      vertex   -7.688000e+00 -1.803100e+01 6.668000e+00
      vertex   -7.388000e+00 -1.838100e+01 4.996000e+00
      vertex   -7.388000e+00 -1.838100e+01 6.668000e+00
    endloop
  endfacet
  facet normal -7.592571e-01 -6.507908e-01 -0.000000e+00
    outer loop
      vertex   -7.688000e+00 -1.803100e+01 6.668000e+00
      vertex   -7.688000e+00 -1.803100e+01 4.996000e+00
      vertex   -7.388000e+00 -1.838100e+01 4.996000e+00
    endloop
  endfacet
  facet normal 0.000000e+00 0.000000e+00 1.000000e+00
    outer loop
      vertex   -8.731000e+00 -1.904400e+01 4.996000e+00
      vertex   -7.388000e+00 -1.838100e+01 4.996000e+00
      vertex   -7.688000e+00 -1.803100e+01 4.996000e+00
    endloop
  endfacet
  facet normal 0.000000e+00 -1.000000e+00 0.000000e+00
    outer loop
      vertex   5.780300e+01 2.150300e+01 0.000000e+00
      vertex   5.780300e+01 2.150300e+01 3.000000e+00
      vertex   4.979800e+01 2.150300e+01 0.000000e+00
    endloop
  endfacet
  facet normal 0.000000e+00 -1.000000e+00 0.000000e+00
    outer loop
      vertex   4.979800e+01 2.150300e+01 3.000000e+00
      vertex   4.979800e+01 2.150300e+01 0.000000e+00
      vertex   5.780300e+01 2.150300e+01 3.000000e+00
    endloop
  endfacet
  facet normal 0.000000e+00 0.000000e+00 1.000000e+00
    outer loop
      vertex   5.279100e+01 2.426700e+01 3.000000e+00
      vertex   5.261300e+01 2.461600e+01 3.000000e+00
      vertex   4.979800e+01 2.150300e+01 3.000000e+00
    endloop
  endfacet
  facet normal 0.000000e+00 0.000000e+00 1.000000e+00
    outer loop
      vertex   5.306700e+01 2.399100e+01 3.000000e+00
      vertex   5.279100e+01 2.426700e+01 3.000000e+00
      vertex   4.979800e+01 2.150300e+01 3.000000e+00
    endloop
  endfacet
  facet normal 0.000000e+00 0.000000e+00 1.000000e+00
    outer loop
      vertex   5.418900e+01 2.381300e+01 3.000000e+00
      vertex   5.380200e+01 2.375200e+01 3.000000e+00
      vertex   5.780300e+01 2.150300e+01 3.000000e+00
    endloop
  endfacet
  facet normal 0.000000e+00 0.000000e+00 1.000000e+00
    outer loop
      vertex   5.380200e+01 2.375200e+01 3.000000e+00
      vertex   5.341600e+01 2.381300e+01 3.000000e+00
      vertex   4.979800e+01 2.150300e+01 3.000000e+00
    endloop
  endfacet
  facet normal 0.000000e+00 0.000000e+00 1.000000e+00
    outer loop
      vertex   4.979800e+01 2.150300e+01 3.000000e+00
      vertex   5.780300e+01 2.150300e+01 3.000000e+00
      vertex   5.380200e+01 2.375200e+01 3.000000e+00
    endloop
  endfacet
  facet normal -0.000000e+00 0.000000e+00 1.000000e+00
    outer loop
      vertex   5.418900e+01 2.381300e+01 3.000000e+00
      vertex   5.780300e+01 2.150300e+01 3.000000e+00
      vertex   5.453700e+01 2.399100e+01 3.000000e+00
    endloop
  endfacet
  facet normal -0.000000e+00 0.000000e+00 1.000000e+00
    outer loop
      vertex   5.481400e+01 2.426700e+01 3.000000e+00
      vertex   5.780300e+01 2.150300e+01 3.000000e+00
      vertex   5.499100e+01 2.461600e+01 3.000000e+00
    endloop
  endfacet
  facet normal 0.000000e+00 0.000000e+00 1.000000e+00
    outer loop
      vertex   5.306700e+01 2.399100e+01 3.000000e+00
      vertex   4.979800e+01 2.150300e+01 3.000000e+00
      vertex   5.341600e+01 2.381300e+01 3.000000e+00
    endloop
  endfacet
  facet normal -0.000000e+00 0.000000e+00 1.000000e+00
    outer loop
      vertex   5.453700e+01 2.399100e+01 3.000000e+00
      vertex   5.780300e+01 2.150300e+01 3.000000e+00
      vertex   5.481400e+01 2.426700e+01 3.000000e+00
    endloop
  endfacet
  facet normal 1.588166e-01 9.872886e-01 -6.205171e-03
    outer loop
      vertex   -5.694000e+00 -1.782400e+01 7.017000e+00
      vertex   -5.091000e+00 -1.792100e+01 7.017000e+00
      vertex   -5.395000e+00 -1.789700e+01 3.055000e+00
    endloop
  endfacet
  facet normal 7.870387e-02 9.968980e-01 -0.000000e+00
    outer loop
      vertex   -5.091000e+00 -1.792100e+01 3.055000e+00
      vertex   -5.395000e+00 -1.789700e+01 3.055000e+00
      vertex   -5.091000e+00 -1.792100e+01 7.017000e+00
    endloop
  endfacet
  facet normal 5.725904e-01 8.198416e-01 -0.000000e+00
    outer loop
      vertex   -5.977001e+00 -1.770500e+01 3.055000e+00
      vertex   -6.355000e+00 -1.744100e+01 7.017000e+00
      vertex   -5.977001e+00 -1.770500e+01 7.017000e+00
    endloop
  endfacet
  facet normal -6.506121e-01 -7.594102e-01 -0.000000e+00
    outer loop
      vertex   -7.388000e+00 -1.838100e+01 6.668000e+00
      vertex   -7.388000e+00 -1.838100e+01 4.996000e+00
      vertex   -7.039000e+00 -1.868000e+01 6.668000e+00
    endloop
  endfacet
  facet normal 1.000000e+00 0.000000e+00 0.000000e+00
    outer loop
      vertex   5.780300e+01 2.695600e+01 0.000000e+00
      vertex   5.780300e+01 2.150300e+01 3.000000e+00
      vertex   5.780300e+01 2.150300e+01 0.000000e+00
    endloop
  endfacet
  facet normal -6.480571e-01 -7.564279e-01 8.853663e-02
    outer loop
      vertex   -7.366000e+00 -1.835900e+01 7.017000e+00
      vertex   -7.388000e+00 -1.838100e+01 6.668000e+00
      vertex   -7.039000e+00 -1.868000e+01 6.668000e+00
    endloop
  endfacet
  facet normal -6.474626e-01 -7.568281e-01 8.946168e-02
    outer loop
      vertex   -7.020000e+00 -1.865500e+01 7.017000e+00
      vertex   -7.366000e+00 -1.835900e+01 7.017000e+00
      vertex   -7.039000e+00 -1.868000e+01 6.668000e+00
    endloop
  endfacet
  facet normal -2.333758e-01 -9.680780e-01 9.143661e-02
    outer loop
      vertex   -5.769000e+00 -1.917300e+01 7.017000e+00
      vertex   -6.221001e+00 -1.909700e+01 6.668000e+00
      vertex   -5.773000e+00 -1.920500e+01 6.668000e+00
    endloop
  endfacet
  facet normal -2.322639e-01 -9.684886e-01 8.990716e-02
    outer loop
      vertex   -5.769000e+00 -1.917300e+01 7.017000e+00
      vertex   -6.211000e+00 -1.906700e+01 7.017000e+00
      vertex   -6.221001e+00 -1.909700e+01 6.668000e+00
    endloop
  endfacet
  facet normal -3.804815e-01 -9.205892e-01 8.803023e-02
    outer loop
      vertex   -6.632000e+00 -1.889300e+01 7.017000e+00
      vertex   -6.645000e+00 -1.892100e+01 6.668000e+00
      vertex   -6.211000e+00 -1.906700e+01 7.017000e+00
    endloop
  endfacet
  facet normal -3.818230e-01 -9.198420e-01 9.001104e-02
    outer loop
      vertex   -6.645000e+00 -1.892100e+01 6.668000e+00
      vertex   -6.221001e+00 -1.909700e+01 6.668000e+00
      vertex   -6.211000e+00 -1.906700e+01 7.017000e+00
    endloop
  endfacet
  facet normal -5.207866e-01 -8.490172e-01 8.916886e-02
    outer loop
      vertex   -7.020000e+00 -1.865500e+01 7.017000e+00
      vertex   -7.039000e+00 -1.868000e+01 6.668000e+00
      vertex   -6.632000e+00 -1.889300e+01 7.017000e+00
    endloop
  endfacet
  facet normal -5.197959e-01 -8.497935e-01 8.753964e-02
    outer loop
      vertex   -7.039000e+00 -1.868000e+01 6.668000e+00
      vertex   -6.645000e+00 -1.892100e+01 6.668000e+00
      vertex   -6.632000e+00 -1.889300e+01 7.017000e+00
    endloop
  endfacet
  facet normal 0.000000e+00 0.000000e+00 1.000000e+00
    outer loop
      vertex   -5.977001e+00 -1.770500e+01 7.017000e+00
      vertex   -6.211000e+00 -1.906700e+01 7.017000e+00
      vertex   -5.694000e+00 -1.782400e+01 7.017000e+00
    endloop
  endfacet
  facet normal 0.000000e+00 -0.000000e+00 1.000000e+00
    outer loop
      vertex   -5.769000e+00 -1.917300e+01 7.017000e+00
      vertex   -5.694000e+00 -1.782400e+01 7.017000e+00
      vertex   -6.211000e+00 -1.906700e+01 7.017000e+00
    endloop
  endfacet
  facet normal 0.000000e+00 -0.000000e+00 1.000000e+00
    outer loop
      vertex   -6.211000e+00 -1.906700e+01 7.017000e+00
      vertex   -5.977001e+00 -1.770500e+01 7.017000e+00
      vertex   -6.632000e+00 -1.889300e+01 7.017000e+00
    endloop
  endfacet
  facet normal 9.878037e-01 -1.557044e-01 0.000000e+00
    outer loop
      vertex   5.255200e+01 2.500200e+01 3.000000e+00
      vertex   5.261300e+01 2.538900e+01 0.000000e+00
      vertex   5.261300e+01 2.538900e+01 3.000000e+00
    endloop
  endfacet
  facet normal 0.000000e+00 0.000000e+00 1.000000e+00
    outer loop
      vertex   -5.314000e+00 -1.920900e+01 7.017000e+00
      vertex   -5.694000e+00 -1.782400e+01 7.017000e+00
      vertex   -5.769000e+00 -1.917300e+01 7.017000e+00
    endloop
  endfacet
  facet normal 8.902969e-01 -4.553805e-01 0.000000e+00
    outer loop
      vertex   5.261300e+01 2.538900e+01 3.000000e+00
      vertex   5.261300e+01 2.538900e+01 0.000000e+00
      vertex   5.279100e+01 2.573700e+01 3.000000e+00
    endloop
  endfacet
  facet normal 8.902969e-01 -4.553805e-01 0.000000e+00
    outer loop
      vertex   5.279100e+01 2.573700e+01 0.000000e+00
      vertex   5.279100e+01 2.573700e+01 3.000000e+00
      vertex   5.261300e+01 2.538900e+01 0.000000e+00
    endloop
  endfacet
  facet normal 7.083830e-01 -7.058283e-01 0.000000e+00
    outer loop
      vertex   5.279100e+01 2.573700e+01 3.000000e+00
      vertex   5.279100e+01 2.573700e+01 0.000000e+00
      vertex   5.306700e+01 2.601400e+01 3.000000e+00
    endloop
  endfacet
  facet normal 4.523193e-01 -8.918561e-01 0.000000e+00
    outer loop
      vertex   5.306700e+01 2.601400e+01 3.000000e+00
      vertex   5.341600e+01 2.619100e+01 0.000000e+00
      vertex   5.341600e+01 2.619100e+01 3.000000e+00
    endloop
  endfacet
  facet normal -7.853797e-02 -9.926647e-01 9.191625e-02
    outer loop
      vertex   -5.314000e+00 -1.920900e+01 7.017000e+00
      vertex   -5.769000e+00 -1.917300e+01 7.017000e+00
      vertex   -5.773000e+00 -1.920500e+01 6.668000e+00
    endloop
  endfacet
  facet normal -7.786411e-02 -9.927996e-01 9.102846e-02
    outer loop
      vertex   -5.773000e+00 -1.920500e+01 6.668000e+00
      vertex   -5.314000e+00 -1.924100e+01 6.668000e+00
      vertex   -5.314000e+00 -1.920900e+01 7.017000e+00
    endloop
  endfacet
  facet normal 1.585910e-01 -9.873444e-01 0.000000e+00
    outer loop
      vertex   5.341600e+01 2.619100e+01 3.000000e+00
      vertex   5.341600e+01 2.619100e+01 0.000000e+00
      vertex   5.380200e+01 2.625300e+01 3.000000e+00
    endloop
  endfacet
  facet normal 1.585910e-01 -9.873444e-01 0.000000e+00
    outer loop
      vertex   5.380200e+01 2.625300e+01 0.000000e+00
      vertex   5.380200e+01 2.625300e+01 3.000000e+00
      vertex   5.341600e+01 2.619100e+01 0.000000e+00
    endloop
  endfacet
  facet normal -1.581910e-01 -9.874085e-01 0.000000e+00
    outer loop
      vertex   5.380200e+01 2.625300e+01 3.000000e+00
      vertex   5.418900e+01 2.619100e+01 0.000000e+00
      vertex   5.418900e+01 2.619100e+01 3.000000e+00
    endloop
  endfacet
  facet normal -1.581910e-01 -9.874085e-01 -0.000000e+00
    outer loop
      vertex   5.380200e+01 2.625300e+01 3.000000e+00
      vertex   5.380200e+01 2.625300e+01 0.000000e+00
      vertex   5.418900e+01 2.619100e+01 0.000000e+00
    endloop
  endfacet
  facet normal -4.533487e-01 -8.913332e-01 -0.000000e+00
    outer loop
      vertex   5.418900e+01 2.619100e+01 3.000000e+00
      vertex   5.418900e+01 2.619100e+01 0.000000e+00
      vertex   5.453700e+01 2.601400e+01 3.000000e+00
    endloop
  endfacet
  facet normal -4.533487e-01 -8.913332e-01 0.000000e+00
    outer loop
      vertex   5.453700e+01 2.601400e+01 0.000000e+00
      vertex   5.453700e+01 2.601400e+01 3.000000e+00
      vertex   5.418900e+01 2.619100e+01 0.000000e+00
    endloop
  endfacet
  facet normal -7.071098e-01 -7.071037e-01 0.000000e+00
    outer loop
      vertex   5.453700e+01 2.601400e+01 3.000000e+00
      vertex   5.481400e+01 2.573700e+01 0.000000e+00
      vertex   5.481400e+01 2.573700e+01 3.000000e+00
    endloop
  endfacet
  facet normal -7.071098e-01 -7.071037e-01 -0.000000e+00
    outer loop
      vertex   5.453700e+01 2.601400e+01 3.000000e+00
      vertex   5.453700e+01 2.601400e+01 0.000000e+00
      vertex   5.481400e+01 2.573700e+01 0.000000e+00
    endloop
  endfacet
  facet normal -8.913295e-01 -4.533561e-01 -0.000000e+00
    outer loop
      vertex   5.481400e+01 2.573700e+01 3.000000e+00
      vertex   5.481400e+01 2.573700e+01 0.000000e+00
      vertex   5.499100e+01 2.538900e+01 3.000000e+00
    endloop
  endfacet
  facet normal -9.874095e-01 -1.581850e-01 0.000000e+00
    outer loop
      vertex   5.505300e+01 2.500200e+01 0.000000e+00
      vertex   5.505300e+01 2.500200e+01 3.000000e+00
      vertex   5.499100e+01 2.538900e+01 3.000000e+00
    endloop
  endfacet
  facet normal -9.873453e-01 1.585851e-01 0.000000e+00
    outer loop
      vertex   5.505300e+01 2.500200e+01 0.000000e+00
      vertex   5.499100e+01 2.461600e+01 0.000000e+00
      vertex   5.505300e+01 2.500200e+01 3.000000e+00
    endloop
  endfacet
  facet normal -9.873453e-01 1.585851e-01 0.000000e+00
    outer loop
      vertex   5.499100e+01 2.461600e+01 3.000000e+00
      vertex   5.505300e+01 2.500200e+01 3.000000e+00
      vertex   5.499100e+01 2.461600e+01 0.000000e+00
    endloop
  endfacet
  facet normal -8.918548e-01 4.523217e-01 0.000000e+00
    outer loop
      vertex   5.499100e+01 2.461600e+01 0.000000e+00
      vertex   5.481400e+01 2.426700e+01 0.000000e+00
      vertex   5.499100e+01 2.461600e+01 3.000000e+00
    endloop
  endfacet
  facet normal -8.528510e-01 -5.221541e-01 -5.203745e-04
    outer loop
      vertex   -7.928000e+00 -1.763900e+01 6.668000e+00
      vertex   -7.698000e+00 -1.801300e+01 4.996000e+00
      vertex   -7.688000e+00 -1.803100e+01 6.668000e+00
    endloop
  endfacet
  facet normal 8.908264e-01 4.543439e-01 -0.000000e+00
    outer loop
      vertex   5.261300e+01 2.461600e+01 0.000000e+00
      vertex   5.261300e+01 2.461600e+01 3.000000e+00
      vertex   5.279100e+01 2.426700e+01 0.000000e+00
    endloop
  endfacet
  facet normal 9.877415e-01 1.560985e-01 0.000000e+00
    outer loop
      vertex   5.255200e+01 2.500200e+01 0.000000e+00
      vertex   5.261300e+01 2.461600e+01 3.000000e+00
      vertex   5.261300e+01 2.461600e+01 0.000000e+00
    endloop
  endfacet
  facet normal 9.877415e-01 1.560985e-01 -0.000000e+00
    outer loop
      vertex   5.255200e+01 2.500200e+01 0.000000e+00
      vertex   5.255200e+01 2.500200e+01 3.000000e+00
      vertex   5.261300e+01 2.461600e+01 3.000000e+00
    endloop
  endfacet
  facet normal 9.878037e-01 -1.557044e-01 0.000000e+00
    outer loop
      vertex   5.255200e+01 2.500200e+01 3.000000e+00
      vertex   5.255200e+01 2.500200e+01 0.000000e+00
      vertex   5.261300e+01 2.538900e+01 0.000000e+00
    endloop
  endfacet
  facet normal 7.083830e-01 -7.058283e-01 0.000000e+00
    outer loop
      vertex   5.306700e+01 2.601400e+01 0.000000e+00
      vertex   5.306700e+01 2.601400e+01 3.000000e+00
      vertex   5.279100e+01 2.573700e+01 0.000000e+00
    endloop
  endfacet
  facet normal 4.523193e-01 -8.918561e-01 0.000000e+00
    outer loop
      vertex   5.306700e+01 2.601400e+01 3.000000e+00
      vertex   5.306700e+01 2.601400e+01 0.000000e+00
      vertex   5.341600e+01 2.619100e+01 0.000000e+00
    endloop
  endfacet
  facet normal -7.563373e-01 -6.482882e-01 8.761379e-02
    outer loop
      vertex   -7.688000e+00 -1.803100e+01 6.668000e+00
      vertex   -7.388000e+00 -1.838100e+01 6.668000e+00
      vertex   -7.663000e+00 -1.801300e+01 7.017000e+00
    endloop
  endfacet
  facet normal -7.558110e-01 -6.487757e-01 8.854248e-02
    outer loop
      vertex   -7.663000e+00 -1.801300e+01 7.017000e+00
      vertex   -7.388000e+00 -1.838100e+01 6.668000e+00
      vertex   -7.366000e+00 -1.835900e+01 7.017000e+00
    endloop
  endfacet
  facet normal -8.501042e-01 -5.192646e-01 8.767631e-02
    outer loop
      vertex   -7.900000e+00 -1.762500e+01 7.017000e+00
      vertex   -7.688000e+00 -1.803100e+01 6.668000e+00
      vertex   -7.663000e+00 -1.801300e+01 7.017000e+00
    endloop
  endfacet
  facet normal -8.494656e-01 -5.200814e-01 8.901442e-02
    outer loop
      vertex   -7.928000e+00 -1.763900e+01 6.668000e+00
      vertex   -7.688000e+00 -1.803100e+01 6.668000e+00
      vertex   -7.900000e+00 -1.762500e+01 7.017000e+00
    endloop
  endfacet
  facet normal -8.913295e-01 -4.533561e-01 0.000000e+00
    outer loop
      vertex   5.481400e+01 2.573700e+01 0.000000e+00
      vertex   5.499100e+01 2.538900e+01 0.000000e+00
      vertex   5.499100e+01 2.538900e+01 3.000000e+00
    endloop
  endfacet
  facet normal -9.209999e-01 -3.792358e-01 8.910359e-02
    outer loop
      vertex   -8.103000e+00 -1.721400e+01 6.668000e+00
      vertex   -7.928000e+00 -1.763900e+01 6.668000e+00
      vertex   -7.900000e+00 -1.762500e+01 7.017000e+00
    endloop
  endfacet
  facet normal -9.874095e-01 -1.581850e-01 -0.000000e+00
    outer loop
      vertex   5.499100e+01 2.538900e+01 3.000000e+00
      vertex   5.499100e+01 2.538900e+01 0.000000e+00
      vertex   5.505300e+01 2.500200e+01 0.000000e+00
    endloop
  endfacet
  facet normal -0.000000e+00 0.000000e+00 1.000000e+00
    outer loop
      vertex   -7.900000e+00 -1.762500e+01 7.017000e+00
      vertex   -7.663000e+00 -1.801300e+01 7.017000e+00
      vertex   -6.671000e+00 -1.710300e+01 7.017000e+00
    endloop
  endfacet
  facet normal -0.000000e+00 0.000000e+00 1.000000e+00
    outer loop
      vertex   -7.366000e+00 -1.835900e+01 7.017000e+00
      vertex   -7.020000e+00 -1.865500e+01 7.017000e+00
      vertex   -6.355000e+00 -1.744100e+01 7.017000e+00
    endloop
  endfacet
  facet normal 0.000000e+00 0.000000e+00 1.000000e+00
    outer loop
      vertex   -5.977001e+00 -1.770500e+01 7.017000e+00
      vertex   -6.355000e+00 -1.744100e+01 7.017000e+00
      vertex   -7.020000e+00 -1.865500e+01 7.017000e+00
    endloop
  endfacet
  facet normal 0.000000e+00 0.000000e+00 1.000000e+00
    outer loop
      vertex   4.736172e+01 2.751625e+01 3.000000e+00
      vertex   4.736172e+01 2.726609e+01 3.000000e+00
      vertex   5.255200e+01 2.500200e+01 3.000000e+00
    endloop
  endfacet
  facet normal 0.000000e+00 0.000000e+00 1.000000e+00
    outer loop
      vertex   5.255200e+01 2.500200e+01 3.000000e+00
      vertex   4.736172e+01 2.726609e+01 3.000000e+00
      vertex   5.261300e+01 2.461600e+01 3.000000e+00
    endloop
  endfacet
  facet normal 0.000000e+00 0.000000e+00 1.000000e+00
    outer loop
      vertex   4.736172e+01 2.780859e+01 3.000000e+00
      vertex   4.736172e+01 2.751625e+01 3.000000e+00
      vertex   5.261300e+01 2.538900e+01 3.000000e+00
    endloop
  endfacet
  facet normal 0.000000e+00 0.000000e+00 1.000000e+00
    outer loop
      vertex   5.261300e+01 2.538900e+01 3.000000e+00
      vertex   4.736172e+01 2.751625e+01 3.000000e+00
      vertex   5.255200e+01 2.500200e+01 3.000000e+00
    endloop
  endfacet
  facet normal -0.000000e+00 0.000000e+00 1.000000e+00
    outer loop
      vertex   -7.663000e+00 -1.801300e+01 7.017000e+00
      vertex   -7.366000e+00 -1.835900e+01 7.017000e+00
      vertex   -6.355000e+00 -1.744100e+01 7.017000e+00
    endloop
  endfacet
  facet normal 0.000000e+00 0.000000e+00 1.000000e+00
    outer loop
      vertex   -6.671000e+00 -1.710300e+01 7.017000e+00
      vertex   -7.663000e+00 -1.801300e+01 7.017000e+00
      vertex   -6.355000e+00 -1.744100e+01 7.017000e+00
    endloop
  endfacet
  facet normal 0.000000e+00 0.000000e+00 1.000000e+00
    outer loop
      vertex   5.150300e+01 3.750000e+01 3.000000e+00
      vertex   5.380200e+01 2.625300e+01 3.000000e+00
      vertex   5.535200e+01 2.822100e+01 3.000000e+00
    endloop
  endfacet
  facet normal -0.000000e+00 0.000000e+00 1.000000e+00
    outer loop
      vertex   5.499100e+01 2.461600e+01 3.000000e+00
      vertex   5.780300e+01 2.150300e+01 3.000000e+00
      vertex   5.505300e+01 2.500200e+01 3.000000e+00
    endloop
  endfacet
  facet normal 0.000000e+00 0.000000e+00 1.000000e+00
    outer loop
      vertex   5.780300e+01 2.150300e+01 3.000000e+00
      vertex   5.778700e+01 2.695600e+01 3.000000e+00
      vertex   5.505300e+01 2.500200e+01 3.000000e+00
    endloop
  endfacet
  facet normal 0.000000e+00 -0.000000e+00 1.000000e+00
    outer loop
      vertex   5.499100e+01 2.538900e+01 3.000000e+00
      vertex   5.778700e+01 2.695600e+01 3.000000e+00
      vertex   5.481400e+01 2.573700e+01 3.000000e+00
    endloop
  endfacet
  facet normal 0.000000e+00 0.000000e+00 1.000000e+00
    outer loop
      vertex   5.535200e+01 2.822100e+01 3.000000e+00
      vertex   5.380200e+01 2.625300e+01 3.000000e+00
      vertex   5.535200e+01 2.720900e+01 3.000000e+00
    endloop
  endfacet
  facet normal 0.000000e+00 -0.000000e+00 1.000000e+00
    outer loop
      vertex   5.481400e+01 2.573700e+01 3.000000e+00
      vertex   5.535200e+01 2.720900e+01 3.000000e+00
      vertex   5.453700e+01 2.601400e+01 3.000000e+00
    endloop
  endfacet
  facet normal -9.214190e-01 -3.777375e-01 9.111177e-02
    outer loop
      vertex   -7.900000e+00 -1.762500e+01 7.017000e+00
      vertex   -8.073000e+00 -1.720300e+01 7.017000e+00
      vertex   -8.103000e+00 -1.721400e+01 6.668000e+00
    endloop
  endfacet
  facet normal 0.000000e+00 0.000000e+00 1.000000e+00
    outer loop
      vertex   5.341600e+01 2.619100e+01 3.000000e+00
      vertex   5.150300e+01 3.750000e+01 3.000000e+00
      vertex   5.306700e+01 2.601400e+01 3.000000e+00
    endloop
  endfacet
  facet normal 0.000000e+00 -0.000000e+00 1.000000e+00
    outer loop
      vertex   5.418900e+01 2.619100e+01 3.000000e+00
      vertex   5.535200e+01 2.720900e+01 3.000000e+00
      vertex   5.380200e+01 2.625300e+01 3.000000e+00
    endloop
  endfacet
  facet normal 0.000000e+00 0.000000e+00 1.000000e+00
    outer loop
      vertex   4.736172e+01 2.837930e+01 3.000000e+00
      vertex   4.736172e+01 2.810735e+01 3.000000e+00
      vertex   5.306700e+01 2.601400e+01 3.000000e+00
    endloop
  endfacet
  facet normal 0.000000e+00 0.000000e+00 1.000000e+00
    outer loop
      vertex   5.306700e+01 2.601400e+01 3.000000e+00
      vertex   4.736172e+01 2.810735e+01 3.000000e+00
      vertex   5.279100e+01 2.573700e+01 3.000000e+00
    endloop
  endfacet
  facet normal 0.000000e+00 0.000000e+00 1.000000e+00
    outer loop
      vertex   4.736172e+01 2.810735e+01 3.000000e+00
      vertex   4.736172e+01 2.780859e+01 3.000000e+00
      vertex   5.279100e+01 2.573700e+01 3.000000e+00
    endloop
  endfacet
  facet normal 0.000000e+00 0.000000e+00 1.000000e+00
    outer loop
      vertex   5.279100e+01 2.573700e+01 3.000000e+00
      vertex   4.736172e+01 2.780859e+01 3.000000e+00
      vertex   5.261300e+01 2.538900e+01 3.000000e+00
    endloop
  endfacet
  facet normal 8.947347e-01 4.465573e-01 -6.038568e-03
    outer loop
      vertex   -6.947000e+00 -1.655000e+01 7.017000e+00
      vertex   -6.671000e+00 -1.710300e+01 7.017000e+00
      vertex   -6.830000e+00 -1.683800e+01 3.055000e+00
    endloop
  endfacet
  facet normal 0.000000e+00 0.000000e+00 1.000000e+00
    outer loop
      vertex   -6.671000e+00 -1.710300e+01 7.017000e+00
      vertex   -8.073000e+00 -1.720300e+01 7.017000e+00
      vertex   -7.900000e+00 -1.762500e+01 7.017000e+00
    endloop
  endfacet
  facet normal 0.000000e+00 0.000000e+00 1.000000e+00
    outer loop
      vertex   -6.671000e+00 -1.710300e+01 7.017000e+00
      vertex   -6.947000e+00 -1.655000e+01 7.017000e+00
      vertex   -8.073000e+00 -1.720300e+01 7.017000e+00
    endloop
  endfacet
  facet normal 0.000000e+00 0.000000e+00 1.000000e+00
    outer loop
      vertex   -7.044000e+00 -1.593700e+01 7.017000e+00
      vertex   -8.216000e+00 -1.630700e+01 7.017000e+00
      vertex   -6.947000e+00 -1.655000e+01 7.017000e+00
    endloop
  endfacet
  facet normal -0.000000e+00 0.000000e+00 1.000000e+00
    outer loop
      vertex   -8.179000e+00 -1.676100e+01 7.017000e+00
      vertex   -8.073000e+00 -1.720300e+01 7.017000e+00
      vertex   -6.947000e+00 -1.655000e+01 7.017000e+00
    endloop
  endfacet
  facet normal 9.899972e-01 1.410872e-01 0.000000e+00
    outer loop
      vertex   8.140001e+00 8.672000e+00 2.998000e+00
      vertex   8.140001e+00 8.672000e+00 0.000000e+00
      vertex   8.022000e+00 9.500000e+00 0.000000e+00
    endloop
  endfacet
  facet normal 9.638766e-01 -2.663493e-01 0.000000e+00
    outer loop
      vertex   8.140001e+00 1.132800e+01 0.000000e+00
      vertex   8.363000e+00 1.213500e+01 0.000000e+00
      vertex   8.140001e+00 1.132800e+01 2.998000e+00
    endloop
  endfacet
  facet normal 9.638766e-01 -2.663493e-01 0.000000e+00
    outer loop
      vertex   8.363000e+00 1.213500e+01 2.998000e+00
      vertex   8.140001e+00 1.132800e+01 2.998000e+00
      vertex   8.363000e+00 1.213500e+01 0.000000e+00
    endloop
  endfacet
  facet normal 0.000000e+00 0.000000e+00 1.000000e+00
    outer loop
      vertex   -8.216000e+00 -1.630700e+01 7.017000e+00
      vertex   -8.179000e+00 -1.676100e+01 7.017000e+00
      vertex   -6.947000e+00 -1.655000e+01 7.017000e+00
    endloop
  endfacet
  facet normal 9.899972e-01 -1.410873e-01 0.000000e+00
    outer loop
      vertex   8.140001e+00 1.132800e+01 2.998000e+00
      vertex   8.022000e+00 1.050000e+01 2.998000e+00
      vertex   8.140001e+00 1.132800e+01 0.000000e+00
    endloop
  endfacet
  facet normal 9.899972e-01 -1.410873e-01 0.000000e+00
    outer loop
      vertex   8.022000e+00 1.050000e+01 0.000000e+00
      vertex   8.140001e+00 1.132800e+01 0.000000e+00
      vertex   8.022000e+00 1.050000e+01 2.998000e+00
    endloop
  endfacet
  facet normal 0.000000e+00 -1.000000e+00 0.000000e+00
    outer loop
      vertex   1.003100e+01 9.500000e+00 0.000000e+00
      vertex   8.022000e+00 9.500000e+00 2.998000e+00
      vertex   8.022000e+00 9.500000e+00 0.000000e+00
    endloop
  endfacet
  facet normal -8.509288e-01 5.172332e-01 -9.159713e-02
    outer loop
      vertex   -7.714000e+00 3.792600e+01 3.029000e+00
      vertex   -7.869000e+00 3.767100e+01 3.029000e+00
      vertex   -7.730000e+00 3.794200e+01 3.268000e+00
    endloop
  endfacet
  facet normal 0.000000e+00 0.000000e+00 1.000000e+00
    outer loop
      vertex   1.003100e+01 1.050000e+01 2.998000e+00
      vertex   8.022000e+00 1.050000e+01 2.998000e+00
      vertex   8.022000e+00 9.500000e+00 2.998000e+00
    endloop
  endfacet
  facet normal 0.000000e+00 0.000000e+00 1.000000e+00
    outer loop
      vertex   7.020000e+00 1.050000e+01 2.998000e+00
      vertex   7.020000e+00 9.500000e+00 2.998000e+00
      vertex   8.022000e+00 9.500000e+00 2.998000e+00
    endloop
  endfacet
  facet normal 0.000000e+00 -0.000000e+00 1.000000e+00
    outer loop
      vertex   7.149000e+00 8.529000e+00 2.998000e+00
      vertex   8.022000e+00 9.500000e+00 2.998000e+00
      vertex   7.020000e+00 9.500000e+00 2.998000e+00
    endloop
  endfacet
  facet normal 0.000000e+00 0.000000e+00 1.000000e+00
    outer loop
      vertex   7.020000e+00 1.050000e+01 2.998000e+00
      vertex   4.015000e+00 1.050000e+01 2.998000e+00
      vertex   7.020000e+00 9.500000e+00 2.998000e+00
    endloop
  endfacet
  facet normal -7.071073e-01 -7.071063e-01 8.746576e-06
    outer loop
      vertex   -7.730000e+00 3.794200e+01 3.268000e+00
      vertex   -8.768000e+00 3.898000e+01 2.998000e+00
      vertex   -7.714000e+00 3.792600e+01 3.029000e+00
    endloop
  endfacet
  facet normal 0.000000e+00 -0.000000e+00 -1.000000e+00
    outer loop
      vertex   -7.707000e+00 3.791900e+01 3.029000e+00
      vertex   -6.724000e+00 3.692200e+01 3.029000e+00
      vertex   -7.869000e+00 3.767100e+01 3.029000e+00
    endloop
  endfacet
  facet normal 7.071077e-01 -7.071059e-01 0.000000e+00
    outer loop
      vertex   -7.000000e+00 3.862600e+01 2.998000e+00
      vertex   -7.707000e+00 3.791900e+01 3.029000e+00
      vertex   -7.707000e+00 3.791900e+01 2.998000e+00
    endloop
  endfacet
  facet normal 7.071077e-01 -7.071059e-01 0.000000e+00
    outer loop
      vertex   -7.000000e+00 3.862600e+01 2.998000e+00
      vertex   -7.000000e+00 3.862600e+01 3.029000e+00
      vertex   -7.707000e+00 3.791900e+01 3.029000e+00
    endloop
  endfacet
  facet normal -7.070767e-01 -7.071369e-01 -0.000000e+00
    outer loop
      vertex   -7.707000e+00 3.791900e+01 3.029000e+00
      vertex   -7.714000e+00 3.792600e+01 3.029000e+00
      vertex   -7.707000e+00 3.791900e+01 2.998000e+00
    endloop
  endfacet
  facet normal 7.067234e-01 7.074839e-01 2.911531e-03
    outer loop
      vertex   -8.061000e+00 3.968700e+01 2.998000e+00
      vertex   -7.029000e+00 3.865500e+01 3.268000e+00
      vertex   -7.013000e+00 3.864000e+01 3.029000e+00
    endloop
  endfacet
  facet normal 9.899972e-01 1.410872e-01 0.000000e+00
    outer loop
      vertex   8.140001e+00 8.672000e+00 2.998000e+00
      vertex   8.022000e+00 9.500000e+00 0.000000e+00
      vertex   8.022000e+00 9.500000e+00 2.998000e+00
    endloop
  endfacet
  facet normal -0.000000e+00 0.000000e+00 1.000000e+00
    outer loop
      vertex   7.149000e+00 8.529000e+00 2.998000e+00
      vertex   7.403000e+00 7.583000e+00 2.998000e+00
      vertex   8.140001e+00 8.672000e+00 2.998000e+00
    endloop
  endfacet
  facet normal 0.000000e+00 -0.000000e+00 1.000000e+00
    outer loop
      vertex   -2.503000e+00 2.824800e+01 2.998000e+00
      vertex   2.255000e+00 3.350300e+01 2.998000e+00
      vertex   -7.707000e+00 3.791900e+01 2.998000e+00
    endloop
  endfacet
  facet normal 0.000000e+00 0.000000e+00 1.000000e+00
    outer loop
      vertex   7.149000e+00 8.529000e+00 2.998000e+00
      vertex   8.140001e+00 8.672000e+00 2.998000e+00
      vertex   8.022000e+00 9.500000e+00 2.998000e+00
    endloop
  endfacet
  facet normal -4.920596e-01 8.592114e-01 -1.401184e-01
    outer loop
      vertex   -7.013000e+00 3.864000e+01 3.029000e+00
      vertex   -6.655000e+00 3.888400e+01 3.268000e+00
      vertex   -6.559000e+00 3.890000e+01 3.029000e+00
    endloop
  endfacet
  facet normal 9.934338e-01 -1.144085e-01 0.000000e+00
    outer loop
      vertex   4.176000e+00 1.189800e+01 2.998000e+00
      vertex   4.015000e+00 1.050000e+01 0.000000e+00
      vertex   4.176000e+00 1.189800e+01 0.000000e+00
    endloop
  endfacet
  facet normal 9.691312e-01 -2.465457e-01 0.000000e+00
    outer loop
      vertex   4.176000e+00 1.189800e+01 0.000000e+00
      vertex   4.523000e+00 1.326200e+01 2.998000e+00
      vertex   4.176000e+00 1.189800e+01 2.998000e+00
    endloop
  endfacet
  facet normal 0.000000e+00 0.000000e+00 -1.000000e+00
    outer loop
      vertex   -7.013000e+00 3.864000e+01 3.029000e+00
      vertex   -6.559000e+00 3.890000e+01 3.029000e+00
      vertex   -7.000000e+00 3.862600e+01 3.029000e+00
    endloop
  endfacet
  facet normal 0.000000e+00 -0.000000e+00 -1.000000e+00
    outer loop
      vertex   -6.133000e+00 3.906100e+01 3.029000e+00
      vertex   -5.994000e+00 3.769900e+01 3.029000e+00
      vertex   -6.559000e+00 3.890000e+01 3.029000e+00
    endloop
  endfacet
  facet normal 7.327824e-01 6.804631e-01 0.000000e+00
    outer loop
      vertex   -7.000000e+00 3.862600e+01 3.029000e+00
      vertex   -7.000000e+00 3.862600e+01 2.998000e+00
      vertex   -7.013000e+00 3.864000e+01 3.029000e+00
    endloop
  endfacet
  facet normal -0.000000e+00 0.000000e+00 1.000000e+00
    outer loop
      vertex   7.020000e+00 1.050000e+01 2.998000e+00
      vertex   8.022000e+00 9.500000e+00 2.998000e+00
      vertex   8.022000e+00 1.050000e+01 2.998000e+00
    endloop
  endfacet
  facet normal 7.069233e-01 7.069229e-01 -2.279393e-02
    outer loop
      vertex   -7.013000e+00 3.864000e+01 3.029000e+00
      vertex   -7.000000e+00 3.862600e+01 2.998000e+00
      vertex   -8.061000e+00 3.968700e+01 2.998000e+00
    endloop
  endfacet
  facet normal 0.000000e+00 -0.000000e+00 1.000000e+00
    outer loop
      vertex   4.176000e+00 1.189800e+01 2.998000e+00
      vertex   4.523000e+00 1.326200e+01 2.998000e+00
      vertex   3.563000e+00 1.354400e+01 2.998000e+00
    endloop
  endfacet
  facet normal -3.499437e-01 9.259415e-01 -1.420275e-01
    outer loop
      vertex   -6.230000e+00 3.906100e+01 3.268000e+00
      vertex   -6.133000e+00 3.906100e+01 3.029000e+00
      vertex   -6.559000e+00 3.890000e+01 3.029000e+00
    endloop
  endfacet
  facet normal 0.000000e+00 0.000000e+00 1.000000e+00
    outer loop
      vertex   4.139000e+00 1.498300e+01 2.998000e+00
      vertex   3.563000e+00 1.354400e+01 2.998000e+00
      vertex   4.523000e+00 1.326200e+01 2.998000e+00
    endloop
  endfacet
  facet normal -3.828261e-01 9.192055e-01 -9.222497e-02
    outer loop
      vertex   -6.655000e+00 3.888400e+01 3.268000e+00
      vertex   -6.230000e+00 3.906100e+01 3.268000e+00
      vertex   -6.559000e+00 3.890000e+01 3.029000e+00
    endloop
  endfacet
  facet normal -0.000000e+00 0.000000e+00 1.000000e+00
    outer loop
      vertex   7.149000e+00 1.147100e+01 2.998000e+00
      vertex   8.140001e+00 1.132800e+01 2.998000e+00
      vertex   7.403000e+00 1.241700e+01 2.998000e+00
    endloop
  endfacet
  facet normal 0.000000e+00 0.000000e+00 1.000000e+00
    outer loop
      vertex   8.363000e+00 1.213500e+01 2.998000e+00
      vertex   7.403000e+00 1.241700e+01 2.998000e+00
      vertex   8.140001e+00 1.132800e+01 2.998000e+00
    endloop
  endfacet
  facet normal 0.000000e+00 0.000000e+00 1.000000e+00
    outer loop
      vertex   7.020000e+00 1.050000e+01 2.998000e+00
      vertex   8.022000e+00 1.050000e+01 2.998000e+00
      vertex   7.149000e+00 1.147100e+01 2.998000e+00
    endloop
  endfacet
  facet normal -0.000000e+00 0.000000e+00 1.000000e+00
    outer loop
      vertex   -8.061000e+00 3.968700e+01 2.998000e+00
      vertex   -7.000000e+00 3.862600e+01 2.998000e+00
      vertex   -7.498000e+00 4.069600e+01 2.998000e+00
    endloop
  endfacet
  facet normal 0.000000e+00 0.000000e+00 1.000000e+00
    outer loop
      vertex   8.140001e+00 1.132800e+01 2.998000e+00
      vertex   7.149000e+00 1.147100e+01 2.998000e+00
      vertex   8.022000e+00 1.050000e+01 2.998000e+00
    endloop
  endfacet
  facet normal 8.966644e-01 -4.426283e-01 -8.554122e-03
    outer loop
      vertex   1.409000e+00 1.623000e+01 0.000000e+00
      vertex   1.911000e+00 1.718900e+01 2.998000e+00
      vertex   1.135000e+00 1.561700e+01 2.998000e+00
    endloop
  endfacet
  facet normal 9.958495e-01 0.000000e+00 9.101494e-02
    outer loop
      vertex   1.135000e+00 1.561700e+01 2.998000e+00
      vertex   1.135000e+00 1.561600e+01 2.998000e+00
      vertex   1.409000e+00 1.623000e+01 0.000000e+00
    endloop
  endfacet
  facet normal 9.302323e-01 -3.668379e-01 9.888407e-03
    outer loop
      vertex   1.409000e+00 1.623000e+01 0.000000e+00
      vertex   1.135000e+00 1.561600e+01 2.998000e+00
      vertex   6.830000e-01 1.438900e+01 0.000000e+00
    endloop
  endfacet
  facet normal 6.442107e-01 -7.640031e-01 -3.594199e-02
    outer loop
      vertex   -6.721000e+00 3.693300e+01 7.017000e+00
      vertex   -6.355000e+00 3.742800e+01 3.055000e+00
      vertex   -6.119000e+00 3.762700e+01 3.055000e+00
    endloop
  endfacet
  facet normal 9.715516e-01 -2.366925e-01 8.013964e-03
    outer loop
      vertex   6.830000e-01 1.438900e+01 0.000000e+00
      vertex   5.540000e-01 1.396100e+01 2.998000e+00
      vertex   2.150000e-01 1.246800e+01 0.000000e+00
    endloop
  endfacet
  facet normal 7.554010e-01 -6.552627e-01 0.000000e+00
    outer loop
      vertex   -6.119000e+00 3.762700e+01 7.017000e+00
      vertex   -6.721000e+00 3.693300e+01 7.017000e+00
      vertex   -6.119000e+00 3.762700e+01 3.055000e+00
    endloop
  endfacet
  facet normal 9.767666e-01 -2.142731e-01 -3.740558e-03
    outer loop
      vertex   2.150000e-01 1.246800e+01 0.000000e+00
      vertex   5.540000e-01 1.396100e+01 2.998000e+00
      vertex   1.780000e-01 1.224700e+01 2.998000e+00
    endloop
  endfacet
  facet normal 9.435258e-01 -3.312316e-01 -6.688507e-03
    outer loop
      vertex   1.135000e+00 1.561600e+01 2.998000e+00
      vertex   5.540000e-01 1.396100e+01 2.998000e+00
      vertex   6.830000e-01 1.438900e+01 0.000000e+00
    endloop
  endfacet
  facet normal -9.698000e-01 2.439016e-01 0.000000e+00
    outer loop
      vertex   3.185000e+00 1.204100e+01 2.998000e+00
      vertex   3.563000e+00 1.354400e+01 2.998000e+00
      vertex   3.563000e+00 1.354400e+01 0.000000e+00
    endloop
  endfacet
  facet normal -9.283876e-01 3.716133e-01 0.000000e+00
    outer loop
      vertex   3.563000e+00 1.354400e+01 0.000000e+00
      vertex   4.139000e+00 1.498300e+01 2.998000e+00
      vertex   4.139000e+00 1.498300e+01 0.000000e+00
    endloop
  endfacet
  facet normal -9.283876e-01 3.716133e-01 0.000000e+00
    outer loop
      vertex   3.563000e+00 1.354400e+01 2.998000e+00
      vertex   4.139000e+00 1.498300e+01 2.998000e+00
      vertex   3.563000e+00 1.354400e+01 0.000000e+00
    endloop
  endfacet
  facet normal -5.221860e-01 8.528316e-01 0.000000e+00
    outer loop
      vertex   -7.029000e+00 3.865500e+01 3.268000e+00
      vertex   -7.029000e+00 3.865500e+01 4.996000e+00
      vertex   -6.655000e+00 3.888400e+01 3.268000e+00
    endloop
  endfacet
  facet normal -5.221860e-01 8.528316e-01 0.000000e+00
    outer loop
      vertex   -6.655000e+00 3.888400e+01 6.668000e+00
      vertex   -6.655000e+00 3.888400e+01 3.268000e+00
      vertex   -7.029000e+00 3.865500e+01 4.996000e+00
    endloop
  endfacet
  facet normal 0.000000e+00 -0.000000e+00 1.000000e+00
    outer loop
      vertex   1.911000e+00 1.718900e+01 2.998000e+00
      vertex   1.911000e+00 1.719100e+01 2.998000e+00
      vertex   1.135000e+00 1.561700e+01 2.998000e+00
    endloop
  endfacet
  facet normal -3.844646e-01 9.231397e-01 0.000000e+00
    outer loop
      vertex   -6.230000e+00 3.906100e+01 3.268000e+00
      vertex   -6.655000e+00 3.888400e+01 3.268000e+00
      vertex   -6.655000e+00 3.888400e+01 6.668000e+00
    endloop
  endfacet
  facet normal -5.201540e-01 8.495129e-01 -8.813426e-02
    outer loop
      vertex   -7.029000e+00 3.865500e+01 3.268000e+00
      vertex   -6.655000e+00 3.888400e+01 3.268000e+00
      vertex   -7.013000e+00 3.864000e+01 3.029000e+00
    endloop
  endfacet
  facet normal 7.071074e-01 7.071062e-01 0.000000e+00
    outer loop
      vertex   -8.061000e+00 3.968700e+01 4.996000e+00
      vertex   -7.029000e+00 3.865500e+01 3.268000e+00
      vertex   -8.061000e+00 3.968700e+01 2.998000e+00
    endloop
  endfacet
  facet normal 0.000000e+00 0.000000e+00 1.000000e+00
    outer loop
      vertex   5.540000e-01 1.396100e+01 2.998000e+00
      vertex   -2.503000e+00 2.824800e+01 2.998000e+00
      vertex   1.780000e-01 1.224700e+01 2.998000e+00
    endloop
  endfacet
  facet normal 0.000000e+00 -0.000000e+00 1.000000e+00
    outer loop
      vertex   1.135000e+00 1.561600e+01 2.998000e+00
      vertex   1.135000e+00 1.561700e+01 2.998000e+00
      vertex   5.540000e-01 1.396100e+01 2.998000e+00
    endloop
  endfacet
  facet normal -8.701422e-01 4.928008e-01 0.000000e+00
    outer loop
      vertex   4.903000e+00 1.633200e+01 0.000000e+00
      vertex   4.139000e+00 1.498300e+01 0.000000e+00
      vertex   4.903000e+00 1.633200e+01 2.998000e+00
    endloop
  endfacet
  facet normal -8.701422e-01 4.928008e-01 0.000000e+00
    outer loop
      vertex   4.139000e+00 1.498300e+01 2.998000e+00
      vertex   4.903000e+00 1.633200e+01 2.998000e+00
      vertex   4.139000e+00 1.498300e+01 0.000000e+00
    endloop
  endfacet
  facet normal -7.955651e-01 6.058681e-01 0.000000e+00
    outer loop
      vertex   5.842000e+00 1.756500e+01 0.000000e+00
      vertex   4.903000e+00 1.633200e+01 0.000000e+00
      vertex   4.903000e+00 1.633200e+01 2.998000e+00
    endloop
  endfacet
  facet normal 9.275924e-01 -3.735939e-01 0.000000e+00
    outer loop
      vertex   4.523000e+00 1.326200e+01 2.998000e+00
      vertex   5.049000e+00 1.456800e+01 0.000000e+00
      vertex   5.049000e+00 1.456800e+01 2.998000e+00
    endloop
  endfacet
  facet normal 9.275924e-01 -3.735939e-01 0.000000e+00
    outer loop
      vertex   4.523000e+00 1.326200e+01 2.998000e+00
      vertex   4.523000e+00 1.326200e+01 0.000000e+00
      vertex   5.049000e+00 1.456800e+01 0.000000e+00
    endloop
  endfacet
  facet normal -9.239124e-01 3.826040e-01 0.000000e+00
    outer loop
      vertex   -8.113000e+00 3.717700e+01 6.668000e+00
      vertex   -7.937000e+00 3.760200e+01 3.268000e+00
      vertex   -8.113000e+00 3.717700e+01 3.268000e+00
    endloop
  endfacet
  facet normal 8.694218e-01 -4.940705e-01 0.000000e+00
    outer loop
      vertex   5.049000e+00 1.456800e+01 0.000000e+00
      vertex   5.744000e+00 1.579100e+01 2.998000e+00
      vertex   5.049000e+00 1.456800e+01 2.998000e+00
    endloop
  endfacet
  facet normal 8.694218e-01 -4.940705e-01 0.000000e+00
    outer loop
      vertex   5.049000e+00 1.456800e+01 0.000000e+00
      vertex   5.744000e+00 1.579100e+01 0.000000e+00
      vertex   5.744000e+00 1.579100e+01 2.998000e+00
    endloop
  endfacet
  facet normal 7.952847e-01 -6.062361e-01 0.000000e+00
    outer loop
      vertex   5.744000e+00 1.579100e+01 0.000000e+00
      vertex   6.597000e+00 1.691000e+01 0.000000e+00
      vertex   5.744000e+00 1.579100e+01 2.998000e+00
    endloop
  endfacet
  facet normal 7.952847e-01 -6.062361e-01 0.000000e+00
    outer loop
      vertex   6.597000e+00 1.691000e+01 0.000000e+00
      vertex   6.597000e+00 1.691000e+01 2.998000e+00
      vertex   5.744000e+00 1.579100e+01 2.998000e+00
    endloop
  endfacet
  facet normal 9.218182e-01 -3.876225e-01 0.000000e+00
    outer loop
      vertex   -6.840000e+00 3.665000e+01 7.017000e+00
      vertex   -6.840000e+00 3.665000e+01 3.055000e+00
      vertex   -6.721000e+00 3.693300e+01 3.055000e+00
    endloop
  endfacet
  facet normal -9.236803e-01 3.831642e-01 0.000000e+00
    outer loop
      vertex   7.403000e+00 1.241700e+01 2.998000e+00
      vertex   7.778000e+00 1.332100e+01 0.000000e+00
      vertex   7.403000e+00 1.241700e+01 0.000000e+00
    endloop
  endfacet
  facet normal -8.658456e-01 5.003113e-01 0.000000e+00
    outer loop
      vertex   8.268000e+00 1.416900e+01 2.998000e+00
      vertex   8.268000e+00 1.416900e+01 0.000000e+00
      vertex   7.778000e+00 1.332100e+01 0.000000e+00
    endloop
  endfacet
  facet normal -8.504882e-01 5.177979e-01 -9.249371e-02
    outer loop
      vertex   -7.730000e+00 3.794200e+01 3.268000e+00
      vertex   -7.869000e+00 3.767100e+01 3.029000e+00
      vertex   -7.937000e+00 3.760200e+01 3.268000e+00
    endloop
  endfacet
  facet normal 0.000000e+00 0.000000e+00 1.000000e+00
    outer loop
      vertex   5.744000e+00 1.579100e+01 2.998000e+00
      vertex   4.903000e+00 1.633200e+01 2.998000e+00
      vertex   5.049000e+00 1.456800e+01 2.998000e+00
    endloop
  endfacet
  facet normal 0.000000e+00 -0.000000e+00 1.000000e+00
    outer loop
      vertex   4.523000e+00 1.326200e+01 2.998000e+00
      vertex   5.049000e+00 1.456800e+01 2.998000e+00
      vertex   4.139000e+00 1.498300e+01 2.998000e+00
    endloop
  endfacet
  facet normal -0.000000e+00 0.000000e+00 1.000000e+00
    outer loop
      vertex   4.139000e+00 1.498300e+01 2.998000e+00
      vertex   5.049000e+00 1.456800e+01 2.998000e+00
      vertex   4.903000e+00 1.633200e+01 2.998000e+00
    endloop
  endfacet
  facet normal 1.184524e-01 -7.563740e-01 -6.433253e-01
    outer loop
      vertex   -4.953000e+00 3.800000e+01 3.055000e+00
      vertex   -5.566000e+00 3.790400e+01 3.055000e+00
      vertex   -5.273000e+00 3.797200e+01 3.029000e+00
    endloop
  endfacet
  facet normal 1.813606e-01 -4.464203e-01 8.762518e-01
    outer loop
      vertex   -5.566000e+00 3.790400e+01 3.055000e+00
      vertex   -5.854000e+00 3.778700e+01 3.055000e+00
      vertex   -5.273000e+00 3.797200e+01 3.029000e+00
    endloop
  endfacet
  facet normal 0.000000e+00 0.000000e+00 1.000000e+00
    outer loop
      vertex   6.597000e+00 1.691000e+01 2.998000e+00
      vertex   5.842000e+00 1.756500e+01 2.998000e+00
      vertex   5.744000e+00 1.579100e+01 2.998000e+00
    endloop
  endfacet
  facet normal 0.000000e+00 0.000000e+00 1.000000e+00
    outer loop
      vertex   5.842000e+00 1.756500e+01 2.998000e+00
      vertex   4.903000e+00 1.633200e+01 2.998000e+00
      vertex   5.744000e+00 1.579100e+01 2.998000e+00
    endloop
  endfacet
  facet normal 2.202901e-01 -5.817942e-01 7.829353e-01
    outer loop
      vertex   -5.273000e+00 3.797200e+01 3.029000e+00
      vertex   -5.854000e+00 3.778700e+01 3.055000e+00
      vertex   -5.994000e+00 3.769900e+01 3.029000e+00
    endloop
  endfacet
  facet normal 1.547198e-01 -9.879584e-01 0.000000e+00
    outer loop
      vertex   -5.566000e+00 3.790400e+01 3.055000e+00
      vertex   -4.953000e+00 3.800000e+01 3.055000e+00
      vertex   -5.566000e+00 3.790400e+01 7.017000e+00
    endloop
  endfacet
  facet normal 3.763812e-01 -9.264649e-01 0.000000e+00
    outer loop
      vertex   -5.566000e+00 3.790400e+01 7.017000e+00
      vertex   -5.854000e+00 3.778700e+01 3.055000e+00
      vertex   -5.566000e+00 3.790400e+01 3.055000e+00
    endloop
  endfacet
  facet normal -9.236803e-01 3.831642e-01 0.000000e+00
    outer loop
      vertex   7.778000e+00 1.332100e+01 0.000000e+00
      vertex   7.403000e+00 1.241700e+01 2.998000e+00
      vertex   7.778000e+00 1.332100e+01 2.998000e+00
    endloop
  endfacet
  facet normal 5.168310e-01 -8.559992e-01 -1.229030e-02
    outer loop
      vertex   -6.119000e+00 3.762700e+01 3.055000e+00
      vertex   -5.854000e+00 3.778700e+01 3.055000e+00
      vertex   -5.566000e+00 3.790400e+01 7.017000e+00
    endloop
  endfacet
  facet normal -8.658456e-01 5.003113e-01 0.000000e+00
    outer loop
      vertex   8.268000e+00 1.416900e+01 2.998000e+00
      vertex   7.778000e+00 1.332100e+01 0.000000e+00
      vertex   7.778000e+00 1.332100e+01 2.998000e+00
    endloop
  endfacet
  facet normal 4.478626e-01 -8.941024e-01 0.000000e+00
    outer loop
      vertex   -5.566000e+00 3.790400e+01 7.017000e+00
      vertex   -6.119000e+00 3.762700e+01 7.017000e+00
      vertex   -6.119000e+00 3.762700e+01 3.055000e+00
    endloop
  endfacet
  facet normal -0.000000e+00 0.000000e+00 1.000000e+00
    outer loop
      vertex   7.403000e+00 1.241700e+01 2.998000e+00
      vertex   8.363000e+00 1.213500e+01 2.998000e+00
      vertex   7.778000e+00 1.332100e+01 2.998000e+00
    endloop
  endfacet
  facet normal 4.599301e-01 -5.454551e-01 7.006733e-01
    outer loop
      vertex   -6.355000e+00 3.742800e+01 3.055000e+00
      vertex   -5.994000e+00 3.769900e+01 3.029000e+00
      vertex   -6.119000e+00 3.762700e+01 3.055000e+00
    endloop
  endfacet
  facet normal 5.135297e-01 -8.505314e-01 1.135063e-01
    outer loop
      vertex   -5.854000e+00 3.778700e+01 3.055000e+00
      vertex   -6.119000e+00 3.762700e+01 3.055000e+00
      vertex   -5.994000e+00 3.769900e+01 3.029000e+00
    endloop
  endfacet
  facet normal 8.075265e-02 -9.938042e-01 7.636849e-02
    outer loop
      vertex   -4.953000e+00 3.799800e+01 3.029000e+00
      vertex   -4.953000e+00 3.800000e+01 3.055000e+00
      vertex   -5.273000e+00 3.797200e+01 3.029000e+00
    endloop
  endfacet
  facet normal 0.000000e+00 -9.970605e-01 7.661872e-02
    outer loop
      vertex   -1.537000e+00 3.799800e+01 3.029000e+00
      vertex   -1.537000e+00 3.800000e+01 3.055000e+00
      vertex   -4.953000e+00 3.799800e+01 3.029000e+00
    endloop
  endfacet
  facet normal 0.000000e+00 -9.970605e-01 7.661872e-02
    outer loop
      vertex   -4.953000e+00 3.800000e+01 3.055000e+00
      vertex   -4.953000e+00 3.799800e+01 3.029000e+00
      vertex   -1.537000e+00 3.800000e+01 3.055000e+00
    endloop
  endfacet
  facet normal 9.008837e-01 4.340606e-01 0.000000e+00
    outer loop
      vertex   1.125300e+01 8.701000e+00 0.000000e+00
      vertex   1.146500e+01 8.261000e+00 2.998000e+00
      vertex   1.146500e+01 8.261000e+00 0.000000e+00
    endloop
  endfacet
  facet normal 9.008837e-01 4.340606e-01 -0.000000e+00
    outer loop
      vertex   1.125300e+01 8.701000e+00 0.000000e+00
      vertex   1.125300e+01 8.701000e+00 2.998000e+00
      vertex   1.146500e+01 8.261000e+00 2.998000e+00
    endloop
  endfacet
  facet normal 9.523054e-01 3.051465e-01 -0.000000e+00
    outer loop
      vertex   1.110400e+01 9.166000e+00 0.000000e+00
      vertex   1.110400e+01 9.166000e+00 2.998000e+00
      vertex   1.125300e+01 8.701000e+00 0.000000e+00
    endloop
  endfacet
  facet normal 9.523054e-01 3.051465e-01 0.000000e+00
    outer loop
      vertex   1.125300e+01 8.701000e+00 2.998000e+00
      vertex   1.125300e+01 8.701000e+00 0.000000e+00
      vertex   1.110400e+01 9.166000e+00 2.998000e+00
    endloop
  endfacet
  facet normal 9.854362e-01 1.700455e-01 0.000000e+00
    outer loop
      vertex   1.102100e+01 9.647000e+00 0.000000e+00
      vertex   1.110400e+01 9.166000e+00 2.998000e+00
      vertex   1.110400e+01 9.166000e+00 0.000000e+00
    endloop
  endfacet
  facet normal 9.854362e-01 1.700455e-01 -0.000000e+00
    outer loop
      vertex   1.102100e+01 9.647000e+00 0.000000e+00
      vertex   1.102100e+01 9.647000e+00 2.998000e+00
      vertex   1.110400e+01 9.166000e+00 2.998000e+00
    endloop
  endfacet
  facet normal 9.991857e-01 4.034819e-02 -0.000000e+00
    outer loop
      vertex   1.100400e+01 1.006800e+01 0.000000e+00
      vertex   1.100400e+01 1.006800e+01 2.998000e+00
      vertex   1.102100e+01 9.647000e+00 0.000000e+00
    endloop
  endfacet
  facet normal 9.991857e-01 4.034819e-02 0.000000e+00
    outer loop
      vertex   1.102100e+01 9.647000e+00 2.998000e+00
      vertex   1.102100e+01 9.647000e+00 0.000000e+00
      vertex   1.100400e+01 1.006800e+01 2.998000e+00
    endloop
  endfacet
  facet normal 9.952660e-01 -9.718803e-02 0.000000e+00
    outer loop
      vertex   1.105800e+01 1.062100e+01 2.998000e+00
      vertex   1.100400e+01 1.006800e+01 2.998000e+00
      vertex   1.105800e+01 1.062100e+01 0.000000e+00
    endloop
  endfacet
  facet normal 9.952660e-01 -9.718803e-02 0.000000e+00
    outer loop
      vertex   1.100400e+01 1.006800e+01 0.000000e+00
      vertex   1.105800e+01 1.062100e+01 0.000000e+00
      vertex   1.100400e+01 1.006800e+01 2.998000e+00
    endloop
  endfacet
  facet normal 0.000000e+00 1.000000e+00 0.000000e+00
    outer loop
      vertex   1.003100e+01 1.050000e+01 2.998000e+00
      vertex   1.003100e+01 1.050000e+01 0.000000e+00
      vertex   8.022000e+00 1.050000e+01 2.998000e+00
    endloop
  endfacet
  facet normal -0.000000e+00 0.000000e+00 -1.000000e+00
    outer loop
      vertex   -4.953000e+00 3.799800e+01 3.029000e+00
      vertex   -5.273000e+00 3.797200e+01 3.029000e+00
      vertex   -5.322000e+00 3.918200e+01 3.029000e+00
    endloop
  endfacet
  facet normal 0.000000e+00 0.000000e+00 -1.000000e+00
    outer loop
      vertex   -5.994000e+00 3.769900e+01 3.029000e+00
      vertex   -5.687000e+00 3.915400e+01 3.029000e+00
      vertex   -5.273000e+00 3.797200e+01 3.029000e+00
    endloop
  endfacet
  facet normal -9.840278e-01 1.780151e-01 0.000000e+00
    outer loop
      vertex   1.013900e+01 1.109700e+01 0.000000e+00
      vertex   1.003100e+01 1.050000e+01 2.998000e+00
      vertex   1.013900e+01 1.109700e+01 2.998000e+00
    endloop
  endfacet
  facet normal -9.840278e-01 1.780151e-01 0.000000e+00
    outer loop
      vertex   1.013900e+01 1.109700e+01 0.000000e+00
      vertex   1.003100e+01 1.050000e+01 0.000000e+00
      vertex   1.003100e+01 1.050000e+01 2.998000e+00
    endloop
  endfacet
  facet normal -9.511311e-01 3.087873e-01 0.000000e+00
    outer loop
      vertex   1.032600e+01 1.167300e+01 0.000000e+00
      vertex   1.013900e+01 1.109700e+01 0.000000e+00
      vertex   1.032600e+01 1.167300e+01 2.998000e+00
    endloop
  endfacet
  facet normal -9.511311e-01 3.087873e-01 0.000000e+00
    outer loop
      vertex   1.013900e+01 1.109700e+01 2.998000e+00
      vertex   1.032600e+01 1.167300e+01 2.998000e+00
      vertex   1.013900e+01 1.109700e+01 0.000000e+00
    endloop
  endfacet
  facet normal -0.000000e+00 0.000000e+00 -1.000000e+00
    outer loop
      vertex   -1.537000e+00 3.918200e+01 3.029000e+00
      vertex   -4.953000e+00 3.799800e+01 3.029000e+00
      vertex   -5.322000e+00 3.918200e+01 3.029000e+00
    endloop
  endfacet
  facet normal 0.000000e+00 0.000000e+00 -1.000000e+00
    outer loop
      vertex   -5.687000e+00 3.915400e+01 3.029000e+00
      vertex   -5.322000e+00 3.918200e+01 3.029000e+00
      vertex   -5.273000e+00 3.797200e+01 3.029000e+00
    endloop
  endfacet
  facet normal -9.015739e-01 4.326252e-01 0.000000e+00
    outer loop
      vertex   1.058800e+01 1.221900e+01 0.000000e+00
      vertex   1.032600e+01 1.167300e+01 0.000000e+00
      vertex   1.058800e+01 1.221900e+01 2.998000e+00
    endloop
  endfacet
  facet normal -9.015739e-01 4.326252e-01 0.000000e+00
    outer loop
      vertex   1.032600e+01 1.167300e+01 2.998000e+00
      vertex   1.058800e+01 1.221900e+01 2.998000e+00
      vertex   1.032600e+01 1.167300e+01 0.000000e+00
    endloop
  endfacet
  facet normal 0.000000e+00 1.000000e+00 0.000000e+00
    outer loop
      vertex   8.022000e+00 1.050000e+01 0.000000e+00
      vertex   8.022000e+00 1.050000e+01 2.998000e+00
      vertex   1.003100e+01 1.050000e+01 0.000000e+00
    endloop
  endfacet
  facet normal -8.345798e-01 5.508871e-01 0.000000e+00
    outer loop
      vertex   1.092200e+01 1.272500e+01 0.000000e+00
      vertex   1.058800e+01 1.221900e+01 0.000000e+00
      vertex   1.058800e+01 1.221900e+01 2.998000e+00
    endloop
  endfacet
  facet normal 0.000000e+00 0.000000e+00 -1.000000e+00
    outer loop
      vertex   -1.537000e+00 3.799800e+01 3.029000e+00
      vertex   -4.953000e+00 3.799800e+01 3.029000e+00
      vertex   -1.537000e+00 3.918200e+01 3.029000e+00
    endloop
  endfacet
  facet normal 9.212974e-01 -3.888588e-01 0.000000e+00
    outer loop
      vertex   8.688000e+00 1.290500e+01 0.000000e+00
      vertex   8.688000e+00 1.290500e+01 2.998000e+00
      vertex   8.363000e+00 1.213500e+01 0.000000e+00
    endloop
  endfacet
  facet normal 0.000000e+00 0.000000e+00 1.000000e+00
    outer loop
      vertex   -6.794000e+00 4.104300e+01 2.998000e+00
      vertex   -7.498000e+00 4.069600e+01 2.998000e+00
      vertex   -7.000000e+00 3.862600e+01 2.998000e+00
    endloop
  endfacet
  facet normal 7.860336e-01 -6.181838e-01 0.000000e+00
    outer loop
      vertex   1.160900e+01 1.196800e+01 0.000000e+00
      vertex   1.191100e+01 1.235200e+01 2.998000e+00
      vertex   1.160900e+01 1.196800e+01 2.998000e+00
    endloop
  endfacet
  facet normal 7.860336e-01 -6.181838e-01 0.000000e+00
    outer loop
      vertex   1.191100e+01 1.235200e+01 0.000000e+00
      vertex   1.191100e+01 1.235200e+01 2.998000e+00
      vertex   1.160900e+01 1.196800e+01 0.000000e+00
    endloop
  endfacet
  facet normal 9.692924e-01 -2.459111e-01 0.000000e+00
    outer loop
      vertex   1.117800e+01 1.109400e+01 0.000000e+00
      vertex   1.105800e+01 1.062100e+01 2.998000e+00
      vertex   1.105800e+01 1.062100e+01 0.000000e+00
    endloop
  endfacet
  facet normal 0.000000e+00 0.000000e+00 -1.000000e+00
    outer loop
      vertex   -5.687000e+00 3.915400e+01 3.029000e+00
      vertex   -5.994000e+00 3.769900e+01 3.029000e+00
      vertex   -6.133000e+00 3.906100e+01 3.029000e+00
    endloop
  endfacet
  facet normal 8.639276e-01 -5.036161e-01 0.000000e+00
    outer loop
      vertex   1.160900e+01 1.196800e+01 2.998000e+00
      vertex   1.136300e+01 1.154600e+01 0.000000e+00
      vertex   1.160900e+01 1.196800e+01 0.000000e+00
    endloop
  endfacet
  facet normal -9.511311e-01 -3.087873e-01 0.000000e+00
    outer loop
      vertex   1.013900e+01 8.903000e+00 0.000000e+00
      vertex   1.032600e+01 8.327000e+00 0.000000e+00
      vertex   1.013900e+01 8.903000e+00 2.998000e+00
    endloop
  endfacet
  facet normal -9.840278e-01 -1.780151e-01 -0.000000e+00
    outer loop
      vertex   1.003100e+01 9.500000e+00 2.998000e+00
      vertex   1.003100e+01 9.500000e+00 0.000000e+00
      vertex   1.013900e+01 8.903000e+00 2.998000e+00
    endloop
  endfacet
  facet normal -9.840278e-01 -1.780151e-01 0.000000e+00
    outer loop
      vertex   1.013900e+01 8.903000e+00 0.000000e+00
      vertex   1.013900e+01 8.903000e+00 2.998000e+00
      vertex   1.003100e+01 9.500000e+00 0.000000e+00
    endloop
  endfacet
  facet normal 0.000000e+00 -1.000000e+00 0.000000e+00
    outer loop
      vertex   8.022000e+00 9.500000e+00 2.998000e+00
      vertex   1.003100e+01 9.500000e+00 0.000000e+00
      vertex   1.003100e+01 9.500000e+00 2.998000e+00
    endloop
  endfacet
  facet normal -2.312795e-01 9.683485e-01 -9.386668e-02
    outer loop
      vertex   -6.133000e+00 3.906100e+01 3.029000e+00
      vertex   -6.230000e+00 3.906100e+01 3.268000e+00
      vertex   -5.782000e+00 3.916800e+01 3.268000e+00
    endloop
  endfacet
  facet normal -5.552887e-01 8.316577e-01 0.000000e+00
    outer loop
      vertex   -7.498000e+00 4.069600e+01 0.000000e+00
      vertex   -8.151000e+00 4.026000e+01 2.998000e+00
      vertex   -7.498000e+00 4.069600e+01 2.998000e+00
    endloop
  endfacet
  facet normal -5.552887e-01 8.316577e-01 0.000000e+00
    outer loop
      vertex   -7.498000e+00 4.069600e+01 0.000000e+00
      vertex   -8.151000e+00 4.026000e+01 0.000000e+00
      vertex   -8.151000e+00 4.026000e+01 2.998000e+00
    endloop
  endfacet
  facet normal 0.000000e+00 -0.000000e+00 1.000000e+00
    outer loop
      vertex   1.013900e+01 8.903000e+00 2.998000e+00
      vertex   1.110400e+01 9.166000e+00 2.998000e+00
      vertex   1.003100e+01 9.500000e+00 2.998000e+00
    endloop
  endfacet
  facet normal 0.000000e+00 0.000000e+00 1.000000e+00
    outer loop
      vertex   -8.151000e+00 4.026000e+01 2.998000e+00
      vertex   -8.740000e+00 3.974300e+01 2.998000e+00
      vertex   -8.061000e+00 3.968700e+01 2.998000e+00
    endloop
  endfacet
  facet normal 0.000000e+00 -0.000000e+00 1.000000e+00
    outer loop
      vertex   1.003100e+01 9.500000e+00 2.998000e+00
      vertex   1.003100e+01 1.050000e+01 2.998000e+00
      vertex   8.022000e+00 9.500000e+00 2.998000e+00
    endloop
  endfacet
  facet normal -9.511311e-01 -3.087873e-01 0.000000e+00
    outer loop
      vertex   1.032600e+01 8.327000e+00 0.000000e+00
      vertex   1.032600e+01 8.327000e+00 2.998000e+00
      vertex   1.013900e+01 8.903000e+00 2.998000e+00
    endloop
  endfacet
  facet normal 0.000000e+00 -0.000000e+00 1.000000e+00
    outer loop
      vertex   -8.061000e+00 3.968700e+01 2.998000e+00
      vertex   -7.498000e+00 4.069600e+01 2.998000e+00
      vertex   -8.151000e+00 4.026000e+01 2.998000e+00
    endloop
  endfacet
  facet normal -9.015740e-01 -4.326248e-01 0.000000e+00
    outer loop
      vertex   1.058800e+01 7.781000e+00 2.998000e+00
      vertex   1.032600e+01 8.327000e+00 2.998000e+00
      vertex   1.032600e+01 8.327000e+00 0.000000e+00
    endloop
  endfacet
  facet normal -7.071077e-01 7.071059e-01 0.000000e+00
    outer loop
      vertex   -8.768000e+00 3.898000e+01 4.996000e+00
      vertex   -8.061000e+00 3.968700e+01 4.996000e+00
      vertex   -8.061000e+00 3.968700e+01 2.998000e+00
    endloop
  endfacet
  facet normal -4.421091e-01 8.969613e-01 0.000000e+00
    outer loop
      vertex   -7.498000e+00 4.069600e+01 2.998000e+00
      vertex   -6.794000e+00 4.104300e+01 2.998000e+00
      vertex   -7.498000e+00 4.069600e+01 0.000000e+00
    endloop
  endfacet
  facet normal -4.421091e-01 8.969613e-01 0.000000e+00
    outer loop
      vertex   -6.794000e+00 4.104300e+01 0.000000e+00
      vertex   -7.498000e+00 4.069600e+01 0.000000e+00
      vertex   -6.794000e+00 4.104300e+01 2.998000e+00
    endloop
  endfacet
  facet normal 0.000000e+00 -0.000000e+00 1.000000e+00
    outer loop
      vertex   5.453700e+01 2.601400e+01 3.000000e+00
      vertex   5.535200e+01 2.720900e+01 3.000000e+00
      vertex   5.418900e+01 2.619100e+01 3.000000e+00
    endloop
  endfacet
  facet normal 0.000000e+00 9.957905e-01 -9.165818e-02
    outer loop
      vertex   -1.537000e+00 3.920400e+01 3.268000e+00
      vertex   -5.322000e+00 3.918200e+01 3.029000e+00
      vertex   -5.322000e+00 3.920400e+01 3.268000e+00
    endloop
  endfacet
  facet normal 0.000000e+00 9.957905e-01 -9.165818e-02
    outer loop
      vertex   -1.537000e+00 3.920400e+01 3.268000e+00
      vertex   -1.537000e+00 3.918200e+01 3.029000e+00
      vertex   -5.322000e+00 3.918200e+01 3.029000e+00
    endloop
  endfacet
  facet normal 0.000000e+00 1.000000e+00 0.000000e+00
    outer loop
      vertex   -5.322000e+00 3.920400e+01 3.268000e+00
      vertex   -5.322000e+00 3.920400e+01 6.668000e+00
      vertex   -1.537000e+00 3.920400e+01 3.268000e+00
    endloop
  endfacet
  facet normal -0.000000e+00 0.000000e+00 1.000000e+00
    outer loop
      vertex   -5.281000e+00 4.144900e+01 2.998000e+00
      vertex   -7.000000e+00 3.862600e+01 2.998000e+00
      vertex   -4.498000e+00 4.150000e+01 2.998000e+00
    endloop
  endfacet
  facet normal 0.000000e+00 0.000000e+00 1.000000e+00
    outer loop
      vertex   1.013900e+01 8.903000e+00 2.998000e+00
      vertex   1.032600e+01 8.327000e+00 2.998000e+00
      vertex   1.125300e+01 8.701000e+00 2.998000e+00
    endloop
  endfacet
  facet normal -0.000000e+00 0.000000e+00 1.000000e+00
    outer loop
      vertex   1.032600e+01 8.327000e+00 2.998000e+00
      vertex   1.058800e+01 7.781000e+00 2.998000e+00
      vertex   1.125300e+01 8.701000e+00 2.998000e+00
    endloop
  endfacet
  facet normal -7.616722e-02 9.928978e-01 -9.139191e-02
    outer loop
      vertex   -5.322000e+00 3.920400e+01 3.268000e+00
      vertex   -5.322000e+00 3.918200e+01 3.029000e+00
      vertex   -5.687000e+00 3.915400e+01 3.029000e+00
    endloop
  endfacet
  facet normal 0.000000e+00 0.000000e+00 1.000000e+00
    outer loop
      vertex   1.102100e+01 9.647000e+00 2.998000e+00
      vertex   1.100400e+01 1.006800e+01 2.998000e+00
      vertex   1.003100e+01 9.500000e+00 2.998000e+00
    endloop
  endfacet
  facet normal 0.000000e+00 0.000000e+00 1.000000e+00
    outer loop
      vertex   1.125300e+01 8.701000e+00 2.998000e+00
      vertex   1.110400e+01 9.166000e+00 2.998000e+00
      vertex   1.013900e+01 8.903000e+00 2.998000e+00
    endloop
  endfacet
  facet normal -2.021997e-01 9.696899e-01 -1.371743e-01
    outer loop
      vertex   -5.687000e+00 3.915400e+01 3.029000e+00
      vertex   -6.133000e+00 3.906100e+01 3.029000e+00
      vertex   -5.782000e+00 3.916800e+01 3.268000e+00
    endloop
  endfacet
  facet normal 0.000000e+00 0.000000e+00 1.000000e+00
    outer loop
      vertex   1.102100e+01 9.647000e+00 2.998000e+00
      vertex   1.003100e+01 9.500000e+00 2.998000e+00
      vertex   1.110400e+01 9.166000e+00 2.998000e+00
    endloop
  endfacet
  facet normal 0.000000e+00 0.000000e+00 1.000000e+00
    outer loop
      vertex   1.003100e+01 1.050000e+01 2.998000e+00
      vertex   1.003100e+01 9.500000e+00 2.998000e+00
      vertex   1.100400e+01 1.006800e+01 2.998000e+00
    endloop
  endfacet
  facet normal -0.000000e+00 0.000000e+00 1.000000e+00
    outer loop
      vertex   1.003100e+01 1.050000e+01 2.998000e+00
      vertex   1.100400e+01 1.006800e+01 2.998000e+00
      vertex   1.105800e+01 1.062100e+01 2.998000e+00
    endloop
  endfacet
  facet normal 9.212974e-01 -3.888588e-01 0.000000e+00
    outer loop
      vertex   8.363000e+00 1.213500e+01 2.998000e+00
      vertex   8.363000e+00 1.213500e+01 0.000000e+00
      vertex   8.688000e+00 1.290500e+01 2.998000e+00
    endloop
  endfacet
  facet normal -7.770976e-02 9.929906e-01 -8.905556e-02
    outer loop
      vertex   -5.782000e+00 3.916800e+01 3.268000e+00
      vertex   -5.322000e+00 3.920400e+01 3.268000e+00
      vertex   -5.687000e+00 3.915400e+01 3.029000e+00
    endloop
  endfacet
  facet normal -0.000000e+00 0.000000e+00 1.000000e+00
    outer loop
      vertex   -6.051000e+00 4.129600e+01 2.998000e+00
      vertex   -7.000000e+00 3.862600e+01 2.998000e+00
      vertex   -5.281000e+00 4.144900e+01 2.998000e+00
    endloop
  endfacet
  facet normal 0.000000e+00 0.000000e+00 1.000000e+00
    outer loop
      vertex   8.268000e+00 1.416900e+01 2.998000e+00
      vertex   7.778000e+00 1.332100e+01 2.998000e+00
      vertex   8.688000e+00 1.290500e+01 2.998000e+00
    endloop
  endfacet
  facet normal 0.000000e+00 -0.000000e+00 1.000000e+00
    outer loop
      vertex   8.363000e+00 1.213500e+01 2.998000e+00
      vertex   8.688000e+00 1.290500e+01 2.998000e+00
      vertex   7.778000e+00 1.332100e+01 2.998000e+00
    endloop
  endfacet
  facet normal 0.000000e+00 0.000000e+00 1.000000e+00
    outer loop
      vertex   1.003100e+01 1.050000e+01 2.998000e+00
      vertex   1.105800e+01 1.062100e+01 2.998000e+00
      vertex   1.013900e+01 1.109700e+01 2.998000e+00
    endloop
  endfacet
  facet normal 1.000000e+00 0.000000e+00 -0.000000e+00
    outer loop
      vertex   -1.537000e+00 3.918200e+01 3.029000e+00
      vertex   -1.537000e+00 3.920400e+01 3.268000e+00
      vertex   -1.537000e+00 3.800000e+01 3.055000e+00
    endloop
  endfacet
  facet normal 1.000000e+00 0.000000e+00 0.000000e+00
    outer loop
      vertex   -1.537000e+00 3.799800e+01 3.029000e+00
      vertex   -1.537000e+00 3.918200e+01 3.029000e+00
      vertex   -1.537000e+00 3.800000e+01 3.055000e+00
    endloop
  endfacet
  facet normal 1.000000e+00 0.000000e+00 -0.000000e+00
    outer loop
      vertex   -1.537000e+00 3.920400e+01 3.268000e+00
      vertex   -1.537000e+00 3.920400e+01 6.668000e+00
      vertex   -1.537000e+00 3.800000e+01 3.055000e+00
    endloop
  endfacet
  facet normal 0.000000e+00 -1.000000e+00 0.000000e+00
    outer loop
      vertex   -1.537000e+00 3.800000e+01 3.055000e+00
      vertex   -1.537000e+00 3.800000e+01 7.017000e+00
      vertex   -4.953000e+00 3.800000e+01 3.055000e+00
    endloop
  endfacet
  facet normal 9.692924e-01 -2.459111e-01 0.000000e+00
    outer loop
      vertex   1.117800e+01 1.109400e+01 0.000000e+00
      vertex   1.117800e+01 1.109400e+01 2.998000e+00
      vertex   1.105800e+01 1.062100e+01 2.998000e+00
    endloop
  endfacet
  facet normal 9.254828e-01 -3.787898e-01 0.000000e+00
    outer loop
      vertex   1.136300e+01 1.154600e+01 0.000000e+00
      vertex   1.136300e+01 1.154600e+01 2.998000e+00
      vertex   1.117800e+01 1.109400e+01 0.000000e+00
    endloop
  endfacet
  facet normal 9.254828e-01 -3.787898e-01 0.000000e+00
    outer loop
      vertex   1.117800e+01 1.109400e+01 2.998000e+00
      vertex   1.117800e+01 1.109400e+01 0.000000e+00
      vertex   1.136300e+01 1.154600e+01 2.998000e+00
    endloop
  endfacet
  facet normal 8.639276e-01 -5.036161e-01 0.000000e+00
    outer loop
      vertex   1.136300e+01 1.154600e+01 0.000000e+00
      vertex   1.160900e+01 1.196800e+01 2.998000e+00
      vertex   1.136300e+01 1.154600e+01 2.998000e+00
    endloop
  endfacet
  facet normal -9.678284e-01 2.333169e-01 9.418870e-02
    outer loop
      vertex   -8.113000e+00 3.717700e+01 6.668000e+00
      vertex   -8.221000e+00 3.672900e+01 6.668000e+00
      vertex   -8.188000e+00 3.672500e+01 7.017000e+00
    endloop
  endfacet
  facet normal 0.000000e+00 -0.000000e+00 1.000000e+00
    outer loop
      vertex   1.105800e+01 1.062100e+01 2.998000e+00
      vertex   1.117800e+01 1.109400e+01 2.998000e+00
      vertex   1.013900e+01 1.109700e+01 2.998000e+00
    endloop
  endfacet
  facet normal 0.000000e+00 -0.000000e+00 1.000000e+00
    outer loop
      vertex   1.136300e+01 1.154600e+01 2.998000e+00
      vertex   1.160900e+01 1.196800e+01 2.998000e+00
      vertex   1.058800e+01 1.221900e+01 2.998000e+00
    endloop
  endfacet
  facet normal -0.000000e+00 0.000000e+00 1.000000e+00
    outer loop
      vertex   1.032600e+01 1.167300e+01 2.998000e+00
      vertex   1.136300e+01 1.154600e+01 2.998000e+00
      vertex   1.058800e+01 1.221900e+01 2.998000e+00
    endloop
  endfacet
  facet normal 0.000000e+00 0.000000e+00 1.000000e+00
    outer loop
      vertex   1.092200e+01 1.272500e+01 2.998000e+00
      vertex   1.058800e+01 1.221900e+01 2.998000e+00
      vertex   1.160900e+01 1.196800e+01 2.998000e+00
    endloop
  endfacet
  facet normal 0.000000e+00 0.000000e+00 1.000000e+00
    outer loop
      vertex   1.132100e+01 1.318200e+01 2.998000e+00
      vertex   1.092200e+01 1.272500e+01 2.998000e+00
      vertex   1.191100e+01 1.235200e+01 2.998000e+00
    endloop
  endfacet
  facet normal 0.000000e+00 -0.000000e+00 1.000000e+00
    outer loop
      vertex   1.160900e+01 1.196800e+01 2.998000e+00
      vertex   1.191100e+01 1.235200e+01 2.998000e+00
      vertex   1.092200e+01 1.272500e+01 2.998000e+00
    endloop
  endfacet
  facet normal 0.000000e+00 0.000000e+00 1.000000e+00
    outer loop
      vertex   -8.082000e+00 3.716700e+01 7.017000e+00
      vertex   -8.188000e+00 3.672500e+01 7.017000e+00
      vertex   -6.840000e+00 3.665000e+01 7.017000e+00
    endloop
  endfacet
  facet normal 0.000000e+00 0.000000e+00 1.000000e+00
    outer loop
      vertex   -8.188000e+00 3.672500e+01 7.017000e+00
      vertex   -8.225001e+00 3.627100e+01 7.017000e+00
      vertex   -6.840000e+00 3.665000e+01 7.017000e+00
    endloop
  endfacet
  facet normal 0.000000e+00 -0.000000e+00 1.000000e+00
    outer loop
      vertex   -6.937000e+00 3.604700e+01 7.017000e+00
      vertex   -6.840000e+00 3.665000e+01 7.017000e+00
      vertex   -8.225001e+00 3.627100e+01 7.017000e+00
    endloop
  endfacet
  facet normal 0.000000e+00 0.000000e+00 1.000000e+00
    outer loop
      vertex   1.136300e+01 1.154600e+01 2.998000e+00
      vertex   1.032600e+01 1.167300e+01 2.998000e+00
      vertex   1.117800e+01 1.109400e+01 2.998000e+00
    endloop
  endfacet
  facet normal 0.000000e+00 0.000000e+00 1.000000e+00
    outer loop
      vertex   1.032600e+01 1.167300e+01 2.998000e+00
      vertex   1.013900e+01 1.109700e+01 2.998000e+00
      vertex   1.117800e+01 1.109400e+01 2.998000e+00
    endloop
  endfacet
  facet normal 0.000000e+00 0.000000e+00 1.000000e+00
    outer loop
      vertex   -8.225001e+00 3.627100e+01 7.017000e+00
      vertex   -8.225001e+00 3.240600e+01 7.017000e+00
      vertex   -6.937000e+00 3.604700e+01 7.017000e+00
    endloop
  endfacet
  facet normal -8.345798e-01 5.508871e-01 0.000000e+00
    outer loop
      vertex   1.092200e+01 1.272500e+01 0.000000e+00
      vertex   1.058800e+01 1.221900e+01 2.998000e+00
      vertex   1.092200e+01 1.272500e+01 2.998000e+00
    endloop
  endfacet
  facet normal 9.218182e-01 -3.876225e-01 0.000000e+00
    outer loop
      vertex   -6.840000e+00 3.665000e+01 7.017000e+00
      vertex   -6.721000e+00 3.693300e+01 3.055000e+00
      vertex   -6.721000e+00 3.693300e+01 7.017000e+00
    endloop
  endfacet
  facet normal -7.532911e-01 6.576872e-01 0.000000e+00
    outer loop
      vertex   1.132100e+01 1.318200e+01 0.000000e+00
      vertex   1.092200e+01 1.272500e+01 0.000000e+00
      vertex   1.132100e+01 1.318200e+01 2.998000e+00
    endloop
  endfacet
  facet normal -7.532911e-01 6.576872e-01 0.000000e+00
    outer loop
      vertex   1.092200e+01 1.272500e+01 2.998000e+00
      vertex   1.132100e+01 1.318200e+01 2.998000e+00
      vertex   1.092200e+01 1.272500e+01 0.000000e+00
    endloop
  endfacet
  facet normal -6.576873e-01 7.532910e-01 0.000000e+00
    outer loop
      vertex   1.177800e+01 1.358100e+01 0.000000e+00
      vertex   1.132100e+01 1.318200e+01 2.998000e+00
      vertex   1.177800e+01 1.358100e+01 2.998000e+00
    endloop
  endfacet
  facet normal -6.576873e-01 7.532910e-01 0.000000e+00
    outer loop
      vertex   1.177800e+01 1.358100e+01 0.000000e+00
      vertex   1.132100e+01 1.318200e+01 0.000000e+00
      vertex   1.132100e+01 1.318200e+01 2.998000e+00
    endloop
  endfacet
  facet normal 6.926159e-01 -7.213066e-01 0.000000e+00
    outer loop
      vertex   1.191100e+01 1.235200e+01 2.998000e+00
      vertex   1.191100e+01 1.235200e+01 0.000000e+00
      vertex   1.226300e+01 1.269000e+01 2.998000e+00
    endloop
  endfacet
  facet normal 6.926159e-01 -7.213066e-01 0.000000e+00
    outer loop
      vertex   1.226300e+01 1.269000e+01 0.000000e+00
      vertex   1.226300e+01 1.269000e+01 2.998000e+00
      vertex   1.191100e+01 1.235200e+01 0.000000e+00
    endloop
  endfacet
  facet normal 0.000000e+00 -0.000000e+00 1.000000e+00
    outer loop
      vertex   -6.840000e+00 3.665000e+01 7.017000e+00
      vertex   -6.721000e+00 3.693300e+01 7.017000e+00
      vertex   -8.082000e+00 3.716700e+01 7.017000e+00
    endloop
  endfacet
  facet normal 0.000000e+00 0.000000e+00 1.000000e+00
    outer loop
      vertex   -7.908000e+00 3.758800e+01 7.017000e+00
      vertex   -8.082000e+00 3.716700e+01 7.017000e+00
      vertex   -6.721000e+00 3.693300e+01 7.017000e+00
    endloop
  endfacet
  facet normal 5.841437e-01 -8.116503e-01 0.000000e+00
    outer loop
      vertex   1.226300e+01 1.269000e+01 0.000000e+00
      vertex   1.265900e+01 1.297500e+01 0.000000e+00
      vertex   1.226300e+01 1.269000e+01 2.998000e+00
    endloop
  endfacet
  facet normal 8.040762e-01 -5.945262e-01 0.000000e+00
    outer loop
      vertex   -6.721000e+00 3.693300e+01 7.017000e+00
      vertex   -6.721000e+00 3.693300e+01 3.055000e+00
      vertex   -6.355000e+00 3.742800e+01 3.055000e+00
    endloop
  endfacet
  facet normal -5.508871e-01 8.345798e-01 0.000000e+00
    outer loop
      vertex   1.177800e+01 1.358100e+01 2.998000e+00
      vertex   1.228400e+01 1.391500e+01 0.000000e+00
      vertex   1.177800e+01 1.358100e+01 0.000000e+00
    endloop
  endfacet
  facet normal 7.071074e-01 7.071062e-01 0.000000e+00
    outer loop
      vertex   -7.029000e+00 3.865500e+01 4.996000e+00
      vertex   -7.029000e+00 3.865500e+01 3.268000e+00
      vertex   -8.061000e+00 3.968700e+01 4.996000e+00
    endloop
  endfacet
  facet normal 8.636489e-01 -5.040938e-01 0.000000e+00
    outer loop
      vertex   9.110000e+00 1.362800e+01 0.000000e+00
      vertex   8.688000e+00 1.290500e+01 2.998000e+00
      vertex   8.688000e+00 1.290500e+01 0.000000e+00
    endloop
  endfacet
  facet normal 8.636489e-01 -5.040938e-01 0.000000e+00
    outer loop
      vertex   9.110000e+00 1.362800e+01 0.000000e+00
      vertex   9.110000e+00 1.362800e+01 2.998000e+00
      vertex   8.688000e+00 1.290500e+01 2.998000e+00
    endloop
  endfacet
  facet normal 7.920460e-01 -6.104614e-01 0.000000e+00
    outer loop
      vertex   9.621000e+00 1.429100e+01 2.998000e+00
      vertex   9.110000e+00 1.362800e+01 2.998000e+00
      vertex   9.621000e+00 1.429100e+01 0.000000e+00
    endloop
  endfacet
  facet normal 7.920460e-01 -6.104614e-01 0.000000e+00
    outer loop
      vertex   9.110000e+00 1.362800e+01 0.000000e+00
      vertex   9.621000e+00 1.429100e+01 0.000000e+00
      vertex   9.110000e+00 1.362800e+01 2.998000e+00
    endloop
  endfacet
  facet normal -7.929653e-01 6.092668e-01 0.000000e+00
    outer loop
      vertex   8.268000e+00 1.416900e+01 0.000000e+00
      vertex   8.268000e+00 1.416900e+01 2.998000e+00
      vertex   8.865000e+00 1.494600e+01 0.000000e+00
    endloop
  endfacet
  facet normal -7.929653e-01 6.092668e-01 0.000000e+00
    outer loop
      vertex   8.865000e+00 1.494600e+01 2.998000e+00
      vertex   8.865000e+00 1.494600e+01 0.000000e+00
      vertex   8.268000e+00 1.416900e+01 2.998000e+00
    endloop
  endfacet
  facet normal -5.003103e-01 8.658462e-01 0.000000e+00
    outer loop
      vertex   1.118200e+01 1.672500e+01 2.998000e+00
      vertex   1.118200e+01 1.672500e+01 0.000000e+00
      vertex   1.033400e+01 1.623500e+01 0.000000e+00
    endloop
  endfacet
  facet normal -7.071062e-01 7.071074e-01 0.000000e+00
    outer loop
      vertex   9.557000e+00 1.563800e+01 0.000000e+00
      vertex   8.865000e+00 1.494600e+01 0.000000e+00
      vertex   8.865000e+00 1.494600e+01 2.998000e+00
    endloop
  endfacet
  facet normal -8.541497e-01 5.200271e-01 0.000000e+00
    outer loop
      vertex   -7.730000e+00 3.794200e+01 3.268000e+00
      vertex   -7.937000e+00 3.760200e+01 3.268000e+00
      vertex   -7.730000e+00 3.794200e+01 4.996000e+00
    endloop
  endfacet
  facet normal 5.040938e-01 -8.636489e-01 0.000000e+00
    outer loop
      vertex   1.087500e+01 1.539300e+01 2.998000e+00
      vertex   1.087500e+01 1.539300e+01 0.000000e+00
      vertex   1.159800e+01 1.581500e+01 0.000000e+00
    endloop
  endfacet
  facet normal 0.000000e+00 0.000000e+00 1.000000e+00
    outer loop
      vertex   -8.768000e+00 3.898000e+01 4.996000e+00
      vertex   -7.730000e+00 3.794200e+01 4.996000e+00
      vertex   -7.697000e+00 3.799500e+01 4.996000e+00
    endloop
  endfacet
  facet normal 3.888589e-01 -9.212973e-01 0.000000e+00
    outer loop
      vertex   1.236800e+01 1.614000e+01 0.000000e+00
      vertex   1.236800e+01 1.614000e+01 2.998000e+00
      vertex   1.159800e+01 1.581500e+01 0.000000e+00
    endloop
  endfacet
  facet normal 0.000000e+00 0.000000e+00 1.000000e+00
    outer loop
      vertex   -7.398000e+00 3.834500e+01 4.996000e+00
      vertex   -8.768000e+00 3.898000e+01 4.996000e+00
      vertex   -7.697000e+00 3.799500e+01 4.996000e+00
    endloop
  endfacet
  facet normal 0.000000e+00 0.000000e+00 1.000000e+00
    outer loop
      vertex   -7.047000e+00 3.864400e+01 4.996000e+00
      vertex   -8.061000e+00 3.968700e+01 4.996000e+00
      vertex   -7.398000e+00 3.834500e+01 4.996000e+00
    endloop
  endfacet
  facet normal 7.071068e-01 -7.071068e-01 0.000000e+00
    outer loop
      vertex   1.021200e+01 1.488200e+01 0.000000e+00
      vertex   9.621000e+00 1.429100e+01 2.998000e+00
      vertex   9.621000e+00 1.429100e+01 0.000000e+00
    endloop
  endfacet
  facet normal 7.071068e-01 -7.071068e-01 0.000000e+00
    outer loop
      vertex   1.021200e+01 1.488200e+01 0.000000e+00
      vertex   1.021200e+01 1.488200e+01 2.998000e+00
      vertex   9.621000e+00 1.429100e+01 2.998000e+00
    endloop
  endfacet
  facet normal 6.104607e-01 -7.920465e-01 0.000000e+00
    outer loop
      vertex   1.087500e+01 1.539300e+01 2.998000e+00
      vertex   1.021200e+01 1.488200e+01 2.998000e+00
      vertex   1.087500e+01 1.539300e+01 0.000000e+00
    endloop
  endfacet
  facet normal 6.104607e-01 -7.920465e-01 0.000000e+00
    outer loop
      vertex   1.021200e+01 1.488200e+01 0.000000e+00
      vertex   1.087500e+01 1.539300e+01 0.000000e+00
      vertex   1.021200e+01 1.488200e+01 2.998000e+00
    endloop
  endfacet
  facet normal 0.000000e+00 0.000000e+00 1.000000e+00
    outer loop
      vertex   -7.029000e+00 3.865500e+01 4.996000e+00
      vertex   -8.061000e+00 3.968700e+01 4.996000e+00
      vertex   -7.047000e+00 3.864400e+01 4.996000e+00
    endloop
  endfacet
  facet normal -8.541497e-01 5.200271e-01 0.000000e+00
    outer loop
      vertex   -7.937000e+00 3.760200e+01 3.268000e+00
      vertex   -7.937000e+00 3.760200e+01 6.668000e+00
      vertex   -7.730000e+00 3.794200e+01 4.996000e+00
    endloop
  endfacet
  facet normal -9.239124e-01 3.826040e-01 0.000000e+00
    outer loop
      vertex   -7.937000e+00 3.760200e+01 6.668000e+00
      vertex   -7.937000e+00 3.760200e+01 3.268000e+00
      vertex   -8.113000e+00 3.717700e+01 6.668000e+00
    endloop
  endfacet
  facet normal -8.534413e-01 5.211889e-01 3.239554e-04
    outer loop
      vertex   -7.730000e+00 3.794200e+01 4.996000e+00
      vertex   -7.937000e+00 3.760200e+01 6.668000e+00
      vertex   -7.697000e+00 3.799500e+01 6.668000e+00
    endloop
  endfacet
  facet normal 0.000000e+00 0.000000e+00 1.000000e+00
    outer loop
      vertex   1.021200e+01 1.488200e+01 2.998000e+00
      vertex   9.557000e+00 1.563800e+01 2.998000e+00
      vertex   9.621000e+00 1.429100e+01 2.998000e+00
    endloop
  endfacet
  facet normal -0.000000e+00 0.000000e+00 1.000000e+00
    outer loop
      vertex   8.268000e+00 1.416900e+01 2.998000e+00
      vertex   9.110000e+00 1.362800e+01 2.998000e+00
      vertex   8.865000e+00 1.494600e+01 2.998000e+00
    endloop
  endfacet
  facet normal 0.000000e+00 -0.000000e+00 1.000000e+00
    outer loop
      vertex   8.688000e+00 1.290500e+01 2.998000e+00
      vertex   9.110000e+00 1.362800e+01 2.998000e+00
      vertex   8.268000e+00 1.416900e+01 2.998000e+00
    endloop
  endfacet
  facet normal -8.488875e-01 5.285736e-01 0.000000e+00
    outer loop
      vertex   -7.697000e+00 3.799500e+01 4.996000e+00
      vertex   -7.730000e+00 3.794200e+01 4.996000e+00
      vertex   -7.697000e+00 3.799500e+01 6.668000e+00
    endloop
  endfacet
  facet normal -7.603296e-01 6.495374e-01 0.000000e+00
    outer loop
      vertex   -7.398000e+00 3.834500e+01 4.996000e+00
      vertex   -7.697000e+00 3.799500e+01 4.996000e+00
      vertex   -7.398000e+00 3.834500e+01 6.668000e+00
    endloop
  endfacet
  facet normal -7.603296e-01 6.495374e-01 0.000000e+00
    outer loop
      vertex   -7.697000e+00 3.799500e+01 6.668000e+00
      vertex   -7.398000e+00 3.834500e+01 6.668000e+00
      vertex   -7.697000e+00 3.799500e+01 4.996000e+00
    endloop
  endfacet
  facet normal 0.000000e+00 0.000000e+00 1.000000e+00
    outer loop
      vertex   9.621000e+00 1.429100e+01 2.998000e+00
      vertex   8.865000e+00 1.494600e+01 2.998000e+00
      vertex   9.110000e+00 1.362800e+01 2.998000e+00
    endloop
  endfacet
  facet normal -6.484676e-01 7.612423e-01 0.000000e+00
    outer loop
      vertex   -7.047000e+00 3.864400e+01 4.996000e+00
      vertex   -7.398000e+00 3.834500e+01 4.996000e+00
      vertex   -7.398000e+00 3.834500e+01 6.668000e+00
    endloop
  endfacet
  facet normal -5.213894e-01 8.533189e-01 0.000000e+00
    outer loop
      vertex   -7.029000e+00 3.865500e+01 4.996000e+00
      vertex   -7.047000e+00 3.864400e+01 4.996000e+00
      vertex   -7.047000e+00 3.864400e+01 6.668000e+00
    endloop
  endfacet
  facet normal -5.508871e-01 8.345798e-01 0.000000e+00
    outer loop
      vertex   1.228400e+01 1.391500e+01 0.000000e+00
      vertex   1.177800e+01 1.358100e+01 2.998000e+00
      vertex   1.228400e+01 1.391500e+01 2.998000e+00
    endloop
  endfacet
  facet normal -6.484676e-01 7.612423e-01 0.000000e+00
    outer loop
      vertex   -7.398000e+00 3.834500e+01 6.668000e+00
      vertex   -7.047000e+00 3.864400e+01 6.668000e+00
      vertex   -7.047000e+00 3.864400e+01 4.996000e+00
    endloop
  endfacet
  facet normal -4.326252e-01 9.015739e-01 0.000000e+00
    outer loop
      vertex   1.283000e+01 1.417700e+01 0.000000e+00
      vertex   1.228400e+01 1.391500e+01 0.000000e+00
      vertex   1.283000e+01 1.417700e+01 2.998000e+00
    endloop
  endfacet
  facet normal -4.326252e-01 9.015739e-01 0.000000e+00
    outer loop
      vertex   1.228400e+01 1.391500e+01 2.998000e+00
      vertex   1.283000e+01 1.417700e+01 2.998000e+00
      vertex   1.228400e+01 1.391500e+01 0.000000e+00
    endloop
  endfacet
  facet normal 0.000000e+00 -0.000000e+00 1.000000e+00
    outer loop
      vertex   1.226300e+01 1.269000e+01 2.998000e+00
      vertex   1.265900e+01 1.297500e+01 2.998000e+00
      vertex   1.177800e+01 1.358100e+01 2.998000e+00
    endloop
  endfacet
  facet normal 0.000000e+00 0.000000e+00 1.000000e+00
    outer loop
      vertex   1.228400e+01 1.391500e+01 2.998000e+00
      vertex   1.177800e+01 1.358100e+01 2.998000e+00
      vertex   1.265900e+01 1.297500e+01 2.998000e+00
    endloop
  endfacet
  facet normal 0.000000e+00 0.000000e+00 1.000000e+00
    outer loop
      vertex   1.177800e+01 1.358100e+01 2.998000e+00
      vertex   1.132100e+01 1.318200e+01 2.998000e+00
      vertex   1.226300e+01 1.269000e+01 2.998000e+00
    endloop
  endfacet
  facet normal 0.000000e+00 -0.000000e+00 1.000000e+00
    outer loop
      vertex   1.191100e+01 1.235200e+01 2.998000e+00
      vertex   1.226300e+01 1.269000e+01 2.998000e+00
      vertex   1.132100e+01 1.318200e+01 2.998000e+00
    endloop
  endfacet
  facet normal -5.003103e-01 8.658462e-01 0.000000e+00
    outer loop
      vertex   1.033400e+01 1.623500e+01 2.998000e+00
      vertex   1.118200e+01 1.672500e+01 2.998000e+00
      vertex   1.033400e+01 1.623500e+01 0.000000e+00
    endloop
  endfacet
  facet normal -7.071062e-01 7.071074e-01 0.000000e+00
    outer loop
      vertex   9.557000e+00 1.563800e+01 0.000000e+00
      vertex   8.865000e+00 1.494600e+01 2.998000e+00
      vertex   9.557000e+00 1.563800e+01 2.998000e+00
    endloop
  endfacet
  facet normal -6.092681e-01 7.929643e-01 0.000000e+00
    outer loop
      vertex   1.033400e+01 1.623500e+01 2.998000e+00
      vertex   1.033400e+01 1.623500e+01 0.000000e+00
      vertex   9.557000e+00 1.563800e+01 2.998000e+00
    endloop
  endfacet
  facet normal -6.092681e-01 7.929643e-01 0.000000e+00
    outer loop
      vertex   9.557000e+00 1.563800e+01 0.000000e+00
      vertex   9.557000e+00 1.563800e+01 2.998000e+00
      vertex   1.033400e+01 1.623500e+01 0.000000e+00
    endloop
  endfacet
  facet normal 5.040938e-01 -8.636489e-01 0.000000e+00
    outer loop
      vertex   1.087500e+01 1.539300e+01 2.998000e+00
      vertex   1.159800e+01 1.581500e+01 0.000000e+00
      vertex   1.159800e+01 1.581500e+01 2.998000e+00
    endloop
  endfacet
  facet normal 3.888589e-01 -9.212973e-01 0.000000e+00
    outer loop
      vertex   1.236800e+01 1.614000e+01 2.998000e+00
      vertex   1.159800e+01 1.581500e+01 2.998000e+00
      vertex   1.159800e+01 1.581500e+01 0.000000e+00
    endloop
  endfacet
  facet normal -1.000000e+00 0.000000e+00 0.000000e+00
    outer loop
      vertex   5.624900e+01 -1.399400e+01 5.000000e+00
      vertex   5.624900e+01 -1.192100e+01 3.000000e+00
      vertex   5.624900e+01 -1.399400e+01 3.000000e+00
    endloop
  endfacet
  facet normal 9.867474e-01 0.000000e+00 -1.622637e-01
    outer loop
      vertex   2.872000e+00 1.865800e+01 2.998000e+00
      vertex   2.379000e+00 1.795400e+01 0.000000e+00
      vertex   2.872000e+00 1.865900e+01 2.998000e+00
    endloop
  endfacet
  facet normal 7.070735e-01 -7.070739e-01 9.669698e-03
    outer loop
      vertex   4.003000e+00 2.000000e+01 2.998000e+00
      vertex   3.574000e+00 1.953000e+01 0.000000e+00
      vertex   4.503000e+00 2.050000e+01 2.998000e+00
    endloop
  endfacet
  facet normal 0.000000e+00 0.000000e+00 1.000000e+00
    outer loop
      vertex   5.556300e+01 -1.105500e+01 3.000000e+00
      vertex   3.500300e+01 -9.003000e+00 3.000000e+00
      vertex   5.560200e+01 -1.126100e+01 3.000000e+00
    endloop
  endfacet
  facet normal 7.643967e-01 -6.446927e-01 -8.312556e-03
    outer loop
      vertex   4.003000e+00 2.000000e+01 2.998000e+00
      vertex   2.872000e+00 1.865900e+01 2.998000e+00
      vertex   3.574000e+00 1.953000e+01 0.000000e+00
    endloop
  endfacet
  facet normal 0.000000e+00 0.000000e+00 1.000000e+00
    outer loop
      vertex   5.600700e+01 -1.022200e+01 3.000000e+00
      vertex   5.535300e+01 -7.959000e+00 3.000000e+00
      vertex   5.581700e+01 -1.039100e+01 3.000000e+00
    endloop
  endfacet
  facet normal -7.955651e-01 6.058681e-01 0.000000e+00
    outer loop
      vertex   5.842000e+00 1.756500e+01 0.000000e+00
      vertex   4.903000e+00 1.633200e+01 2.998000e+00
      vertex   5.842000e+00 1.756500e+01 2.998000e+00
    endloop
  endfacet
  facet normal 7.071072e-01 -7.071064e-01 0.000000e+00
    outer loop
      vertex   6.597000e+00 1.691000e+01 2.998000e+00
      vertex   7.593000e+00 1.790600e+01 0.000000e+00
      vertex   7.593000e+00 1.790600e+01 2.998000e+00
    endloop
  endfacet
  facet normal 7.071072e-01 -7.071064e-01 0.000000e+00
    outer loop
      vertex   6.597000e+00 1.691000e+01 2.998000e+00
      vertex   6.597000e+00 1.691000e+01 0.000000e+00
      vertex   7.593000e+00 1.790600e+01 0.000000e+00
    endloop
  endfacet
  facet normal -8.042524e-01 5.942879e-01 1.327649e-04
    outer loop
      vertex   5.581700e+01 -1.039100e+01 3.000000e+00
      vertex   5.568300e+01 -1.057400e+01 1.038700e+01
      vertex   5.583300e+01 -1.037100e+01 1.038700e+01
    endloop
  endfacet
  facet normal 6.062362e-01 -7.952846e-01 0.000000e+00
    outer loop
      vertex   7.593000e+00 1.790600e+01 0.000000e+00
      vertex   8.712000e+00 1.875900e+01 2.998000e+00
      vertex   7.593000e+00 1.790600e+01 2.998000e+00
    endloop
  endfacet
  facet normal 6.062362e-01 -7.952846e-01 0.000000e+00
    outer loop
      vertex   7.593000e+00 1.790600e+01 0.000000e+00
      vertex   8.712000e+00 1.875900e+01 0.000000e+00
      vertex   8.712000e+00 1.875900e+01 2.998000e+00
    endloop
  endfacet
  facet normal -6.646174e-01 7.471836e-01 -5.835936e-04
    outer loop
      vertex   5.600700e+01 -1.022200e+01 3.000000e+00
      vertex   5.581700e+01 -1.039100e+01 3.000000e+00
      vertex   5.583300e+01 -1.037100e+01 1.038700e+01
    endloop
  endfacet
  facet normal -7.071062e-01 7.071074e-01 0.000000e+00
    outer loop
      vertex   6.938000e+00 1.866100e+01 0.000000e+00
      vertex   5.842000e+00 1.756500e+01 2.998000e+00
      vertex   6.938000e+00 1.866100e+01 2.998000e+00
    endloop
  endfacet
  facet normal -7.071062e-01 7.071074e-01 0.000000e+00
    outer loop
      vertex   6.938000e+00 1.866100e+01 0.000000e+00
      vertex   5.842000e+00 1.756500e+01 0.000000e+00
      vertex   5.842000e+00 1.756500e+01 2.998000e+00
    endloop
  endfacet
  facet normal -6.058687e-01 7.955646e-01 0.000000e+00
    outer loop
      vertex   8.171000e+00 1.960000e+01 0.000000e+00
      vertex   6.938000e+00 1.866100e+01 2.998000e+00
      vertex   8.171000e+00 1.960000e+01 2.998000e+00
    endloop
  endfacet
  facet normal -6.058687e-01 7.955646e-01 0.000000e+00
    outer loop
      vertex   8.171000e+00 1.960000e+01 0.000000e+00
      vertex   6.938000e+00 1.866100e+01 0.000000e+00
      vertex   6.938000e+00 1.866100e+01 2.998000e+00
    endloop
  endfacet
  facet normal -4.928009e-01 8.701421e-01 0.000000e+00
    outer loop
      vertex   9.520001e+00 2.036400e+01 0.000000e+00
      vertex   8.171000e+00 1.960000e+01 2.998000e+00
      vertex   9.520001e+00 2.036400e+01 2.998000e+00
    endloop
  endfacet
  facet normal -4.928009e-01 8.701421e-01 0.000000e+00
    outer loop
      vertex   9.520001e+00 2.036400e+01 0.000000e+00
      vertex   8.171000e+00 1.960000e+01 0.000000e+00
      vertex   8.171000e+00 1.960000e+01 2.998000e+00
    endloop
  endfacet
  facet normal -4.926398e-01 -8.702333e-01 -1.221589e-04
    outer loop
      vertex   5.600700e+01 -1.178400e+01 3.000000e+00
      vertex   5.624900e+01 -1.192100e+01 3.000000e+00
      vertex   5.601400e+01 -1.178900e+01 1.038700e+01
    endloop
  endfacet
  facet normal 7.070736e-01 -7.070738e-01 9.669612e-03
    outer loop
      vertex   3.574000e+00 1.953000e+01 0.000000e+00
      vertex   4.973000e+00 2.092900e+01 0.000000e+00
      vertex   4.503000e+00 2.050000e+01 2.998000e+00
    endloop
  endfacet
  facet normal 0.000000e+00 0.000000e+00 1.000000e+00
    outer loop
      vertex   6.938000e+00 1.866100e+01 2.998000e+00
      vertex   8.712000e+00 1.875900e+01 2.998000e+00
      vertex   8.171000e+00 1.960000e+01 2.998000e+00
    endloop
  endfacet
  facet normal 0.000000e+00 -0.000000e+00 1.000000e+00
    outer loop
      vertex   7.593000e+00 1.790600e+01 2.998000e+00
      vertex   8.712000e+00 1.875900e+01 2.998000e+00
      vertex   6.938000e+00 1.866100e+01 2.998000e+00
    endloop
  endfacet
  facet normal 0.000000e+00 0.000000e+00 1.000000e+00
    outer loop
      vertex   6.938000e+00 1.866100e+01 2.998000e+00
      vertex   5.842000e+00 1.756500e+01 2.998000e+00
      vertex   7.593000e+00 1.790600e+01 2.998000e+00
    endloop
  endfacet
  facet normal 0.000000e+00 -0.000000e+00 1.000000e+00
    outer loop
      vertex   6.597000e+00 1.691000e+01 2.998000e+00
      vertex   7.593000e+00 1.790600e+01 2.998000e+00
      vertex   5.842000e+00 1.756500e+01 2.998000e+00
    endloop
  endfacet
  facet normal 0.000000e+00 0.000000e+00 1.000000e+00
    outer loop
      vertex   5.600700e+01 -1.178400e+01 3.000000e+00
      vertex   5.572300e+01 -1.150400e+01 3.000000e+00
      vertex   5.535200e+01 -1.399400e+01 3.000000e+00
    endloop
  endfacet
  facet normal -8.234680e-01 5.673620e-01 -8.828627e-04
    outer loop
      vertex   5.581700e+01 -1.039100e+01 3.000000e+00
      vertex   5.564200e+01 -1.064500e+01 3.000000e+00
      vertex   5.568300e+01 -1.057400e+01 1.038700e+01
    endloop
  endfacet
  facet normal -6.480176e-01 -7.616253e-01 9.858573e-05
    outer loop
      vertex   5.583300e+01 -1.163500e+01 1.038700e+01
      vertex   5.600700e+01 -1.178400e+01 3.000000e+00
      vertex   5.601400e+01 -1.178900e+01 1.038700e+01
    endloop
  endfacet
  facet normal 0.000000e+00 0.000000e+00 1.000000e+00
    outer loop
      vertex   5.560200e+01 -1.126100e+01 3.000000e+00
      vertex   3.500300e+01 -9.003000e+00 3.000000e+00
      vertex   5.572300e+01 -1.150400e+01 3.000000e+00
    endloop
  endfacet
  facet normal 0.000000e+00 -0.000000e+00 1.000000e+00
    outer loop
      vertex   4.003000e+00 2.000000e+01 2.998000e+00
      vertex   4.503000e+00 2.050000e+01 2.998000e+00
      vertex   -2.503000e+00 2.824800e+01 2.998000e+00
    endloop
  endfacet
  facet normal 0.000000e+00 0.000000e+00 1.000000e+00
    outer loop
      vertex   5.844000e+00 2.163100e+01 2.998000e+00
      vertex   -2.503000e+00 2.824800e+01 2.998000e+00
      vertex   4.503000e+00 2.050000e+01 2.998000e+00
    endloop
  endfacet
  facet normal -9.310437e-01 3.649076e-01 0.000000e+00
    outer loop
      vertex   5.568300e+01 -1.057400e+01 1.038700e+01
      vertex   5.557600e+01 -1.084700e+01 3.000000e+00
      vertex   5.557600e+01 -1.084700e+01 1.038700e+01
    endloop
  endfacet
  facet normal -9.505471e-01 3.105719e-01 2.290566e-03
    outer loop
      vertex   5.564200e+01 -1.064500e+01 3.000000e+00
      vertex   5.557600e+01 -1.084700e+01 3.000000e+00
      vertex   5.568300e+01 -1.057400e+01 1.038700e+01
    endloop
  endfacet
  facet normal -9.980530e-01 6.237116e-02 0.000000e+00
    outer loop
      vertex   5.557600e+01 -1.084700e+01 1.038700e+01
      vertex   5.557600e+01 -1.084700e+01 3.000000e+00
      vertex   5.556300e+01 -1.105500e+01 3.000000e+00
    endloop
  endfacet
  facet normal 0.000000e+00 -0.000000e+00 1.000000e+00
    outer loop
      vertex   5.557600e+01 -1.084700e+01 3.000000e+00
      vertex   5.564200e+01 -1.064500e+01 3.000000e+00
      vertex   3.500300e+01 -9.003000e+00 3.000000e+00
    endloop
  endfacet
  facet normal 0.000000e+00 0.000000e+00 1.000000e+00
    outer loop
      vertex   3.500300e+01 -9.003000e+00 3.000000e+00
      vertex   5.556300e+01 -1.105500e+01 3.000000e+00
      vertex   5.557600e+01 -1.084700e+01 3.000000e+00
    endloop
  endfacet
  facet normal 0.000000e+00 0.000000e+00 1.000000e+00
    outer loop
      vertex   5.624900e+01 -7.959000e+00 3.000000e+00
      vertex   5.535300e+01 -7.959000e+00 3.000000e+00
      vertex   5.624900e+01 -1.008500e+01 3.000000e+00
    endloop
  endfacet
  facet normal 0.000000e+00 -0.000000e+00 1.000000e+00
    outer loop
      vertex   5.844000e+00 2.163100e+01 2.998000e+00
      vertex   5.845000e+00 2.163100e+01 2.998000e+00
      vertex   2.255000e+00 3.350300e+01 2.998000e+00
    endloop
  endfacet
  facet normal 0.000000e+00 -0.000000e+00 1.000000e+00
    outer loop
      vertex   5.600700e+01 -1.022200e+01 3.000000e+00
      vertex   5.624900e+01 -1.008500e+01 3.000000e+00
      vertex   5.535300e+01 -7.959000e+00 3.000000e+00
    endloop
  endfacet
  facet normal -0.000000e+00 0.000000e+00 1.000000e+00
    outer loop
      vertex   3.500300e+01 -9.003000e+00 3.000000e+00
      vertex   5.581700e+01 -1.039100e+01 3.000000e+00
      vertex   5.535300e+01 -7.959000e+00 3.000000e+00
    endloop
  endfacet
  facet normal 0.000000e+00 -0.000000e+00 1.000000e+00
    outer loop
      vertex   5.564200e+01 -1.064500e+01 3.000000e+00
      vertex   5.581700e+01 -1.039100e+01 3.000000e+00
      vertex   3.500300e+01 -9.003000e+00 3.000000e+00
    endloop
  endfacet
  facet normal -1.000000e+00 0.000000e+00 0.000000e+00
    outer loop
      vertex   5.624900e+01 -1.008500e+01 1.038700e+01
      vertex   5.624900e+01 -7.959000e+00 5.000000e+00
      vertex   5.624900e+01 -1.008500e+01 3.000000e+00
    endloop
  endfacet
  facet normal 5.479491e-01 -8.364645e-01 -8.880068e-03
    outer loop
      vertex   7.312000e+00 2.259200e+01 2.998000e+00
      vertex   5.845000e+00 2.163100e+01 2.998000e+00
      vertex   6.549000e+00 2.212400e+01 0.000000e+00
    endloop
  endfacet
  facet normal 0.000000e+00 -9.867473e-01 -1.622643e-01
    outer loop
      vertex   5.844000e+00 2.163100e+01 2.998000e+00
      vertex   6.549000e+00 2.212400e+01 0.000000e+00
      vertex   5.845000e+00 2.163100e+01 2.998000e+00
    endloop
  endfacet
  facet normal -4.926431e-01 8.702315e-01 0.000000e+00
    outer loop
      vertex   5.600700e+01 -1.022200e+01 3.000000e+00
      vertex   5.624900e+01 -1.008500e+01 1.038700e+01
      vertex   5.624900e+01 -1.008500e+01 3.000000e+00
    endloop
  endfacet
  facet normal 6.041620e-01 -7.967850e-01 1.104661e-02
    outer loop
      vertex   4.973000e+00 2.092900e+01 0.000000e+00
      vertex   6.549000e+00 2.212400e+01 0.000000e+00
      vertex   5.844000e+00 2.163100e+01 2.998000e+00
    endloop
  endfacet
  facet normal 6.446927e-01 -7.643967e-01 -8.312583e-03
    outer loop
      vertex   5.844000e+00 2.163100e+01 2.998000e+00
      vertex   4.503000e+00 2.050000e+01 2.998000e+00
      vertex   4.973000e+00 2.092900e+01 0.000000e+00
    endloop
  endfacet
  facet normal -1.000000e+00 -0.000000e+00 0.000000e+00
    outer loop
      vertex   5.624900e+01 -1.192100e+01 1.038700e+01
      vertex   5.624900e+01 -1.399400e+01 5.000000e+00
      vertex   5.624900e+01 -1.500600e+01 1.050000e+01
    endloop
  endfacet
  facet normal -1.000000e+00 0.000000e+00 0.000000e+00
    outer loop
      vertex   5.624900e+01 -1.500500e+01 5.000000e+00
      vertex   5.624900e+01 -1.500600e+01 1.050000e+01
      vertex   5.624900e+01 -1.399400e+01 5.000000e+00
    endloop
  endfacet
  facet normal 0.000000e+00 0.000000e+00 1.000000e+00
    outer loop
      vertex   5.624900e+01 -1.399400e+01 5.000000e+00
      vertex   5.535200e+01 -1.500500e+01 5.000000e+00
      vertex   5.624900e+01 -1.500500e+01 5.000000e+00
    endloop
  endfacet
  facet normal 0.000000e+00 0.000000e+00 1.000000e+00
    outer loop
      vertex   5.624900e+01 -1.399400e+01 5.000000e+00
      vertex   5.535200e+01 -1.399400e+01 5.000000e+00
      vertex   5.535200e+01 -1.500500e+01 5.000000e+00
    endloop
  endfacet
  facet normal -1.000000e+00 0.000000e+00 -0.000000e+00
    outer loop
      vertex   5.624900e+01 -1.192100e+01 1.038700e+01
      vertex   5.624900e+01 -1.192100e+01 3.000000e+00
      vertex   5.624900e+01 -1.399400e+01 5.000000e+00
    endloop
  endfacet
  facet normal 0.000000e+00 -9.880342e-01 1.542350e-01
    outer loop
      vertex   7.314000e+00 2.259200e+01 2.998000e+00
      vertex   7.312000e+00 2.259200e+01 2.998000e+00
      vertex   6.549000e+00 2.212400e+01 0.000000e+00
    endloop
  endfacet
  facet normal 0.000000e+00 0.000000e+00 1.000000e+00
    outer loop
      vertex   7.312000e+00 2.259200e+01 2.998000e+00
      vertex   2.255000e+00 3.350300e+01 2.998000e+00
      vertex   5.845000e+00 2.163100e+01 2.998000e+00
    endloop
  endfacet
  facet normal -1.000000e+00 0.000000e+00 0.000000e+00
    outer loop
      vertex   5.624900e+01 -1.008500e+01 1.038700e+01
      vertex   5.624900e+01 -7.000000e+00 1.050000e+01
      vertex   5.624900e+01 -7.959000e+00 5.000000e+00
    endloop
  endfacet
  facet normal -1.000000e+00 0.000000e+00 0.000000e+00
    outer loop
      vertex   5.624900e+01 -7.959000e+00 3.000000e+00
      vertex   5.624900e+01 -1.008500e+01 3.000000e+00
      vertex   5.624900e+01 -7.959000e+00 5.000000e+00
    endloop
  endfacet
  facet normal -8.951672e-01 -4.457304e-01 0.000000e+00
    outer loop
      vertex   5.560200e+01 -1.126100e+01 3.000000e+00
      vertex   5.572300e+01 -1.150400e+01 3.000000e+00
      vertex   5.560200e+01 -1.126100e+01 1.038700e+01
    endloop
  endfacet
  facet normal -9.825460e-01 -1.860199e-01 -0.000000e+00
    outer loop
      vertex   5.560200e+01 -1.126100e+01 1.038700e+01
      vertex   5.556300e+01 -1.105500e+01 3.000000e+00
      vertex   5.560200e+01 -1.126100e+01 3.000000e+00
    endloop
  endfacet
  facet normal -7.020732e-01 -7.121015e-01 -2.173595e-03
    outer loop
      vertex   5.572300e+01 -1.150400e+01 3.000000e+00
      vertex   5.600700e+01 -1.178400e+01 3.000000e+00
      vertex   5.583300e+01 -1.163500e+01 1.038700e+01
    endloop
  endfacet
  facet normal -5.665250e-01 8.240381e-01 3.277143e-03
    outer loop
      vertex   5.600700e+01 -1.022200e+01 3.000000e+00
      vertex   5.583300e+01 -1.037100e+01 1.038700e+01
      vertex   5.624900e+01 -1.008500e+01 1.038700e+01
    endloop
  endfacet
  facet normal 4.426294e-01 -8.966638e-01 -8.554263e-03
    outer loop
      vertex   7.314000e+00 2.259200e+01 2.998000e+00
      vertex   8.273000e+00 2.309400e+01 0.000000e+00
      vertex   8.886000e+00 2.336800e+01 2.998000e+00
    endloop
  endfacet
  facet normal 4.903276e-01 -8.714698e-01 1.092206e-02
    outer loop
      vertex   7.314000e+00 2.259200e+01 2.998000e+00
      vertex   6.549000e+00 2.212400e+01 0.000000e+00
      vertex   8.273000e+00 2.309400e+01 0.000000e+00
    endloop
  endfacet
  facet normal -8.507950e-01 -5.254870e-01 3.350459e-03
    outer loop
      vertex   5.583300e+01 -1.163500e+01 1.038700e+01
      vertex   5.560200e+01 -1.126100e+01 1.038700e+01
      vertex   5.572300e+01 -1.150400e+01 3.000000e+00
    endloop
  endfacet
  facet normal 0.000000e+00 -0.000000e+00 1.000000e+00
    outer loop
      vertex   7.312000e+00 2.259200e+01 2.998000e+00
      vertex   7.314000e+00 2.259200e+01 2.998000e+00
      vertex   2.255000e+00 3.350300e+01 2.998000e+00
    endloop
  endfacet
  facet normal 0.000000e+00 0.000000e+00 1.000000e+00
    outer loop
      vertex   8.886000e+00 2.336800e+01 2.998000e+00
      vertex   2.255000e+00 3.350300e+01 2.998000e+00
      vertex   7.314000e+00 2.259200e+01 2.998000e+00
    endloop
  endfacet
  facet normal -3.716136e-01 9.283875e-01 0.000000e+00
    outer loop
      vertex   1.095900e+01 2.094000e+01 0.000000e+00
      vertex   9.520001e+00 2.036400e+01 0.000000e+00
      vertex   1.095900e+01 2.094000e+01 2.998000e+00
    endloop
  endfacet
  facet normal -3.716136e-01 9.283875e-01 0.000000e+00
    outer loop
      vertex   9.520001e+00 2.036400e+01 2.998000e+00
      vertex   1.095900e+01 2.094000e+01 2.998000e+00
      vertex   9.520001e+00 2.036400e+01 0.000000e+00
    endloop
  endfacet
  facet normal 0.000000e+00 0.000000e+00 1.000000e+00
    outer loop
      vertex   1.246200e+01 2.131800e+01 2.998000e+00
      vertex   1.095900e+01 2.094000e+01 2.998000e+00
      vertex   1.260500e+01 2.032700e+01 2.998000e+00
    endloop
  endfacet
  facet normal 0.000000e+00 -0.000000e+00 1.000000e+00
    outer loop
      vertex   9.935001e+00 1.945400e+01 2.998000e+00
      vertex   1.124100e+01 1.998000e+01 2.998000e+00
      vertex   9.520001e+00 2.036400e+01 2.998000e+00
    endloop
  endfacet
  facet normal 2.465463e-01 -9.691310e-01 0.000000e+00
    outer loop
      vertex   1.260500e+01 2.032700e+01 0.000000e+00
      vertex   1.260500e+01 2.032700e+01 2.998000e+00
      vertex   1.124100e+01 1.998000e+01 0.000000e+00
    endloop
  endfacet
  facet normal 2.465463e-01 -9.691310e-01 0.000000e+00
    outer loop
      vertex   1.124100e+01 1.998000e+01 0.000000e+00
      vertex   1.260500e+01 2.032700e+01 2.998000e+00
      vertex   1.124100e+01 1.998000e+01 2.998000e+00
    endloop
  endfacet
  facet normal 0.000000e+00 0.000000e+00 1.000000e+00
    outer loop
      vertex   1.095900e+01 2.094000e+01 2.998000e+00
      vertex   9.520001e+00 2.036400e+01 2.998000e+00
      vertex   1.124100e+01 1.998000e+01 2.998000e+00
    endloop
  endfacet
  facet normal 0.000000e+00 0.000000e+00 1.000000e+00
    outer loop
      vertex   9.520001e+00 2.036400e+01 2.998000e+00
      vertex   8.171000e+00 1.960000e+01 2.998000e+00
      vertex   9.935001e+00 1.945400e+01 2.998000e+00
    endloop
  endfacet
  facet normal 0.000000e+00 -0.000000e+00 1.000000e+00
    outer loop
      vertex   8.712000e+00 1.875900e+01 2.998000e+00
      vertex   9.935001e+00 1.945400e+01 2.998000e+00
      vertex   8.171000e+00 1.960000e+01 2.998000e+00
    endloop
  endfacet
  facet normal 3.687571e-01 -0.000000e+00 9.295258e-01
    outer loop
      vertex   5.712600e+01 -1.500600e+01 1.037400e+01
      vertex   5.755200e+01 -1.500600e+01 1.020500e+01
      vertex   5.712600e+01 -7.000000e+00 1.037400e+01
    endloop
  endfacet
  facet normal 4.940702e-01 -8.694220e-01 0.000000e+00
    outer loop
      vertex   9.935001e+00 1.945400e+01 2.998000e+00
      vertex   8.712000e+00 1.875900e+01 0.000000e+00
      vertex   9.935001e+00 1.945400e+01 0.000000e+00
    endloop
  endfacet
  facet normal 4.940702e-01 -8.694220e-01 0.000000e+00
    outer loop
      vertex   9.935001e+00 1.945400e+01 2.998000e+00
      vertex   8.712000e+00 1.875900e+01 2.998000e+00
      vertex   8.712000e+00 1.875900e+01 0.000000e+00
    endloop
  endfacet
  facet normal 0.000000e+00 -1.000000e+00 0.000000e+00
    outer loop
      vertex   5.624900e+01 -1.500600e+01 1.050000e+01
      vertex   5.774900e+01 -1.500600e+01 8.314000e+00
      vertex   5.645100e+01 -1.500600e+01 1.049400e+01
    endloop
  endfacet
  facet normal 0.000000e+00 -1.000000e+00 0.000000e+00
    outer loop
      vertex   5.645100e+01 -1.500600e+01 1.049400e+01
      vertex   5.774900e+01 -1.500600e+01 8.314000e+00
      vertex   5.712600e+01 -1.500600e+01 1.037400e+01
    endloop
  endfacet
  facet normal 3.735932e-01 -9.275926e-01 0.000000e+00
    outer loop
      vertex   1.124100e+01 1.998000e+01 2.998000e+00
      vertex   9.935001e+00 1.945400e+01 0.000000e+00
      vertex   1.124100e+01 1.998000e+01 0.000000e+00
    endloop
  endfacet
  facet normal 3.735932e-01 -9.275926e-01 0.000000e+00
    outer loop
      vertex   1.124100e+01 1.998000e+01 2.998000e+00
      vertex   9.935001e+00 1.945400e+01 2.998000e+00
      vertex   9.935001e+00 1.945400e+01 0.000000e+00
    endloop
  endfacet
  facet normal 2.968692e-02 1.247813e-02 9.994814e-01
    outer loop
      vertex   5.624900e+01 -1.500600e+01 1.050000e+01
      vertex   5.645100e+01 -1.500600e+01 1.049400e+01
      vertex   5.712600e+01 -7.000000e+00 1.037400e+01
    endloop
  endfacet
  facet normal -3.831642e-01 9.236803e-01 0.000000e+00
    outer loop
      vertex   1.208600e+01 1.710000e+01 0.000000e+00
      vertex   1.118200e+01 1.672500e+01 2.998000e+00
      vertex   1.208600e+01 1.710000e+01 2.998000e+00
    endloop
  endfacet
  facet normal -3.831642e-01 9.236803e-01 0.000000e+00
    outer loop
      vertex   1.208600e+01 1.710000e+01 0.000000e+00
      vertex   1.118200e+01 1.672500e+01 0.000000e+00
      vertex   1.118200e+01 1.672500e+01 2.998000e+00
    endloop
  endfacet
  facet normal -2.593149e-01 9.657928e-01 0.000000e+00
    outer loop
      vertex   1.208600e+01 1.710000e+01 2.998000e+00
      vertex   1.303200e+01 1.735400e+01 2.998000e+00
      vertex   1.208600e+01 1.710000e+01 0.000000e+00
    endloop
  endfacet
  facet normal 1.750342e-01 -0.000000e+00 9.845623e-01
    outer loop
      vertex   5.712600e+01 -1.500600e+01 1.037400e+01
      vertex   5.712600e+01 -7.000000e+00 1.037400e+01
      vertex   5.645100e+01 -1.500600e+01 1.049400e+01
    endloop
  endfacet
  facet normal -0.000000e+00 0.000000e+00 1.000000e+00
    outer loop
      vertex   1.118200e+01 1.672500e+01 2.998000e+00
      vertex   1.236800e+01 1.614000e+01 2.998000e+00
      vertex   1.208600e+01 1.710000e+01 2.998000e+00
    endloop
  endfacet
  facet normal -0.000000e+00 0.000000e+00 1.000000e+00
    outer loop
      vertex   1.033400e+01 1.623500e+01 2.998000e+00
      vertex   1.159800e+01 1.581500e+01 2.998000e+00
      vertex   1.118200e+01 1.672500e+01 2.998000e+00
    endloop
  endfacet
  facet normal 1.144095e-01 -9.934337e-01 0.000000e+00
    outer loop
      vertex   1.260500e+01 2.032700e+01 0.000000e+00
      vertex   1.400300e+01 2.048800e+01 0.000000e+00
      vertex   1.260500e+01 2.032700e+01 2.998000e+00
    endloop
  endfacet
  facet normal -1.144096e-01 -9.934337e-01 0.000000e+00
    outer loop
      vertex   1.640100e+01 2.032700e+01 0.000000e+00
      vertex   1.640100e+01 2.032700e+01 2.998000e+00
      vertex   1.500300e+01 2.048800e+01 0.000000e+00
    endloop
  endfacet
  facet normal -1.144096e-01 -9.934337e-01 -0.000000e+00
    outer loop
      vertex   1.500300e+01 2.048800e+01 2.998000e+00
      vertex   1.500300e+01 2.048800e+01 0.000000e+00
      vertex   1.640100e+01 2.032700e+01 2.998000e+00
    endloop
  endfacet
  facet normal -9.825460e-01 -1.860199e-01 0.000000e+00
    outer loop
      vertex   5.556300e+01 -1.105500e+01 3.000000e+00
      vertex   5.560200e+01 -1.126100e+01 1.038700e+01
      vertex   5.556300e+01 -1.105500e+01 1.038700e+01
    endloop
  endfacet
  facet normal -2.593149e-01 9.657928e-01 0.000000e+00
    outer loop
      vertex   1.208600e+01 1.710000e+01 0.000000e+00
      vertex   1.303200e+01 1.735400e+01 2.998000e+00
      vertex   1.303200e+01 1.735400e+01 0.000000e+00
    endloop
  endfacet
  facet normal -1.316943e-01 9.912904e-01 0.000000e+00
    outer loop
      vertex   1.400300e+01 1.748300e+01 0.000000e+00
      vertex   1.303200e+01 1.735400e+01 0.000000e+00
      vertex   1.400300e+01 1.748300e+01 2.998000e+00
    endloop
  endfacet
  facet normal -1.316943e-01 9.912904e-01 0.000000e+00
    outer loop
      vertex   1.303200e+01 1.735400e+01 2.998000e+00
      vertex   1.400300e+01 1.748300e+01 2.998000e+00
      vertex   1.303200e+01 1.735400e+01 0.000000e+00
    endloop
  endfacet
  facet normal 1.000000e+00 -0.000000e+00 0.000000e+00
    outer loop
      vertex   1.500300e+01 1.447200e+01 2.998000e+00
      vertex   1.500300e+01 1.447200e+01 0.000000e+00
      vertex   1.500300e+01 1.648100e+01 2.998000e+00
    endloop
  endfacet
  facet normal 1.000000e+00 0.000000e+00 -0.000000e+00
    outer loop
      vertex   1.500300e+01 1.648100e+01 0.000000e+00
      vertex   1.500300e+01 1.648100e+01 2.998000e+00
      vertex   1.500300e+01 1.447200e+01 0.000000e+00
    endloop
  endfacet
  facet normal -4.897236e-01 -8.718777e-01 0.000000e+00
    outer loop
      vertex   5.624900e+01 -1.192100e+01 3.000000e+00
      vertex   5.624900e+01 -1.192100e+01 1.038700e+01
      vertex   5.601400e+01 -1.178900e+01 1.038700e+01
    endloop
  endfacet
  facet normal 1.000000e+00 0.000000e+00 -0.000000e+00
    outer loop
      vertex   1.500300e+01 2.048800e+01 0.000000e+00
      vertex   1.500300e+01 2.048800e+01 2.998000e+00
      vertex   1.500300e+01 1.748300e+01 0.000000e+00
    endloop
  endfacet
  facet normal 1.000000e+00 -0.000000e+00 0.000000e+00
    outer loop
      vertex   1.500300e+01 1.748300e+01 2.998000e+00
      vertex   1.500300e+01 1.748300e+01 0.000000e+00
      vertex   1.500300e+01 2.048800e+01 2.998000e+00
    endloop
  endfacet
  facet normal 1.316943e-01 9.912904e-01 -0.000000e+00
    outer loop
      vertex   1.597400e+01 1.735400e+01 0.000000e+00
      vertex   1.500300e+01 1.748300e+01 0.000000e+00
      vertex   1.597400e+01 1.735400e+01 2.998000e+00
    endloop
  endfacet
  facet normal 1.316943e-01 9.912904e-01 0.000000e+00
    outer loop
      vertex   1.500300e+01 1.748300e+01 2.998000e+00
      vertex   1.597400e+01 1.735400e+01 2.998000e+00
      vertex   1.500300e+01 1.748300e+01 0.000000e+00
    endloop
  endfacet
  facet normal 2.593149e-01 9.657928e-01 0.000000e+00
    outer loop
      vertex   1.597400e+01 1.735400e+01 2.998000e+00
      vertex   1.692000e+01 1.710000e+01 2.998000e+00
      vertex   1.597400e+01 1.735400e+01 0.000000e+00
    endloop
  endfacet
  facet normal 0.000000e+00 0.000000e+00 1.000000e+00
    outer loop
      vertex   1.400300e+01 1.648100e+01 2.998000e+00
      vertex   1.400300e+01 1.447200e+01 2.998000e+00
      vertex   1.500300e+01 1.447200e+01 2.998000e+00
    endloop
  endfacet
  facet normal -0.000000e+00 0.000000e+00 1.000000e+00
    outer loop
      vertex   1.400300e+01 1.447200e+01 2.998000e+00
      vertex   1.451600e+01 1.350000e+01 2.998000e+00
      vertex   1.500300e+01 1.447200e+01 2.998000e+00
    endloop
  endfacet
  facet normal -1.000000e+00 0.000000e+00 0.000000e+00
    outer loop
      vertex   1.400300e+01 1.648100e+01 0.000000e+00
      vertex   1.400300e+01 1.447200e+01 0.000000e+00
      vertex   1.400300e+01 1.648100e+01 2.998000e+00
    endloop
  endfacet
  facet normal -1.000000e+00 0.000000e+00 0.000000e+00
    outer loop
      vertex   1.400300e+01 1.748300e+01 0.000000e+00
      vertex   1.400300e+01 1.748300e+01 2.998000e+00
      vertex   1.400300e+01 2.048800e+01 2.998000e+00
    endloop
  endfacet
  facet normal 1.410871e-01 -9.899972e-01 0.000000e+00
    outer loop
      vertex   1.317500e+01 1.636300e+01 0.000000e+00
      vertex   1.400300e+01 1.648100e+01 0.000000e+00
      vertex   1.317500e+01 1.636300e+01 2.998000e+00
    endloop
  endfacet
  facet normal 1.410871e-01 -9.899972e-01 0.000000e+00
    outer loop
      vertex   1.400300e+01 1.648100e+01 2.998000e+00
      vertex   1.317500e+01 1.636300e+01 2.998000e+00
      vertex   1.400300e+01 1.648100e+01 0.000000e+00
    endloop
  endfacet
  facet normal -9.980530e-01 6.237116e-02 0.000000e+00
    outer loop
      vertex   5.557600e+01 -1.084700e+01 1.038700e+01
      vertex   5.556300e+01 -1.105500e+01 3.000000e+00
      vertex   5.556300e+01 -1.105500e+01 1.038700e+01
    endloop
  endfacet
  facet normal 0.000000e+00 0.000000e+00 1.000000e+00
    outer loop
      vertex   1.400300e+01 1.748300e+01 2.998000e+00
      vertex   1.303200e+01 1.735400e+01 2.998000e+00
      vertex   1.400300e+01 1.648100e+01 2.998000e+00
    endloop
  endfacet
  facet normal 0.000000e+00 0.000000e+00 1.000000e+00
    outer loop
      vertex   1.303200e+01 1.735400e+01 2.998000e+00
      vertex   1.208600e+01 1.710000e+01 2.998000e+00
      vertex   1.317500e+01 1.636300e+01 2.998000e+00
    endloop
  endfacet
  facet normal 0.000000e+00 0.000000e+00 1.000000e+00
    outer loop
      vertex   1.236800e+01 1.614000e+01 2.998000e+00
      vertex   1.118200e+01 1.672500e+01 2.998000e+00
      vertex   1.159800e+01 1.581500e+01 2.998000e+00
    endloop
  endfacet
  facet normal 0.000000e+00 0.000000e+00 1.000000e+00
    outer loop
      vertex   1.500300e+01 2.048800e+01 2.998000e+00
      vertex   1.400300e+01 1.748300e+01 2.998000e+00
      vertex   1.500300e+01 1.748300e+01 2.998000e+00
    endloop
  endfacet
  facet normal 0.000000e+00 0.000000e+00 1.000000e+00
    outer loop
      vertex   1.500300e+01 1.748300e+01 2.998000e+00
      vertex   1.400300e+01 1.648100e+01 2.998000e+00
      vertex   1.500300e+01 1.648100e+01 2.998000e+00
    endloop
  endfacet
  facet normal 0.000000e+00 0.000000e+00 1.000000e+00
    outer loop
      vertex   1.500300e+01 1.648100e+01 2.998000e+00
      vertex   1.400300e+01 1.648100e+01 2.998000e+00
      vertex   1.500300e+01 1.447200e+01 2.998000e+00
    endloop
  endfacet
  facet normal 0.000000e+00 0.000000e+00 1.000000e+00
    outer loop
      vertex   1.400300e+01 1.648100e+01 2.998000e+00
      vertex   1.500300e+01 1.748300e+01 2.998000e+00
      vertex   1.400300e+01 1.748300e+01 2.998000e+00
    endloop
  endfacet
  facet normal -1.410871e-01 -9.899972e-01 0.000000e+00
    outer loop
      vertex   1.500300e+01 1.648100e+01 0.000000e+00
      vertex   1.583100e+01 1.636300e+01 0.000000e+00
      vertex   1.500300e+01 1.648100e+01 2.998000e+00
    endloop
  endfacet
  facet normal 0.000000e+00 0.000000e+00 1.000000e+00
    outer loop
      vertex   1.500300e+01 1.648100e+01 2.998000e+00
      vertex   1.597400e+01 1.735400e+01 2.998000e+00
      vertex   1.500300e+01 1.748300e+01 2.998000e+00
    endloop
  endfacet
  facet normal -0.000000e+00 0.000000e+00 1.000000e+00
    outer loop
      vertex   1.500300e+01 1.648100e+01 2.998000e+00
      vertex   1.583100e+01 1.636300e+01 2.998000e+00
      vertex   1.597400e+01 1.735400e+01 2.998000e+00
    endloop
  endfacet
  facet normal 0.000000e+00 0.000000e+00 1.000000e+00
    outer loop
      vertex   1.692000e+01 1.710000e+01 2.998000e+00
      vertex   1.597400e+01 1.735400e+01 2.998000e+00
      vertex   1.583100e+01 1.636300e+01 2.998000e+00
    endloop
  endfacet
  facet normal 0.000000e+00 -0.000000e+00 1.000000e+00
    outer loop
      vertex   5.624900e+01 -1.192100e+01 1.038700e+01
      vertex   5.624900e+01 -1.008500e+01 1.038700e+01
      vertex   5.601400e+01 -1.178900e+01 1.038700e+01
    endloop
  endfacet
  facet normal 0.000000e+00 -0.000000e+00 1.000000e+00
    outer loop
      vertex   1.124100e+01 1.998000e+01 2.998000e+00
      vertex   1.260500e+01 2.032700e+01 2.998000e+00
      vertex   1.095900e+01 2.094000e+01 2.998000e+00
    endloop
  endfacet
  facet normal 0.000000e+00 0.000000e+00 1.000000e+00
    outer loop
      vertex   1.400300e+01 2.048800e+01 2.998000e+00
      vertex   1.246200e+01 2.131800e+01 2.998000e+00
      vertex   1.260500e+01 2.032700e+01 2.998000e+00
    endloop
  endfacet
  facet normal 0.000000e+00 0.000000e+00 1.000000e+00
    outer loop
      vertex   1.400300e+01 1.748300e+01 2.998000e+00
      vertex   1.500300e+01 2.048800e+01 2.998000e+00
      vertex   1.400300e+01 2.048800e+01 2.998000e+00
    endloop
  endfacet
  facet normal 2.142735e-01 -9.767665e-01 -3.740440e-03
    outer loop
      vertex   1.054200e+01 2.394900e+01 2.998000e+00
      vertex   1.203500e+01 2.428800e+01 0.000000e+00
      vertex   1.225600e+01 2.432500e+01 2.998000e+00
    endloop
  endfacet
  facet normal 1.026044e-01 -9.947111e-01 4.712789e-03
    outer loop
      vertex   1.203500e+01 2.428800e+01 0.000000e+00
      vertex   1.400300e+01 2.449100e+01 0.000000e+00
      vertex   1.225600e+01 2.432500e+01 2.998000e+00
    endloop
  endfacet
  facet normal -1.000000e+00 -0.000000e+00 0.000000e+00
    outer loop
      vertex   5.624900e+01 -7.000000e+00 1.050000e+01
      vertex   5.624900e+01 -1.008500e+01 1.038700e+01
      vertex   5.624900e+01 -1.500600e+01 1.050000e+01
    endloop
  endfacet
  facet normal 2.366932e-01 -9.715514e-01 8.014238e-03
    outer loop
      vertex   1.054200e+01 2.394900e+01 2.998000e+00
      vertex   1.011400e+01 2.382000e+01 0.000000e+00
      vertex   1.203500e+01 2.428800e+01 0.000000e+00
    endloop
  endfacet
  facet normal 3.312315e-01 -9.435258e-01 -6.688135e-03
    outer loop
      vertex   1.054200e+01 2.394900e+01 2.998000e+00
      vertex   8.887000e+00 2.336800e+01 2.998000e+00
      vertex   1.011400e+01 2.382000e+01 0.000000e+00
    endloop
  endfacet
  facet normal 3.668373e-01 -9.302326e-01 9.888523e-03
    outer loop
      vertex   8.887000e+00 2.336800e+01 2.998000e+00
      vertex   8.273000e+00 2.309400e+01 0.000000e+00
      vertex   1.011400e+01 2.382000e+01 0.000000e+00
    endloop
  endfacet
  facet normal 0.000000e+00 -9.958495e-01 9.101499e-02
    outer loop
      vertex   8.273000e+00 2.309400e+01 0.000000e+00
      vertex   8.887000e+00 2.336800e+01 2.998000e+00
      vertex   8.886000e+00 2.336800e+01 2.998000e+00
    endloop
  endfacet
  facet normal -2.439022e-01 9.697998e-01 0.000000e+00
    outer loop
      vertex   1.246200e+01 2.131800e+01 0.000000e+00
      vertex   1.095900e+01 2.094000e+01 0.000000e+00
      vertex   1.246200e+01 2.131800e+01 2.998000e+00
    endloop
  endfacet
  facet normal -2.439022e-01 9.697998e-01 0.000000e+00
    outer loop
      vertex   1.095900e+01 2.094000e+01 2.998000e+00
      vertex   1.246200e+01 2.131800e+01 2.998000e+00
      vertex   1.095900e+01 2.094000e+01 0.000000e+00
    endloop
  endfacet
  facet normal 0.000000e+00 0.000000e+00 1.000000e+00
    outer loop
      vertex   2.255000e+00 3.350300e+01 2.998000e+00
      vertex   1.054200e+01 2.394900e+01 2.998000e+00
      vertex   1.225600e+01 2.432500e+01 2.998000e+00
    endloop
  endfacet
  facet normal 0.000000e+00 -0.000000e+00 1.000000e+00
    outer loop
      vertex   8.886000e+00 2.336800e+01 2.998000e+00
      vertex   8.887000e+00 2.336800e+01 2.998000e+00
      vertex   2.255000e+00 3.350300e+01 2.998000e+00
    endloop
  endfacet
  facet normal 0.000000e+00 0.000000e+00 1.000000e+00
    outer loop
      vertex   1.054200e+01 2.394900e+01 2.998000e+00
      vertex   2.255000e+00 3.350300e+01 2.998000e+00
      vertex   8.887000e+00 2.336800e+01 2.998000e+00
    endloop
  endfacet
  facet normal -1.000000e+00 0.000000e+00 -0.000000e+00
    outer loop
      vertex   1.400300e+01 2.449100e+01 2.998000e+00
      vertex   1.400300e+01 2.449100e+01 0.000000e+00
      vertex   1.400300e+01 2.148900e+01 0.000000e+00
    endloop
  endfacet
  facet normal -1.000000e+00 0.000000e+00 0.000000e+00
    outer loop
      vertex   1.400300e+01 2.048800e+01 0.000000e+00
      vertex   1.400300e+01 1.748300e+01 0.000000e+00
      vertex   1.400300e+01 2.048800e+01 2.998000e+00
    endloop
  endfacet
  facet normal 0.000000e+00 -0.000000e+00 1.000000e+00
    outer loop
      vertex   5.601400e+01 -1.178900e+01 1.038700e+01
      vertex   5.624900e+01 -1.008500e+01 1.038700e+01
      vertex   5.583300e+01 -1.163500e+01 1.038700e+01
    endloop
  endfacet
  facet normal -0.000000e+00 -0.000000e+00 1.000000e+00
    outer loop
      vertex   5.560200e+01 -1.126100e+01 1.038700e+01
      vertex   5.583300e+01 -1.163500e+01 1.038700e+01
      vertex   5.556300e+01 -1.105500e+01 1.038700e+01
    endloop
  endfacet
  facet normal -0.000000e+00 0.000000e+00 1.000000e+00
    outer loop
      vertex   5.556300e+01 -1.105500e+01 1.038700e+01
      vertex   5.583300e+01 -1.163500e+01 1.038700e+01
      vertex   5.557600e+01 -1.084700e+01 1.038700e+01
    endloop
  endfacet
  facet normal -0.000000e+00 0.000000e+00 1.000000e+00
    outer loop
      vertex   5.557600e+01 -1.084700e+01 1.038700e+01
      vertex   5.583300e+01 -1.163500e+01 1.038700e+01
      vertex   5.568300e+01 -1.057400e+01 1.038700e+01
    endloop
  endfacet
  facet normal -0.000000e+00 0.000000e+00 1.000000e+00
    outer loop
      vertex   5.568300e+01 -1.057400e+01 1.038700e+01
      vertex   5.583300e+01 -1.163500e+01 1.038700e+01
      vertex   5.583300e+01 -1.037100e+01 1.038700e+01
    endloop
  endfacet
  facet normal 1.422123e-01 0.000000e+00 9.898362e-01
    outer loop
      vertex   5.624900e+01 -7.000000e+00 1.050000e+01
      vertex   5.624900e+01 -1.500600e+01 1.050000e+01
      vertex   5.712600e+01 -7.000000e+00 1.037400e+01
    endloop
  endfacet
  facet normal -1.102890e-01 9.938996e-01 0.000000e+00
    outer loop
      vertex   1.400300e+01 2.148900e+01 0.000000e+00
      vertex   1.246200e+01 2.131800e+01 0.000000e+00
      vertex   1.246200e+01 2.131800e+01 2.998000e+00
    endloop
  endfacet
  facet normal 1.144095e-01 -9.934337e-01 0.000000e+00
    outer loop
      vertex   1.400300e+01 2.048800e+01 2.998000e+00
      vertex   1.260500e+01 2.032700e+01 2.998000e+00
      vertex   1.400300e+01 2.048800e+01 0.000000e+00
    endloop
  endfacet
  facet normal 4.054007e-01 -0.000000e+00 9.141391e-01
    outer loop
      vertex   5.770100e+01 -1.500600e+01 1.011900e+01
      vertex   5.770100e+01 -7.000000e+00 1.011900e+01
      vertex   5.712600e+01 -7.000000e+00 1.037400e+01
    endloop
  endfacet
  facet normal 4.998675e-01 8.316010e-03 8.660620e-01
    outer loop
      vertex   5.770100e+01 -1.500600e+01 1.011900e+01
      vertex   5.712600e+01 -7.000000e+00 1.037400e+01
      vertex   5.755200e+01 -1.500600e+01 1.020500e+01
    endloop
  endfacet
  facet normal -7.390253e-02 -9.972655e-01 0.000000e+00
    outer loop
      vertex   1.500300e+01 2.449100e+01 0.000000e+00
      vertex   1.615000e+01 2.440600e+01 2.998000e+00
      vertex   1.500300e+01 2.449100e+01 2.998000e+00
    endloop
  endfacet
  facet normal -1.025993e-01 -9.946614e-01 1.105287e-02
    outer loop
      vertex   1.500300e+01 2.449100e+01 0.000000e+00
      vertex   1.697100e+01 2.428800e+01 0.000000e+00
      vertex   1.615000e+01 2.440600e+01 2.998000e+00
    endloop
  endfacet
  facet normal 1.102890e-01 9.938996e-01 0.000000e+00
    outer loop
      vertex   1.654400e+01 2.131800e+01 2.998000e+00
      vertex   1.500300e+01 2.148900e+01 0.000000e+00
      vertex   1.500300e+01 2.148900e+01 2.998000e+00
    endloop
  endfacet
  facet normal -1.000000e+00 0.000000e+00 0.000000e+00
    outer loop
      vertex   5.624900e+01 -1.192100e+01 1.038700e+01
      vertex   5.624900e+01 -1.500600e+01 1.050000e+01
      vertex   5.624900e+01 -1.008500e+01 1.038700e+01
    endloop
  endfacet
  facet normal -1.000000e+00 0.000000e+00 0.000000e+00
    outer loop
      vertex   5.624900e+01 -7.000000e+00 5.000000e+00
      vertex   5.624900e+01 -7.959000e+00 5.000000e+00
      vertex   5.624900e+01 -7.000000e+00 1.050000e+01
    endloop
  endfacet
  facet normal -1.102890e-01 9.938996e-01 0.000000e+00
    outer loop
      vertex   1.400300e+01 2.148900e+01 2.998000e+00
      vertex   1.400300e+01 2.148900e+01 0.000000e+00
      vertex   1.246200e+01 2.131800e+01 2.998000e+00
    endloop
  endfacet
  facet normal 1.000000e+00 0.000000e+00 0.000000e+00
    outer loop
      vertex   1.500300e+01 2.148900e+01 0.000000e+00
      vertex   1.500300e+01 2.449100e+01 0.000000e+00
      vertex   1.500300e+01 2.449100e+01 2.998000e+00
    endloop
  endfacet
  facet normal 1.000000e+00 -0.000000e+00 0.000000e+00
    outer loop
      vertex   1.500300e+01 2.148900e+01 2.998000e+00
      vertex   1.500300e+01 2.148900e+01 0.000000e+00
      vertex   1.500300e+01 2.449100e+01 2.998000e+00
    endloop
  endfacet
  facet normal -0.000000e+00 0.000000e+00 1.000000e+00
    outer loop
      vertex   5.583300e+01 -1.037100e+01 1.038700e+01
      vertex   5.583300e+01 -1.163500e+01 1.038700e+01
      vertex   5.624900e+01 -1.008500e+01 1.038700e+01
    endloop
  endfacet
  facet normal 0.000000e+00 -1.000000e+00 0.000000e+00
    outer loop
      vertex   5.624900e+01 -1.500600e+01 1.050000e+01
      vertex   5.624900e+01 -1.500600e+01 3.000000e+00
      vertex   5.774900e+01 -1.500600e+01 8.314000e+00
    endloop
  endfacet
  facet normal 0.000000e+00 0.000000e+00 1.000000e+00
    outer loop
      vertex   1.654400e+01 2.131800e+01 2.998000e+00
      vertex   1.500300e+01 2.148900e+01 2.998000e+00
      vertex   1.500300e+01 2.048800e+01 2.998000e+00
    endloop
  endfacet
  facet normal 0.000000e+00 0.000000e+00 1.000000e+00
    outer loop
      vertex   1.400300e+01 2.048800e+01 2.998000e+00
      vertex   1.500300e+01 2.048800e+01 2.998000e+00
      vertex   1.500300e+01 2.148900e+01 2.998000e+00
    endloop
  endfacet
  facet normal -0.000000e+00 0.000000e+00 1.000000e+00
    outer loop
      vertex   1.246200e+01 2.131800e+01 2.998000e+00
      vertex   1.400300e+01 2.048800e+01 2.998000e+00
      vertex   1.400300e+01 2.148900e+01 2.998000e+00
    endloop
  endfacet
  facet normal -0.000000e+00 0.000000e+00 1.000000e+00
    outer loop
      vertex   1.400300e+01 2.148900e+01 2.998000e+00
      vertex   1.400300e+01 2.048800e+01 2.998000e+00
      vertex   1.500300e+01 2.148900e+01 2.998000e+00
    endloop
  endfacet
  facet normal 0.000000e+00 0.000000e+00 1.000000e+00
    outer loop
      vertex   1.500300e+01 2.449100e+01 2.998000e+00
      vertex   1.400300e+01 2.148900e+01 2.998000e+00
      vertex   1.500300e+01 2.148900e+01 2.998000e+00
    endloop
  endfacet
  facet normal 1.000000e+00 0.000000e+00 0.000000e+00
    outer loop
      vertex   5.780300e+01 -1.503000e+00 3.000000e+00
      vertex   5.780300e+01 -1.802600e+01 3.000000e+00
      vertex   5.780300e+01 -1.802600e+01 0.000000e+00
    endloop
  endfacet
  facet normal 0.000000e+00 0.000000e+00 1.000000e+00
    outer loop
      vertex   1.654400e+01 2.131800e+01 2.998000e+00
      vertex   1.500300e+01 2.048800e+01 2.998000e+00
      vertex   1.640100e+01 2.032700e+01 2.998000e+00
    endloop
  endfacet
  facet normal -0.000000e+00 0.000000e+00 1.000000e+00
    outer loop
      vertex   5.774900e+01 -1.500600e+01 3.000000e+00
      vertex   5.780300e+01 -1.802600e+01 3.000000e+00
      vertex   5.774900e+01 -7.000000e+00 3.000000e+00
    endloop
  endfacet
  facet normal -1.000000e+00 0.000000e+00 0.000000e+00
    outer loop
      vertex   1.400300e+01 2.148900e+01 0.000000e+00
      vertex   1.400300e+01 2.148900e+01 2.998000e+00
      vertex   1.400300e+01 2.449100e+01 2.998000e+00
    endloop
  endfacet
  facet normal 9.459335e-02 -9.955160e-01 0.000000e+00
    outer loop
      vertex   1.400300e+01 2.449100e+01 0.000000e+00
      vertex   1.400300e+01 2.449100e+01 2.998000e+00
      vertex   1.225600e+01 2.432500e+01 2.998000e+00
    endloop
  endfacet
  facet normal 0.000000e+00 -1.000000e+00 0.000000e+00
    outer loop
      vertex   5.755200e+01 -1.500600e+01 1.020500e+01
      vertex   5.774900e+01 -1.500600e+01 8.314000e+00
      vertex   5.770100e+01 -1.500600e+01 1.011900e+01
    endloop
  endfacet
  facet normal -0.000000e+00 -1.000000e+00 0.000000e+00
    outer loop
      vertex   5.800800e+01 -1.500600e+01 9.868000e+00
      vertex   5.770100e+01 -1.500600e+01 1.011900e+01
      vertex   5.774900e+01 -1.500600e+01 8.314000e+00
    endloop
  endfacet
  facet normal 0.000000e+00 -1.000000e+00 -0.000000e+00
    outer loop
      vertex   5.800800e+01 -1.500600e+01 9.868000e+00
      vertex   5.774900e+01 -1.500600e+01 8.314000e+00
      vertex   5.818000e+01 -1.500600e+01 9.637000e+00
    endloop
  endfacet
  facet normal 0.000000e+00 -1.000000e+00 0.000000e+00
    outer loop
      vertex   5.818000e+01 -1.500600e+01 9.637000e+00
      vertex   5.823900e+01 -1.500600e+01 8.885000e+00
      vertex   5.827800e+01 -1.500600e+01 9.391000e+00
    endloop
  endfacet
  facet normal -0.000000e+00 -1.000000e+00 0.000000e+00
    outer loop
      vertex   5.829800e+01 -1.500600e+01 9.136000e+00
      vertex   5.827800e+01 -1.500600e+01 9.391000e+00
      vertex   5.823900e+01 -1.500600e+01 8.885000e+00
    endloop
  endfacet
  facet normal -0.000000e+00 -1.000000e+00 0.000000e+00
    outer loop
      vertex   5.823900e+01 -1.500600e+01 8.885000e+00
      vertex   5.818000e+01 -1.500600e+01 9.637000e+00
      vertex   5.810300e+01 -1.500600e+01 8.645000e+00
    endloop
  endfacet
  facet normal -0.000000e+00 -1.000000e+00 0.000000e+00
    outer loop
      vertex   5.810300e+01 -1.500600e+01 8.645000e+00
      vertex   5.818000e+01 -1.500600e+01 9.637000e+00
      vertex   5.774900e+01 -1.500600e+01 8.314000e+00
    endloop
  endfacet
  facet normal -0.000000e+00 -1.000000e+00 -0.000000e+00
    outer loop
      vertex   5.755200e+01 -1.500600e+01 1.020500e+01
      vertex   5.712600e+01 -1.500600e+01 1.037400e+01
      vertex   5.774900e+01 -1.500600e+01 8.314000e+00
    endloop
  endfacet
  facet normal -1.531028e-01 -9.882059e-01 -2.929424e-03
    outer loop
      vertex   1.615200e+01 2.440600e+01 2.998000e+00
      vertex   1.697100e+01 2.428800e+01 0.000000e+00
      vertex   1.728800e+01 2.423000e+01 2.998000e+00
    endloop
  endfacet
  facet normal 0.000000e+00 -9.992263e-01 3.932929e-02
    outer loop
      vertex   1.615200e+01 2.440600e+01 2.998000e+00
      vertex   1.615000e+01 2.440600e+01 2.998000e+00
      vertex   1.697100e+01 2.428800e+01 0.000000e+00
    endloop
  endfacet
  facet normal 0.000000e+00 0.000000e+00 1.000000e+00
    outer loop
      vertex   1.500300e+01 2.449100e+01 2.998000e+00
      vertex   1.400300e+01 2.449100e+01 2.998000e+00
      vertex   1.400300e+01 2.148900e+01 2.998000e+00
    endloop
  endfacet
  facet normal 0.000000e+00 0.000000e+00 1.000000e+00
    outer loop
      vertex   1.500300e+01 2.449100e+01 2.998000e+00
      vertex   2.255000e+00 3.350300e+01 2.998000e+00
      vertex   1.400300e+01 2.449100e+01 2.998000e+00
    endloop
  endfacet
  facet normal 0.000000e+00 0.000000e+00 1.000000e+00
    outer loop
      vertex   1.400300e+01 2.449100e+01 2.998000e+00
      vertex   2.255000e+00 3.350300e+01 2.998000e+00
      vertex   1.225600e+01 2.432500e+01 2.998000e+00
    endloop
  endfacet
  facet normal 0.000000e+00 0.000000e+00 1.000000e+00
    outer loop
      vertex   1.615200e+01 2.440600e+01 2.998000e+00
      vertex   2.255000e+00 3.350300e+01 2.998000e+00
      vertex   1.615000e+01 2.440600e+01 2.998000e+00
    endloop
  endfacet
  facet normal 0.000000e+00 0.000000e+00 1.000000e+00
    outer loop
      vertex   1.615000e+01 2.440600e+01 2.998000e+00
      vertex   2.255000e+00 3.350300e+01 2.998000e+00
      vertex   1.500300e+01 2.449100e+01 2.998000e+00
    endloop
  endfacet
  facet normal 9.734646e-01 0.000000e+00 -2.288378e-01
    outer loop
      vertex   5.829800e+01 -1.500600e+01 9.136000e+00
      vertex   5.823900e+01 -1.500600e+01 8.885000e+00
      vertex   5.829800e+01 -7.000000e+00 9.136000e+00
    endloop
  endfacet
  facet normal 9.969388e-01 0.000000e+00 7.818561e-02
    outer loop
      vertex   5.827800e+01 -1.500600e+01 9.391000e+00
      vertex   5.829800e+01 -1.500600e+01 9.136000e+00
      vertex   5.829800e+01 -7.000000e+00 9.136000e+00
    endloop
  endfacet
  facet normal 7.083807e-01 7.058306e-01 0.000000e+00
    outer loop
      vertex   5.306700e+01 -6.014000e+00 3.000000e+00
      vertex   5.306700e+01 -6.014000e+00 0.000000e+00
      vertex   5.279100e+01 -5.737000e+00 3.000000e+00
    endloop
  endfacet
  facet normal 8.902979e-01 4.553786e-01 0.000000e+00
    outer loop
      vertex   5.279100e+01 -5.737000e+00 3.000000e+00
      vertex   5.279100e+01 -5.737000e+00 0.000000e+00
      vertex   5.261300e+01 -5.389000e+00 3.000000e+00
    endloop
  endfacet
  facet normal 9.878037e-01 1.557047e-01 -0.000000e+00
    outer loop
      vertex   5.255200e+01 -5.002000e+00 0.000000e+00
      vertex   5.255200e+01 -5.002000e+00 3.000000e+00
      vertex   5.261300e+01 -5.389000e+00 3.000000e+00
    endloop
  endfacet
  facet normal 9.877415e-01 -1.560987e-01 0.000000e+00
    outer loop
      vertex   5.261300e+01 -4.616000e+00 0.000000e+00
      vertex   5.255200e+01 -5.002000e+00 3.000000e+00
      vertex   5.255200e+01 -5.002000e+00 0.000000e+00
    endloop
  endfacet
  facet normal 9.877415e-01 -1.560987e-01 0.000000e+00
    outer loop
      vertex   5.261300e+01 -4.616000e+00 0.000000e+00
      vertex   5.261300e+01 -4.616000e+00 3.000000e+00
      vertex   5.255200e+01 -5.002000e+00 3.000000e+00
    endloop
  endfacet
  facet normal 8.908267e-01 -4.543433e-01 0.000000e+00
    outer loop
      vertex   5.279100e+01 -4.267000e+00 0.000000e+00
      vertex   5.279100e+01 -4.267000e+00 3.000000e+00
      vertex   5.261300e+01 -4.616000e+00 0.000000e+00
    endloop
  endfacet
  facet normal 8.908267e-01 -4.543433e-01 0.000000e+00
    outer loop
      vertex   5.261300e+01 -4.616000e+00 3.000000e+00
      vertex   5.261300e+01 -4.616000e+00 0.000000e+00
      vertex   5.279100e+01 -4.267000e+00 3.000000e+00
    endloop
  endfacet
  facet normal 7.071033e-01 -7.071102e-01 0.000000e+00
    outer loop
      vertex   5.279100e+01 -4.267000e+00 0.000000e+00
      vertex   5.306700e+01 -3.991000e+00 0.000000e+00
      vertex   5.306700e+01 -3.991000e+00 3.000000e+00
    endloop
  endfacet
  facet normal 7.071033e-01 -7.071102e-01 0.000000e+00
    outer loop
      vertex   5.279100e+01 -4.267000e+00 3.000000e+00
      vertex   5.279100e+01 -4.267000e+00 0.000000e+00
      vertex   5.306700e+01 -3.991000e+00 3.000000e+00
    endloop
  endfacet
  facet normal 4.523205e-01 8.918554e-01 -0.000000e+00
    outer loop
      vertex   5.341600e+01 -6.191000e+00 0.000000e+00
      vertex   5.306700e+01 -6.014000e+00 0.000000e+00
      vertex   5.341600e+01 -6.191000e+00 3.000000e+00
    endloop
  endfacet
  facet normal 4.523205e-01 8.918554e-01 0.000000e+00
    outer loop
      vertex   5.306700e+01 -6.014000e+00 3.000000e+00
      vertex   5.341600e+01 -6.191000e+00 3.000000e+00
      vertex   5.306700e+01 -6.014000e+00 0.000000e+00
    endloop
  endfacet
  facet normal 7.083807e-01 7.058306e-01 -0.000000e+00
    outer loop
      vertex   5.279100e+01 -5.737000e+00 0.000000e+00
      vertex   5.279100e+01 -5.737000e+00 3.000000e+00
      vertex   5.306700e+01 -6.014000e+00 0.000000e+00
    endloop
  endfacet
  facet normal 8.902979e-01 4.553786e-01 -0.000000e+00
    outer loop
      vertex   5.261300e+01 -5.389000e+00 0.000000e+00
      vertex   5.261300e+01 -5.389000e+00 3.000000e+00
      vertex   5.279100e+01 -5.737000e+00 0.000000e+00
    endloop
  endfacet
  facet normal 9.878037e-01 1.557047e-01 0.000000e+00
    outer loop
      vertex   5.255200e+01 -5.002000e+00 0.000000e+00
      vertex   5.261300e+01 -5.389000e+00 3.000000e+00
      vertex   5.261300e+01 -5.389000e+00 0.000000e+00
    endloop
  endfacet
  facet normal 3.716134e-01 9.283876e-01 -0.000000e+00
    outer loop
      vertex   1.948600e+01 2.036400e+01 0.000000e+00
      vertex   1.804700e+01 2.094000e+01 0.000000e+00
      vertex   1.948600e+01 2.036400e+01 2.998000e+00
    endloop
  endfacet
  facet normal -4.940699e-01 -8.694222e-01 -0.000000e+00
    outer loop
      vertex   1.907100e+01 1.945400e+01 2.998000e+00
      vertex   1.907100e+01 1.945400e+01 0.000000e+00
      vertex   2.029400e+01 1.875900e+01 2.998000e+00
    endloop
  endfacet
  facet normal -4.940699e-01 -8.694222e-01 0.000000e+00
    outer loop
      vertex   2.029400e+01 1.875900e+01 0.000000e+00
      vertex   2.029400e+01 1.875900e+01 2.998000e+00
      vertex   1.907100e+01 1.945400e+01 0.000000e+00
    endloop
  endfacet
  facet normal -6.062368e-01 -7.952842e-01 0.000000e+00
    outer loop
      vertex   2.029400e+01 1.875900e+01 0.000000e+00
      vertex   2.141300e+01 1.790600e+01 0.000000e+00
      vertex   2.029400e+01 1.875900e+01 2.998000e+00
    endloop
  endfacet
  facet normal -6.062368e-01 -7.952842e-01 -0.000000e+00
    outer loop
      vertex   2.141300e+01 1.790600e+01 2.998000e+00
      vertex   2.029400e+01 1.875900e+01 2.998000e+00
      vertex   2.141300e+01 1.790600e+01 0.000000e+00
    endloop
  endfacet
  facet normal -3.735934e-01 -9.275926e-01 -0.000000e+00
    outer loop
      vertex   1.907100e+01 1.945400e+01 2.998000e+00
      vertex   1.776500e+01 1.998000e+01 0.000000e+00
      vertex   1.907100e+01 1.945400e+01 0.000000e+00
    endloop
  endfacet
  facet normal 3.831642e-01 9.236803e-01 -0.000000e+00
    outer loop
      vertex   1.782400e+01 1.672500e+01 0.000000e+00
      vertex   1.692000e+01 1.710000e+01 2.998000e+00
      vertex   1.782400e+01 1.672500e+01 2.998000e+00
    endloop
  endfacet
  facet normal 3.831642e-01 9.236803e-01 0.000000e+00
    outer loop
      vertex   1.782400e+01 1.672500e+01 0.000000e+00
      vertex   1.692000e+01 1.710000e+01 0.000000e+00
      vertex   1.692000e+01 1.710000e+01 2.998000e+00
    endloop
  endfacet
  facet normal 0.000000e+00 -0.000000e+00 1.000000e+00
    outer loop
      vertex   5.261300e+01 -4.616000e+00 3.000000e+00
      vertex   5.279100e+01 -4.267000e+00 3.000000e+00
      vertex   4.979800e+01 -1.503000e+00 3.000000e+00
    endloop
  endfacet
  facet normal 0.000000e+00 0.000000e+00 1.000000e+00
    outer loop
      vertex   5.279100e+01 -5.737000e+00 3.000000e+00
      vertex   5.261300e+01 -5.389000e+00 3.000000e+00
      vertex   3.500300e+01 -9.003000e+00 3.000000e+00
    endloop
  endfacet
  facet normal 2.593149e-01 9.657928e-01 -0.000000e+00
    outer loop
      vertex   1.692000e+01 1.710000e+01 0.000000e+00
      vertex   1.597400e+01 1.735400e+01 0.000000e+00
      vertex   1.692000e+01 1.710000e+01 2.998000e+00
    endloop
  endfacet
  facet normal 0.000000e+00 0.000000e+00 1.000000e+00
    outer loop
      vertex   5.380200e+01 -6.253000e+00 3.000000e+00
      vertex   5.341600e+01 -6.191000e+00 3.000000e+00
      vertex   5.535300e+01 -7.959000e+00 3.000000e+00
    endloop
  endfacet
  facet normal 0.000000e+00 0.000000e+00 1.000000e+00
    outer loop
      vertex   3.500300e+01 -9.003000e+00 3.000000e+00
      vertex   5.535300e+01 -7.959000e+00 3.000000e+00
      vertex   5.341600e+01 -6.191000e+00 3.000000e+00
    endloop
  endfacet
  facet normal 0.000000e+00 0.000000e+00 1.000000e+00
    outer loop
      vertex   5.341600e+01 -6.191000e+00 3.000000e+00
      vertex   5.306700e+01 -6.014000e+00 3.000000e+00
      vertex   3.500300e+01 -9.003000e+00 3.000000e+00
    endloop
  endfacet
  facet normal 0.000000e+00 0.000000e+00 1.000000e+00
    outer loop
      vertex   5.279100e+01 -5.737000e+00 3.000000e+00
      vertex   3.500300e+01 -9.003000e+00 3.000000e+00
      vertex   5.306700e+01 -6.014000e+00 3.000000e+00
    endloop
  endfacet
  facet normal 0.000000e+00 0.000000e+00 1.000000e+00
    outer loop
      vertex   1.692000e+01 1.710000e+01 2.998000e+00
      vertex   1.663800e+01 1.614000e+01 2.998000e+00
      vertex   1.782400e+01 1.672500e+01 2.998000e+00
    endloop
  endfacet
  facet normal 3.716134e-01 9.283876e-01 -0.000000e+00
    outer loop
      vertex   1.804700e+01 2.094000e+01 0.000000e+00
      vertex   1.804700e+01 2.094000e+01 2.998000e+00
      vertex   1.948600e+01 2.036400e+01 2.998000e+00
    endloop
  endfacet
  facet normal 4.928016e-01 8.701417e-01 -0.000000e+00
    outer loop
      vertex   2.083500e+01 1.960000e+01 0.000000e+00
      vertex   1.948600e+01 2.036400e+01 2.998000e+00
      vertex   2.083500e+01 1.960000e+01 2.998000e+00
    endloop
  endfacet
  facet normal 0.000000e+00 -0.000000e+00 1.000000e+00
    outer loop
      vertex   2.141300e+01 1.790600e+01 2.998000e+00
      vertex   2.206800e+01 1.866100e+01 2.998000e+00
      vertex   2.029400e+01 1.875900e+01 2.998000e+00
    endloop
  endfacet
  facet normal 0.000000e+00 -0.000000e+00 1.000000e+00
    outer loop
      vertex   2.029400e+01 1.875900e+01 2.998000e+00
      vertex   2.083500e+01 1.960000e+01 2.998000e+00
      vertex   1.907100e+01 1.945400e+01 2.998000e+00
    endloop
  endfacet
  facet normal -0.000000e+00 0.000000e+00 1.000000e+00
    outer loop
      vertex   1.776500e+01 1.998000e+01 2.998000e+00
      vertex   1.907100e+01 1.945400e+01 2.998000e+00
      vertex   1.948600e+01 2.036400e+01 2.998000e+00
    endloop
  endfacet
  facet normal 0.000000e+00 0.000000e+00 1.000000e+00
    outer loop
      vertex   1.948600e+01 2.036400e+01 2.998000e+00
      vertex   1.804700e+01 2.094000e+01 2.998000e+00
      vertex   1.776500e+01 1.998000e+01 2.998000e+00
    endloop
  endfacet
  facet normal 0.000000e+00 0.000000e+00 1.000000e+00
    outer loop
      vertex   -5.314000e+00 -1.920900e+01 7.017000e+00
      vertex   -1.449000e+00 -1.920900e+01 7.017000e+00
      vertex   -5.091000e+00 -1.792100e+01 7.017000e+00
    endloop
  endfacet
  facet normal 0.000000e+00 0.000000e+00 1.000000e+00
    outer loop
      vertex   -5.091000e+00 -1.792100e+01 7.017000e+00
      vertex   -5.694000e+00 -1.782400e+01 7.017000e+00
      vertex   -5.314000e+00 -1.920900e+01 7.017000e+00
    endloop
  endfacet
  facet normal -0.000000e+00 0.000000e+00 1.000000e+00
    outer loop
      vertex   -7.020000e+00 -1.865500e+01 7.017000e+00
      vertex   -6.632000e+00 -1.889300e+01 7.017000e+00
      vertex   -5.977001e+00 -1.770500e+01 7.017000e+00
    endloop
  endfacet
  facet normal -2.465459e-01 -9.691311e-01 -0.000000e+00
    outer loop
      vertex   1.640100e+01 2.032700e+01 2.998000e+00
      vertex   1.640100e+01 2.032700e+01 0.000000e+00
      vertex   1.776500e+01 1.998000e+01 2.998000e+00
    endloop
  endfacet
  facet normal -2.465459e-01 -9.691311e-01 0.000000e+00
    outer loop
      vertex   1.776500e+01 1.998000e+01 0.000000e+00
      vertex   1.776500e+01 1.998000e+01 2.998000e+00
      vertex   1.640100e+01 2.032700e+01 0.000000e+00
    endloop
  endfacet
  facet normal -3.735934e-01 -9.275926e-01 0.000000e+00
    outer loop
      vertex   1.776500e+01 1.998000e+01 0.000000e+00
      vertex   1.907100e+01 1.945400e+01 2.998000e+00
      vertex   1.776500e+01 1.998000e+01 2.998000e+00
    endloop
  endfacet
  facet normal 0.000000e+00 0.000000e+00 1.000000e+00
    outer loop
      vertex   -1.449000e+00 -1.792100e+01 7.017000e+00
      vertex   -5.091000e+00 -1.792100e+01 7.017000e+00
      vertex   -1.449000e+00 -1.920900e+01 7.017000e+00
    endloop
  endfacet
  facet normal 0.000000e+00 -9.958229e-01 9.130566e-02
    outer loop
      vertex   -1.449000e+00 -1.920900e+01 7.017000e+00
      vertex   -5.314000e+00 -1.920900e+01 7.017000e+00
      vertex   -1.449000e+00 -1.924100e+01 6.668000e+00
    endloop
  endfacet
  facet normal 0.000000e+00 -9.958229e-01 9.130566e-02
    outer loop
      vertex   -5.314000e+00 -1.924100e+01 6.668000e+00
      vertex   -1.449000e+00 -1.924100e+01 6.668000e+00
      vertex   -5.314000e+00 -1.920900e+01 7.017000e+00
    endloop
  endfacet
  facet normal 0.000000e+00 -0.000000e+00 1.000000e+00
    outer loop
      vertex   1.776500e+01 1.998000e+01 2.998000e+00
      vertex   1.804700e+01 2.094000e+01 2.998000e+00
      vertex   1.640100e+01 2.032700e+01 2.998000e+00
    endloop
  endfacet
  facet normal 1.000000e+00 0.000000e+00 0.000000e+00
    outer loop
      vertex   -1.449000e+00 -1.792100e+01 7.017000e+00
      vertex   -1.449000e+00 -1.920900e+01 7.017000e+00
      vertex   -1.449000e+00 -1.924100e+01 6.668000e+00
    endloop
  endfacet
  facet normal -9.932342e-01 -7.661264e-02 -8.727135e-02
    outer loop
      vertex   -8.247000e+00 -1.630700e+01 3.268000e+00
      vertex   -8.226000e+00 -1.630700e+01 3.029000e+00
      vertex   -8.198000e+00 -1.667000e+01 3.029000e+00
    endloop
  endfacet
  facet normal -0.000000e+00 -0.000000e+00 -1.000000e+00
    outer loop
      vertex   -7.041000e+00 -1.252100e+01 3.029000e+00
      vertex   -7.041000e+00 -1.593700e+01 3.029000e+00
      vertex   -8.226000e+00 -1.252100e+01 3.029000e+00
    endloop
  endfacet
  facet normal -7.070737e-01 -7.070737e-01 9.669986e-03
    outer loop
      vertex   2.543200e+01 1.953000e+01 0.000000e+00
      vertex   2.500300e+01 2.000000e+01 2.998000e+00
      vertex   2.403300e+01 2.092900e+01 0.000000e+00
    endloop
  endfacet
  facet normal 7.071068e-01 7.071068e-01 0.000000e+00
    outer loop
      vertex   2.206800e+01 1.866100e+01 2.998000e+00
      vertex   2.316400e+01 1.756500e+01 0.000000e+00
      vertex   2.206800e+01 1.866100e+01 0.000000e+00
    endloop
  endfacet
  facet normal 7.071068e-01 7.071068e-01 0.000000e+00
    outer loop
      vertex   2.206800e+01 1.866100e+01 2.998000e+00
      vertex   2.316400e+01 1.756500e+01 2.998000e+00
      vertex   2.316400e+01 1.756500e+01 0.000000e+00
    endloop
  endfacet
  facet normal -9.961620e-01 0.000000e+00 -8.752860e-02
    outer loop
      vertex   -8.226000e+00 -1.252100e+01 3.029000e+00
      vertex   -8.247000e+00 -1.630700e+01 3.268000e+00
      vertex   -8.247000e+00 -1.252100e+01 3.268000e+00
    endloop
  endfacet
  facet normal -9.961620e-01 -0.000000e+00 -8.752860e-02
    outer loop
      vertex   -8.226000e+00 -1.252100e+01 3.029000e+00
      vertex   -8.226000e+00 -1.630700e+01 3.029000e+00
      vertex   -8.247000e+00 -1.630700e+01 3.268000e+00
    endloop
  endfacet
  facet normal -7.071068e-01 -7.071068e-01 0.000000e+00
    outer loop
      vertex   2.141300e+01 1.790600e+01 2.998000e+00
      vertex   2.240900e+01 1.691000e+01 0.000000e+00
      vertex   2.240900e+01 1.691000e+01 2.998000e+00
    endloop
  endfacet
  facet normal -7.071068e-01 -7.071068e-01 -0.000000e+00
    outer loop
      vertex   2.141300e+01 1.790600e+01 2.998000e+00
      vertex   2.141300e+01 1.790600e+01 0.000000e+00
      vertex   2.240900e+01 1.691000e+01 0.000000e+00
    endloop
  endfacet
  facet normal -7.952849e-01 -6.062359e-01 0.000000e+00
    outer loop
      vertex   2.240900e+01 1.691000e+01 0.000000e+00
      vertex   2.326200e+01 1.579100e+01 2.998000e+00
      vertex   2.240900e+01 1.691000e+01 2.998000e+00
    endloop
  endfacet
  facet normal -1.000000e+00 0.000000e+00 0.000000e+00
    outer loop
      vertex   -8.247000e+00 -1.252100e+01 3.268000e+00
      vertex   -8.247000e+00 -1.630700e+01 3.268000e+00
      vertex   -8.247000e+00 -1.252100e+01 6.668000e+00
    endloop
  endfacet
  facet normal -9.808247e-01 -1.948918e-01 0.000000e+00
    outer loop
      vertex   -1.029400e+01 -1.705300e+01 0.000000e+00
      vertex   -1.044700e+01 -1.628300e+01 2.998000e+00
      vertex   -1.044700e+01 -1.628300e+01 0.000000e+00
    endloop
  endfacet
  facet normal 4.928016e-01 8.701417e-01 -0.000000e+00
    outer loop
      vertex   1.948600e+01 2.036400e+01 0.000000e+00
      vertex   1.948600e+01 2.036400e+01 2.998000e+00
      vertex   2.083500e+01 1.960000e+01 0.000000e+00
    endloop
  endfacet
  facet normal -9.979674e-01 -6.372710e-02 0.000000e+00
    outer loop
      vertex   -1.049700e+01 -1.550000e+01 2.998000e+00
      vertex   -1.044700e+01 -1.628300e+01 0.000000e+00
      vertex   -1.044700e+01 -1.628300e+01 2.998000e+00
    endloop
  endfacet
  facet normal -9.979674e-01 -6.372710e-02 -0.000000e+00
    outer loop
      vertex   -1.049700e+01 -1.550000e+01 2.998000e+00
      vertex   -1.049700e+01 -1.550000e+01 0.000000e+00
      vertex   -1.044700e+01 -1.628300e+01 0.000000e+00
    endloop
  endfacet
  facet normal 6.058676e-01 7.955655e-01 0.000000e+00
    outer loop
      vertex   2.206800e+01 1.866100e+01 2.998000e+00
      vertex   2.083500e+01 1.960000e+01 0.000000e+00
      vertex   2.083500e+01 1.960000e+01 2.998000e+00
    endloop
  endfacet
  facet normal 6.058676e-01 7.955655e-01 0.000000e+00
    outer loop
      vertex   2.206800e+01 1.866100e+01 2.998000e+00
      vertex   2.206800e+01 1.866100e+01 0.000000e+00
      vertex   2.083500e+01 1.960000e+01 0.000000e+00
    endloop
  endfacet
  facet normal 0.000000e+00 0.000000e+00 1.000000e+00
    outer loop
      vertex   1.948600e+01 2.036400e+01 2.998000e+00
      vertex   1.907100e+01 1.945400e+01 2.998000e+00
      vertex   2.083500e+01 1.960000e+01 2.998000e+00
    endloop
  endfacet
  facet normal 0.000000e+00 0.000000e+00 1.000000e+00
    outer loop
      vertex   2.083500e+01 1.960000e+01 2.998000e+00
      vertex   2.029400e+01 1.875900e+01 2.998000e+00
      vertex   2.206800e+01 1.866100e+01 2.998000e+00
    endloop
  endfacet
  facet normal -0.000000e+00 0.000000e+00 1.000000e+00
    outer loop
      vertex   2.141300e+01 1.790600e+01 2.998000e+00
      vertex   2.316400e+01 1.756500e+01 2.998000e+00
      vertex   2.206800e+01 1.866100e+01 2.998000e+00
    endloop
  endfacet
  facet normal 0.000000e+00 0.000000e+00 1.000000e+00
    outer loop
      vertex   2.141300e+01 1.790600e+01 2.998000e+00
      vertex   2.240900e+01 1.691000e+01 2.998000e+00
      vertex   2.316400e+01 1.756500e+01 2.998000e+00
    endloop
  endfacet
  facet normal 0.000000e+00 -1.000000e+00 0.000000e+00
    outer loop
      vertex   -1.049700e+01 -1.099800e+01 3.000000e+00
      vertex   -1.049700e+01 -1.099800e+01 2.998000e+00
      vertex   -7.450000e-01 -1.099800e+01 3.000000e+00
    endloop
  endfacet
  facet normal 0.000000e+00 -1.000000e+00 0.000000e+00
    outer loop
      vertex   -7.450000e-01 -1.099800e+01 2.998000e+00
      vertex   -7.450000e-01 -1.099800e+01 3.000000e+00
      vertex   -1.049700e+01 -1.099800e+01 2.998000e+00
    endloop
  endfacet
  facet normal 0.000000e+00 0.000000e+00 1.000000e+00
    outer loop
      vertex   -7.450000e-01 -1.099800e+01 3.000000e+00
      vertex   -2.503000e+00 -9.003000e+00 3.000000e+00
      vertex   -1.049700e+01 -1.099800e+01 3.000000e+00
    endloop
  endfacet
  facet normal -3.668373e-01 -9.302323e-01 9.912930e-03
    outer loop
      vertex   1.950300e+01 2.361100e+01 2.998000e+00
      vertex   1.889200e+01 2.382000e+01 0.000000e+00
      vertex   2.073300e+01 2.309400e+01 0.000000e+00
    endloop
  endfacet
  facet normal -3.068249e-01 -9.517583e-01 -3.818389e-03
    outer loop
      vertex   1.840800e+01 2.396400e+01 2.998000e+00
      vertex   1.889200e+01 2.382000e+01 0.000000e+00
      vertex   1.950300e+01 2.361100e+01 2.998000e+00
    endloop
  endfacet
  facet normal -2.366922e-01 -9.715479e-01 8.454449e-03
    outer loop
      vertex   1.840800e+01 2.396400e+01 2.998000e+00
      vertex   1.697100e+01 2.428800e+01 0.000000e+00
      vertex   1.889200e+01 2.382000e+01 0.000000e+00
    endloop
  endfacet
  facet normal -9.960781e-01 0.000000e+00 8.847790e-02
    outer loop
      vertex   -8.216000e+00 -1.252100e+01 7.017000e+00
      vertex   -8.247000e+00 -1.630700e+01 6.668000e+00
      vertex   -8.216000e+00 -1.630700e+01 7.017000e+00
    endloop
  endfacet
  facet normal -9.960781e-01 0.000000e+00 8.847790e-02
    outer loop
      vertex   -8.216000e+00 -1.252100e+01 7.017000e+00
      vertex   -8.247000e+00 -1.252100e+01 6.668000e+00
      vertex   -8.247000e+00 -1.630700e+01 6.668000e+00
    endloop
  endfacet
  facet normal -2.310676e-01 -9.729215e-01 5.610053e-03
    outer loop
      vertex   1.728800e+01 2.423000e+01 2.998000e+00
      vertex   1.697100e+01 2.428800e+01 0.000000e+00
      vertex   1.840800e+01 2.396400e+01 2.998000e+00
    endloop
  endfacet
  facet normal -1.000000e+00 -0.000000e+00 0.000000e+00
    outer loop
      vertex   -8.247000e+00 -1.252100e+01 6.668000e+00
      vertex   -8.247000e+00 -1.630700e+01 3.268000e+00
      vertex   -8.247000e+00 -1.630700e+01 6.668000e+00
    endloop
  endfacet
  facet normal 0.000000e+00 0.000000e+00 1.000000e+00
    outer loop
      vertex   -8.216000e+00 -1.630700e+01 7.017000e+00
      vertex   -7.044000e+00 -1.593700e+01 7.017000e+00
      vertex   -8.216000e+00 -1.252100e+01 7.017000e+00
    endloop
  endfacet
  facet normal -0.000000e+00 1.000000e+00 0.000000e+00
    outer loop
      vertex   -8.216000e+00 -1.252100e+01 7.017000e+00
      vertex   -7.044000e+00 -1.252100e+01 7.017000e+00
      vertex   -8.247000e+00 -1.252100e+01 6.668000e+00
    endloop
  endfacet
  facet normal 1.102890e-01 9.938996e-01 -0.000000e+00
    outer loop
      vertex   1.654400e+01 2.131800e+01 0.000000e+00
      vertex   1.500300e+01 2.148900e+01 0.000000e+00
      vertex   1.654400e+01 2.131800e+01 2.998000e+00
    endloop
  endfacet
  facet normal 2.439022e-01 9.697998e-01 -0.000000e+00
    outer loop
      vertex   1.804700e+01 2.094000e+01 0.000000e+00
      vertex   1.654400e+01 2.131800e+01 2.998000e+00
      vertex   1.804700e+01 2.094000e+01 2.998000e+00
    endloop
  endfacet
  facet normal 2.439022e-01 9.697998e-01 0.000000e+00
    outer loop
      vertex   1.804700e+01 2.094000e+01 0.000000e+00
      vertex   1.654400e+01 2.131800e+01 0.000000e+00
      vertex   1.654400e+01 2.131800e+01 2.998000e+00
    endloop
  endfacet
  facet normal 0.000000e+00 0.000000e+00 -1.000000e+00
    outer loop
      vertex   -8.226000e+00 -1.630700e+01 3.029000e+00
      vertex   -8.226000e+00 -1.252100e+01 3.029000e+00
      vertex   -7.041000e+00 -1.593700e+01 3.029000e+00
    endloop
  endfacet
  facet normal 9.850230e-01 1.296635e-01 1.136535e-01
    outer loop
      vertex   -6.979000e+00 -1.640800e+01 3.029000e+00
      vertex   -7.041000e+00 -1.593700e+01 3.029000e+00
      vertex   -7.044000e+00 -1.593700e+01 3.055000e+00
    endloop
  endfacet
  facet normal -0.000000e+00 0.000000e+00 1.000000e+00
    outer loop
      vertex   1.840800e+01 2.396400e+01 2.998000e+00
      vertex   1.950300e+01 2.361100e+01 2.998000e+00
      vertex   2.260900e+01 2.538900e+01 2.998000e+00
    endloop
  endfacet
  facet normal 0.000000e+00 0.000000e+00 -1.000000e+00
    outer loop
      vertex   -6.979000e+00 -1.640800e+01 3.029000e+00
      vertex   -8.226000e+00 -1.630700e+01 3.029000e+00
      vertex   -7.041000e+00 -1.593700e+01 3.029000e+00
    endloop
  endfacet
  facet normal 1.000000e+00 0.000000e+00 0.000000e+00
    outer loop
      vertex   -7.044000e+00 -1.252100e+01 7.017000e+00
      vertex   -7.044000e+00 -1.593700e+01 3.055000e+00
      vertex   -7.044000e+00 -1.252100e+01 3.055000e+00
    endloop
  endfacet
  facet normal 9.934093e-01 -0.000000e+00 1.146211e-01
    outer loop
      vertex   -7.044000e+00 -1.593700e+01 3.055000e+00
      vertex   -7.041000e+00 -1.252100e+01 3.029000e+00
      vertex   -7.044000e+00 -1.252100e+01 3.055000e+00
    endloop
  endfacet
  facet normal 9.934093e-01 0.000000e+00 1.146211e-01
    outer loop
      vertex   -7.044000e+00 -1.593700e+01 3.055000e+00
      vertex   -7.041000e+00 -1.593700e+01 3.029000e+00
      vertex   -7.041000e+00 -1.252100e+01 3.029000e+00
    endloop
  endfacet
  facet normal 0.000000e+00 1.000000e+00 0.000000e+00
    outer loop
      vertex   -8.247000e+00 -1.252100e+01 6.668000e+00
      vertex   -7.044000e+00 -1.252100e+01 3.055000e+00
      vertex   -8.247000e+00 -1.252100e+01 3.268000e+00
    endloop
  endfacet
  facet normal 0.000000e+00 1.000000e+00 0.000000e+00
    outer loop
      vertex   -7.041000e+00 -1.252100e+01 3.029000e+00
      vertex   -8.226000e+00 -1.252100e+01 3.029000e+00
      vertex   -7.044000e+00 -1.252100e+01 3.055000e+00
    endloop
  endfacet
  facet normal 0.000000e+00 1.000000e+00 0.000000e+00
    outer loop
      vertex   -8.247000e+00 -1.252100e+01 3.268000e+00
      vertex   -7.044000e+00 -1.252100e+01 3.055000e+00
      vertex   -8.226000e+00 -1.252100e+01 3.029000e+00
    endloop
  endfacet
  facet normal 0.000000e+00 1.000000e+00 0.000000e+00
    outer loop
      vertex   -7.044000e+00 -1.252100e+01 7.017000e+00
      vertex   -7.044000e+00 -1.252100e+01 3.055000e+00
      vertex   -8.247000e+00 -1.252100e+01 6.668000e+00
    endloop
  endfacet
  facet normal 0.000000e+00 0.000000e+00 1.000000e+00
    outer loop
      vertex   -6.914000e+00 -4.250000e+00 3.000000e+00
      vertex   -1.049700e+01 -1.099800e+01 3.000000e+00
      vertex   -2.503000e+00 -9.003000e+00 3.000000e+00
    endloop
  endfacet
  facet normal 9.877106e-01 1.562937e-01 0.000000e+00
    outer loop
      vertex   -7.044000e+00 -1.593700e+01 7.017000e+00
      vertex   -6.947000e+00 -1.655000e+01 7.017000e+00
      vertex   -7.044000e+00 -1.593700e+01 3.055000e+00
    endloop
  endfacet
  facet normal 1.000000e+00 0.000000e+00 0.000000e+00
    outer loop
      vertex   -7.044000e+00 -1.593700e+01 3.055000e+00
      vertex   -7.044000e+00 -1.252100e+01 7.017000e+00
      vertex   -7.044000e+00 -1.593700e+01 7.017000e+00
    endloop
  endfacet
  facet normal 0.000000e+00 0.000000e+00 1.000000e+00
    outer loop
      vertex   -7.044000e+00 -1.252100e+01 7.017000e+00
      vertex   -8.216000e+00 -1.252100e+01 7.017000e+00
      vertex   -7.044000e+00 -1.593700e+01 7.017000e+00
    endloop
  endfacet
  facet normal 0.000000e+00 0.000000e+00 1.000000e+00
    outer loop
      vertex   -1.049700e+01 1.638400e+01 3.000000e+00
      vertex   -1.049700e+01 -1.099800e+01 3.000000e+00
      vertex   -7.914000e+00 1.750000e+00 3.000000e+00
    endloop
  endfacet
  facet normal 0.000000e+00 -0.000000e+00 1.000000e+00
    outer loop
      vertex   -7.914000e+00 -2.250000e+00 3.000000e+00
      vertex   -7.914000e+00 -2.500000e-01 3.000000e+00
      vertex   -1.049700e+01 -1.099800e+01 3.000000e+00
    endloop
  endfacet
  facet normal 0.000000e+00 0.000000e+00 1.000000e+00
    outer loop
      vertex   -7.914000e+00 -2.250000e+00 3.000000e+00
      vertex   -1.049700e+01 -1.099800e+01 3.000000e+00
      vertex   -7.914000e+00 -4.250000e+00 3.000000e+00
    endloop
  endfacet
  facet normal -1.000000e+00 0.000000e+00 0.000000e+00
    outer loop
      vertex   -7.914000e+00 -4.250000e+00 9.000000e+00
      vertex   -7.914000e+00 -2.250000e+00 3.000000e+00
      vertex   -7.914000e+00 -4.250000e+00 3.000000e+00
    endloop
  endfacet
  facet normal 1.000000e+00 0.000000e+00 0.000000e+00
    outer loop
      vertex   -6.914000e+00 -4.250000e+00 9.000000e+00
      vertex   -6.914000e+00 -4.250000e+00 3.000000e+00
      vertex   -6.914000e+00 -3.250000e+00 3.000000e+00
    endloop
  endfacet
  facet normal 0.000000e+00 0.000000e+00 1.000000e+00
    outer loop
      vertex   -2.503000e+00 -9.003000e+00 3.000000e+00
      vertex   -5.914000e+00 -3.250000e+00 3.000000e+00
      vertex   -6.914000e+00 -4.250000e+00 3.000000e+00
    endloop
  endfacet
  facet normal 0.000000e+00 -1.000000e+00 0.000000e+00
    outer loop
      vertex   -7.914000e+00 -4.250000e+00 9.000000e+00
      vertex   -6.914000e+00 -4.250000e+00 3.000000e+00
      vertex   -6.914000e+00 -4.250000e+00 9.000000e+00
    endloop
  endfacet
  facet normal 0.000000e+00 -1.000000e+00 0.000000e+00
    outer loop
      vertex   -7.914000e+00 -4.250000e+00 9.000000e+00
      vertex   -7.914000e+00 -4.250000e+00 3.000000e+00
      vertex   -6.914000e+00 -4.250000e+00 3.000000e+00
    endloop
  endfacet
  facet normal -0.000000e+00 0.000000e+00 1.000000e+00
    outer loop
      vertex   -7.914000e+00 -4.250000e+00 3.000000e+00
      vertex   -1.049700e+01 -1.099800e+01 3.000000e+00
      vertex   -6.914000e+00 -4.250000e+00 3.000000e+00
    endloop
  endfacet
  facet normal 0.000000e+00 0.000000e+00 1.000000e+00
    outer loop
      vertex   1.911000e+00 2.809000e+00 2.998000e+00
      vertex   1.135000e+00 4.383000e+00 2.998000e+00
      vertex   -2.503000e+00 -9.003000e+00 2.998000e+00
    endloop
  endfacet
  facet normal 0.000000e+00 0.000000e+00 1.000000e+00
    outer loop
      vertex   2.872000e+00 1.341000e+00 2.998000e+00
      vertex   1.911000e+00 2.809000e+00 2.998000e+00
      vertex   -2.503000e+00 -9.003000e+00 2.998000e+00
    endloop
  endfacet
  facet normal 0.000000e+00 0.000000e+00 1.000000e+00
    outer loop
      vertex   -7.912000e+00 -2.500000e-01 3.000000e+00
      vertex   -7.914000e+00 -2.500000e-01 3.000000e+00
      vertex   -7.914000e+00 -2.250000e+00 3.000000e+00
    endloop
  endfacet
  facet normal 0.000000e+00 -0.000000e+00 1.000000e+00
    outer loop
      vertex   -7.912000e+00 -2.250000e+00 3.000000e+00
      vertex   -7.912000e+00 -2.500000e-01 3.000000e+00
      vertex   -7.914000e+00 -2.250000e+00 3.000000e+00
    endloop
  endfacet
  facet normal -0.000000e+00 0.000000e+00 1.000000e+00
    outer loop
      vertex   -6.914000e+00 -3.250000e+00 3.000000e+00
      vertex   -6.914000e+00 -4.250000e+00 3.000000e+00
      vertex   -5.914000e+00 -3.250000e+00 3.000000e+00
    endloop
  endfacet
  facet normal 0.000000e+00 0.000000e+00 1.000000e+00
    outer loop
      vertex   -5.914000e+00 -2.500000e-01 3.000000e+00
      vertex   -5.914000e+00 -2.250000e+00 3.000000e+00
      vertex   -2.503000e+00 -9.003000e+00 3.000000e+00
    endloop
  endfacet
  facet normal -0.000000e+00 0.000000e+00 1.000000e+00
    outer loop
      vertex   -5.914000e+00 -3.250000e+00 3.000000e+00
      vertex   -2.503000e+00 -9.003000e+00 3.000000e+00
      vertex   -5.914000e+00 -2.250000e+00 3.000000e+00
    endloop
  endfacet
  facet normal 0.000000e+00 0.000000e+00 1.000000e+00
    outer loop
      vertex   -6.912000e+00 -2.500000e-01 3.000000e+00
      vertex   -6.912000e+00 -2.250000e+00 3.000000e+00
      vertex   -5.914000e+00 -2.250000e+00 3.000000e+00
    endloop
  endfacet
  facet normal 0.000000e+00 1.000000e+00 0.000000e+00
    outer loop
      vertex   -7.912000e+00 -2.250000e+00 5.000000e+00
      vertex   -7.912000e+00 -2.250000e+00 3.000000e+00
      vertex   -7.914000e+00 -2.250000e+00 3.000000e+00
    endloop
  endfacet
  facet normal -1.000000e+00 -0.000000e+00 -0.000000e+00
    outer loop
      vertex   -7.912000e+00 -2.500000e-01 5.000000e+00
      vertex   -7.912000e+00 -2.500000e-01 3.000000e+00
      vertex   -7.912000e+00 -2.250000e+00 5.000000e+00
    endloop
  endfacet
  facet normal -1.000000e+00 0.000000e+00 0.000000e+00
    outer loop
      vertex   -7.912000e+00 -2.250000e+00 3.000000e+00
      vertex   -7.912000e+00 -2.250000e+00 5.000000e+00
      vertex   -7.912000e+00 -2.500000e-01 3.000000e+00
    endloop
  endfacet
  facet normal 1.000000e+00 0.000000e+00 0.000000e+00
    outer loop
      vertex   -6.912000e+00 -2.250000e+00 5.000000e+00
      vertex   -6.912000e+00 -2.250000e+00 3.000000e+00
      vertex   -6.912000e+00 -2.500000e-01 3.000000e+00
    endloop
  endfacet
  facet normal 0.000000e+00 0.000000e+00 1.000000e+00
    outer loop
      vertex   -7.914000e+00 1.750000e+00 3.000000e+00
      vertex   -1.049700e+01 -1.099800e+01 3.000000e+00
      vertex   -7.914000e+00 -2.500000e-01 3.000000e+00
    endloop
  endfacet
  facet normal 0.000000e+00 -0.000000e+00 1.000000e+00
    outer loop
      vertex   2.254800e+01 2.500200e+01 2.998000e+00
      vertex   2.260900e+01 2.538900e+01 2.998000e+00
      vertex   1.950300e+01 2.361100e+01 2.998000e+00
    endloop
  endfacet
  facet normal -0.000000e+00 0.000000e+00 1.000000e+00
    outer loop
      vertex   -6.912000e+00 -2.500000e-01 3.000000e+00
      vertex   -5.914000e+00 -2.250000e+00 3.000000e+00
      vertex   -5.914000e+00 -2.500000e-01 3.000000e+00
    endloop
  endfacet
  facet normal -1.000000e+00 0.000000e+00 0.000000e+00
    outer loop
      vertex   -7.914000e+00 1.750000e+00 3.000000e+00
      vertex   -7.914000e+00 -2.500000e-01 3.000000e+00
      vertex   -7.914000e+00 -2.500000e-01 9.000000e+00
    endloop
  endfacet
  facet normal 0.000000e+00 -1.000000e+00 0.000000e+00
    outer loop
      vertex   -7.914000e+00 -2.500000e-01 9.000000e+00
      vertex   -7.914000e+00 -2.500000e-01 3.000000e+00
      vertex   -7.912000e+00 -2.500000e-01 5.000000e+00
    endloop
  endfacet
  facet normal 0.000000e+00 -1.000000e+00 0.000000e+00
    outer loop
      vertex   -7.912000e+00 -2.500000e-01 3.000000e+00
      vertex   -7.912000e+00 -2.500000e-01 5.000000e+00
      vertex   -7.914000e+00 -2.500000e-01 3.000000e+00
    endloop
  endfacet
  facet normal -0.000000e+00 0.000000e+00 1.000000e+00
    outer loop
      vertex   1.950300e+01 2.361100e+01 2.998000e+00
      vertex   2.056700e+01 2.317100e+01 2.998000e+00
      vertex   2.254800e+01 2.500200e+01 2.998000e+00
    endloop
  endfacet
  facet normal 0.000000e+00 -1.000000e+00 0.000000e+00
    outer loop
      vertex   -6.912000e+00 -2.500000e-01 5.000000e+00
      vertex   -6.912000e+00 -2.500000e-01 3.000000e+00
      vertex   -5.914000e+00 -2.500000e-01 3.000000e+00
    endloop
  endfacet
  facet normal 0.000000e+00 0.000000e+00 1.000000e+00
    outer loop
      vertex   1.654400e+01 2.131800e+01 2.998000e+00
      vertex   1.640100e+01 2.032700e+01 2.998000e+00
      vertex   1.804700e+01 2.094000e+01 2.998000e+00
    endloop
  endfacet
  facet normal 1.000000e+00 -0.000000e+00 0.000000e+00
    outer loop
      vertex   -6.912000e+00 -2.250000e+00 5.000000e+00
      vertex   -6.912000e+00 -2.500000e-01 3.000000e+00
      vertex   -6.912000e+00 -2.500000e-01 5.000000e+00
    endloop
  endfacet
  facet normal 1.000000e+00 0.000000e+00 0.000000e+00
    outer loop
      vertex   -2.503000e+00 1.228800e+01 3.000000e+00
      vertex   -2.503000e+00 -9.003000e+00 3.000000e+00
      vertex   -2.503000e+00 -9.003000e+00 2.998000e+00
    endloop
  endfacet
  facet normal 4.553828e-01 8.902957e-01 0.000000e+00
    outer loop
      vertex   2.341100e+01 2.381300e+01 0.000000e+00
      vertex   2.306300e+01 2.399100e+01 0.000000e+00
      vertex   2.306300e+01 2.399100e+01 2.998000e+00
    endloop
  endfacet
  facet normal 7.058283e-01 7.083830e-01 0.000000e+00
    outer loop
      vertex   2.306300e+01 2.399100e+01 2.998000e+00
      vertex   2.306300e+01 2.399100e+01 0.000000e+00
      vertex   2.278600e+01 2.426700e+01 2.998000e+00
    endloop
  endfacet
  facet normal 7.058283e-01 7.083830e-01 -0.000000e+00
    outer loop
      vertex   2.278600e+01 2.426700e+01 0.000000e+00
      vertex   2.278600e+01 2.426700e+01 2.998000e+00
      vertex   2.306300e+01 2.399100e+01 0.000000e+00
    endloop
  endfacet
  facet normal 8.918573e-01 4.523169e-01 -0.000000e+00
    outer loop
      vertex   2.278600e+01 2.426700e+01 0.000000e+00
      vertex   2.260900e+01 2.461600e+01 0.000000e+00
      vertex   2.278600e+01 2.426700e+01 2.998000e+00
    endloop
  endfacet
  facet normal 0.000000e+00 -0.000000e+00 1.000000e+00
    outer loop
      vertex   2.872000e+00 1.341000e+00 2.998000e+00
      vertex   2.872000e+00 1.342000e+00 2.998000e+00
      vertex   1.911000e+00 2.809000e+00 2.998000e+00
    endloop
  endfacet
  facet normal -4.903255e-01 -8.714661e-01 1.129965e-02
    outer loop
      vertex   2.245700e+01 2.212400e+01 0.000000e+00
      vertex   2.159300e+01 2.264900e+01 2.998000e+00
      vertex   2.073300e+01 2.309400e+01 0.000000e+00
    endloop
  endfacet
  facet normal 0.000000e+00 0.000000e+00 1.000000e+00
    outer loop
      vertex   1.911000e+00 2.811000e+00 2.998000e+00
      vertex   1.135000e+00 4.383000e+00 2.998000e+00
      vertex   1.911000e+00 2.809000e+00 2.998000e+00
    endloop
  endfacet
  facet normal -6.852792e-01 -7.282698e-01 -3.949713e-03
    outer loop
      vertex   2.386800e+01 2.106800e+01 2.998000e+00
      vertex   2.403300e+01 2.092900e+01 0.000000e+00
      vertex   2.500300e+01 2.000000e+01 2.998000e+00
    endloop
  endfacet
  facet normal -5.816824e-01 -8.134144e-01 1.615284e-03
    outer loop
      vertex   2.245700e+01 2.212400e+01 0.000000e+00
      vertex   2.326800e+01 2.155000e+01 2.998000e+00
      vertex   2.257300e+01 2.204700e+01 2.998000e+00
    endloop
  endfacet
  facet normal -5.234156e-01 -8.520760e-01 -1.632177e-03
    outer loop
      vertex   2.257300e+01 2.204700e+01 2.998000e+00
      vertex   2.159300e+01 2.264900e+01 2.998000e+00
      vertex   2.245700e+01 2.212400e+01 0.000000e+00
    endloop
  endfacet
  facet normal -6.041633e-01 -7.967863e-01 1.088032e-02
    outer loop
      vertex   2.403300e+01 2.092900e+01 0.000000e+00
      vertex   2.326800e+01 2.155000e+01 2.998000e+00
      vertex   2.245700e+01 2.212400e+01 0.000000e+00
    endloop
  endfacet
  facet normal -6.262769e-01 -7.795989e-01 1.677416e-03
    outer loop
      vertex   2.403300e+01 2.092900e+01 0.000000e+00
      vertex   2.386800e+01 2.106800e+01 2.998000e+00
      vertex   2.326800e+01 2.155000e+01 2.998000e+00
    endloop
  endfacet
  facet normal 0.000000e+00 -1.000000e+00 0.000000e+00
    outer loop
      vertex   -7.914000e+00 -2.500000e-01 9.000000e+00
      vertex   -7.912000e+00 -2.500000e-01 5.000000e+00
      vertex   -6.912000e+00 -2.500000e-01 5.000000e+00
    endloop
  endfacet
  facet normal -3.821456e-01 -9.240985e-01 2.574583e-03
    outer loop
      vertex   2.073300e+01 2.309400e+01 0.000000e+00
      vertex   2.056700e+01 2.317100e+01 2.998000e+00
      vertex   1.950300e+01 2.361100e+01 2.998000e+00
    endloop
  endfacet
  facet normal 0.000000e+00 1.000000e+00 0.000000e+00
    outer loop
      vertex   -7.912000e+00 -2.250000e+00 5.000000e+00
      vertex   -7.914000e+00 -2.250000e+00 3.000000e+00
      vertex   -7.914000e+00 -2.250000e+00 9.000000e+00
    endloop
  endfacet
  facet normal -0.000000e+00 0.000000e+00 1.000000e+00
    outer loop
      vertex   -7.912000e+00 -2.500000e-01 5.000000e+00
      vertex   -6.912000e+00 -2.250000e+00 5.000000e+00
      vertex   -6.912000e+00 -2.500000e-01 5.000000e+00
    endloop
  endfacet
  facet normal 0.000000e+00 0.000000e+00 1.000000e+00
    outer loop
      vertex   -7.912000e+00 -2.500000e-01 5.000000e+00
      vertex   -7.912000e+00 -2.250000e+00 5.000000e+00
      vertex   -6.912000e+00 -2.250000e+00 5.000000e+00
    endloop
  endfacet
  facet normal -1.000000e+00 0.000000e+00 0.000000e+00
    outer loop
      vertex   -7.914000e+00 -2.250000e+00 3.000000e+00
      vertex   -7.914000e+00 -4.250000e+00 9.000000e+00
      vertex   -7.914000e+00 -2.250000e+00 9.000000e+00
    endloop
  endfacet
  facet normal 0.000000e+00 1.000000e+00 0.000000e+00
    outer loop
      vertex   -6.912000e+00 -2.250000e+00 5.000000e+00
      vertex   -7.912000e+00 -2.250000e+00 5.000000e+00
      vertex   -7.914000e+00 -2.250000e+00 9.000000e+00
    endloop
  endfacet
  facet normal 1.000000e+00 -0.000000e+00 0.000000e+00
    outer loop
      vertex   -6.914000e+00 -4.250000e+00 9.000000e+00
      vertex   -6.914000e+00 -3.250000e+00 3.000000e+00
      vertex   -6.914000e+00 -3.250000e+00 9.000000e+00
    endloop
  endfacet
  facet normal 1.000000e+00 0.000000e+00 0.000000e+00
    outer loop
      vertex   -5.914000e+00 7.500000e-01 3.000000e+00
      vertex   -5.914000e+00 -2.500000e-01 9.000000e+00
      vertex   -5.914000e+00 -2.500000e-01 3.000000e+00
    endloop
  endfacet
  facet normal 1.000000e+00 0.000000e+00 -0.000000e+00
    outer loop
      vertex   -5.914000e+00 7.500000e-01 3.000000e+00
      vertex   -5.914000e+00 7.500000e-01 9.000000e+00
      vertex   -5.914000e+00 -2.500000e-01 9.000000e+00
    endloop
  endfacet
  facet normal 0.000000e+00 -1.000000e+00 0.000000e+00
    outer loop
      vertex   -5.914000e+00 -2.500000e-01 3.000000e+00
      vertex   -5.914000e+00 -2.500000e-01 9.000000e+00
      vertex   -6.912000e+00 -2.500000e-01 5.000000e+00
    endloop
  endfacet
  facet normal 1.000000e+00 0.000000e+00 0.000000e+00
    outer loop
      vertex   -5.914000e+00 -2.250000e+00 9.000000e+00
      vertex   -5.914000e+00 -3.250000e+00 3.000000e+00
      vertex   -5.914000e+00 -2.250000e+00 3.000000e+00
    endloop
  endfacet
  facet normal 0.000000e+00 1.000000e+00 0.000000e+00
    outer loop
      vertex   -5.914000e+00 -2.250000e+00 9.000000e+00
      vertex   -5.914000e+00 -2.250000e+00 3.000000e+00
      vertex   -6.912000e+00 -2.250000e+00 5.000000e+00
    endloop
  endfacet
  facet normal 0.000000e+00 1.000000e+00 0.000000e+00
    outer loop
      vertex   -6.912000e+00 -2.250000e+00 3.000000e+00
      vertex   -6.912000e+00 -2.250000e+00 5.000000e+00
      vertex   -5.914000e+00 -2.250000e+00 3.000000e+00
    endloop
  endfacet
  facet normal -0.000000e+00 -1.000000e+00 -0.000000e+00
    outer loop
      vertex   -5.914000e+00 -3.250000e+00 9.000000e+00
      vertex   -6.914000e+00 -3.250000e+00 9.000000e+00
      vertex   -5.914000e+00 -3.250000e+00 3.000000e+00
    endloop
  endfacet
  facet normal 1.000000e+00 0.000000e+00 0.000000e+00
    outer loop
      vertex   -5.914000e+00 -2.250000e+00 9.000000e+00
      vertex   -5.914000e+00 -3.250000e+00 9.000000e+00
      vertex   -5.914000e+00 -3.250000e+00 3.000000e+00
    endloop
  endfacet
  facet normal -0.000000e+00 1.000000e+00 0.000000e+00
    outer loop
      vertex   -7.914000e+00 -2.250000e+00 9.000000e+00
      vertex   -5.914000e+00 -2.250000e+00 9.000000e+00
      vertex   -6.912000e+00 -2.250000e+00 5.000000e+00
    endloop
  endfacet
  facet normal -1.000000e+00 0.000000e+00 0.000000e+00
    outer loop
      vertex   -7.914000e+00 1.750000e+00 3.000000e+00
      vertex   -7.914000e+00 -2.500000e-01 9.000000e+00
      vertex   -7.914000e+00 1.750000e+00 9.000000e+00
    endloop
  endfacet
  facet normal 0.000000e+00 -1.000000e+00 0.000000e+00
    outer loop
      vertex   -7.914000e+00 -2.500000e-01 9.000000e+00
      vertex   -6.912000e+00 -2.500000e-01 5.000000e+00
      vertex   -5.914000e+00 -2.500000e-01 9.000000e+00
    endloop
  endfacet
  facet normal 0.000000e+00 -1.000000e+00 0.000000e+00
    outer loop
      vertex   -6.914000e+00 -3.250000e+00 3.000000e+00
      vertex   -5.914000e+00 -3.250000e+00 3.000000e+00
      vertex   -6.914000e+00 -3.250000e+00 9.000000e+00
    endloop
  endfacet
  facet normal 0.000000e+00 0.000000e+00 1.000000e+00
    outer loop
      vertex   -5.914000e+00 -2.500000e-01 9.000000e+00
      vertex   -6.914000e+00 7.500000e-01 9.000000e+00
      vertex   -7.914000e+00 -2.500000e-01 9.000000e+00
    endloop
  endfacet
  facet normal 0.000000e+00 0.000000e+00 1.000000e+00
    outer loop
      vertex   -5.914000e+00 -2.250000e+00 9.000000e+00
      vertex   -7.914000e+00 -2.250000e+00 9.000000e+00
      vertex   -6.914000e+00 -3.250000e+00 9.000000e+00
    endloop
  endfacet
  facet normal 0.000000e+00 -0.000000e+00 1.000000e+00
    outer loop
      vertex   -6.914000e+00 -4.250000e+00 9.000000e+00
      vertex   -6.914000e+00 -3.250000e+00 9.000000e+00
      vertex   -7.914000e+00 -4.250000e+00 9.000000e+00
    endloop
  endfacet
  facet normal 0.000000e+00 0.000000e+00 1.000000e+00
    outer loop
      vertex   -7.914000e+00 -4.250000e+00 9.000000e+00
      vertex   -6.914000e+00 -3.250000e+00 9.000000e+00
      vertex   -7.914000e+00 -2.250000e+00 9.000000e+00
    endloop
  endfacet
  facet normal -0.000000e+00 0.000000e+00 1.000000e+00
    outer loop
      vertex   -6.914000e+00 7.500000e-01 9.000000e+00
      vertex   -5.914000e+00 -2.500000e-01 9.000000e+00
      vertex   -5.914000e+00 7.500000e-01 9.000000e+00
    endloop
  endfacet
  facet normal 0.000000e+00 0.000000e+00 1.000000e+00
    outer loop
      vertex   -6.914000e+00 -3.250000e+00 9.000000e+00
      vertex   -5.914000e+00 -3.250000e+00 9.000000e+00
      vertex   -5.914000e+00 -2.250000e+00 9.000000e+00
    endloop
  endfacet
  facet normal 1.556985e-01 9.878046e-01 0.000000e+00
    outer loop
      vertex   2.379800e+01 2.375200e+01 2.998000e+00
      vertex   2.379800e+01 2.375200e+01 0.000000e+00
      vertex   2.341100e+01 2.381300e+01 2.998000e+00
    endloop
  endfacet
  facet normal 1.556985e-01 9.878046e-01 -0.000000e+00
    outer loop
      vertex   2.341100e+01 2.381300e+01 0.000000e+00
      vertex   2.341100e+01 2.381300e+01 2.998000e+00
      vertex   2.379800e+01 2.375200e+01 0.000000e+00
    endloop
  endfacet
  facet normal 0.000000e+00 -0.000000e+00 1.000000e+00
    outer loop
      vertex   -7.914000e+00 1.750000e+00 3.000000e+00
      vertex   -6.490000e+00 6.080000e+00 3.000000e+00
      vertex   -1.049700e+01 1.638400e+01 3.000000e+00
    endloop
  endfacet
  facet normal 4.553828e-01 8.902957e-01 0.000000e+00
    outer loop
      vertex   2.341100e+01 2.381300e+01 2.998000e+00
      vertex   2.341100e+01 2.381300e+01 0.000000e+00
      vertex   2.306300e+01 2.399100e+01 2.998000e+00
    endloop
  endfacet
  facet normal 0.000000e+00 -0.000000e+00 1.000000e+00
    outer loop
      vertex   -6.914000e+00 1.750000e+00 3.000000e+00
      vertex   -6.490000e+00 6.080000e+00 3.000000e+00
      vertex   -7.914000e+00 1.750000e+00 3.000000e+00
    endloop
  endfacet
  facet normal 0.000000e+00 0.000000e+00 1.000000e+00
    outer loop
      vertex   -6.490000e+00 1.588000e+01 3.000000e+00
      vertex   -1.049700e+01 1.638400e+01 3.000000e+00
      vertex   -6.490000e+00 6.080000e+00 3.000000e+00
    endloop
  endfacet
  facet normal -0.000000e+00 0.000000e+00 1.000000e+00
    outer loop
      vertex   -5.914000e+00 -2.500000e-01 3.000000e+00
      vertex   -2.503000e+00 -9.003000e+00 3.000000e+00
      vertex   -5.914000e+00 7.500000e-01 3.000000e+00
    endloop
  endfacet
  facet normal 0.000000e+00 0.000000e+00 1.000000e+00
    outer loop
      vertex   -2.503000e+00 -9.003000e+00 3.000000e+00
      vertex   -4.092000e+00 6.080000e+00 3.000000e+00
      vertex   -5.914000e+00 7.500000e-01 3.000000e+00
    endloop
  endfacet
  facet normal 0.000000e+00 0.000000e+00 1.000000e+00
    outer loop
      vertex   -6.914000e+00 7.500000e-01 3.000000e+00
      vertex   -5.914000e+00 7.500000e-01 3.000000e+00
      vertex   -6.914000e+00 1.750000e+00 3.000000e+00
    endloop
  endfacet
  facet normal -4.543463e-01 8.908252e-01 0.000000e+00
    outer loop
      vertex   2.453300e+01 2.399100e+01 2.998000e+00
      vertex   2.453300e+01 2.399100e+01 0.000000e+00
      vertex   2.418400e+01 2.381300e+01 2.998000e+00
    endloop
  endfacet
  facet normal -4.543463e-01 8.908252e-01 0.000000e+00
    outer loop
      vertex   2.418400e+01 2.381300e+01 0.000000e+00
      vertex   2.418400e+01 2.381300e+01 2.998000e+00
      vertex   2.453300e+01 2.399100e+01 0.000000e+00
    endloop
  endfacet
  facet normal 0.000000e+00 1.000000e+00 0.000000e+00
    outer loop
      vertex   -6.914000e+00 7.500000e-01 3.000000e+00
      vertex   -6.914000e+00 7.500000e-01 9.000000e+00
      vertex   -5.914000e+00 7.500000e-01 3.000000e+00
    endloop
  endfacet
  facet normal -1.560926e-01 9.877424e-01 0.000000e+00
    outer loop
      vertex   2.418400e+01 2.381300e+01 2.998000e+00
      vertex   2.379800e+01 2.375200e+01 0.000000e+00
      vertex   2.379800e+01 2.375200e+01 2.998000e+00
    endloop
  endfacet
  facet normal -1.560926e-01 9.877424e-01 0.000000e+00
    outer loop
      vertex   2.418400e+01 2.381300e+01 2.998000e+00
      vertex   2.418400e+01 2.381300e+01 0.000000e+00
      vertex   2.379800e+01 2.375200e+01 0.000000e+00
    endloop
  endfacet
  facet normal 1.000000e+00 0.000000e+00 0.000000e+00
    outer loop
      vertex   -6.914000e+00 1.750000e+00 3.000000e+00
      vertex   -6.914000e+00 7.500000e-01 9.000000e+00
      vertex   -6.914000e+00 7.500000e-01 3.000000e+00
    endloop
  endfacet
  facet normal -4.534563e-01 -8.912757e-01 -2.216950e-03
    outer loop
      vertex   2.056700e+01 2.317100e+01 2.998000e+00
      vertex   2.073300e+01 2.309400e+01 0.000000e+00
      vertex   2.159300e+01 2.264900e+01 2.998000e+00
    endloop
  endfacet
  facet normal -0.000000e+00 0.000000e+00 1.000000e+00
    outer loop
      vertex   -6.914000e+00 1.750000e+00 3.000000e+00
      vertex   -5.914000e+00 7.500000e-01 3.000000e+00
      vertex   -4.092000e+00 6.080000e+00 3.000000e+00
    endloop
  endfacet
  facet normal -0.000000e+00 0.000000e+00 1.000000e+00
    outer loop
      vertex   -6.490000e+00 6.080000e+00 3.000000e+00
      vertex   -6.914000e+00 1.750000e+00 3.000000e+00
      vertex   -4.092000e+00 6.080000e+00 3.000000e+00
    endloop
  endfacet
  facet normal 0.000000e+00 0.000000e+00 1.000000e+00
    outer loop
      vertex   2.278600e+01 2.426700e+01 2.998000e+00
      vertex   2.260900e+01 2.461600e+01 2.998000e+00
      vertex   2.056700e+01 2.317100e+01 2.998000e+00
    endloop
  endfacet
  facet normal -0.000000e+00 0.000000e+00 1.000000e+00
    outer loop
      vertex   2.159300e+01 2.264900e+01 2.998000e+00
      vertex   2.257300e+01 2.204700e+01 2.998000e+00
      vertex   2.306300e+01 2.399100e+01 2.998000e+00
    endloop
  endfacet
  facet normal 0.000000e+00 0.000000e+00 1.000000e+00
    outer loop
      vertex   1.135000e+00 4.384000e+00 2.998000e+00
      vertex   5.540000e-01 6.039000e+00 2.998000e+00
      vertex   1.135000e+00 4.383000e+00 2.998000e+00
    endloop
  endfacet
  facet normal 0.000000e+00 0.000000e+00 1.000000e+00
    outer loop
      vertex   2.341100e+01 2.381300e+01 2.998000e+00
      vertex   2.306300e+01 2.399100e+01 2.998000e+00
      vertex   2.257300e+01 2.204700e+01 2.998000e+00
    endloop
  endfacet
  facet normal 0.000000e+00 -1.000000e+00 -0.000000e+00
    outer loop
      vertex   -4.990000e+00 6.080000e+00 5.000000e+00
      vertex   -6.490000e+00 6.080000e+00 3.000000e+00
      vertex   -4.092000e+00 6.080000e+00 3.000000e+00
    endloop
  endfacet
  facet normal -0.000000e+00 -1.000000e+00 -0.000000e+00
    outer loop
      vertex   -4.092000e+00 6.080000e+00 5.000000e+00
      vertex   -4.990000e+00 6.080000e+00 5.000000e+00
      vertex   -4.092000e+00 6.080000e+00 3.000000e+00
    endloop
  endfacet
  facet normal 0.000000e+00 1.000000e+00 -0.000000e+00
    outer loop
      vertex   -4.092000e+00 7.080000e+00 3.000000e+00
      vertex   -4.990000e+00 7.080000e+00 3.000000e+00
      vertex   -4.092000e+00 7.080000e+00 5.000000e+00
    endloop
  endfacet
  facet normal 0.000000e+00 0.000000e+00 1.000000e+00
    outer loop
      vertex   2.278600e+01 2.426700e+01 2.998000e+00
      vertex   2.159300e+01 2.264900e+01 2.998000e+00
      vertex   2.306300e+01 2.399100e+01 2.998000e+00
    endloop
  endfacet
  facet normal 1.000000e+00 -0.000000e+00 0.000000e+00
    outer loop
      vertex   -4.092000e+00 6.080000e+00 5.000000e+00
      vertex   -4.092000e+00 6.080000e+00 3.000000e+00
      vertex   -4.092000e+00 7.080000e+00 5.000000e+00
    endloop
  endfacet
  facet normal 1.000000e+00 0.000000e+00 -0.000000e+00
    outer loop
      vertex   -4.092000e+00 7.080000e+00 3.000000e+00
      vertex   -4.092000e+00 7.080000e+00 5.000000e+00
      vertex   -4.092000e+00 6.080000e+00 3.000000e+00
    endloop
  endfacet
  facet normal -0.000000e+00 0.000000e+00 1.000000e+00
    outer loop
      vertex   -4.092000e+00 7.080000e+00 3.000000e+00
      vertex   -4.092000e+00 6.080000e+00 3.000000e+00
      vertex   -2.503000e+00 1.228800e+01 3.000000e+00
    endloop
  endfacet
  facet normal 0.000000e+00 -0.000000e+00 1.000000e+00
    outer loop
      vertex   -2.503000e+00 -9.003000e+00 3.000000e+00
      vertex   -2.503000e+00 1.228800e+01 3.000000e+00
      vertex   -4.092000e+00 6.080000e+00 3.000000e+00
    endloop
  endfacet
  facet normal -1.000000e+00 0.000000e+00 0.000000e+00
    outer loop
      vertex   -6.490000e+00 1.588000e+01 3.000000e+00
      vertex   -6.490000e+00 6.080000e+00 3.000000e+00
      vertex   -6.490000e+00 6.080000e+00 8.314000e+00
    endloop
  endfacet
  facet normal 0.000000e+00 -1.000000e+00 -0.000000e+00
    outer loop
      vertex   -4.990000e+00 6.080000e+00 1.050000e+01
      vertex   -6.490000e+00 6.080000e+00 8.314000e+00
      vertex   -4.990000e+00 6.080000e+00 5.000000e+00
    endloop
  endfacet
  facet normal 0.000000e+00 1.000000e+00 0.000000e+00
    outer loop
      vertex   -5.914000e+00 7.500000e-01 9.000000e+00
      vertex   -5.914000e+00 7.500000e-01 3.000000e+00
      vertex   -6.914000e+00 7.500000e-01 9.000000e+00
    endloop
  endfacet
  facet normal -0.000000e+00 1.000000e+00 0.000000e+00
    outer loop
      vertex   -7.914000e+00 1.750000e+00 9.000000e+00
      vertex   -6.914000e+00 1.750000e+00 9.000000e+00
      vertex   -7.914000e+00 1.750000e+00 3.000000e+00
    endloop
  endfacet
  facet normal 1.000000e+00 0.000000e+00 -0.000000e+00
    outer loop
      vertex   -6.914000e+00 1.750000e+00 3.000000e+00
      vertex   -6.914000e+00 1.750000e+00 9.000000e+00
      vertex   -6.914000e+00 7.500000e-01 9.000000e+00
    endloop
  endfacet
  facet normal 1.000000e+00 0.000000e+00 0.000000e+00
    outer loop
      vertex   -4.990000e+00 7.080000e+00 5.000000e+00
      vertex   -4.990000e+00 6.080000e+00 1.050000e+01
      vertex   -4.990000e+00 6.080000e+00 5.000000e+00
    endloop
  endfacet
  facet normal 0.000000e+00 0.000000e+00 1.000000e+00
    outer loop
      vertex   -4.092000e+00 6.080000e+00 5.000000e+00
      vertex   -4.990000e+00 7.080000e+00 5.000000e+00
      vertex   -4.990000e+00 6.080000e+00 5.000000e+00
    endloop
  endfacet
  facet normal 0.000000e+00 -0.000000e+00 1.000000e+00
    outer loop
      vertex   -4.092000e+00 6.080000e+00 5.000000e+00
      vertex   -4.092000e+00 7.080000e+00 5.000000e+00
      vertex   -4.990000e+00 7.080000e+00 5.000000e+00
    endloop
  endfacet
  facet normal 0.000000e+00 1.000000e+00 0.000000e+00
    outer loop
      vertex   -4.092000e+00 7.080000e+00 5.000000e+00
      vertex   -4.990000e+00 7.080000e+00 3.000000e+00
      vertex   -4.990000e+00 7.080000e+00 5.000000e+00
    endloop
  endfacet
  facet normal 1.000000e+00 0.000000e+00 0.000000e+00
    outer loop
      vertex   -4.990000e+00 7.080000e+00 5.000000e+00
      vertex   -4.990000e+00 7.080000e+00 3.000000e+00
      vertex   -4.990000e+00 9.856000e+00 3.000000e+00
    endloop
  endfacet
  facet normal 0.000000e+00 1.000000e+00 -0.000000e+00
    outer loop
      vertex   -6.914000e+00 1.750000e+00 3.000000e+00
      vertex   -7.914000e+00 1.750000e+00 3.000000e+00
      vertex   -6.914000e+00 1.750000e+00 9.000000e+00
    endloop
  endfacet
  facet normal 0.000000e+00 0.000000e+00 1.000000e+00
    outer loop
      vertex   -7.914000e+00 1.750000e+00 9.000000e+00
      vertex   -7.914000e+00 -2.500000e-01 9.000000e+00
      vertex   -6.914000e+00 7.500000e-01 9.000000e+00
    endloop
  endfacet
  facet normal 0.000000e+00 0.000000e+00 1.000000e+00
    outer loop
      vertex   -6.914000e+00 1.750000e+00 9.000000e+00
      vertex   -7.914000e+00 1.750000e+00 9.000000e+00
      vertex   -6.914000e+00 7.500000e-01 9.000000e+00
    endloop
  endfacet
  facet normal -9.734677e-01 0.000000e+00 -2.288247e-01
    outer loop
      vertex   -7.038000e+00 6.080000e+00 9.136000e+00
      vertex   -7.038000e+00 1.588000e+01 9.136000e+00
      vertex   -6.979000e+00 6.080000e+00 8.885000e+00
    endloop
  endfacet
  facet normal 0.000000e+00 -1.000000e+00 0.000000e+00
    outer loop
      vertex   -6.130000e+00 6.080000e+00 1.028100e+01
      vertex   -6.441000e+00 6.080000e+00 1.011900e+01
      vertex   -6.490000e+00 6.080000e+00 8.314000e+00
    endloop
  endfacet
  facet normal 0.000000e+00 -1.000000e+00 0.000000e+00
    outer loop
      vertex   -6.697000e+00 6.080000e+00 8.478000e+00
      vertex   -6.490000e+00 6.080000e+00 8.314000e+00
      vertex   -6.441000e+00 6.080000e+00 1.011900e+01
    endloop
  endfacet
  facet normal 0.000000e+00 -1.000000e+00 0.000000e+00
    outer loop
      vertex   -6.441000e+00 6.080000e+00 1.011900e+01
      vertex   -6.697000e+00 6.080000e+00 9.922000e+00
      vertex   -6.697000e+00 6.080000e+00 8.478000e+00
    endloop
  endfacet
  facet normal 0.000000e+00 -1.000000e+00 0.000000e+00
    outer loop
      vertex   -6.842000e+00 6.080000e+00 8.645000e+00
      vertex   -6.697000e+00 6.080000e+00 8.478000e+00
      vertex   -6.697000e+00 6.080000e+00 9.922000e+00
    endloop
  endfacet
  facet normal 0.000000e+00 -1.000000e+00 0.000000e+00
    outer loop
      vertex   -6.697000e+00 6.080000e+00 9.922000e+00
      vertex   -6.921000e+00 6.080000e+00 9.637000e+00
      vertex   -6.842000e+00 6.080000e+00 8.645000e+00
    endloop
  endfacet
  facet normal 0.000000e+00 -1.000000e+00 0.000000e+00
    outer loop
      vertex   -6.979000e+00 6.080000e+00 8.885000e+00
      vertex   -6.842000e+00 6.080000e+00 8.645000e+00
      vertex   -6.921000e+00 6.080000e+00 9.637000e+00
    endloop
  endfacet
  facet normal 0.000000e+00 -1.000000e+00 0.000000e+00
    outer loop
      vertex   -6.921000e+00 6.080000e+00 9.637000e+00
      vertex   -7.018000e+00 6.080000e+00 9.391000e+00
      vertex   -6.979000e+00 6.080000e+00 8.885000e+00
    endloop
  endfacet
  facet normal 0.000000e+00 -1.000000e+00 0.000000e+00
    outer loop
      vertex   -7.038000e+00 6.080000e+00 9.136000e+00
      vertex   -6.979000e+00 6.080000e+00 8.885000e+00
      vertex   -7.018000e+00 6.080000e+00 9.391000e+00
    endloop
  endfacet
  facet normal 0.000000e+00 -1.000000e+00 0.000000e+00
    outer loop
      vertex   -6.490000e+00 6.080000e+00 3.000000e+00
      vertex   -4.990000e+00 6.080000e+00 5.000000e+00
      vertex   -6.490000e+00 6.080000e+00 8.314000e+00
    endloop
  endfacet
  facet normal 0.000000e+00 -1.000000e+00 -0.000000e+00
    outer loop
      vertex   -6.130000e+00 6.080000e+00 1.028100e+01
      vertex   -6.490000e+00 6.080000e+00 8.314000e+00
      vertex   -5.586000e+00 6.080000e+00 1.044400e+01
    endloop
  endfacet
  facet normal 0.000000e+00 -1.000000e+00 -0.000000e+00
    outer loop
      vertex   -5.586000e+00 6.080000e+00 1.044400e+01
      vertex   -6.490000e+00 6.080000e+00 8.314000e+00
      vertex   -4.990000e+00 6.080000e+00 1.050000e+01
    endloop
  endfacet
  facet normal -9.354726e-02 0.000000e+00 9.956148e-01
    outer loop
      vertex   -4.990000e+00 1.588000e+01 1.050000e+01
      vertex   -5.586000e+00 6.080000e+00 1.044400e+01
      vertex   -4.990000e+00 6.080000e+00 1.050000e+01
    endloop
  endfacet
  facet normal -9.969385e-01 0.000000e+00 7.819025e-02
    outer loop
      vertex   -7.038000e+00 1.588000e+01 9.136000e+00
      vertex   -7.038000e+00 6.080000e+00 9.136000e+00
      vertex   -7.018000e+00 6.080000e+00 9.391000e+00
    endloop
  endfacet
  facet normal -7.801975e-02 9.969518e-01 0.000000e+00
    outer loop
      vertex   -5.322000e+00 3.920400e+01 3.268000e+00
      vertex   -5.782000e+00 3.916800e+01 3.268000e+00
      vertex   -5.322000e+00 3.920400e+01 6.668000e+00
    endloop
  endfacet
  facet normal -2.323052e-01 9.726430e-01 0.000000e+00
    outer loop
      vertex   -6.230000e+00 3.906100e+01 6.668000e+00
      vertex   -5.782000e+00 3.916800e+01 6.668000e+00
      vertex   -6.230000e+00 3.906100e+01 3.268000e+00
    endloop
  endfacet
  facet normal -7.801975e-02 9.969518e-01 0.000000e+00
    outer loop
      vertex   -5.322000e+00 3.920400e+01 6.668000e+00
      vertex   -5.782000e+00 3.916800e+01 3.268000e+00
      vertex   -5.782000e+00 3.916800e+01 6.668000e+00
    endloop
  endfacet
  facet normal -9.682445e-01 2.322018e-01 9.265516e-02
    outer loop
      vertex   -8.188000e+00 3.672500e+01 7.017000e+00
      vertex   -8.082000e+00 3.716700e+01 7.017000e+00
      vertex   -8.113000e+00 3.717700e+01 6.668000e+00
    endloop
  endfacet
  facet normal -9.202820e-01 3.803516e-01 9.172653e-02
    outer loop
      vertex   -8.082000e+00 3.716700e+01 7.017000e+00
      vertex   -7.908000e+00 3.758800e+01 7.017000e+00
      vertex   -7.937000e+00 3.760200e+01 6.668000e+00
    endloop
  endfacet
  facet normal -9.199405e-01 3.809592e-01 9.262565e-02
    outer loop
      vertex   -7.937000e+00 3.760200e+01 6.668000e+00
      vertex   -8.113000e+00 3.717700e+01 6.668000e+00
      vertex   -8.082000e+00 3.716700e+01 7.017000e+00
    endloop
  endfacet
  facet normal -8.498661e-01 5.190056e-01 9.143749e-02
    outer loop
      vertex   -7.908000e+00 3.758800e+01 7.017000e+00
      vertex   -7.697000e+00 3.799500e+01 6.668000e+00
      vertex   -7.937000e+00 3.760200e+01 6.668000e+00
    endloop
  endfacet
  facet normal -8.505138e-01 5.181807e-01 9.008393e-02
    outer loop
      vertex   -7.908000e+00 3.758800e+01 7.017000e+00
      vertex   -7.671000e+00 3.797700e+01 7.017000e+00
      vertex   -7.697000e+00 3.799500e+01 6.668000e+00
    endloop
  endfacet
  facet normal 0.000000e+00 0.000000e+00 1.000000e+00
    outer loop
      vertex   -6.641000e+00 3.885600e+01 7.017000e+00
      vertex   -7.029000e+00 3.861900e+01 7.017000e+00
      vertex   -6.119000e+00 3.762700e+01 7.017000e+00
    endloop
  endfacet
  facet normal 0.000000e+00 0.000000e+00 1.000000e+00
    outer loop
      vertex   -6.721000e+00 3.693300e+01 7.017000e+00
      vertex   -7.671000e+00 3.797700e+01 7.017000e+00
      vertex   -7.908000e+00 3.758800e+01 7.017000e+00
    endloop
  endfacet
  facet normal 0.000000e+00 0.000000e+00 1.000000e+00
    outer loop
      vertex   -6.220000e+00 3.903000e+01 7.017000e+00
      vertex   -6.641000e+00 3.885600e+01 7.017000e+00
      vertex   -6.119000e+00 3.762700e+01 7.017000e+00
    endloop
  endfacet
  facet normal -7.556861e-01 6.483640e-01 9.253460e-02
    outer loop
      vertex   -7.671000e+00 3.797700e+01 7.017000e+00
      vertex   -7.375000e+00 3.832200e+01 7.017000e+00
      vertex   -7.398000e+00 3.834500e+01 6.668000e+00
    endloop
  endfacet
  facet normal -7.572594e-01 6.469146e-01 8.977565e-02
    outer loop
      vertex   -7.398000e+00 3.834500e+01 6.668000e+00
      vertex   -7.697000e+00 3.799500e+01 6.668000e+00
      vertex   -7.671000e+00 3.797700e+01 7.017000e+00
    endloop
  endfacet
  facet normal -6.456868e-01 7.579779e-01 9.251014e-02
    outer loop
      vertex   -7.398000e+00 3.834500e+01 6.668000e+00
      vertex   -7.375000e+00 3.832200e+01 7.017000e+00
      vertex   -7.047000e+00 3.864400e+01 6.668000e+00
    endloop
  endfacet
  facet normal -6.488318e-01 7.558714e-01 8.761085e-02
    outer loop
      vertex   -7.375000e+00 3.832200e+01 7.017000e+00
      vertex   -7.029000e+00 3.861900e+01 7.017000e+00
      vertex   -7.047000e+00 3.864400e+01 6.668000e+00
    endloop
  endfacet
  facet normal -5.201383e-01 8.495690e-01 8.768537e-02
    outer loop
      vertex   -6.655000e+00 3.888400e+01 6.668000e+00
      vertex   -7.047000e+00 3.864400e+01 6.668000e+00
      vertex   -7.029000e+00 3.861900e+01 7.017000e+00
    endloop
  endfacet
  facet normal -5.191986e-01 8.500046e-01 8.902313e-02
    outer loop
      vertex   -6.655000e+00 3.888400e+01 6.668000e+00
      vertex   -7.029000e+00 3.861900e+01 7.017000e+00
      vertex   -6.641000e+00 3.885600e+01 7.017000e+00
    endloop
  endfacet
  facet normal -5.221495e-01 8.528540e-01 -1.124004e-05
    outer loop
      vertex   -7.029000e+00 3.865500e+01 4.996000e+00
      vertex   -7.047000e+00 3.864400e+01 6.668000e+00
      vertex   -6.655000e+00 3.888400e+01 6.668000e+00
    endloop
  endfacet
  facet normal -3.804448e-01 9.205003e-01 8.911265e-02
    outer loop
      vertex   -6.220000e+00 3.903000e+01 7.017000e+00
      vertex   -6.655000e+00 3.888400e+01 6.668000e+00
      vertex   -6.641000e+00 3.885600e+01 7.017000e+00
    endloop
  endfacet
  facet normal -3.828120e-01 9.191717e-01 9.261907e-02
    outer loop
      vertex   -6.230000e+00 3.906100e+01 6.668000e+00
      vertex   -6.655000e+00 3.888400e+01 6.668000e+00
      vertex   -6.220000e+00 3.903000e+01 7.017000e+00
    endloop
  endfacet
  facet normal 0.000000e+00 -0.000000e+00 1.000000e+00
    outer loop
      vertex   -6.119000e+00 3.762700e+01 7.017000e+00
      vertex   -5.566000e+00 3.790400e+01 7.017000e+00
      vertex   -6.220000e+00 3.903000e+01 7.017000e+00
    endloop
  endfacet
  facet normal -0.000000e+00 0.000000e+00 1.000000e+00
    outer loop
      vertex   -7.671000e+00 3.797700e+01 7.017000e+00
      vertex   -6.721000e+00 3.693300e+01 7.017000e+00
      vertex   -7.375000e+00 3.832200e+01 7.017000e+00
    endloop
  endfacet
  facet normal 0.000000e+00 0.000000e+00 1.000000e+00
    outer loop
      vertex   -7.029000e+00 3.861900e+01 7.017000e+00
      vertex   -7.375000e+00 3.832200e+01 7.017000e+00
      vertex   -6.119000e+00 3.762700e+01 7.017000e+00
    endloop
  endfacet
  facet normal 0.000000e+00 -0.000000e+00 1.000000e+00
    outer loop
      vertex   -6.721000e+00 3.693300e+01 7.017000e+00
      vertex   -6.119000e+00 3.762700e+01 7.017000e+00
      vertex   -7.375000e+00 3.832200e+01 7.017000e+00
    endloop
  endfacet
  facet normal 0.000000e+00 -1.000000e+00 0.000000e+00
    outer loop
      vertex   -4.953000e+00 3.800000e+01 7.017000e+00
      vertex   -4.953000e+00 3.800000e+01 3.055000e+00
      vertex   -1.537000e+00 3.800000e+01 7.017000e+00
    endloop
  endfacet
  facet normal 1.547198e-01 -9.879584e-01 0.000000e+00
    outer loop
      vertex   -4.953000e+00 3.800000e+01 3.055000e+00
      vertex   -4.953000e+00 3.800000e+01 7.017000e+00
      vertex   -5.566000e+00 3.790400e+01 7.017000e+00
    endloop
  endfacet
  facet normal 0.000000e+00 0.000000e+00 1.000000e+00
    outer loop
      vertex   -5.322000e+00 3.917200e+01 7.017000e+00
      vertex   -5.777000e+00 3.913600e+01 7.017000e+00
      vertex   -5.566000e+00 3.790400e+01 7.017000e+00
    endloop
  endfacet
  facet normal 0.000000e+00 -0.000000e+00 1.000000e+00
    outer loop
      vertex   -1.537000e+00 3.800000e+01 7.017000e+00
      vertex   -1.537000e+00 3.917200e+01 7.017000e+00
      vertex   -4.953000e+00 3.800000e+01 7.017000e+00
    endloop
  endfacet
  facet normal 0.000000e+00 0.000000e+00 1.000000e+00
    outer loop
      vertex   -4.953000e+00 3.800000e+01 7.017000e+00
      vertex   -5.322000e+00 3.917200e+01 7.017000e+00
      vertex   -5.566000e+00 3.790400e+01 7.017000e+00
    endloop
  endfacet
  facet normal -3.844646e-01 9.231397e-01 0.000000e+00
    outer loop
      vertex   -6.230000e+00 3.906100e+01 3.268000e+00
      vertex   -6.655000e+00 3.888400e+01 6.668000e+00
      vertex   -6.230000e+00 3.906100e+01 6.668000e+00
    endloop
  endfacet
  facet normal -2.323052e-01 9.726430e-01 0.000000e+00
    outer loop
      vertex   -5.782000e+00 3.916800e+01 3.268000e+00
      vertex   -6.230000e+00 3.906100e+01 3.268000e+00
      vertex   -5.782000e+00 3.916800e+01 6.668000e+00
    endloop
  endfacet
  facet normal 0.000000e+00 1.000000e+00 0.000000e+00
    outer loop
      vertex   -1.537000e+00 3.920400e+01 6.668000e+00
      vertex   -1.537000e+00 3.920400e+01 3.268000e+00
      vertex   -5.322000e+00 3.920400e+01 6.668000e+00
    endloop
  endfacet
  facet normal -2.313175e-01 9.685079e-01 9.211204e-02
    outer loop
      vertex   -5.782000e+00 3.916800e+01 6.668000e+00
      vertex   -6.230000e+00 3.906100e+01 6.668000e+00
      vertex   -5.777000e+00 3.913600e+01 7.017000e+00
    endloop
  endfacet
  facet normal -2.317145e-01 9.683608e-01 9.265888e-02
    outer loop
      vertex   -5.777000e+00 3.913600e+01 7.017000e+00
      vertex   -6.230000e+00 3.906100e+01 6.668000e+00
      vertex   -6.220000e+00 3.903000e+01 7.017000e+00
    endloop
  endfacet
  facet normal -7.769585e-02 9.928130e-01 9.102629e-02
    outer loop
      vertex   -5.322000e+00 3.920400e+01 6.668000e+00
      vertex   -5.782000e+00 3.916800e+01 6.668000e+00
      vertex   -5.322000e+00 3.917200e+01 7.017000e+00
    endloop
  endfacet
  facet normal -7.853636e-02 9.926444e-01 9.213606e-02
    outer loop
      vertex   -5.322000e+00 3.917200e+01 7.017000e+00
      vertex   -5.782000e+00 3.916800e+01 6.668000e+00
      vertex   -5.777000e+00 3.913600e+01 7.017000e+00
    endloop
  endfacet
  facet normal -0.000000e+00 0.000000e+00 1.000000e+00
    outer loop
      vertex   -6.220000e+00 3.903000e+01 7.017000e+00
      vertex   -5.566000e+00 3.790400e+01 7.017000e+00
      vertex   -5.777000e+00 3.913600e+01 7.017000e+00
    endloop
  endfacet
  facet normal 0.000000e+00 9.958232e-01 9.130229e-02
    outer loop
      vertex   -1.537000e+00 3.920400e+01 6.668000e+00
      vertex   -5.322000e+00 3.920400e+01 6.668000e+00
      vertex   -5.322000e+00 3.917200e+01 7.017000e+00
    endloop
  endfacet
  facet normal 0.000000e+00 9.958232e-01 9.130229e-02
    outer loop
      vertex   -1.537000e+00 3.920400e+01 6.668000e+00
      vertex   -5.322000e+00 3.917200e+01 7.017000e+00
      vertex   -1.537000e+00 3.917200e+01 7.017000e+00
    endloop
  endfacet
  facet normal -0.000000e+00 0.000000e+00 1.000000e+00
    outer loop
      vertex   -5.322000e+00 3.917200e+01 7.017000e+00
      vertex   -4.953000e+00 3.800000e+01 7.017000e+00
      vertex   -1.537000e+00 3.917200e+01 7.017000e+00
    endloop
  endfacet
  facet normal 1.000000e+00 0.000000e+00 0.000000e+00
    outer loop
      vertex   -1.537000e+00 3.800000e+01 7.017000e+00
      vertex   -1.537000e+00 3.800000e+01 3.055000e+00
      vertex   -1.537000e+00 3.920400e+01 6.668000e+00
    endloop
  endfacet
  facet normal 1.000000e+00 0.000000e+00 0.000000e+00
    outer loop
      vertex   -1.537000e+00 3.920400e+01 6.668000e+00
      vertex   -1.537000e+00 3.917200e+01 7.017000e+00
      vertex   -1.537000e+00 3.800000e+01 7.017000e+00
    endloop
  endfacet
  facet normal -6.499350e-02 9.978857e-01 0.000000e+00
    outer loop
      vertex   -4.498000e+00 4.150000e+01 0.000000e+00
      vertex   -5.281000e+00 4.144900e+01 2.998000e+00
      vertex   -4.498000e+00 4.150000e+01 2.998000e+00
    endloop
  endfacet
  facet normal -6.499350e-02 9.978857e-01 0.000000e+00
    outer loop
      vertex   -4.498000e+00 4.150000e+01 0.000000e+00
      vertex   -5.281000e+00 4.144900e+01 0.000000e+00
      vertex   -5.281000e+00 4.144900e+01 2.998000e+00
    endloop
  endfacet
  facet normal -3.223370e-01 9.466250e-01 0.000000e+00
    outer loop
      vertex   -6.051000e+00 4.129600e+01 0.000000e+00
      vertex   -6.794000e+00 4.104300e+01 2.998000e+00
      vertex   -6.051000e+00 4.129600e+01 2.998000e+00
    endloop
  endfacet
  facet normal -3.223370e-01 9.466250e-01 0.000000e+00
    outer loop
      vertex   -6.051000e+00 4.129600e+01 0.000000e+00
      vertex   -6.794000e+00 4.104300e+01 0.000000e+00
      vertex   -6.794000e+00 4.104300e+01 2.998000e+00
    endloop
  endfacet
  facet normal -1.948945e-01 9.808242e-01 0.000000e+00
    outer loop
      vertex   -5.281000e+00 4.144900e+01 2.998000e+00
      vertex   -6.051000e+00 4.129600e+01 0.000000e+00
      vertex   -6.051000e+00 4.129600e+01 2.998000e+00
    endloop
  endfacet
  facet normal -1.948945e-01 9.808242e-01 0.000000e+00
    outer loop
      vertex   -5.281000e+00 4.144900e+01 2.998000e+00
      vertex   -5.281000e+00 4.144900e+01 0.000000e+00
      vertex   -6.051000e+00 4.129600e+01 0.000000e+00
    endloop
  endfacet
  facet normal 0.000000e+00 1.000000e+00 0.000000e+00
    outer loop
      vertex   -2.503000e+00 -9.003000e+00 2.998000e+00
      vertex   -2.503000e+00 -9.003000e+00 3.000000e+00
      vertex   3.500300e+01 -9.003000e+00 3.000000e+00
    endloop
  endfacet
  facet normal 0.000000e+00 0.000000e+00 1.000000e+00
    outer loop
      vertex   3.500300e+01 -9.003000e+00 3.000000e+00
      vertex   -2.503000e+00 -9.003000e+00 3.000000e+00
      vertex   -7.450000e-01 -1.099800e+01 3.000000e+00
    endloop
  endfacet
  facet normal 0.000000e+00 0.000000e+00 -1.000000e+00
    outer loop
      vertex   1.692000e+01 2.900000e+00 0.000000e+00
      vertex   1.583100e+01 3.637000e+00 0.000000e+00
      vertex   1.663800e+01 3.860000e+00 0.000000e+00
    endloop
  endfacet
  facet normal -0.000000e+00 0.000000e+00 -1.000000e+00
    outer loop
      vertex   1.597400e+01 2.646000e+00 0.000000e+00
      vertex   1.500300e+01 2.517000e+00 0.000000e+00
      vertex   1.500300e+01 3.519000e+00 0.000000e+00
    endloop
  endfacet
  facet normal 0.000000e+00 0.000000e+00 -1.000000e+00
    outer loop
      vertex   1.500300e+01 2.517000e+00 0.000000e+00
      vertex   1.400300e+01 2.517000e+00 0.000000e+00
      vertex   1.400300e+01 3.519000e+00 0.000000e+00
    endloop
  endfacet
  facet normal -0.000000e+00 -0.000000e+00 -1.000000e+00
    outer loop
      vertex   1.500300e+01 2.517000e+00 0.000000e+00
      vertex   1.500300e+01 -4.880000e-01 0.000000e+00
      vertex   1.400300e+01 2.517000e+00 0.000000e+00
    endloop
  endfacet
  facet normal 0.000000e+00 0.000000e+00 -1.000000e+00
    outer loop
      vertex   1.303200e+01 2.646000e+00 0.000000e+00
      vertex   1.400300e+01 3.519000e+00 0.000000e+00
      vertex   1.400300e+01 2.517000e+00 0.000000e+00
    endloop
  endfacet
  facet normal 0.000000e+00 0.000000e+00 -1.000000e+00
    outer loop
      vertex   1.400300e+01 -4.880000e-01 0.000000e+00
      vertex   1.400300e+01 2.517000e+00 0.000000e+00
      vertex   1.500300e+01 -4.880000e-01 0.000000e+00
    endloop
  endfacet
  facet normal 0.000000e+00 0.000000e+00 -1.000000e+00
    outer loop
      vertex   1.500300e+01 3.519000e+00 0.000000e+00
      vertex   1.583100e+01 3.637000e+00 0.000000e+00
      vertex   1.597400e+01 2.646000e+00 0.000000e+00
    endloop
  endfacet
  facet normal -0.000000e+00 0.000000e+00 -1.000000e+00
    outer loop
      vertex   1.692000e+01 2.900000e+00 0.000000e+00
      vertex   1.597400e+01 2.646000e+00 0.000000e+00
      vertex   1.583100e+01 3.637000e+00 0.000000e+00
    endloop
  endfacet
  facet normal -0.000000e+00 0.000000e+00 -1.000000e+00
    outer loop
      vertex   1.400300e+01 3.519000e+00 0.000000e+00
      vertex   1.303200e+01 2.646000e+00 0.000000e+00
      vertex   1.317500e+01 3.637000e+00 0.000000e+00
    endloop
  endfacet
  facet normal 0.000000e+00 0.000000e+00 -1.000000e+00
    outer loop
      vertex   1.500300e+01 2.517000e+00 0.000000e+00
      vertex   1.400300e+01 3.519000e+00 0.000000e+00
      vertex   1.500300e+01 3.519000e+00 0.000000e+00
    endloop
  endfacet
  facet normal 0.000000e+00 0.000000e+00 -1.000000e+00
    outer loop
      vertex   1.400300e+01 5.528000e+00 0.000000e+00
      vertex   1.500300e+01 3.519000e+00 0.000000e+00
      vertex   1.400300e+01 3.519000e+00 0.000000e+00
    endloop
  endfacet
  facet normal 0.000000e+00 0.000000e+00 -1.000000e+00
    outer loop
      vertex   1.177800e+01 6.419000e+00 0.000000e+00
      vertex   1.243500e+01 7.176000e+00 0.000000e+00
      vertex   1.228400e+01 6.085000e+00 0.000000e+00
    endloop
  endfacet
  facet normal 0.000000e+00 0.000000e+00 -1.000000e+00
    outer loop
      vertex   8.865000e+00 5.054000e+00 0.000000e+00
      vertex   1.021200e+01 5.118000e+00 0.000000e+00
      vertex   9.557000e+00 4.362000e+00 0.000000e+00
    endloop
  endfacet
  facet normal -0.000000e+00 0.000000e+00 -1.000000e+00
    outer loop
      vertex   9.621000e+00 5.709000e+00 0.000000e+00
      vertex   8.865000e+00 5.054000e+00 0.000000e+00
      vertex   9.110000e+00 6.372001e+00 0.000000e+00
    endloop
  endfacet
  facet normal 0.000000e+00 0.000000e+00 -1.000000e+00
    outer loop
      vertex   8.268000e+00 5.831000e+00 0.000000e+00
      vertex   9.110000e+00 6.372001e+00 0.000000e+00
      vertex   8.865000e+00 5.054000e+00 0.000000e+00
    endloop
  endfacet
  facet normal -0.000000e+00 0.000000e+00 -1.000000e+00
    outer loop
      vertex   1.087500e+01 4.607000e+00 0.000000e+00
      vertex   9.557000e+00 4.362000e+00 0.000000e+00
      vertex   1.021200e+01 5.118000e+00 0.000000e+00
    endloop
  endfacet
  facet normal -0.000000e+00 0.000000e+00 -1.000000e+00
    outer loop
      vertex   1.021200e+01 5.118000e+00 0.000000e+00
      vertex   8.865000e+00 5.054000e+00 0.000000e+00
      vertex   9.621000e+00 5.709000e+00 0.000000e+00
    endloop
  endfacet
  facet normal -0.000000e+00 0.000000e+00 -1.000000e+00
    outer loop
      vertex   1.159800e+01 4.185000e+00 0.000000e+00
      vertex   1.033400e+01 3.765000e+00 0.000000e+00
      vertex   1.087500e+01 4.607000e+00 0.000000e+00
    endloop
  endfacet
  facet normal 0.000000e+00 0.000000e+00 -1.000000e+00
    outer loop
      vertex   1.032600e+01 8.327000e+00 0.000000e+00
      vertex   1.125300e+01 8.701000e+00 0.000000e+00
      vertex   1.058800e+01 7.781000e+00 0.000000e+00
    endloop
  endfacet
  facet normal 0.000000e+00 0.000000e+00 -1.000000e+00
    outer loop
      vertex   1.146500e+01 8.261000e+00 0.000000e+00
      vertex   1.092200e+01 7.275000e+00 0.000000e+00
      vertex   1.058800e+01 7.781000e+00 0.000000e+00
    endloop
  endfacet
  facet normal 0.000000e+00 -0.000000e+00 -1.000000e+00
    outer loop
      vertex   1.146500e+01 8.261000e+00 0.000000e+00
      vertex   1.173700e+01 7.855000e+00 0.000000e+00
      vertex   1.092200e+01 7.275000e+00 0.000000e+00
    endloop
  endfacet
  facet normal 0.000000e+00 0.000000e+00 -1.000000e+00
    outer loop
      vertex   1.132100e+01 6.818000e+00 0.000000e+00
      vertex   1.092200e+01 7.275000e+00 0.000000e+00
      vertex   1.173700e+01 7.855000e+00 0.000000e+00
    endloop
  endfacet
  facet normal 0.000000e+00 -0.000000e+00 -1.000000e+00
    outer loop
      vertex   1.173700e+01 7.855000e+00 0.000000e+00
      vertex   1.206200e+01 7.491000e+00 0.000000e+00
      vertex   1.132100e+01 6.818000e+00 0.000000e+00
    endloop
  endfacet
  facet normal -0.000000e+00 0.000000e+00 -1.000000e+00
    outer loop
      vertex   1.243500e+01 7.176000e+00 0.000000e+00
      vertex   1.177800e+01 6.419000e+00 0.000000e+00
      vertex   1.206200e+01 7.491000e+00 0.000000e+00
    endloop
  endfacet
  facet normal -0.000000e+00 0.000000e+00 -1.000000e+00
    outer loop
      vertex   9.110000e+00 6.372001e+00 0.000000e+00
      vertex   8.268000e+00 5.831000e+00 0.000000e+00
      vertex   8.688000e+00 7.095000e+00 0.000000e+00
    endloop
  endfacet
  facet normal -0.000000e+00 0.000000e+00 -1.000000e+00
    outer loop
      vertex   8.363000e+00 7.865000e+00 0.000000e+00
      vertex   7.403000e+00 7.583000e+00 0.000000e+00
      vertex   8.140001e+00 8.672000e+00 0.000000e+00
    endloop
  endfacet
  facet normal -0.000000e+00 0.000000e+00 -1.000000e+00
    outer loop
      vertex   8.688000e+00 7.095000e+00 0.000000e+00
      vertex   7.778000e+00 6.679000e+00 0.000000e+00
      vertex   8.363000e+00 7.865000e+00 0.000000e+00
    endloop
  endfacet
  facet normal 0.000000e+00 0.000000e+00 -1.000000e+00
    outer loop
      vertex   1.177800e+01 6.419000e+00 0.000000e+00
      vertex   1.132100e+01 6.818000e+00 0.000000e+00
      vertex   1.206200e+01 7.491000e+00 0.000000e+00
    endloop
  endfacet
  facet normal 0.000000e+00 0.000000e+00 -1.000000e+00
    outer loop
      vertex   1.228400e+01 6.085000e+00 0.000000e+00
      vertex   1.284800e+01 6.916000e+00 0.000000e+00
      vertex   1.283000e+01 5.823000e+00 0.000000e+00
    endloop
  endfacet
  facet normal -0.000000e+00 0.000000e+00 -1.000000e+00
    outer loop
      vertex   1.560000e+01 5.636000e+00 0.000000e+00
      vertex   1.500300e+01 5.528000e+00 0.000000e+00
      vertex   1.521800e+01 6.574000e+00 0.000000e+00
    endloop
  endfacet
  facet normal 0.000000e+00 0.000000e+00 -1.000000e+00
    outer loop
      vertex   1.283000e+01 5.823000e+00 0.000000e+00
      vertex   1.329400e+01 6.716000e+00 0.000000e+00
      vertex   1.340600e+01 5.636000e+00 0.000000e+00
    endloop
  endfacet
  facet normal 0.000000e+00 0.000000e+00 -1.000000e+00
    outer loop
      vertex   1.473400e+01 6.508000e+00 0.000000e+00
      vertex   1.521800e+01 6.574000e+00 0.000000e+00
      vertex   1.500300e+01 5.528000e+00 0.000000e+00
    endloop
  endfacet
  facet normal 0.000000e+00 0.000000e+00 -1.000000e+00
    outer loop
      vertex   1.500300e+01 3.519000e+00 0.000000e+00
      vertex   1.400300e+01 5.528000e+00 0.000000e+00
      vertex   1.500300e+01 5.528000e+00 0.000000e+00
    endloop
  endfacet
  facet normal 0.000000e+00 0.000000e+00 -1.000000e+00
    outer loop
      vertex   1.340600e+01 5.636000e+00 0.000000e+00
      vertex   1.376300e+01 6.579000e+00 0.000000e+00
      vertex   1.400300e+01 5.528000e+00 0.000000e+00
    endloop
  endfacet
  facet normal 0.000000e+00 0.000000e+00 -1.000000e+00
    outer loop
      vertex   1.400300e+01 5.528000e+00 0.000000e+00
      vertex   1.473400e+01 6.508000e+00 0.000000e+00
      vertex   1.500300e+01 5.528000e+00 0.000000e+00
    endloop
  endfacet
  facet normal 0.000000e+00 0.000000e+00 -1.000000e+00
    outer loop
      vertex   1.655000e+01 7.161000e+00 0.000000e+00
      vertex   1.692500e+01 7.473000e+00 0.000000e+00
      vertex   1.722800e+01 6.419000e+00 0.000000e+00
    endloop
  endfacet
  facet normal -0.000000e+00 0.000000e+00 -1.000000e+00
    outer loop
      vertex   1.722800e+01 6.419000e+00 0.000000e+00
      vertex   1.672200e+01 6.085000e+00 0.000000e+00
      vertex   1.655000e+01 7.161000e+00 0.000000e+00
    endloop
  endfacet
  facet normal 0.000000e+00 0.000000e+00 -1.000000e+00
    outer loop
      vertex   1.568800e+01 6.707000e+00 0.000000e+00
      vertex   1.613500e+01 6.904000e+00 0.000000e+00
      vertex   1.617600e+01 5.823000e+00 0.000000e+00
    endloop
  endfacet
  facet normal -0.000000e+00 0.000000e+00 -1.000000e+00
    outer loop
      vertex   1.424600e+01 6.509000e+00 0.000000e+00
      vertex   1.400300e+01 5.528000e+00 0.000000e+00
      vertex   1.376300e+01 6.579000e+00 0.000000e+00
    endloop
  endfacet
  facet normal -0.000000e+00 0.000000e+00 -1.000000e+00
    outer loop
      vertex   1.473400e+01 6.508000e+00 0.000000e+00
      vertex   1.400300e+01 5.528000e+00 0.000000e+00
      vertex   1.424600e+01 6.509000e+00 0.000000e+00
    endloop
  endfacet
  facet normal -0.000000e+00 0.000000e+00 -1.000000e+00
    outer loop
      vertex   1.617600e+01 5.823000e+00 0.000000e+00
      vertex   1.560000e+01 5.636000e+00 0.000000e+00
      vertex   1.568800e+01 6.707000e+00 0.000000e+00
    endloop
  endfacet
  facet normal 0.000000e+00 0.000000e+00 -1.000000e+00
    outer loop
      vertex   1.521800e+01 6.574000e+00 0.000000e+00
      vertex   1.568800e+01 6.707000e+00 0.000000e+00
      vertex   1.560000e+01 5.636000e+00 0.000000e+00
    endloop
  endfacet
  facet normal -0.000000e+00 0.000000e+00 -1.000000e+00
    outer loop
      vertex   1.376300e+01 6.579000e+00 0.000000e+00
      vertex   1.340600e+01 5.636000e+00 0.000000e+00
      vertex   1.329400e+01 6.716000e+00 0.000000e+00
    endloop
  endfacet
  facet normal -0.000000e+00 0.000000e+00 -1.000000e+00
    outer loop
      vertex   1.329400e+01 6.716000e+00 0.000000e+00
      vertex   1.283000e+01 5.823000e+00 0.000000e+00
      vertex   1.284800e+01 6.916000e+00 0.000000e+00
    endloop
  endfacet
  facet normal 0.000000e+00 0.000000e+00 -1.000000e+00
    outer loop
      vertex   1.613500e+01 6.904000e+00 0.000000e+00
      vertex   1.655000e+01 7.161000e+00 0.000000e+00
      vertex   1.672200e+01 6.085000e+00 0.000000e+00
    endloop
  endfacet
  facet normal -0.000000e+00 0.000000e+00 -1.000000e+00
    outer loop
      vertex   1.284800e+01 6.916000e+00 0.000000e+00
      vertex   1.228400e+01 6.085000e+00 0.000000e+00
      vertex   1.243500e+01 7.176000e+00 0.000000e+00
    endloop
  endfacet
  facet normal 0.000000e+00 0.000000e+00 -1.000000e+00
    outer loop
      vertex   1.200000e-02 1.050000e+01 0.000000e+00
      vertex   -1.049700e+01 3.550000e+01 0.000000e+00
      vertex   2.150000e-01 1.246800e+01 0.000000e+00
    endloop
  endfacet
  facet normal 0.000000e+00 0.000000e+00 -1.000000e+00
    outer loop
      vertex   1.200000e-02 1.050000e+01 0.000000e+00
      vertex   3.014000e+00 1.050000e+01 0.000000e+00
      vertex   1.200000e-02 9.500000e+00 0.000000e+00
    endloop
  endfacet
  facet normal 0.000000e+00 0.000000e+00 -1.000000e+00
    outer loop
      vertex   1.200000e-02 9.500000e+00 0.000000e+00
      vertex   3.014000e+00 1.050000e+01 0.000000e+00
      vertex   3.014000e+00 9.500000e+00 0.000000e+00
    endloop
  endfacet
  facet normal 0.000000e+00 0.000000e+00 -1.000000e+00
    outer loop
      vertex   4.015000e+00 9.500000e+00 0.000000e+00
      vertex   3.014000e+00 9.500000e+00 0.000000e+00
      vertex   4.015000e+00 1.050000e+01 0.000000e+00
    endloop
  endfacet
  facet normal -0.000000e+00 0.000000e+00 -1.000000e+00
    outer loop
      vertex   4.015000e+00 1.050000e+01 0.000000e+00
      vertex   3.014000e+00 9.500000e+00 0.000000e+00
      vertex   3.014000e+00 1.050000e+01 0.000000e+00
    endloop
  endfacet
  facet normal 0.000000e+00 -0.000000e+00 -1.000000e+00
    outer loop
      vertex   3.563000e+00 1.354400e+01 0.000000e+00
      vertex   4.176000e+00 1.189800e+01 0.000000e+00
      vertex   3.185000e+00 1.204100e+01 0.000000e+00
    endloop
  endfacet
  facet normal 0.000000e+00 0.000000e+00 -1.000000e+00
    outer loop
      vertex   4.015000e+00 1.050000e+01 0.000000e+00
      vertex   3.014000e+00 1.050000e+01 0.000000e+00
      vertex   3.185000e+00 1.204100e+01 0.000000e+00
    endloop
  endfacet
  facet normal 0.000000e+00 -0.000000e+00 -1.000000e+00
    outer loop
      vertex   4.015000e+00 9.500000e+00 0.000000e+00
      vertex   4.176000e+00 8.102000e+00 0.000000e+00
      vertex   3.185000e+00 7.959000e+00 0.000000e+00
    endloop
  endfacet
  facet normal 0.000000e+00 0.000000e+00 -1.000000e+00
    outer loop
      vertex   3.185000e+00 7.959000e+00 0.000000e+00
      vertex   3.014000e+00 9.500000e+00 0.000000e+00
      vertex   4.015000e+00 9.500000e+00 0.000000e+00
    endloop
  endfacet
  facet normal 0.000000e+00 0.000000e+00 -1.000000e+00
    outer loop
      vertex   4.015000e+00 1.050000e+01 0.000000e+00
      vertex   7.020000e+00 1.050000e+01 0.000000e+00
      vertex   4.015000e+00 9.500000e+00 0.000000e+00
    endloop
  endfacet
  facet normal 0.000000e+00 0.000000e+00 -1.000000e+00
    outer loop
      vertex   7.020000e+00 9.500000e+00 0.000000e+00
      vertex   4.015000e+00 9.500000e+00 0.000000e+00
      vertex   7.020000e+00 1.050000e+01 0.000000e+00
    endloop
  endfacet
  facet normal 0.000000e+00 0.000000e+00 -1.000000e+00
    outer loop
      vertex   7.149000e+00 8.529000e+00 0.000000e+00
      vertex   8.022000e+00 9.500000e+00 0.000000e+00
      vertex   8.140001e+00 8.672000e+00 0.000000e+00
    endloop
  endfacet
  facet normal -0.000000e+00 0.000000e+00 -1.000000e+00
    outer loop
      vertex   8.140001e+00 1.132800e+01 0.000000e+00
      vertex   8.022000e+00 1.050000e+01 0.000000e+00
      vertex   7.149000e+00 1.147100e+01 0.000000e+00
    endloop
  endfacet
  facet normal 0.000000e+00 0.000000e+00 -1.000000e+00
    outer loop
      vertex   7.149000e+00 8.529000e+00 0.000000e+00
      vertex   7.020000e+00 9.500000e+00 0.000000e+00
      vertex   8.022000e+00 9.500000e+00 0.000000e+00
    endloop
  endfacet
  facet normal 0.000000e+00 0.000000e+00 -1.000000e+00
    outer loop
      vertex   7.020000e+00 1.050000e+01 0.000000e+00
      vertex   8.022000e+00 9.500000e+00 0.000000e+00
      vertex   7.020000e+00 9.500000e+00 0.000000e+00
    endloop
  endfacet
  facet normal 0.000000e+00 -0.000000e+00 -1.000000e+00
    outer loop
      vertex   7.403000e+00 1.241700e+01 0.000000e+00
      vertex   8.140001e+00 1.132800e+01 0.000000e+00
      vertex   7.149000e+00 1.147100e+01 0.000000e+00
    endloop
  endfacet
  facet normal 0.000000e+00 0.000000e+00 -1.000000e+00
    outer loop
      vertex   4.176000e+00 1.189800e+01 0.000000e+00
      vertex   3.563000e+00 1.354400e+01 0.000000e+00
      vertex   4.523000e+00 1.326200e+01 0.000000e+00
    endloop
  endfacet
  facet normal 0.000000e+00 0.000000e+00 -1.000000e+00
    outer loop
      vertex   4.015000e+00 1.050000e+01 0.000000e+00
      vertex   3.185000e+00 1.204100e+01 0.000000e+00
      vertex   4.176000e+00 1.189800e+01 0.000000e+00
    endloop
  endfacet
  facet normal 0.000000e+00 0.000000e+00 -1.000000e+00
    outer loop
      vertex   8.022000e+00 9.500000e+00 0.000000e+00
      vertex   7.020000e+00 1.050000e+01 0.000000e+00
      vertex   8.022000e+00 1.050000e+01 0.000000e+00
    endloop
  endfacet
  facet normal 0.000000e+00 0.000000e+00 -1.000000e+00
    outer loop
      vertex   8.140001e+00 1.132800e+01 0.000000e+00
      vertex   7.403000e+00 1.241700e+01 0.000000e+00
      vertex   8.363000e+00 1.213500e+01 0.000000e+00
    endloop
  endfacet
  facet normal 0.000000e+00 0.000000e+00 -1.000000e+00
    outer loop
      vertex   7.020000e+00 1.050000e+01 0.000000e+00
      vertex   7.149000e+00 1.147100e+01 0.000000e+00
      vertex   8.022000e+00 1.050000e+01 0.000000e+00
    endloop
  endfacet
  facet normal 0.000000e+00 -0.000000e+00 -1.000000e+00
    outer loop
      vertex   4.139000e+00 1.498300e+01 0.000000e+00
      vertex   4.523000e+00 1.326200e+01 0.000000e+00
      vertex   3.563000e+00 1.354400e+01 0.000000e+00
    endloop
  endfacet
  facet normal 0.000000e+00 0.000000e+00 -1.000000e+00
    outer loop
      vertex   4.139000e+00 1.498300e+01 0.000000e+00
      vertex   5.049000e+00 1.456800e+01 0.000000e+00
      vertex   4.523000e+00 1.326200e+01 0.000000e+00
    endloop
  endfacet
  facet normal 0.000000e+00 0.000000e+00 -1.000000e+00
    outer loop
      vertex   4.903000e+00 1.633200e+01 0.000000e+00
      vertex   5.842000e+00 1.756500e+01 0.000000e+00
      vertex   5.744000e+00 1.579100e+01 0.000000e+00
    endloop
  endfacet
  facet normal -0.000000e+00 0.000000e+00 -1.000000e+00
    outer loop
      vertex   5.744000e+00 1.579100e+01 0.000000e+00
      vertex   5.049000e+00 1.456800e+01 0.000000e+00
      vertex   4.903000e+00 1.633200e+01 0.000000e+00
    endloop
  endfacet
  facet normal 0.000000e+00 0.000000e+00 -1.000000e+00
    outer loop
      vertex   4.139000e+00 1.498300e+01 0.000000e+00
      vertex   4.903000e+00 1.633200e+01 0.000000e+00
      vertex   5.049000e+00 1.456800e+01 0.000000e+00
    endloop
  endfacet
  facet normal 0.000000e+00 -0.000000e+00 -1.000000e+00
    outer loop
      vertex   7.778000e+00 1.332100e+01 0.000000e+00
      vertex   8.363000e+00 1.213500e+01 0.000000e+00
      vertex   7.403000e+00 1.241700e+01 0.000000e+00
    endloop
  endfacet
  facet normal -0.000000e+00 0.000000e+00 -1.000000e+00
    outer loop
      vertex   1.146500e+01 8.261000e+00 0.000000e+00
      vertex   1.058800e+01 7.781000e+00 0.000000e+00
      vertex   1.125300e+01 8.701000e+00 0.000000e+00
    endloop
  endfacet
  facet normal 0.000000e+00 -0.000000e+00 -1.000000e+00
    outer loop
      vertex   1.102100e+01 9.647000e+00 0.000000e+00
      vertex   1.110400e+01 9.166000e+00 0.000000e+00
      vertex   1.003100e+01 9.500000e+00 0.000000e+00
    endloop
  endfacet
  facet normal 0.000000e+00 0.000000e+00 -1.000000e+00
    outer loop
      vertex   1.003100e+01 1.050000e+01 0.000000e+00
      vertex   1.100400e+01 1.006800e+01 0.000000e+00
      vertex   1.003100e+01 9.500000e+00 0.000000e+00
    endloop
  endfacet
  facet normal 0.000000e+00 0.000000e+00 -1.000000e+00
    outer loop
      vertex   1.003100e+01 9.500000e+00 0.000000e+00
      vertex   1.110400e+01 9.166000e+00 0.000000e+00
      vertex   1.013900e+01 8.903000e+00 0.000000e+00
    endloop
  endfacet
  facet normal 0.000000e+00 0.000000e+00 -1.000000e+00
    outer loop
      vertex   1.003100e+01 9.500000e+00 0.000000e+00
      vertex   8.022000e+00 9.500000e+00 0.000000e+00
      vertex   1.003100e+01 1.050000e+01 0.000000e+00
    endloop
  endfacet
  facet normal 0.000000e+00 0.000000e+00 -1.000000e+00
    outer loop
      vertex   8.022000e+00 1.050000e+01 0.000000e+00
      vertex   1.003100e+01 1.050000e+01 0.000000e+00
      vertex   8.022000e+00 9.500000e+00 0.000000e+00
    endloop
  endfacet
  facet normal 0.000000e+00 0.000000e+00 -1.000000e+00
    outer loop
      vertex   1.032600e+01 8.327000e+00 0.000000e+00
      vertex   1.013900e+01 8.903000e+00 0.000000e+00
      vertex   1.125300e+01 8.701000e+00 0.000000e+00
    endloop
  endfacet
  facet normal 0.000000e+00 -0.000000e+00 -1.000000e+00
    outer loop
      vertex   1.110400e+01 9.166000e+00 0.000000e+00
      vertex   1.125300e+01 8.701000e+00 0.000000e+00
      vertex   1.013900e+01 8.903000e+00 0.000000e+00
    endloop
  endfacet
  facet normal 0.000000e+00 0.000000e+00 -1.000000e+00
    outer loop
      vertex   1.100400e+01 1.006800e+01 0.000000e+00
      vertex   1.003100e+01 1.050000e+01 0.000000e+00
      vertex   1.105800e+01 1.062100e+01 0.000000e+00
    endloop
  endfacet
  facet normal -0.000000e+00 0.000000e+00 -1.000000e+00
    outer loop
      vertex   1.102100e+01 9.647000e+00 0.000000e+00
      vertex   1.003100e+01 9.500000e+00 0.000000e+00
      vertex   1.100400e+01 1.006800e+01 0.000000e+00
    endloop
  endfacet
  facet normal -0.000000e+00 0.000000e+00 -1.000000e+00
    outer loop
      vertex   1.117800e+01 1.109400e+01 0.000000e+00
      vertex   1.105800e+01 1.062100e+01 0.000000e+00
      vertex   1.013900e+01 1.109700e+01 0.000000e+00
    endloop
  endfacet
  facet normal 0.000000e+00 0.000000e+00 -1.000000e+00
    outer loop
      vertex   1.136300e+01 1.154600e+01 0.000000e+00
      vertex   1.058800e+01 1.221900e+01 0.000000e+00
      vertex   1.160900e+01 1.196800e+01 0.000000e+00
    endloop
  endfacet
  facet normal -0.000000e+00 0.000000e+00 -1.000000e+00
    outer loop
      vertex   1.191100e+01 1.235200e+01 0.000000e+00
      vertex   1.160900e+01 1.196800e+01 0.000000e+00
      vertex   1.092200e+01 1.272500e+01 0.000000e+00
    endloop
  endfacet
  facet normal 0.000000e+00 0.000000e+00 -1.000000e+00
    outer loop
      vertex   1.032600e+01 1.167300e+01 0.000000e+00
      vertex   1.058800e+01 1.221900e+01 0.000000e+00
      vertex   1.136300e+01 1.154600e+01 0.000000e+00
    endloop
  endfacet
  facet normal 0.000000e+00 -0.000000e+00 -1.000000e+00
    outer loop
      vertex   1.092200e+01 1.272500e+01 0.000000e+00
      vertex   1.160900e+01 1.196800e+01 0.000000e+00
      vertex   1.058800e+01 1.221900e+01 0.000000e+00
    endloop
  endfacet
  facet normal -0.000000e+00 0.000000e+00 -1.000000e+00
    outer loop
      vertex   1.136300e+01 1.154600e+01 0.000000e+00
      vertex   1.117800e+01 1.109400e+01 0.000000e+00
      vertex   1.032600e+01 1.167300e+01 0.000000e+00
    endloop
  endfacet
  facet normal 0.000000e+00 0.000000e+00 -1.000000e+00
    outer loop
      vertex   1.013900e+01 1.109700e+01 0.000000e+00
      vertex   1.032600e+01 1.167300e+01 0.000000e+00
      vertex   1.117800e+01 1.109400e+01 0.000000e+00
    endloop
  endfacet
  facet normal 0.000000e+00 0.000000e+00 -1.000000e+00
    outer loop
      vertex   7.778000e+00 1.332100e+01 0.000000e+00
      vertex   8.688000e+00 1.290500e+01 0.000000e+00
      vertex   8.363000e+00 1.213500e+01 0.000000e+00
    endloop
  endfacet
  facet normal 0.000000e+00 0.000000e+00 -1.000000e+00
    outer loop
      vertex   1.003100e+01 1.050000e+01 0.000000e+00
      vertex   1.013900e+01 1.109700e+01 0.000000e+00
      vertex   1.105800e+01 1.062100e+01 0.000000e+00
    endloop
  endfacet
  facet normal 0.000000e+00 0.000000e+00 -1.000000e+00
    outer loop
      vertex   1.092200e+01 1.272500e+01 0.000000e+00
      vertex   1.132100e+01 1.318200e+01 0.000000e+00
      vertex   1.191100e+01 1.235200e+01 0.000000e+00
    endloop
  endfacet
  facet normal -0.000000e+00 0.000000e+00 -1.000000e+00
    outer loop
      vertex   1.226300e+01 1.269000e+01 0.000000e+00
      vertex   1.191100e+01 1.235200e+01 0.000000e+00
      vertex   1.132100e+01 1.318200e+01 0.000000e+00
    endloop
  endfacet
  facet normal 0.000000e+00 0.000000e+00 -1.000000e+00
    outer loop
      vertex   1.132100e+01 1.318200e+01 0.000000e+00
      vertex   1.177800e+01 1.358100e+01 0.000000e+00
      vertex   1.226300e+01 1.269000e+01 0.000000e+00
    endloop
  endfacet
  facet normal -0.000000e+00 0.000000e+00 -1.000000e+00
    outer loop
      vertex   1.265900e+01 1.297500e+01 0.000000e+00
      vertex   1.226300e+01 1.269000e+01 0.000000e+00
      vertex   1.177800e+01 1.358100e+01 0.000000e+00
    endloop
  endfacet
  facet normal -0.000000e+00 0.000000e+00 -1.000000e+00
    outer loop
      vertex   1.355100e+01 1.336800e+01 0.000000e+00
      vertex   1.309100e+01 1.320300e+01 0.000000e+00
      vertex   1.283000e+01 1.417700e+01 0.000000e+00
    endloop
  endfacet
  facet normal 0.000000e+00 0.000000e+00 -1.000000e+00
    outer loop
      vertex   7.778000e+00 1.332100e+01 0.000000e+00
      vertex   8.268000e+00 1.416900e+01 0.000000e+00
      vertex   8.688000e+00 1.290500e+01 0.000000e+00
    endloop
  endfacet
  facet normal -0.000000e+00 0.000000e+00 -1.000000e+00
    outer loop
      vertex   9.110000e+00 1.362800e+01 0.000000e+00
      vertex   8.688000e+00 1.290500e+01 0.000000e+00
      vertex   8.268000e+00 1.416900e+01 0.000000e+00
    endloop
  endfacet
  facet normal 0.000000e+00 0.000000e+00 -1.000000e+00
    outer loop
      vertex   8.268000e+00 1.416900e+01 0.000000e+00
      vertex   8.865000e+00 1.494600e+01 0.000000e+00
      vertex   9.110000e+00 1.362800e+01 0.000000e+00
    endloop
  endfacet
  facet normal -0.000000e+00 0.000000e+00 -1.000000e+00
    outer loop
      vertex   9.621000e+00 1.429100e+01 0.000000e+00
      vertex   9.110000e+00 1.362800e+01 0.000000e+00
      vertex   8.865000e+00 1.494600e+01 0.000000e+00
    endloop
  endfacet
  facet normal 0.000000e+00 -0.000000e+00 -1.000000e+00
    outer loop
      vertex   1.118200e+01 1.672500e+01 0.000000e+00
      vertex   1.159800e+01 1.581500e+01 0.000000e+00
      vertex   1.033400e+01 1.623500e+01 0.000000e+00
    endloop
  endfacet
  facet normal 0.000000e+00 0.000000e+00 -1.000000e+00
    outer loop
      vertex   9.557000e+00 1.563800e+01 0.000000e+00
      vertex   1.033400e+01 1.623500e+01 0.000000e+00
      vertex   1.087500e+01 1.539300e+01 0.000000e+00
    endloop
  endfacet
  facet normal -0.000000e+00 0.000000e+00 -1.000000e+00
    outer loop
      vertex   1.087500e+01 1.539300e+01 0.000000e+00
      vertex   1.021200e+01 1.488200e+01 0.000000e+00
      vertex   9.557000e+00 1.563800e+01 0.000000e+00
    endloop
  endfacet
  facet normal -0.000000e+00 0.000000e+00 -1.000000e+00
    outer loop
      vertex   1.021200e+01 1.488200e+01 0.000000e+00
      vertex   9.621000e+00 1.429100e+01 0.000000e+00
      vertex   9.557000e+00 1.563800e+01 0.000000e+00
    endloop
  endfacet
  facet normal 0.000000e+00 0.000000e+00 -1.000000e+00
    outer loop
      vertex   8.865000e+00 1.494600e+01 0.000000e+00
      vertex   9.557000e+00 1.563800e+01 0.000000e+00
      vertex   9.621000e+00 1.429100e+01 0.000000e+00
    endloop
  endfacet
  facet normal 0.000000e+00 0.000000e+00 -1.000000e+00
    outer loop
      vertex   1.087500e+01 1.539300e+01 0.000000e+00
      vertex   1.033400e+01 1.623500e+01 0.000000e+00
      vertex   1.159800e+01 1.581500e+01 0.000000e+00
    endloop
  endfacet
  facet normal 0.000000e+00 0.000000e+00 -1.000000e+00
    outer loop
      vertex   1.636900e+01 1.296100e+01 0.000000e+00
      vertex   1.593800e+01 1.319200e+01 0.000000e+00
      vertex   1.672200e+01 1.391500e+01 0.000000e+00
    endloop
  endfacet
  facet normal 0.000000e+00 -0.000000e+00 -1.000000e+00
    outer loop
      vertex   1.617600e+01 1.417700e+01 0.000000e+00
      vertex   1.672200e+01 1.391500e+01 0.000000e+00
      vertex   1.593800e+01 1.319200e+01 0.000000e+00
    endloop
  endfacet
  facet normal 0.000000e+00 0.000000e+00 -1.000000e+00
    outer loop
      vertex   1.548000e+01 1.336100e+01 0.000000e+00
      vertex   1.500300e+01 1.346400e+01 0.000000e+00
      vertex   1.560000e+01 1.436400e+01 0.000000e+00
    endloop
  endfacet
  facet normal 0.000000e+00 0.000000e+00 -1.000000e+00
    outer loop
      vertex   1.500300e+01 1.346400e+01 0.000000e+00
      vertex   1.451600e+01 1.350000e+01 0.000000e+00
      vertex   1.500300e+01 1.447200e+01 0.000000e+00
    endloop
  endfacet
  facet normal 0.000000e+00 0.000000e+00 -1.000000e+00
    outer loop
      vertex   1.400300e+01 1.447200e+01 0.000000e+00
      vertex   1.500300e+01 1.447200e+01 0.000000e+00
      vertex   1.451600e+01 1.350000e+01 0.000000e+00
    endloop
  endfacet
  facet normal -0.000000e+00 0.000000e+00 -1.000000e+00
    outer loop
      vertex   1.402900e+01 1.346800e+01 0.000000e+00
      vertex   1.355100e+01 1.336800e+01 0.000000e+00
      vertex   1.340600e+01 1.436400e+01 0.000000e+00
    endloop
  endfacet
  facet normal 0.000000e+00 0.000000e+00 -1.000000e+00
    outer loop
      vertex   1.340600e+01 1.436400e+01 0.000000e+00
      vertex   1.400300e+01 1.447200e+01 0.000000e+00
      vertex   1.402900e+01 1.346800e+01 0.000000e+00
    endloop
  endfacet
  facet normal -0.000000e+00 0.000000e+00 -1.000000e+00
    outer loop
      vertex   1.451600e+01 1.350000e+01 0.000000e+00
      vertex   1.402900e+01 1.346800e+01 0.000000e+00
      vertex   1.400300e+01 1.447200e+01 0.000000e+00
    endloop
  endfacet
  facet normal -0.000000e+00 0.000000e+00 -1.000000e+00
    outer loop
      vertex   1.309100e+01 1.320300e+01 0.000000e+00
      vertex   1.265900e+01 1.297500e+01 0.000000e+00
      vertex   1.228400e+01 1.391500e+01 0.000000e+00
    endloop
  endfacet
  facet normal 0.000000e+00 0.000000e+00 -1.000000e+00
    outer loop
      vertex   1.228400e+01 1.391500e+01 0.000000e+00
      vertex   1.283000e+01 1.417700e+01 0.000000e+00
      vertex   1.309100e+01 1.320300e+01 0.000000e+00
    endloop
  endfacet
  facet normal 0.000000e+00 0.000000e+00 -1.000000e+00
    outer loop
      vertex   1.283000e+01 1.417700e+01 0.000000e+00
      vertex   1.340600e+01 1.436400e+01 0.000000e+00
      vertex   1.355100e+01 1.336800e+01 0.000000e+00
    endloop
  endfacet
  facet normal 0.000000e+00 0.000000e+00 -1.000000e+00
    outer loop
      vertex   1.177800e+01 1.358100e+01 0.000000e+00
      vertex   1.228400e+01 1.391500e+01 0.000000e+00
      vertex   1.265900e+01 1.297500e+01 0.000000e+00
    endloop
  endfacet
  facet normal 0.000000e+00 0.000000e+00 -1.000000e+00
    outer loop
      vertex   1.593800e+01 1.319200e+01 0.000000e+00
      vertex   1.548000e+01 1.336100e+01 0.000000e+00
      vertex   1.617600e+01 1.417700e+01 0.000000e+00
    endloop
  endfacet
  facet normal 0.000000e+00 -0.000000e+00 -1.000000e+00
    outer loop
      vertex   1.560000e+01 1.436400e+01 0.000000e+00
      vertex   1.617600e+01 1.417700e+01 0.000000e+00
      vertex   1.548000e+01 1.336100e+01 0.000000e+00
    endloop
  endfacet
  facet normal 0.000000e+00 0.000000e+00 -1.000000e+00
    outer loop
      vertex   1.500300e+01 1.447200e+01 0.000000e+00
      vertex   1.560000e+01 1.436400e+01 0.000000e+00
      vertex   1.500300e+01 1.346400e+01 0.000000e+00
    endloop
  endfacet
  facet normal 0.000000e+00 0.000000e+00 -1.000000e+00
    outer loop
      vertex   1.597400e+01 1.735400e+01 0.000000e+00
      vertex   1.583100e+01 1.636300e+01 0.000000e+00
      vertex   1.500300e+01 1.648100e+01 0.000000e+00
    endloop
  endfacet
  facet normal 0.000000e+00 0.000000e+00 -1.000000e+00
    outer loop
      vertex   1.236800e+01 1.614000e+01 0.000000e+00
      vertex   1.208600e+01 1.710000e+01 0.000000e+00
      vertex   1.317500e+01 1.636300e+01 0.000000e+00
    endloop
  endfacet
  facet normal 0.000000e+00 -0.000000e+00 -1.000000e+00
    outer loop
      vertex   1.303200e+01 1.735400e+01 0.000000e+00
      vertex   1.317500e+01 1.636300e+01 0.000000e+00
      vertex   1.208600e+01 1.710000e+01 0.000000e+00
    endloop
  endfacet
  facet normal 0.000000e+00 0.000000e+00 -1.000000e+00
    outer loop
      vertex   1.159800e+01 1.581500e+01 0.000000e+00
      vertex   1.118200e+01 1.672500e+01 0.000000e+00
      vertex   1.236800e+01 1.614000e+01 0.000000e+00
    endloop
  endfacet
  facet normal 0.000000e+00 -0.000000e+00 -1.000000e+00
    outer loop
      vertex   1.740800e+01 4.185000e+00 0.000000e+00
      vertex   1.782400e+01 3.275000e+00 0.000000e+00
      vertex   1.663800e+01 3.860000e+00 0.000000e+00
    endloop
  endfacet
  facet normal 0.000000e+00 0.000000e+00 -1.000000e+00
    outer loop
      vertex   1.692000e+01 2.900000e+00 0.000000e+00
      vertex   1.663800e+01 3.860000e+00 0.000000e+00
      vertex   1.782400e+01 3.275000e+00 0.000000e+00
    endloop
  endfacet
  facet normal -0.000000e+00 0.000000e+00 -1.000000e+00
    outer loop
      vertex   1.867200e+01 3.765000e+00 0.000000e+00
      vertex   1.782400e+01 3.275000e+00 0.000000e+00
      vertex   1.740800e+01 4.185000e+00 0.000000e+00
    endloop
  endfacet
  facet normal 0.000000e+00 0.000000e+00 -1.000000e+00
    outer loop
      vertex   1.776500e+01 2.000000e-02 0.000000e+00
      vertex   1.907100e+01 5.460000e-01 0.000000e+00
      vertex   1.948600e+01 -3.640000e-01 0.000000e+00
    endloop
  endfacet
  facet normal 0.000000e+00 -0.000000e+00 -1.000000e+00
    outer loop
      vertex   2.029400e+01 1.241000e+00 0.000000e+00
      vertex   2.083500e+01 4.000000e-01 0.000000e+00
      vertex   1.907100e+01 5.460000e-01 0.000000e+00
    endloop
  endfacet
  facet normal -0.000000e+00 0.000000e+00 -1.000000e+00
    outer loop
      vertex   2.410300e+01 3.668000e+00 0.000000e+00
      vertex   2.316400e+01 2.435000e+00 0.000000e+00
      vertex   2.326200e+01 4.209000e+00 0.000000e+00
    endloop
  endfacet
  facet normal 0.000000e+00 0.000000e+00 -1.000000e+00
    outer loop
      vertex   2.240900e+01 3.090000e+00 0.000000e+00
      vertex   2.206800e+01 1.339000e+00 0.000000e+00
      vertex   2.141300e+01 2.094000e+00 0.000000e+00
    endloop
  endfacet
  facet normal 0.000000e+00 0.000000e+00 -1.000000e+00
    outer loop
      vertex   2.083500e+01 4.000000e-01 0.000000e+00
      vertex   2.029400e+01 1.241000e+00 0.000000e+00
      vertex   2.206800e+01 1.339000e+00 0.000000e+00
    endloop
  endfacet
  facet normal 0.000000e+00 0.000000e+00 -1.000000e+00
    outer loop
      vertex   2.206800e+01 1.339000e+00 0.000000e+00
      vertex   2.240900e+01 3.090000e+00 0.000000e+00
      vertex   2.316400e+01 2.435000e+00 0.000000e+00
    endloop
  endfacet
  facet normal 0.000000e+00 -0.000000e+00 -1.000000e+00
    outer loop
      vertex   2.141300e+01 2.094000e+00 0.000000e+00
      vertex   2.206800e+01 1.339000e+00 0.000000e+00
      vertex   2.029400e+01 1.241000e+00 0.000000e+00
    endloop
  endfacet
  facet normal 0.000000e+00 0.000000e+00 -1.000000e+00
    outer loop
      vertex   1.948600e+01 -3.640000e-01 0.000000e+00
      vertex   1.907100e+01 5.460000e-01 0.000000e+00
      vertex   2.083500e+01 4.000000e-01 0.000000e+00
    endloop
  endfacet
  facet normal 0.000000e+00 0.000000e+00 -1.000000e+00
    outer loop
      vertex   2.240900e+01 3.090000e+00 0.000000e+00
      vertex   2.326200e+01 4.209000e+00 0.000000e+00
      vertex   2.316400e+01 2.435000e+00 0.000000e+00
    endloop
  endfacet
  facet normal -0.000000e+00 0.000000e+00 -1.000000e+00
    outer loop
      vertex   1.672200e+01 6.085000e+00 0.000000e+00
      vertex   1.617600e+01 5.823000e+00 0.000000e+00
      vertex   1.613500e+01 6.904000e+00 0.000000e+00
    endloop
  endfacet
  facet normal 0.000000e+00 0.000000e+00 -1.000000e+00
    outer loop
      vertex   1.740800e+01 4.185000e+00 0.000000e+00
      vertex   1.813100e+01 4.607000e+00 0.000000e+00
      vertex   1.867200e+01 3.765000e+00 0.000000e+00
    endloop
  endfacet
  facet normal -0.000000e+00 0.000000e+00 -1.000000e+00
    outer loop
      vertex   1.944900e+01 4.362000e+00 0.000000e+00
      vertex   1.867200e+01 3.765000e+00 0.000000e+00
      vertex   1.813100e+01 4.607000e+00 0.000000e+00
    endloop
  endfacet
  facet normal 0.000000e+00 0.000000e+00 -1.000000e+00
    outer loop
      vertex   1.813100e+01 4.607000e+00 0.000000e+00
      vertex   1.879400e+01 5.118000e+00 0.000000e+00
      vertex   1.944900e+01 4.362000e+00 0.000000e+00
    endloop
  endfacet
  facet normal 0.000000e+00 0.000000e+00 -1.000000e+00
    outer loop
      vertex   1.879400e+01 5.118000e+00 0.000000e+00
      vertex   1.938500e+01 5.709000e+00 0.000000e+00
      vertex   2.014100e+01 5.054000e+00 0.000000e+00
    endloop
  endfacet
  facet normal -0.000000e+00 0.000000e+00 -1.000000e+00
    outer loop
      vertex   2.014100e+01 5.054000e+00 0.000000e+00
      vertex   1.944900e+01 4.362000e+00 0.000000e+00
      vertex   1.879400e+01 5.118000e+00 0.000000e+00
    endloop
  endfacet
  facet normal 0.000000e+00 0.000000e+00 -1.000000e+00
    outer loop
      vertex   1.938500e+01 5.709000e+00 0.000000e+00
      vertex   1.989600e+01 6.372001e+00 0.000000e+00
      vertex   2.014100e+01 5.054000e+00 0.000000e+00
    endloop
  endfacet
  facet normal 0.000000e+00 0.000000e+00 -1.000000e+00
    outer loop
      vertex   1.725300e+01 7.835000e+00 0.000000e+00
      vertex   1.752800e+01 8.239000e+00 0.000000e+00
      vertex   1.808400e+01 7.275000e+00 0.000000e+00
    endloop
  endfacet
  facet normal -0.000000e+00 0.000000e+00 -1.000000e+00
    outer loop
      vertex   1.808400e+01 7.275000e+00 0.000000e+00
      vertex   1.768500e+01 6.818000e+00 0.000000e+00
      vertex   1.725300e+01 7.835000e+00 0.000000e+00
    endloop
  endfacet
  facet normal -0.000000e+00 0.000000e+00 -1.000000e+00
    outer loop
      vertex   1.768500e+01 6.818000e+00 0.000000e+00
      vertex   1.722800e+01 6.419000e+00 0.000000e+00
      vertex   1.692500e+01 7.473000e+00 0.000000e+00
    endloop
  endfacet
  facet normal 0.000000e+00 0.000000e+00 -1.000000e+00
    outer loop
      vertex   1.692500e+01 7.473000e+00 0.000000e+00
      vertex   1.725300e+01 7.835000e+00 0.000000e+00
      vertex   1.768500e+01 6.818000e+00 0.000000e+00
    endloop
  endfacet
  facet normal 0.000000e+00 0.000000e+00 -1.000000e+00
    outer loop
      vertex   1.752800e+01 8.239000e+00 0.000000e+00
      vertex   1.774300e+01 8.677000e+00 0.000000e+00
      vertex   1.841800e+01 7.781000e+00 0.000000e+00
    endloop
  endfacet
  facet normal -0.000000e+00 0.000000e+00 -1.000000e+00
    outer loop
      vertex   1.841800e+01 7.781000e+00 0.000000e+00
      vertex   1.808400e+01 7.275000e+00 0.000000e+00
      vertex   1.752800e+01 8.239000e+00 0.000000e+00
    endloop
  endfacet
  facet normal 0.000000e+00 -0.000000e+00 -1.000000e+00
    outer loop
      vertex   2.031700e+01 7.095000e+00 0.000000e+00
      vertex   2.073800e+01 5.831000e+00 0.000000e+00
      vertex   1.989600e+01 6.372001e+00 0.000000e+00
    endloop
  endfacet
  facet normal -0.000000e+00 0.000000e+00 -1.000000e+00
    outer loop
      vertex   2.486700e+01 5.017000e+00 0.000000e+00
      vertex   2.410300e+01 3.668000e+00 0.000000e+00
      vertex   2.395700e+01 5.432000e+00 0.000000e+00
    endloop
  endfacet
  facet normal 0.000000e+00 0.000000e+00 -1.000000e+00
    outer loop
      vertex   2.326200e+01 4.209000e+00 0.000000e+00
      vertex   2.395700e+01 5.432000e+00 0.000000e+00
      vertex   2.410300e+01 3.668000e+00 0.000000e+00
    endloop
  endfacet
  facet normal 0.000000e+00 0.000000e+00 -1.000000e+00
    outer loop
      vertex   2.160300e+01 7.583000e+00 0.000000e+00
      vertex   2.086600e+01 8.672000e+00 0.000000e+00
      vertex   2.185700e+01 8.529000e+00 0.000000e+00
    endloop
  endfacet
  facet normal 0.000000e+00 -0.000000e+00 -1.000000e+00
    outer loop
      vertex   2.086600e+01 8.672000e+00 0.000000e+00
      vertex   2.160300e+01 7.583000e+00 0.000000e+00
      vertex   2.064300e+01 7.865000e+00 0.000000e+00
    endloop
  endfacet
  facet normal -0.000000e+00 0.000000e+00 -1.000000e+00
    outer loop
      vertex   2.160300e+01 7.583000e+00 0.000000e+00
      vertex   2.122800e+01 6.679000e+00 0.000000e+00
      vertex   2.064300e+01 7.865000e+00 0.000000e+00
    endloop
  endfacet
  facet normal 0.000000e+00 0.000000e+00 -1.000000e+00
    outer loop
      vertex   2.031700e+01 7.095000e+00 0.000000e+00
      vertex   2.064300e+01 7.865000e+00 0.000000e+00
      vertex   2.122800e+01 6.679000e+00 0.000000e+00
    endloop
  endfacet
  facet normal -0.000000e+00 0.000000e+00 -1.000000e+00
    outer loop
      vertex   2.122800e+01 6.679000e+00 0.000000e+00
      vertex   2.073800e+01 5.831000e+00 0.000000e+00
      vertex   2.031700e+01 7.095000e+00 0.000000e+00
    endloop
  endfacet
  facet normal 0.000000e+00 0.000000e+00 -1.000000e+00
    outer loop
      vertex   2.014100e+01 5.054000e+00 0.000000e+00
      vertex   1.989600e+01 6.372001e+00 0.000000e+00
      vertex   2.073800e+01 5.831000e+00 0.000000e+00
    endloop
  endfacet
  facet normal 0.000000e+00 -0.000000e+00 -1.000000e+00
    outer loop
      vertex   2.448300e+01 6.738000e+00 0.000000e+00
      vertex   2.486700e+01 5.017000e+00 0.000000e+00
      vertex   2.395700e+01 5.432000e+00 0.000000e+00
    endloop
  endfacet
  facet normal -0.000000e+00 0.000000e+00 -1.000000e+00
    outer loop
      vertex   2.599200e+01 9.500000e+00 0.000000e+00
      vertex   2.582100e+01 7.959000e+00 0.000000e+00
      vertex   2.499100e+01 9.500000e+00 0.000000e+00
    endloop
  endfacet
  facet normal -0.000000e+00 0.000000e+00 -1.000000e+00
    outer loop
      vertex   2.582100e+01 7.959000e+00 0.000000e+00
      vertex   2.544300e+01 6.456000e+00 0.000000e+00
      vertex   2.483000e+01 8.102000e+00 0.000000e+00
    endloop
  endfacet
  facet normal 0.000000e+00 0.000000e+00 -1.000000e+00
    outer loop
      vertex   2.486700e+01 5.017000e+00 0.000000e+00
      vertex   2.448300e+01 6.738000e+00 0.000000e+00
      vertex   2.544300e+01 6.456000e+00 0.000000e+00
    endloop
  endfacet
  facet normal 0.000000e+00 0.000000e+00 -1.000000e+00
    outer loop
      vertex   2.448300e+01 6.738000e+00 0.000000e+00
      vertex   2.483000e+01 8.102000e+00 0.000000e+00
      vertex   2.544300e+01 6.456000e+00 0.000000e+00
    endloop
  endfacet
  facet normal 0.000000e+00 0.000000e+00 -1.000000e+00
    outer loop
      vertex   2.483000e+01 8.102000e+00 0.000000e+00
      vertex   2.499100e+01 9.500000e+00 0.000000e+00
      vertex   2.582100e+01 7.959000e+00 0.000000e+00
    endloop
  endfacet
  facet normal 0.000000e+00 0.000000e+00 -1.000000e+00
    outer loop
      vertex   1.868000e+01 8.327000e+00 0.000000e+00
      vertex   1.789600e+01 9.141000e+00 0.000000e+00
      vertex   1.886700e+01 8.903000e+00 0.000000e+00
    endloop
  endfacet
  facet normal 0.000000e+00 0.000000e+00 -1.000000e+00
    outer loop
      vertex   1.886700e+01 8.903000e+00 0.000000e+00
      vertex   1.789600e+01 9.141000e+00 0.000000e+00
      vertex   1.897500e+01 9.500000e+00 0.000000e+00
    endloop
  endfacet
  facet normal -0.000000e+00 -0.000000e+00 -1.000000e+00
    outer loop
      vertex   2.098400e+01 1.050000e+01 0.000000e+00
      vertex   2.098400e+01 9.500000e+00 0.000000e+00
      vertex   1.897500e+01 1.050000e+01 0.000000e+00
    endloop
  endfacet
  facet normal 0.000000e+00 -0.000000e+00 -1.000000e+00
    outer loop
      vertex   1.798200e+01 9.621000e+00 0.000000e+00
      vertex   1.897500e+01 9.500000e+00 0.000000e+00
      vertex   1.789600e+01 9.141000e+00 0.000000e+00
    endloop
  endfacet
  facet normal 0.000000e+00 0.000000e+00 -1.000000e+00
    outer loop
      vertex   1.868000e+01 8.327000e+00 0.000000e+00
      vertex   1.774300e+01 8.677000e+00 0.000000e+00
      vertex   1.789600e+01 9.141000e+00 0.000000e+00
    endloop
  endfacet
  facet normal 0.000000e+00 0.000000e+00 -1.000000e+00
    outer loop
      vertex   1.897500e+01 9.500000e+00 0.000000e+00
      vertex   1.897500e+01 1.050000e+01 0.000000e+00
      vertex   2.098400e+01 9.500000e+00 0.000000e+00
    endloop
  endfacet
  facet normal -0.000000e+00 0.000000e+00 -1.000000e+00
    outer loop
      vertex   1.868000e+01 8.327000e+00 0.000000e+00
      vertex   1.841800e+01 7.781000e+00 0.000000e+00
      vertex   1.774300e+01 8.677000e+00 0.000000e+00
    endloop
  endfacet
  facet normal 0.000000e+00 0.000000e+00 -1.000000e+00
    outer loop
      vertex   1.798200e+01 9.621000e+00 0.000000e+00
      vertex   1.800100e+01 1.010900e+01 0.000000e+00
      vertex   1.897500e+01 9.500000e+00 0.000000e+00
    endloop
  endfacet
  facet normal 0.000000e+00 0.000000e+00 -1.000000e+00
    outer loop
      vertex   1.800100e+01 1.010900e+01 0.000000e+00
      vertex   1.795200e+01 1.059500e+01 0.000000e+00
      vertex   1.897500e+01 1.050000e+01 0.000000e+00
    endloop
  endfacet
  facet normal 0.000000e+00 -0.000000e+00 -1.000000e+00
    outer loop
      vertex   1.886700e+01 1.109700e+01 0.000000e+00
      vertex   1.897500e+01 1.050000e+01 0.000000e+00
      vertex   1.795200e+01 1.059500e+01 0.000000e+00
    endloop
  endfacet
  facet normal 0.000000e+00 0.000000e+00 -1.000000e+00
    outer loop
      vertex   1.795200e+01 1.059500e+01 0.000000e+00
      vertex   1.783600e+01 1.106900e+01 0.000000e+00
      vertex   1.886700e+01 1.109700e+01 0.000000e+00
    endloop
  endfacet
  facet normal 0.000000e+00 -0.000000e+00 -1.000000e+00
    outer loop
      vertex   1.897500e+01 1.050000e+01 0.000000e+00
      vertex   1.897500e+01 9.500000e+00 0.000000e+00
      vertex   1.800100e+01 1.010900e+01 0.000000e+00
    endloop
  endfacet
  facet normal -0.000000e+00 0.000000e+00 -1.000000e+00
    outer loop
      vertex   1.868000e+01 1.167300e+01 0.000000e+00
      vertex   1.765400e+01 1.152300e+01 0.000000e+00
      vertex   1.841800e+01 1.221900e+01 0.000000e+00
    endloop
  endfacet
  facet normal 0.000000e+00 0.000000e+00 -1.000000e+00
    outer loop
      vertex   1.741200e+01 1.194600e+01 0.000000e+00
      vertex   1.841800e+01 1.221900e+01 0.000000e+00
      vertex   1.765400e+01 1.152300e+01 0.000000e+00
    endloop
  endfacet
  facet normal 0.000000e+00 0.000000e+00 -1.000000e+00
    outer loop
      vertex   1.868000e+01 1.167300e+01 0.000000e+00
      vertex   1.783600e+01 1.106900e+01 0.000000e+00
      vertex   1.765400e+01 1.152300e+01 0.000000e+00
    endloop
  endfacet
  facet normal 0.000000e+00 -0.000000e+00 -1.000000e+00
    outer loop
      vertex   1.868000e+01 1.167300e+01 0.000000e+00
      vertex   1.886700e+01 1.109700e+01 0.000000e+00
      vertex   1.783600e+01 1.106900e+01 0.000000e+00
    endloop
  endfacet
  facet normal 0.000000e+00 -0.000000e+00 -1.000000e+00
    outer loop
      vertex   1.808400e+01 1.272500e+01 0.000000e+00
      vertex   1.841800e+01 1.221900e+01 0.000000e+00
      vertex   1.741200e+01 1.194600e+01 0.000000e+00
    endloop
  endfacet
  facet normal 0.000000e+00 0.000000e+00 -1.000000e+00
    outer loop
      vertex   1.711300e+01 1.233200e+01 0.000000e+00
      vertex   1.808400e+01 1.272500e+01 0.000000e+00
      vertex   1.741200e+01 1.194600e+01 0.000000e+00
    endloop
  endfacet
  facet normal -0.000000e+00 -0.000000e+00 -1.000000e+00
    outer loop
      vertex   2.499100e+01 1.050000e+01 0.000000e+00
      vertex   2.499100e+01 9.500000e+00 0.000000e+00
      vertex   2.198600e+01 1.050000e+01 0.000000e+00
    endloop
  endfacet
  facet normal 0.000000e+00 0.000000e+00 -1.000000e+00
    outer loop
      vertex   2.499100e+01 9.500000e+00 0.000000e+00
      vertex   2.198600e+01 9.500000e+00 0.000000e+00
      vertex   2.198600e+01 1.050000e+01 0.000000e+00
    endloop
  endfacet
  facet normal 0.000000e+00 0.000000e+00 -1.000000e+00
    outer loop
      vertex   2.198600e+01 9.500000e+00 0.000000e+00
      vertex   2.098400e+01 1.050000e+01 0.000000e+00
      vertex   2.198600e+01 1.050000e+01 0.000000e+00
    endloop
  endfacet
  facet normal 0.000000e+00 0.000000e+00 -1.000000e+00
    outer loop
      vertex   2.185700e+01 8.529000e+00 0.000000e+00
      vertex   2.098400e+01 9.500000e+00 0.000000e+00
      vertex   2.198600e+01 9.500000e+00 0.000000e+00
    endloop
  endfacet
  facet normal 0.000000e+00 -0.000000e+00 -1.000000e+00
    outer loop
      vertex   2.160300e+01 1.241700e+01 0.000000e+00
      vertex   2.185700e+01 1.147100e+01 0.000000e+00
      vertex   2.086600e+01 1.132800e+01 0.000000e+00
    endloop
  endfacet
  facet normal 0.000000e+00 0.000000e+00 -1.000000e+00
    outer loop
      vertex   2.198600e+01 1.050000e+01 0.000000e+00
      vertex   2.098400e+01 1.050000e+01 0.000000e+00
      vertex   2.185700e+01 1.147100e+01 0.000000e+00
    endloop
  endfacet
  facet normal 0.000000e+00 0.000000e+00 -1.000000e+00
    outer loop
      vertex   2.064300e+01 1.213500e+01 0.000000e+00
      vertex   2.160300e+01 1.241700e+01 0.000000e+00
      vertex   2.086600e+01 1.132800e+01 0.000000e+00
    endloop
  endfacet
  facet normal 0.000000e+00 0.000000e+00 -1.000000e+00
    outer loop
      vertex   2.086600e+01 1.132800e+01 0.000000e+00
      vertex   2.185700e+01 1.147100e+01 0.000000e+00
      vertex   2.098400e+01 1.050000e+01 0.000000e+00
    endloop
  endfacet
  facet normal 0.000000e+00 0.000000e+00 -1.000000e+00
    outer loop
      vertex   2.098400e+01 1.050000e+01 0.000000e+00
      vertex   2.198600e+01 9.500000e+00 0.000000e+00
      vertex   2.098400e+01 9.500000e+00 0.000000e+00
    endloop
  endfacet
  facet normal 0.000000e+00 -0.000000e+00 -1.000000e+00
    outer loop
      vertex   2.098400e+01 9.500000e+00 0.000000e+00
      vertex   2.185700e+01 8.529000e+00 0.000000e+00
      vertex   2.086600e+01 8.672000e+00 0.000000e+00
    endloop
  endfacet
  facet normal 0.000000e+00 0.000000e+00 -1.000000e+00
    outer loop
      vertex   2.031700e+01 1.290500e+01 0.000000e+00
      vertex   1.989600e+01 1.362800e+01 0.000000e+00
      vertex   2.073800e+01 1.416900e+01 0.000000e+00
    endloop
  endfacet
  facet normal 0.000000e+00 0.000000e+00 -1.000000e+00
    outer loop
      vertex   1.938500e+01 1.429100e+01 0.000000e+00
      vertex   2.014100e+01 1.494600e+01 0.000000e+00
      vertex   1.989600e+01 1.362800e+01 0.000000e+00
    endloop
  endfacet
  facet normal 0.000000e+00 -0.000000e+00 -1.000000e+00
    outer loop
      vertex   1.944900e+01 1.563800e+01 0.000000e+00
      vertex   2.014100e+01 1.494600e+01 0.000000e+00
      vertex   1.879400e+01 1.488200e+01 0.000000e+00
    endloop
  endfacet
  facet normal 0.000000e+00 -0.000000e+00 -1.000000e+00
    outer loop
      vertex   1.672200e+01 1.391500e+01 0.000000e+00
      vertex   1.722800e+01 1.358100e+01 0.000000e+00
      vertex   1.636900e+01 1.296100e+01 0.000000e+00
    endloop
  endfacet
  facet normal 0.000000e+00 0.000000e+00 -1.000000e+00
    outer loop
      vertex   1.676300e+01 1.267300e+01 0.000000e+00
      vertex   1.768500e+01 1.318200e+01 0.000000e+00
      vertex   1.711300e+01 1.233200e+01 0.000000e+00
    endloop
  endfacet
  facet normal 0.000000e+00 -0.000000e+00 -1.000000e+00
    outer loop
      vertex   1.722800e+01 1.358100e+01 0.000000e+00
      vertex   1.768500e+01 1.318200e+01 0.000000e+00
      vertex   1.676300e+01 1.267300e+01 0.000000e+00
    endloop
  endfacet
  facet normal -0.000000e+00 0.000000e+00 -1.000000e+00
    outer loop
      vertex   1.808400e+01 1.272500e+01 0.000000e+00
      vertex   1.711300e+01 1.233200e+01 0.000000e+00
      vertex   1.768500e+01 1.318200e+01 0.000000e+00
    endloop
  endfacet
  facet normal 0.000000e+00 0.000000e+00 -1.000000e+00
    outer loop
      vertex   1.676300e+01 1.267300e+01 0.000000e+00
      vertex   1.636900e+01 1.296100e+01 0.000000e+00
      vertex   1.722800e+01 1.358100e+01 0.000000e+00
    endloop
  endfacet
  facet normal 0.000000e+00 0.000000e+00 -1.000000e+00
    outer loop
      vertex   1.663800e+01 1.614000e+01 0.000000e+00
      vertex   1.782400e+01 1.672500e+01 0.000000e+00
      vertex   1.740800e+01 1.581500e+01 0.000000e+00
    endloop
  endfacet
  facet normal 0.000000e+00 -0.000000e+00 -1.000000e+00
    outer loop
      vertex   1.782400e+01 1.672500e+01 0.000000e+00
      vertex   1.867200e+01 1.623500e+01 0.000000e+00
      vertex   1.740800e+01 1.581500e+01 0.000000e+00
    endloop
  endfacet
  facet normal 0.000000e+00 0.000000e+00 -1.000000e+00
    outer loop
      vertex   1.879400e+01 1.488200e+01 0.000000e+00
      vertex   1.813100e+01 1.539300e+01 0.000000e+00
      vertex   1.944900e+01 1.563800e+01 0.000000e+00
    endloop
  endfacet
  facet normal -0.000000e+00 0.000000e+00 -1.000000e+00
    outer loop
      vertex   2.073800e+01 1.416900e+01 0.000000e+00
      vertex   1.989600e+01 1.362800e+01 0.000000e+00
      vertex   2.014100e+01 1.494600e+01 0.000000e+00
    endloop
  endfacet
  facet normal 0.000000e+00 0.000000e+00 -1.000000e+00
    outer loop
      vertex   1.938500e+01 1.429100e+01 0.000000e+00
      vertex   1.879400e+01 1.488200e+01 0.000000e+00
      vertex   2.014100e+01 1.494600e+01 0.000000e+00
    endloop
  endfacet
  facet normal 0.000000e+00 -0.000000e+00 -1.000000e+00
    outer loop
      vertex   1.867200e+01 1.623500e+01 0.000000e+00
      vertex   1.944900e+01 1.563800e+01 0.000000e+00
      vertex   1.813100e+01 1.539300e+01 0.000000e+00
    endloop
  endfacet
  facet normal 0.000000e+00 0.000000e+00 -1.000000e+00
    outer loop
      vertex   1.813100e+01 1.539300e+01 0.000000e+00
      vertex   1.740800e+01 1.581500e+01 0.000000e+00
      vertex   1.867200e+01 1.623500e+01 0.000000e+00
    endloop
  endfacet
  facet normal 0.000000e+00 0.000000e+00 -1.000000e+00
    outer loop
      vertex   2.395700e+01 1.456800e+01 0.000000e+00
      vertex   2.326200e+01 1.579100e+01 0.000000e+00
      vertex   2.410300e+01 1.633200e+01 0.000000e+00
    endloop
  endfacet
  facet normal 0.000000e+00 -0.000000e+00 -1.000000e+00
    outer loop
      vertex   2.410300e+01 1.633200e+01 0.000000e+00
      vertex   2.486700e+01 1.498300e+01 0.000000e+00
      vertex   2.395700e+01 1.456800e+01 0.000000e+00
    endloop
  endfacet
  facet normal 0.000000e+00 0.000000e+00 -1.000000e+00
    outer loop
      vertex   2.448300e+01 1.326200e+01 0.000000e+00
      vertex   2.395700e+01 1.456800e+01 0.000000e+00
      vertex   2.486700e+01 1.498300e+01 0.000000e+00
    endloop
  endfacet
  facet normal 0.000000e+00 -0.000000e+00 -1.000000e+00
    outer loop
      vertex   2.486700e+01 1.498300e+01 0.000000e+00
      vertex   2.544300e+01 1.354400e+01 0.000000e+00
      vertex   2.448300e+01 1.326200e+01 0.000000e+00
    endloop
  endfacet
  facet normal 0.000000e+00 0.000000e+00 -1.000000e+00
    outer loop
      vertex   2.240900e+01 1.691000e+01 0.000000e+00
      vertex   2.316400e+01 1.756500e+01 0.000000e+00
      vertex   2.326200e+01 1.579100e+01 0.000000e+00
    endloop
  endfacet
  facet normal 0.000000e+00 -0.000000e+00 -1.000000e+00
    outer loop
      vertex   2.073800e+01 1.416900e+01 0.000000e+00
      vertex   2.122800e+01 1.332100e+01 0.000000e+00
      vertex   2.031700e+01 1.290500e+01 0.000000e+00
    endloop
  endfacet
  facet normal 0.000000e+00 0.000000e+00 -1.000000e+00
    outer loop
      vertex   2.064300e+01 1.213500e+01 0.000000e+00
      vertex   2.031700e+01 1.290500e+01 0.000000e+00
      vertex   2.122800e+01 1.332100e+01 0.000000e+00
    endloop
  endfacet
  facet normal -0.000000e+00 0.000000e+00 -1.000000e+00
    outer loop
      vertex   2.160300e+01 1.241700e+01 0.000000e+00
      vertex   2.064300e+01 1.213500e+01 0.000000e+00
      vertex   2.122800e+01 1.332100e+01 0.000000e+00
    endloop
  endfacet
  facet normal 0.000000e+00 0.000000e+00 -1.000000e+00
    outer loop
      vertex   2.499100e+01 9.500000e+00 0.000000e+00
      vertex   2.499100e+01 1.050000e+01 0.000000e+00
      vertex   2.599200e+01 9.500000e+00 0.000000e+00
    endloop
  endfacet
  facet normal 0.000000e+00 0.000000e+00 -1.000000e+00
    outer loop
      vertex   2.599200e+01 9.500000e+00 0.000000e+00
      vertex   2.499100e+01 1.050000e+01 0.000000e+00
      vertex   2.599200e+01 1.050000e+01 0.000000e+00
    endloop
  endfacet
  facet normal 0.000000e+00 0.000000e+00 -1.000000e+00
    outer loop
      vertex   2.899400e+01 9.500000e+00 0.000000e+00
      vertex   2.599200e+01 9.500000e+00 0.000000e+00
      vertex   2.599200e+01 1.050000e+01 0.000000e+00
    endloop
  endfacet
  facet normal -0.000000e+00 -0.000000e+00 -1.000000e+00
    outer loop
      vertex   2.899400e+01 1.050000e+01 0.000000e+00
      vertex   2.899400e+01 9.500000e+00 0.000000e+00
      vertex   2.599200e+01 1.050000e+01 0.000000e+00
    endloop
  endfacet
  facet normal 0.000000e+00 0.000000e+00 -1.000000e+00
    outer loop
      vertex   2.483000e+01 1.189800e+01 0.000000e+00
      vertex   2.582100e+01 1.204100e+01 0.000000e+00
      vertex   2.499100e+01 1.050000e+01 0.000000e+00
    endloop
  endfacet
  facet normal 0.000000e+00 -0.000000e+00 -1.000000e+00
    outer loop
      vertex   2.582100e+01 1.204100e+01 0.000000e+00
      vertex   2.599200e+01 1.050000e+01 0.000000e+00
      vertex   2.499100e+01 1.050000e+01 0.000000e+00
    endloop
  endfacet
  facet normal 0.000000e+00 0.000000e+00 -1.000000e+00
    outer loop
      vertex   2.483000e+01 1.189800e+01 0.000000e+00
      vertex   2.448300e+01 1.326200e+01 0.000000e+00
      vertex   2.544300e+01 1.354400e+01 0.000000e+00
    endloop
  endfacet
  facet normal -0.000000e+00 0.000000e+00 -1.000000e+00
    outer loop
      vertex   2.582100e+01 1.204100e+01 0.000000e+00
      vertex   2.483000e+01 1.189800e+01 0.000000e+00
      vertex   2.544300e+01 1.354400e+01 0.000000e+00
    endloop
  endfacet
  facet normal 0.000000e+00 0.000000e+00 1.000000e+00
    outer loop
      vertex   2.872000e+00 1.341000e+00 2.998000e+00
      vertex   -2.503000e+00 -9.003000e+00 2.998000e+00
      vertex   4.003000e+00 0.000000e+00 2.998000e+00
    endloop
  endfacet
  facet normal 0.000000e+00 0.000000e+00 1.000000e+00
    outer loop
      vertex   -2.503000e+00 -9.003000e+00 2.998000e+00
      vertex   8.887000e+00 -3.368000e+00 2.998000e+00
      vertex   8.886000e+00 -3.368000e+00 2.998000e+00
    endloop
  endfacet
  facet normal 0.000000e+00 0.000000e+00 -1.000000e+00
    outer loop
      vertex   -5.281000e+00 4.144900e+01 0.000000e+00
      vertex   -4.498000e+00 4.150000e+01 0.000000e+00
      vertex   3.574000e+00 1.953000e+01 0.000000e+00
    endloop
  endfacet
  facet normal -0.000000e+00 0.000000e+00 -1.000000e+00
    outer loop
      vertex   6.597000e+00 1.691000e+01 0.000000e+00
      vertex   5.744000e+00 1.579100e+01 0.000000e+00
      vertex   5.842000e+00 1.756500e+01 0.000000e+00
    endloop
  endfacet
  facet normal 0.000000e+00 0.000000e+00 -1.000000e+00
    outer loop
      vertex   5.842000e+00 1.756500e+01 0.000000e+00
      vertex   7.593000e+00 1.790600e+01 0.000000e+00
      vertex   6.597000e+00 1.691000e+01 0.000000e+00
    endloop
  endfacet
  facet normal 0.000000e+00 0.000000e+00 -1.000000e+00
    outer loop
      vertex   5.842000e+00 1.756500e+01 0.000000e+00
      vertex   6.938000e+00 1.866100e+01 0.000000e+00
      vertex   7.593000e+00 1.790600e+01 0.000000e+00
    endloop
  endfacet
  facet normal 0.000000e+00 0.000000e+00 -1.000000e+00
    outer loop
      vertex   8.712000e+00 1.875900e+01 0.000000e+00
      vertex   7.593000e+00 1.790600e+01 0.000000e+00
      vertex   6.938000e+00 1.866100e+01 0.000000e+00
    endloop
  endfacet
  facet normal 0.000000e+00 -0.000000e+00 -1.000000e+00
    outer loop
      vertex   9.520001e+00 2.036400e+01 0.000000e+00
      vertex   9.935001e+00 1.945400e+01 0.000000e+00
      vertex   8.171000e+00 1.960000e+01 0.000000e+00
    endloop
  endfacet
  facet normal 0.000000e+00 -0.000000e+00 -1.000000e+00
    outer loop
      vertex   8.171000e+00 1.960000e+01 0.000000e+00
      vertex   8.712000e+00 1.875900e+01 0.000000e+00
      vertex   6.938000e+00 1.866100e+01 0.000000e+00
    endloop
  endfacet
  facet normal 0.000000e+00 0.000000e+00 -1.000000e+00
    outer loop
      vertex   2.379000e+00 1.795400e+01 0.000000e+00
      vertex   -1.049700e+01 3.550000e+01 0.000000e+00
      vertex   3.574000e+00 1.953000e+01 0.000000e+00
    endloop
  endfacet
  facet normal -0.000000e+00 0.000000e+00 -1.000000e+00
    outer loop
      vertex   4.973000e+00 2.092900e+01 0.000000e+00
      vertex   3.574000e+00 1.953000e+01 0.000000e+00
      vertex   -4.498000e+00 4.150000e+01 0.000000e+00
    endloop
  endfacet
  facet normal 0.000000e+00 0.000000e+00 1.000000e+00
    outer loop
      vertex   -2.503000e+00 -9.003000e+00 2.998000e+00
      vertex   4.503000e+00 -5.000000e-01 2.998000e+00
      vertex   4.003000e+00 0.000000e+00 2.998000e+00
    endloop
  endfacet
  facet normal -0.000000e+00 0.000000e+00 -1.000000e+00
    outer loop
      vertex   6.549000e+00 2.212400e+01 0.000000e+00
      vertex   4.973000e+00 2.092900e+01 0.000000e+00
      vertex   -4.498000e+00 4.150000e+01 0.000000e+00
    endloop
  endfacet
  facet normal 0.000000e+00 -0.000000e+00 -1.000000e+00
    outer loop
      vertex   1.246200e+01 2.131800e+01 0.000000e+00
      vertex   1.260500e+01 2.032700e+01 0.000000e+00
      vertex   1.095900e+01 2.094000e+01 0.000000e+00
    endloop
  endfacet
  facet normal -0.000000e+00 0.000000e+00 -1.000000e+00
    outer loop
      vertex   1.260500e+01 2.032700e+01 0.000000e+00
      vertex   1.124100e+01 1.998000e+01 0.000000e+00
      vertex   1.095900e+01 2.094000e+01 0.000000e+00
    endloop
  endfacet
  facet normal 0.000000e+00 0.000000e+00 -1.000000e+00
    outer loop
      vertex   9.520001e+00 2.036400e+01 0.000000e+00
      vertex   1.095900e+01 2.094000e+01 0.000000e+00
      vertex   1.124100e+01 1.998000e+01 0.000000e+00
    endloop
  endfacet
  facet normal -0.000000e+00 0.000000e+00 -1.000000e+00
    outer loop
      vertex   1.124100e+01 1.998000e+01 0.000000e+00
      vertex   9.935001e+00 1.945400e+01 0.000000e+00
      vertex   9.520001e+00 2.036400e+01 0.000000e+00
    endloop
  endfacet
  facet normal 0.000000e+00 0.000000e+00 -1.000000e+00
    outer loop
      vertex   8.712000e+00 1.875900e+01 0.000000e+00
      vertex   8.171000e+00 1.960000e+01 0.000000e+00
      vertex   9.935001e+00 1.945400e+01 0.000000e+00
    endloop
  endfacet
  facet normal 0.000000e+00 -0.000000e+00 -1.000000e+00
    outer loop
      vertex   1.208600e+01 1.710000e+01 0.000000e+00
      vertex   1.236800e+01 1.614000e+01 0.000000e+00
      vertex   1.118200e+01 1.672500e+01 0.000000e+00
    endloop
  endfacet
  facet normal 0.000000e+00 0.000000e+00 -1.000000e+00
    outer loop
      vertex   1.500300e+01 2.148900e+01 0.000000e+00
      vertex   1.654400e+01 2.131800e+01 0.000000e+00
      vertex   1.500300e+01 2.048800e+01 0.000000e+00
    endloop
  endfacet
  facet normal 0.000000e+00 0.000000e+00 -1.000000e+00
    outer loop
      vertex   1.500300e+01 1.447200e+01 0.000000e+00
      vertex   1.400300e+01 1.447200e+01 0.000000e+00
      vertex   1.500300e+01 1.648100e+01 0.000000e+00
    endloop
  endfacet
  facet normal 0.000000e+00 0.000000e+00 -1.000000e+00
    outer loop
      vertex   1.400300e+01 1.447200e+01 0.000000e+00
      vertex   1.400300e+01 1.648100e+01 0.000000e+00
      vertex   1.500300e+01 1.648100e+01 0.000000e+00
    endloop
  endfacet
  facet normal 0.000000e+00 -0.000000e+00 -1.000000e+00
    outer loop
      vertex   1.500300e+01 1.748300e+01 0.000000e+00
      vertex   1.500300e+01 1.648100e+01 0.000000e+00
      vertex   1.400300e+01 1.648100e+01 0.000000e+00
    endloop
  endfacet
  facet normal 0.000000e+00 0.000000e+00 -1.000000e+00
    outer loop
      vertex   1.400300e+01 1.748300e+01 0.000000e+00
      vertex   1.500300e+01 1.748300e+01 0.000000e+00
      vertex   1.400300e+01 1.648100e+01 0.000000e+00
    endloop
  endfacet
  facet normal -0.000000e+00 0.000000e+00 -1.000000e+00
    outer loop
      vertex   1.400300e+01 1.648100e+01 0.000000e+00
      vertex   1.317500e+01 1.636300e+01 0.000000e+00
      vertex   1.303200e+01 1.735400e+01 0.000000e+00
    endloop
  endfacet
  facet normal 0.000000e+00 -0.000000e+00 -1.000000e+00
    outer loop
      vertex   1.400300e+01 1.748300e+01 0.000000e+00
      vertex   1.400300e+01 1.648100e+01 0.000000e+00
      vertex   1.303200e+01 1.735400e+01 0.000000e+00
    endloop
  endfacet
  facet normal 0.000000e+00 -0.000000e+00 -1.000000e+00
    outer loop
      vertex   1.597400e+01 1.735400e+01 0.000000e+00
      vertex   1.692000e+01 1.710000e+01 0.000000e+00
      vertex   1.583100e+01 1.636300e+01 0.000000e+00
    endloop
  endfacet
  facet normal 0.000000e+00 0.000000e+00 -1.000000e+00
    outer loop
      vertex   1.663800e+01 1.614000e+01 0.000000e+00
      vertex   1.583100e+01 1.636300e+01 0.000000e+00
      vertex   1.692000e+01 1.710000e+01 0.000000e+00
    endloop
  endfacet
  facet normal 0.000000e+00 0.000000e+00 -1.000000e+00
    outer loop
      vertex   1.500300e+01 1.648100e+01 0.000000e+00
      vertex   1.500300e+01 1.748300e+01 0.000000e+00
      vertex   1.597400e+01 1.735400e+01 0.000000e+00
    endloop
  endfacet
  facet normal 4.903281e-01 8.714695e-01 1.092288e-02
    outer loop
      vertex   7.314000e+00 -2.592000e+00 2.998000e+00
      vertex   8.273000e+00 -3.094000e+00 0.000000e+00
      vertex   6.549000e+00 -2.124000e+00 0.000000e+00
    endloop
  endfacet
  facet normal -0.000000e+00 0.000000e+00 -1.000000e+00
    outer loop
      vertex   1.203500e+01 2.428800e+01 0.000000e+00
      vertex   1.011400e+01 2.382000e+01 0.000000e+00
      vertex   -4.498000e+00 4.150000e+01 0.000000e+00
    endloop
  endfacet
  facet normal 0.000000e+00 9.867474e-01 -1.622637e-01
    outer loop
      vertex   5.845000e+00 -1.631000e+00 2.998000e+00
      vertex   6.549000e+00 -2.124000e+00 0.000000e+00
      vertex   5.844000e+00 -1.631000e+00 2.998000e+00
    endloop
  endfacet
  facet normal 6.041614e-01 7.967854e-01 1.104694e-02
    outer loop
      vertex   6.549000e+00 -2.124000e+00 0.000000e+00
      vertex   4.973000e+00 -9.290000e-01 0.000000e+00
      vertex   5.844000e+00 -1.631000e+00 2.998000e+00
    endloop
  endfacet
  facet normal -0.000000e+00 0.000000e+00 -1.000000e+00
    outer loop
      vertex   1.400300e+01 2.449100e+01 0.000000e+00
      vertex   1.203500e+01 2.428800e+01 0.000000e+00
      vertex   -4.498000e+00 4.150000e+01 0.000000e+00
    endloop
  endfacet
  facet normal 0.000000e+00 0.000000e+00 1.000000e+00
    outer loop
      vertex   7.312000e+00 -2.592000e+00 2.998000e+00
      vertex   5.845000e+00 -1.631000e+00 2.998000e+00
      vertex   -2.503000e+00 -9.003000e+00 2.998000e+00
    endloop
  endfacet
  facet normal -0.000000e+00 9.880340e-01 1.542361e-01
    outer loop
      vertex   7.312000e+00 -2.592000e+00 2.998000e+00
      vertex   7.314000e+00 -2.592000e+00 2.998000e+00
      vertex   6.549000e+00 -2.124000e+00 0.000000e+00
    endloop
  endfacet
  facet normal 5.479497e-01 8.364641e-01 -8.879324e-03
    outer loop
      vertex   7.312000e+00 -2.592000e+00 2.998000e+00
      vertex   6.549000e+00 -2.124000e+00 0.000000e+00
      vertex   5.845000e+00 -1.631000e+00 2.998000e+00
    endloop
  endfacet
  facet normal 0.000000e+00 0.000000e+00 -1.000000e+00
    outer loop
      vertex   1.400300e+01 2.449100e+01 0.000000e+00
      vertex   -4.498000e+00 4.150000e+01 0.000000e+00
      vertex   1.500300e+01 2.449100e+01 0.000000e+00
    endloop
  endfacet
  facet normal 0.000000e+00 0.000000e+00 -1.000000e+00
    outer loop
      vertex   1.400300e+01 2.148900e+01 0.000000e+00
      vertex   1.400300e+01 2.449100e+01 0.000000e+00
      vertex   1.500300e+01 2.449100e+01 0.000000e+00
    endloop
  endfacet
  facet normal 0.000000e+00 -0.000000e+00 -1.000000e+00
    outer loop
      vertex   1.500300e+01 2.449100e+01 0.000000e+00
      vertex   1.500300e+01 2.148900e+01 0.000000e+00
      vertex   1.400300e+01 2.148900e+01 0.000000e+00
    endloop
  endfacet
  facet normal 0.000000e+00 0.000000e+00 -1.000000e+00
    outer loop
      vertex   1.400300e+01 2.048800e+01 0.000000e+00
      vertex   1.400300e+01 2.148900e+01 0.000000e+00
      vertex   1.500300e+01 2.148900e+01 0.000000e+00
    endloop
  endfacet
  facet normal 0.000000e+00 0.000000e+00 -1.000000e+00
    outer loop
      vertex   1.500300e+01 1.748300e+01 0.000000e+00
      vertex   1.400300e+01 1.748300e+01 0.000000e+00
      vertex   1.500300e+01 2.048800e+01 0.000000e+00
    endloop
  endfacet
  facet normal 0.000000e+00 0.000000e+00 -1.000000e+00
    outer loop
      vertex   1.400300e+01 1.748300e+01 0.000000e+00
      vertex   1.400300e+01 2.048800e+01 0.000000e+00
      vertex   1.500300e+01 2.048800e+01 0.000000e+00
    endloop
  endfacet
  facet normal 0.000000e+00 -0.000000e+00 -1.000000e+00
    outer loop
      vertex   1.500300e+01 2.148900e+01 0.000000e+00
      vertex   1.500300e+01 2.048800e+01 0.000000e+00
      vertex   1.400300e+01 2.048800e+01 0.000000e+00
    endloop
  endfacet
  facet normal 0.000000e+00 0.000000e+00 1.000000e+00
    outer loop
      vertex   8.886000e+00 -3.368000e+00 2.998000e+00
      vertex   7.314000e+00 -2.592000e+00 2.998000e+00
      vertex   -2.503000e+00 -9.003000e+00 2.998000e+00
    endloop
  endfacet
  facet normal -0.000000e+00 0.000000e+00 -1.000000e+00
    outer loop
      vertex   1.400300e+01 2.048800e+01 0.000000e+00
      vertex   1.260500e+01 2.032700e+01 0.000000e+00
      vertex   1.246200e+01 2.131800e+01 0.000000e+00
    endloop
  endfacet
  facet normal 0.000000e+00 0.000000e+00 -1.000000e+00
    outer loop
      vertex   1.246200e+01 2.131800e+01 0.000000e+00
      vertex   1.400300e+01 2.148900e+01 0.000000e+00
      vertex   1.400300e+01 2.048800e+01 0.000000e+00
    endloop
  endfacet
  facet normal -0.000000e+00 0.000000e+00 1.000000e+00
    outer loop
      vertex   7.312000e+00 -2.592000e+00 2.998000e+00
      vertex   -2.503000e+00 -9.003000e+00 2.998000e+00
      vertex   7.314000e+00 -2.592000e+00 2.998000e+00
    endloop
  endfacet
  facet normal 0.000000e+00 0.000000e+00 -1.000000e+00
    outer loop
      vertex   1.500300e+01 2.449100e+01 0.000000e+00
      vertex   -4.498000e+00 4.150000e+01 0.000000e+00
      vertex   1.697100e+01 2.428800e+01 0.000000e+00
    endloop
  endfacet
  facet normal 6.446925e-01 7.643968e-01 -8.312409e-03
    outer loop
      vertex   4.973000e+00 -9.290000e-01 0.000000e+00
      vertex   4.503000e+00 -5.000000e-01 2.998000e+00
      vertex   5.844000e+00 -1.631000e+00 2.998000e+00
    endloop
  endfacet
  facet normal -0.000000e+00 0.000000e+00 -1.000000e+00
    outer loop
      vertex   1.804700e+01 2.094000e+01 0.000000e+00
      vertex   1.640100e+01 2.032700e+01 0.000000e+00
      vertex   1.654400e+01 2.131800e+01 0.000000e+00
    endloop
  endfacet
  facet normal 0.000000e+00 0.000000e+00 -1.000000e+00
    outer loop
      vertex   1.640100e+01 2.032700e+01 0.000000e+00
      vertex   1.500300e+01 2.048800e+01 0.000000e+00
      vertex   1.654400e+01 2.131800e+01 0.000000e+00
    endloop
  endfacet
  facet normal 0.000000e+00 0.000000e+00 1.000000e+00
    outer loop
      vertex   5.844000e+00 -1.631000e+00 2.998000e+00
      vertex   4.503000e+00 -5.000000e-01 2.998000e+00
      vertex   -2.503000e+00 -9.003000e+00 2.998000e+00
    endloop
  endfacet
  facet normal -0.000000e+00 0.000000e+00 1.000000e+00
    outer loop
      vertex   5.844000e+00 -1.631000e+00 2.998000e+00
      vertex   -2.503000e+00 -9.003000e+00 2.998000e+00
      vertex   5.845000e+00 -1.631000e+00 2.998000e+00
    endloop
  endfacet
  facet normal 0.000000e+00 -0.000000e+00 -1.000000e+00
    outer loop
      vertex   1.948600e+01 2.036400e+01 0.000000e+00
      vertex   2.083500e+01 1.960000e+01 0.000000e+00
      vertex   1.907100e+01 1.945400e+01 0.000000e+00
    endloop
  endfacet
  facet normal 0.000000e+00 0.000000e+00 -1.000000e+00
    outer loop
      vertex   2.029400e+01 1.875900e+01 0.000000e+00
      vertex   1.907100e+01 1.945400e+01 0.000000e+00
      vertex   2.083500e+01 1.960000e+01 0.000000e+00
    endloop
  endfacet
  facet normal 0.000000e+00 0.000000e+00 -1.000000e+00
    outer loop
      vertex   1.776500e+01 1.998000e+01 0.000000e+00
      vertex   1.804700e+01 2.094000e+01 0.000000e+00
      vertex   1.948600e+01 2.036400e+01 0.000000e+00
    endloop
  endfacet
  facet normal 7.070737e-01 7.070737e-01 9.669839e-03
    outer loop
      vertex   4.973000e+00 -9.290000e-01 0.000000e+00
      vertex   3.574000e+00 4.700000e-01 0.000000e+00
      vertex   4.503000e+00 -5.000000e-01 2.998000e+00
    endloop
  endfacet
  facet normal 0.000000e+00 0.000000e+00 -1.000000e+00
    outer loop
      vertex   1.907100e+01 1.945400e+01 0.000000e+00
      vertex   1.776500e+01 1.998000e+01 0.000000e+00
      vertex   1.948600e+01 2.036400e+01 0.000000e+00
    endloop
  endfacet
  facet normal 0.000000e+00 -0.000000e+00 -1.000000e+00
    outer loop
      vertex   1.692000e+01 1.710000e+01 0.000000e+00
      vertex   1.782400e+01 1.672500e+01 0.000000e+00
      vertex   1.663800e+01 1.614000e+01 0.000000e+00
    endloop
  endfacet
  facet normal 0.000000e+00 -0.000000e+00 -1.000000e+00
    outer loop
      vertex   2.418400e+01 2.381300e+01 0.000000e+00
      vertex   2.453300e+01 2.399100e+01 0.000000e+00
      vertex   2.403300e+01 2.092900e+01 0.000000e+00
    endloop
  endfacet
  facet normal 2.142731e-01 9.767666e-01 -3.740609e-03
    outer loop
      vertex   1.225600e+01 -4.325000e+00 2.998000e+00
      vertex   1.203500e+01 -4.288000e+00 0.000000e+00
      vertex   1.054200e+01 -3.949000e+00 2.998000e+00
    endloop
  endfacet
  facet normal 0.000000e+00 0.000000e+00 -1.000000e+00
    outer loop
      vertex   2.316400e+01 1.756500e+01 0.000000e+00
      vertex   2.410300e+01 1.633200e+01 0.000000e+00
      vertex   2.326200e+01 1.579100e+01 0.000000e+00
    endloop
  endfacet
  facet normal 0.000000e+00 0.000000e+00 -1.000000e+00
    outer loop
      vertex   2.240900e+01 1.691000e+01 0.000000e+00
      vertex   2.206800e+01 1.866100e+01 0.000000e+00
      vertex   2.316400e+01 1.756500e+01 0.000000e+00
    endloop
  endfacet
  facet normal 0.000000e+00 0.000000e+00 -1.000000e+00
    outer loop
      vertex   2.240900e+01 1.691000e+01 0.000000e+00
      vertex   2.141300e+01 1.790600e+01 0.000000e+00
      vertex   2.206800e+01 1.866100e+01 0.000000e+00
    endloop
  endfacet
  facet normal 0.000000e+00 0.000000e+00 -1.000000e+00
    outer loop
      vertex   2.141300e+01 1.790600e+01 0.000000e+00
      vertex   2.029400e+01 1.875900e+01 0.000000e+00
      vertex   2.206800e+01 1.866100e+01 0.000000e+00
    endloop
  endfacet
  facet normal 0.000000e+00 -0.000000e+00 -1.000000e+00
    outer loop
      vertex   2.083500e+01 1.960000e+01 0.000000e+00
      vertex   2.206800e+01 1.866100e+01 0.000000e+00
      vertex   2.029400e+01 1.875900e+01 0.000000e+00
    endloop
  endfacet
  facet normal 1.026049e-01 9.947110e-01 4.712558e-03
    outer loop
      vertex   1.225600e+01 -4.325000e+00 2.998000e+00
      vertex   1.400300e+01 -4.491000e+00 0.000000e+00
      vertex   1.203500e+01 -4.288000e+00 0.000000e+00
    endloop
  endfacet
  facet normal 9.459419e-02 9.955159e-01 0.000000e+00
    outer loop
      vertex   1.400300e+01 -4.491000e+00 2.998000e+00
      vertex   1.400300e+01 -4.491000e+00 0.000000e+00
      vertex   1.225600e+01 -4.325000e+00 2.998000e+00
    endloop
  endfacet
  facet normal -1.000000e+00 -0.000000e+00 0.000000e+00
    outer loop
      vertex   1.400300e+01 -1.489000e+00 2.998000e+00
      vertex   1.400300e+01 -4.491000e+00 0.000000e+00
      vertex   1.400300e+01 -4.491000e+00 2.998000e+00
    endloop
  endfacet
  facet normal 2.366926e-01 9.715515e-01 8.013939e-03
    outer loop
      vertex   1.203500e+01 -4.288000e+00 0.000000e+00
      vertex   1.011400e+01 -3.820000e+00 0.000000e+00
      vertex   1.054200e+01 -3.949000e+00 2.998000e+00
    endloop
  endfacet
  facet normal 0.000000e+00 0.000000e+00 1.000000e+00
    outer loop
      vertex   1.054200e+01 -3.949000e+00 2.998000e+00
      vertex   8.887000e+00 -3.368000e+00 2.998000e+00
      vertex   -2.503000e+00 -9.003000e+00 2.998000e+00
    endloop
  endfacet
  facet normal 0.000000e+00 0.000000e+00 1.000000e+00
    outer loop
      vertex   1.225600e+01 -4.325000e+00 2.998000e+00
      vertex   1.054200e+01 -3.949000e+00 2.998000e+00
      vertex   -2.503000e+00 -9.003000e+00 2.998000e+00
    endloop
  endfacet
  facet normal 0.000000e+00 0.000000e+00 -1.000000e+00
    outer loop
      vertex   2.073300e+01 2.309400e+01 0.000000e+00
      vertex   1.889200e+01 2.382000e+01 0.000000e+00
      vertex   2.260900e+01 2.461600e+01 0.000000e+00
    endloop
  endfacet
  facet normal 0.000000e+00 0.000000e+00 1.000000e+00
    outer loop
      vertex   1.225600e+01 -4.325000e+00 2.998000e+00
      vertex   -2.503000e+00 -9.003000e+00 2.998000e+00
      vertex   1.400300e+01 -4.491000e+00 2.998000e+00
    endloop
  endfacet
  facet normal 0.000000e+00 0.000000e+00 -1.000000e+00
    outer loop
      vertex   -4.498000e+00 4.150000e+01 0.000000e+00
      vertex   2.278600e+01 2.573700e+01 0.000000e+00
      vertex   1.697100e+01 2.428800e+01 0.000000e+00
    endloop
  endfacet
  facet normal -0.000000e+00 0.000000e+00 1.000000e+00
    outer loop
      vertex   1.400300e+01 -1.489000e+00 2.998000e+00
      vertex   1.400300e+01 -4.491000e+00 2.998000e+00
      vertex   1.500300e+01 -1.489000e+00 2.998000e+00
    endloop
  endfacet
  facet normal 0.000000e+00 -0.000000e+00 1.000000e+00
    outer loop
      vertex   1.500300e+01 -4.491000e+00 2.998000e+00
      vertex   1.500300e+01 -1.489000e+00 2.998000e+00
      vertex   1.400300e+01 -4.491000e+00 2.998000e+00
    endloop
  endfacet
  facet normal 1.000000e+00 0.000000e+00 -0.000000e+00
    outer loop
      vertex   1.500300e+01 -1.489000e+00 0.000000e+00
      vertex   1.500300e+01 -1.489000e+00 2.998000e+00
      vertex   1.500300e+01 -4.491000e+00 0.000000e+00
    endloop
  endfacet
  facet normal 1.000000e+00 0.000000e+00 0.000000e+00
    outer loop
      vertex   1.500300e+01 -4.491000e+00 0.000000e+00
      vertex   1.500300e+01 -1.489000e+00 2.998000e+00
      vertex   1.500300e+01 -4.491000e+00 2.998000e+00
    endloop
  endfacet
  facet normal -9.459419e-02 9.955159e-01 0.000000e+00
    outer loop
      vertex   1.500300e+01 -4.491000e+00 0.000000e+00
      vertex   1.500300e+01 -4.491000e+00 2.998000e+00
      vertex   1.675000e+01 -4.325000e+00 2.998000e+00
    endloop
  endfacet
  facet normal 0.000000e+00 0.000000e+00 -1.000000e+00
    outer loop
      vertex   1.776500e+01 1.998000e+01 0.000000e+00
      vertex   1.640100e+01 2.032700e+01 0.000000e+00
      vertex   1.804700e+01 2.094000e+01 0.000000e+00
    endloop
  endfacet
  facet normal 0.000000e+00 0.000000e+00 -1.000000e+00
    outer loop
      vertex   1.889200e+01 2.382000e+01 0.000000e+00
      vertex   2.254800e+01 2.500200e+01 0.000000e+00
      vertex   2.260900e+01 2.461600e+01 0.000000e+00
    endloop
  endfacet
  facet normal 0.000000e+00 0.000000e+00 -1.000000e+00
    outer loop
      vertex   2.073300e+01 2.309400e+01 0.000000e+00
      vertex   2.260900e+01 2.461600e+01 0.000000e+00
      vertex   2.278600e+01 2.426700e+01 0.000000e+00
    endloop
  endfacet
  facet normal 0.000000e+00 -0.000000e+00 -1.000000e+00
    outer loop
      vertex   2.278600e+01 2.426700e+01 0.000000e+00
      vertex   2.306300e+01 2.399100e+01 0.000000e+00
      vertex   2.073300e+01 2.309400e+01 0.000000e+00
    endloop
  endfacet
  facet normal 0.000000e+00 0.000000e+00 -1.000000e+00
    outer loop
      vertex   2.245700e+01 2.212400e+01 0.000000e+00
      vertex   2.073300e+01 2.309400e+01 0.000000e+00
      vertex   2.306300e+01 2.399100e+01 0.000000e+00
    endloop
  endfacet
  facet normal 0.000000e+00 0.000000e+00 -1.000000e+00
    outer loop
      vertex   2.543200e+01 1.953000e+01 0.000000e+00
      vertex   2.403300e+01 2.092900e+01 0.000000e+00
      vertex   2.453300e+01 2.399100e+01 0.000000e+00
    endloop
  endfacet
  facet normal 0.000000e+00 0.000000e+00 -1.000000e+00
    outer loop
      vertex   2.418400e+01 2.381300e+01 0.000000e+00
      vertex   2.403300e+01 2.092900e+01 0.000000e+00
      vertex   2.379800e+01 2.375200e+01 0.000000e+00
    endloop
  endfacet
  facet normal -0.000000e+00 -0.000000e+00 -1.000000e+00
    outer loop
      vertex   2.379800e+01 2.375200e+01 0.000000e+00
      vertex   2.403300e+01 2.092900e+01 0.000000e+00
      vertex   2.341100e+01 2.381300e+01 0.000000e+00
    endloop
  endfacet
  facet normal -0.000000e+00 0.000000e+00 -1.000000e+00
    outer loop
      vertex   2.341100e+01 2.381300e+01 0.000000e+00
      vertex   2.245700e+01 2.212400e+01 0.000000e+00
      vertex   2.306300e+01 2.399100e+01 0.000000e+00
    endloop
  endfacet
  facet normal 0.000000e+00 -0.000000e+00 1.000000e+00
    outer loop
      vertex   2.159300e+01 2.264900e+01 2.998000e+00
      vertex   2.278600e+01 2.426700e+01 2.998000e+00
      vertex   2.056700e+01 2.317100e+01 2.998000e+00
    endloop
  endfacet
  facet normal 0.000000e+00 -0.000000e+00 -1.000000e+00
    outer loop
      vertex   2.480900e+01 2.426700e+01 0.000000e+00
      vertex   2.543200e+01 1.953000e+01 0.000000e+00
      vertex   2.453300e+01 2.399100e+01 0.000000e+00
    endloop
  endfacet
  facet normal -7.967921e-01 -6.041672e-01 1.021548e-02
    outer loop
      vertex   2.543200e+01 1.953000e+01 0.000000e+00
      vertex   2.662700e+01 1.795400e+01 0.000000e+00
      vertex   2.586700e+01 1.900700e+01 2.998000e+00
    endloop
  endfacet
  facet normal -8.607593e-01 -5.090122e-01 3.232401e-04
    outer loop
      vertex   2.730700e+01 1.680600e+01 2.998000e+00
      vertex   2.663700e+01 1.793900e+01 2.998000e+00
      vertex   2.662700e+01 1.795400e+01 0.000000e+00
    endloop
  endfacet
  facet normal -0.000000e+00 -0.000000e+00 -1.000000e+00
    outer loop
      vertex   4.530468e+01 2.200000e+01 0.000000e+00
      vertex   4.979800e+01 2.150300e+01 0.000000e+00
      vertex   4.336172e+01 2.200000e+01 0.000000e+00
    endloop
  endfacet
  facet normal 0.000000e+00 -0.000000e+00 -1.000000e+00
    outer loop
      vertex   4.336172e+01 2.200000e+01 0.000000e+00
      vertex   4.979800e+01 2.150300e+01 0.000000e+00
      vertex   2.543200e+01 1.953000e+01 0.000000e+00
    endloop
  endfacet
  facet normal -0.000000e+00 0.000000e+00 -1.000000e+00
    outer loop
      vertex   4.336172e+01 2.200000e+01 0.000000e+00
      vertex   2.543200e+01 1.953000e+01 0.000000e+00
      vertex   2.480900e+01 2.426700e+01 0.000000e+00
    endloop
  endfacet
  facet normal 0.000000e+00 0.000000e+00 -1.000000e+00
    outer loop
      vertex   2.480900e+01 2.426700e+01 0.000000e+00
      vertex   4.336172e+01 2.221491e+01 0.000000e+00
      vertex   4.336172e+01 2.200000e+01 0.000000e+00
    endloop
  endfacet
  facet normal -8.111610e-01 -5.848228e-01 -2.214853e-04
    outer loop
      vertex   2.586700e+01 1.900700e+01 2.998000e+00
      vertex   2.662700e+01 1.795400e+01 0.000000e+00
      vertex   2.663700e+01 1.793900e+01 2.998000e+00
    endloop
  endfacet
  facet normal 0.000000e+00 0.000000e+00 -1.000000e+00
    outer loop
      vertex   2.245700e+01 2.212400e+01 0.000000e+00
      vertex   2.341100e+01 2.381300e+01 0.000000e+00
      vertex   2.403300e+01 2.092900e+01 0.000000e+00
    endloop
  endfacet
  facet normal -7.543996e-01 -6.563961e-01 -5.046885e-03
    outer loop
      vertex   2.500300e+01 2.000000e+01 2.998000e+00
      vertex   2.543200e+01 1.953000e+01 0.000000e+00
      vertex   2.586700e+01 1.900700e+01 2.998000e+00
    endloop
  endfacet
  facet normal -0.000000e+00 0.000000e+00 -1.000000e+00
    outer loop
      vertex   2.254800e+01 2.500200e+01 0.000000e+00
      vertex   1.889200e+01 2.382000e+01 0.000000e+00
      vertex   2.260900e+01 2.538900e+01 0.000000e+00
    endloop
  endfacet
  facet normal 0.000000e+00 0.000000e+00 -1.000000e+00
    outer loop
      vertex   2.278600e+01 2.573700e+01 0.000000e+00
      vertex   -4.498000e+00 4.150000e+01 0.000000e+00
      vertex   2.306300e+01 2.601400e+01 0.000000e+00
    endloop
  endfacet
  facet normal 0.000000e+00 0.000000e+00 -1.000000e+00
    outer loop
      vertex   1.697100e+01 2.428800e+01 0.000000e+00
      vertex   2.278600e+01 2.573700e+01 0.000000e+00
      vertex   1.889200e+01 2.382000e+01 0.000000e+00
    endloop
  endfacet
  facet normal -0.000000e+00 0.000000e+00 -1.000000e+00
    outer loop
      vertex   2.260900e+01 2.538900e+01 0.000000e+00
      vertex   1.889200e+01 2.382000e+01 0.000000e+00
      vertex   2.278600e+01 2.573700e+01 0.000000e+00
    endloop
  endfacet
  facet normal 0.000000e+00 0.000000e+00 -1.000000e+00
    outer loop
      vertex   2.306300e+01 2.601400e+01 0.000000e+00
      vertex   -4.498000e+00 4.150000e+01 0.000000e+00
      vertex   2.341100e+01 2.619100e+01 0.000000e+00
    endloop
  endfacet
  facet normal 0.000000e+00 0.000000e+00 -1.000000e+00
    outer loop
      vertex   -4.498000e+00 4.150000e+01 0.000000e+00
      vertex   3.500300e+01 4.150000e+01 0.000000e+00
      vertex   2.341100e+01 2.619100e+01 0.000000e+00
    endloop
  endfacet
  facet normal 0.000000e+00 0.000000e+00 1.000000e+00
    outer loop
      vertex   5.306700e+01 -3.991000e+00 3.000000e+00
      vertex   4.979800e+01 -1.503000e+00 3.000000e+00
      vertex   5.279100e+01 -4.267000e+00 3.000000e+00
    endloop
  endfacet
  facet normal -9.874094e-01 1.581853e-01 0.000000e+00
    outer loop
      vertex   5.499100e+01 -5.389000e+00 3.000000e+00
      vertex   5.505300e+01 -5.002000e+00 0.000000e+00
      vertex   5.499100e+01 -5.389000e+00 0.000000e+00
    endloop
  endfacet
  facet normal -8.918552e-01 -4.523211e-01 0.000000e+00
    outer loop
      vertex   5.481400e+01 -4.267000e+00 3.000000e+00
      vertex   5.499100e+01 -4.616000e+00 0.000000e+00
      vertex   5.499100e+01 -4.616000e+00 3.000000e+00
    endloop
  endfacet
  facet normal -9.873453e-01 -1.585852e-01 -0.000000e+00
    outer loop
      vertex   5.499100e+01 -4.616000e+00 3.000000e+00
      vertex   5.499100e+01 -4.616000e+00 0.000000e+00
      vertex   5.505300e+01 -5.002000e+00 3.000000e+00
    endloop
  endfacet
  facet normal -8.913304e-01 4.533542e-01 0.000000e+00
    outer loop
      vertex   5.499100e+01 -5.389000e+00 3.000000e+00
      vertex   5.499100e+01 -5.389000e+00 0.000000e+00
      vertex   5.481400e+01 -5.737000e+00 3.000000e+00
    endloop
  endfacet
  facet normal -9.874094e-01 1.581853e-01 0.000000e+00
    outer loop
      vertex   5.505300e+01 -5.002000e+00 3.000000e+00
      vertex   5.505300e+01 -5.002000e+00 0.000000e+00
      vertex   5.499100e+01 -5.389000e+00 3.000000e+00
    endloop
  endfacet
  facet normal 1.585881e-01 9.873448e-01 0.000000e+00
    outer loop
      vertex   5.380200e+01 -6.253000e+00 3.000000e+00
      vertex   5.341600e+01 -6.191000e+00 0.000000e+00
      vertex   5.341600e+01 -6.191000e+00 3.000000e+00
    endloop
  endfacet
  facet normal 1.585881e-01 9.873448e-01 0.000000e+00
    outer loop
      vertex   5.380200e+01 -6.253000e+00 3.000000e+00
      vertex   5.380200e+01 -6.253000e+00 0.000000e+00
      vertex   5.341600e+01 -6.191000e+00 0.000000e+00
    endloop
  endfacet
  facet normal -7.058279e-01 -7.083834e-01 0.000000e+00
    outer loop
      vertex   5.453700e+01 -3.991000e+00 0.000000e+00
      vertex   5.481400e+01 -4.267000e+00 0.000000e+00
      vertex   5.453700e+01 -3.991000e+00 3.000000e+00
    endloop
  endfacet
  facet normal -8.918552e-01 -4.523211e-01 -0.000000e+00
    outer loop
      vertex   5.481400e+01 -4.267000e+00 3.000000e+00
      vertex   5.481400e+01 -4.267000e+00 0.000000e+00
      vertex   5.499100e+01 -4.616000e+00 0.000000e+00
    endloop
  endfacet
  facet normal -9.873453e-01 -1.585852e-01 -0.000000e+00
    outer loop
      vertex   5.505300e+01 -5.002000e+00 3.000000e+00
      vertex   5.499100e+01 -4.616000e+00 0.000000e+00
      vertex   5.505300e+01 -5.002000e+00 0.000000e+00
    endloop
  endfacet
  facet normal -8.913304e-01 4.533542e-01 0.000000e+00
    outer loop
      vertex   5.481400e+01 -5.737000e+00 3.000000e+00
      vertex   5.499100e+01 -5.389000e+00 0.000000e+00
      vertex   5.481400e+01 -5.737000e+00 0.000000e+00
    endloop
  endfacet
  facet normal -7.071075e-01 7.071060e-01 0.000000e+00
    outer loop
      vertex   5.481400e+01 -5.737000e+00 3.000000e+00
      vertex   5.453700e+01 -6.014000e+00 0.000000e+00
      vertex   5.453700e+01 -6.014000e+00 3.000000e+00
    endloop
  endfacet
  facet normal -7.071075e-01 7.071060e-01 0.000000e+00
    outer loop
      vertex   5.481400e+01 -5.737000e+00 3.000000e+00
      vertex   5.481400e+01 -5.737000e+00 0.000000e+00
      vertex   5.453700e+01 -6.014000e+00 0.000000e+00
    endloop
  endfacet
  facet normal -4.533499e-01 8.913326e-01 0.000000e+00
    outer loop
      vertex   5.453700e+01 -6.014000e+00 3.000000e+00
      vertex   5.453700e+01 -6.014000e+00 0.000000e+00
      vertex   5.418900e+01 -6.191000e+00 3.000000e+00
    endloop
  endfacet
  facet normal -4.533499e-01 8.913326e-01 0.000000e+00
    outer loop
      vertex   5.418900e+01 -6.191000e+00 0.000000e+00
      vertex   5.418900e+01 -6.191000e+00 3.000000e+00
      vertex   5.453700e+01 -6.014000e+00 0.000000e+00
    endloop
  endfacet
  facet normal -1.581880e-01 9.874090e-01 0.000000e+00
    outer loop
      vertex   5.418900e+01 -6.191000e+00 3.000000e+00
      vertex   5.380200e+01 -6.253000e+00 0.000000e+00
      vertex   5.380200e+01 -6.253000e+00 3.000000e+00
    endloop
  endfacet
  facet normal -1.581880e-01 9.874090e-01 0.000000e+00
    outer loop
      vertex   5.418900e+01 -6.191000e+00 3.000000e+00
      vertex   5.418900e+01 -6.191000e+00 0.000000e+00
      vertex   5.380200e+01 -6.253000e+00 0.000000e+00
    endloop
  endfacet
  facet normal -7.058279e-01 -7.083834e-01 -0.000000e+00
    outer loop
      vertex   5.481400e+01 -4.267000e+00 3.000000e+00
      vertex   5.453700e+01 -3.991000e+00 3.000000e+00
      vertex   5.481400e+01 -4.267000e+00 0.000000e+00
    endloop
  endfacet
  facet normal 0.000000e+00 0.000000e+00 1.000000e+00
    outer loop
      vertex   5.535300e+01 -7.000000e+00 3.000000e+00
      vertex   5.418900e+01 -6.191000e+00 3.000000e+00
      vertex   5.535300e+01 -7.959000e+00 3.000000e+00
    endloop
  endfacet
  facet normal 0.000000e+00 0.000000e+00 1.000000e+00
    outer loop
      vertex   5.418900e+01 -6.191000e+00 3.000000e+00
      vertex   5.380200e+01 -6.253000e+00 3.000000e+00
      vertex   5.535300e+01 -7.959000e+00 3.000000e+00
    endloop
  endfacet
  facet normal 0.000000e+00 0.000000e+00 1.000000e+00
    outer loop
      vertex   5.499100e+01 -5.389000e+00 3.000000e+00
      vertex   5.481400e+01 -5.737000e+00 3.000000e+00
      vertex   5.774900e+01 -7.000000e+00 3.000000e+00
    endloop
  endfacet
  facet normal 0.000000e+00 -0.000000e+00 1.000000e+00
    outer loop
      vertex   5.499100e+01 -4.616000e+00 3.000000e+00
      vertex   5.780300e+01 -1.503000e+00 3.000000e+00
      vertex   5.481400e+01 -4.267000e+00 3.000000e+00
    endloop
  endfacet
  facet normal 0.000000e+00 -0.000000e+00 1.000000e+00
    outer loop
      vertex   5.535300e+01 -7.000000e+00 3.000000e+00
      vertex   5.774900e+01 -7.000000e+00 3.000000e+00
      vertex   5.481400e+01 -5.737000e+00 3.000000e+00
    endloop
  endfacet
  facet normal 0.000000e+00 -0.000000e+00 1.000000e+00
    outer loop
      vertex   5.505300e+01 -5.002000e+00 3.000000e+00
      vertex   5.780300e+01 -1.503000e+00 3.000000e+00
      vertex   5.499100e+01 -4.616000e+00 3.000000e+00
    endloop
  endfacet
  facet normal 0.000000e+00 0.000000e+00 1.000000e+00
    outer loop
      vertex   5.453700e+01 -6.014000e+00 3.000000e+00
      vertex   5.418900e+01 -6.191000e+00 3.000000e+00
      vertex   5.535300e+01 -7.000000e+00 3.000000e+00
    endloop
  endfacet
  facet normal 0.000000e+00 0.000000e+00 1.000000e+00
    outer loop
      vertex   5.535300e+01 -7.000000e+00 3.000000e+00
      vertex   5.481400e+01 -5.737000e+00 3.000000e+00
      vertex   5.453700e+01 -6.014000e+00 3.000000e+00
    endloop
  endfacet
  facet normal 0.000000e+00 -1.000000e+00 0.000000e+00
    outer loop
      vertex   5.624900e+01 -7.959000e+00 3.000000e+00
      vertex   5.624900e+01 -7.959000e+00 5.000000e+00
      vertex   5.535300e+01 -7.959000e+00 3.000000e+00
    endloop
  endfacet
  facet normal -1.000000e+00 0.000000e+00 0.000000e+00
    outer loop
      vertex   5.535300e+01 -7.000000e+00 3.000000e+00
      vertex   5.535300e+01 -7.959000e+00 3.000000e+00
      vertex   5.535300e+01 -7.000000e+00 5.000000e+00
    endloop
  endfacet
  facet normal -0.000000e+00 1.000000e+00 0.000000e+00
    outer loop
      vertex   5.535300e+01 -7.000000e+00 5.000000e+00
      vertex   5.624900e+01 -7.000000e+00 5.000000e+00
      vertex   5.535300e+01 -7.000000e+00 3.000000e+00
    endloop
  endfacet
  facet normal 4.543494e-01 -8.908236e-01 0.000000e+00
    outer loop
      vertex   5.306700e+01 -3.991000e+00 0.000000e+00
      vertex   5.341600e+01 -3.813000e+00 0.000000e+00
      vertex   5.306700e+01 -3.991000e+00 3.000000e+00
    endloop
  endfacet
  facet normal 0.000000e+00 0.000000e+00 1.000000e+00
    outer loop
      vertex   4.979800e+01 -1.503000e+00 3.000000e+00
      vertex   3.500300e+01 -9.003000e+00 3.000000e+00
      vertex   5.261300e+01 -4.616000e+00 3.000000e+00
    endloop
  endfacet
  facet normal 0.000000e+00 0.000000e+00 1.000000e+00
    outer loop
      vertex   5.341600e+01 -3.813000e+00 3.000000e+00
      vertex   4.979800e+01 -1.503000e+00 3.000000e+00
      vertex   5.306700e+01 -3.991000e+00 3.000000e+00
    endloop
  endfacet
  facet normal 4.543494e-01 -8.908236e-01 0.000000e+00
    outer loop
      vertex   5.306700e+01 -3.991000e+00 3.000000e+00
      vertex   5.341600e+01 -3.813000e+00 0.000000e+00
      vertex   5.341600e+01 -3.813000e+00 3.000000e+00
    endloop
  endfacet
  facet normal -4.553810e-01 -8.902967e-01 0.000000e+00
    outer loop
      vertex   5.453700e+01 -3.991000e+00 0.000000e+00
      vertex   5.453700e+01 -3.991000e+00 3.000000e+00
      vertex   5.418900e+01 -3.813000e+00 0.000000e+00
    endloop
  endfacet
  facet normal 1.560941e-01 -9.877422e-01 0.000000e+00
    outer loop
      vertex   5.341600e+01 -3.813000e+00 3.000000e+00
      vertex   5.341600e+01 -3.813000e+00 0.000000e+00
      vertex   5.380200e+01 -3.752000e+00 3.000000e+00
    endloop
  endfacet
  facet normal 1.560941e-01 -9.877422e-01 0.000000e+00
    outer loop
      vertex   5.380200e+01 -3.752000e+00 0.000000e+00
      vertex   5.380200e+01 -3.752000e+00 3.000000e+00
      vertex   5.341600e+01 -3.813000e+00 0.000000e+00
    endloop
  endfacet
  facet normal -1.557000e-01 -9.878044e-01 0.000000e+00
    outer loop
      vertex   5.380200e+01 -3.752000e+00 3.000000e+00
      vertex   5.418900e+01 -3.813000e+00 0.000000e+00
      vertex   5.418900e+01 -3.813000e+00 3.000000e+00
    endloop
  endfacet
  facet normal -1.557000e-01 -9.878044e-01 -0.000000e+00
    outer loop
      vertex   5.380200e+01 -3.752000e+00 3.000000e+00
      vertex   5.380200e+01 -3.752000e+00 0.000000e+00
      vertex   5.418900e+01 -3.813000e+00 0.000000e+00
    endloop
  endfacet
  facet normal -4.553810e-01 -8.902967e-01 0.000000e+00
    outer loop
      vertex   5.453700e+01 -3.991000e+00 3.000000e+00
      vertex   5.418900e+01 -3.813000e+00 3.000000e+00
      vertex   5.418900e+01 -3.813000e+00 0.000000e+00
    endloop
  endfacet
  facet normal 0.000000e+00 -0.000000e+00 1.000000e+00
    outer loop
      vertex   5.453700e+01 -3.991000e+00 3.000000e+00
      vertex   5.780300e+01 -1.503000e+00 3.000000e+00
      vertex   5.418900e+01 -3.813000e+00 3.000000e+00
    endloop
  endfacet
  facet normal 0.000000e+00 -0.000000e+00 1.000000e+00
    outer loop
      vertex   5.418900e+01 -3.813000e+00 3.000000e+00
      vertex   5.780300e+01 -1.503000e+00 3.000000e+00
      vertex   5.380200e+01 -3.752000e+00 3.000000e+00
    endloop
  endfacet
  facet normal 0.000000e+00 0.000000e+00 1.000000e+00
    outer loop
      vertex   5.380200e+01 -3.752000e+00 3.000000e+00
      vertex   4.979800e+01 -1.503000e+00 3.000000e+00
      vertex   5.341600e+01 -3.813000e+00 3.000000e+00
    endloop
  endfacet
  facet normal 0.000000e+00 -1.000000e+00 0.000000e+00
    outer loop
      vertex   5.535300e+01 -7.959000e+00 3.000000e+00
      vertex   5.624900e+01 -7.959000e+00 5.000000e+00
      vertex   5.535300e+01 -7.959000e+00 5.000000e+00
    endloop
  endfacet
  facet normal -1.000000e+00 -0.000000e+00 0.000000e+00
    outer loop
      vertex   5.535300e+01 -7.000000e+00 5.000000e+00
      vertex   5.535300e+01 -7.959000e+00 3.000000e+00
      vertex   5.535300e+01 -7.959000e+00 5.000000e+00
    endloop
  endfacet
  facet normal -0.000000e+00 0.000000e+00 1.000000e+00
    outer loop
      vertex   5.535300e+01 -7.000000e+00 5.000000e+00
      vertex   5.624900e+01 -7.959000e+00 5.000000e+00
      vertex   5.624900e+01 -7.000000e+00 5.000000e+00
    endloop
  endfacet
  facet normal 0.000000e+00 0.000000e+00 1.000000e+00
    outer loop
      vertex   5.535300e+01 -7.000000e+00 5.000000e+00
      vertex   5.535300e+01 -7.959000e+00 5.000000e+00
      vertex   5.624900e+01 -7.959000e+00 5.000000e+00
    endloop
  endfacet
  facet normal 0.000000e+00 1.000000e+00 0.000000e+00
    outer loop
      vertex   5.712600e+01 -7.000000e+00 1.037400e+01
      vertex   5.774900e+01 -7.000000e+00 8.314000e+00
      vertex   5.624900e+01 -7.000000e+00 1.050000e+01
    endloop
  endfacet
  facet normal 0.000000e+00 0.000000e+00 1.000000e+00
    outer loop
      vertex   5.780300e+01 -1.503000e+00 3.000000e+00
      vertex   5.505300e+01 -5.002000e+00 3.000000e+00
      vertex   5.774900e+01 -7.000000e+00 3.000000e+00
    endloop
  endfacet
  facet normal 1.000000e+00 0.000000e+00 -0.000000e+00
    outer loop
      vertex   5.774900e+01 -7.000000e+00 3.000000e+00
      vertex   5.774900e+01 -7.000000e+00 8.314000e+00
      vertex   5.774900e+01 -1.500600e+01 3.000000e+00
    endloop
  endfacet
  facet normal -0.000000e+00 0.000000e+00 -1.000000e+00
    outer loop
      vertex   5.261300e+01 2.461600e+01 0.000000e+00
      vertex   4.979800e+01 2.150300e+01 0.000000e+00
      vertex   5.255200e+01 2.500200e+01 0.000000e+00
    endloop
  endfacet
  facet normal -0.000000e+00 0.000000e+00 -1.000000e+00
    outer loop
      vertex   5.279100e+01 2.426700e+01 0.000000e+00
      vertex   4.979800e+01 2.150300e+01 0.000000e+00
      vertex   5.261300e+01 2.461600e+01 0.000000e+00
    endloop
  endfacet
  facet normal 0.000000e+00 0.000000e+00 -1.000000e+00
    outer loop
      vertex   5.780300e+01 2.150300e+01 0.000000e+00
      vertex   4.979800e+01 2.150300e+01 0.000000e+00
      vertex   5.380200e+01 2.375200e+01 0.000000e+00
    endloop
  endfacet
  facet normal 0.000000e+00 0.000000e+00 -1.000000e+00
    outer loop
      vertex   5.453700e+01 2.399100e+01 0.000000e+00
      vertex   5.481400e+01 2.426700e+01 0.000000e+00
      vertex   5.780300e+01 2.150300e+01 0.000000e+00
    endloop
  endfacet
  facet normal 0.000000e+00 0.000000e+00 -1.000000e+00
    outer loop
      vertex   5.380200e+01 2.375200e+01 0.000000e+00
      vertex   5.418900e+01 2.381300e+01 0.000000e+00
      vertex   5.780300e+01 2.150300e+01 0.000000e+00
    endloop
  endfacet
  facet normal 0.000000e+00 -0.000000e+00 -1.000000e+00
    outer loop
      vertex   5.453700e+01 2.399100e+01 0.000000e+00
      vertex   5.780300e+01 2.150300e+01 0.000000e+00
      vertex   5.418900e+01 2.381300e+01 0.000000e+00
    endloop
  endfacet
  facet normal -0.000000e+00 -0.000000e+00 -1.000000e+00
    outer loop
      vertex   5.780300e+01 2.695600e+01 0.000000e+00
      vertex   5.780300e+01 2.150300e+01 0.000000e+00
      vertex   5.778700e+01 2.695600e+01 0.000000e+00
    endloop
  endfacet
  facet normal 0.000000e+00 -0.000000e+00 -1.000000e+00
    outer loop
      vertex   5.279100e+01 2.426700e+01 0.000000e+00
      vertex   5.306700e+01 2.399100e+01 0.000000e+00
      vertex   4.979800e+01 2.150300e+01 0.000000e+00
    endloop
  endfacet
  facet normal -0.000000e+00 0.000000e+00 -1.000000e+00
    outer loop
      vertex   5.380200e+01 2.375200e+01 0.000000e+00
      vertex   4.979800e+01 2.150300e+01 0.000000e+00
      vertex   5.341600e+01 2.381300e+01 0.000000e+00
    endloop
  endfacet
  facet normal -0.000000e+00 0.000000e+00 -1.000000e+00
    outer loop
      vertex   5.341600e+01 2.381300e+01 0.000000e+00
      vertex   4.979800e+01 2.150300e+01 0.000000e+00
      vertex   5.306700e+01 2.399100e+01 0.000000e+00
    endloop
  endfacet
  facet normal 0.000000e+00 0.000000e+00 -1.000000e+00
    outer loop
      vertex   5.499100e+01 2.461600e+01 0.000000e+00
      vertex   5.505300e+01 2.500200e+01 0.000000e+00
      vertex   5.780300e+01 2.150300e+01 0.000000e+00
    endloop
  endfacet
  facet normal 0.000000e+00 0.000000e+00 -1.000000e+00
    outer loop
      vertex   5.481400e+01 2.426700e+01 0.000000e+00
      vertex   5.499100e+01 2.461600e+01 0.000000e+00
      vertex   5.780300e+01 2.150300e+01 0.000000e+00
    endloop
  endfacet
  facet normal 0.000000e+00 -0.000000e+00 -1.000000e+00
    outer loop
      vertex   5.778700e+01 2.695600e+01 0.000000e+00
      vertex   5.780300e+01 2.150300e+01 0.000000e+00
      vertex   5.505300e+01 2.500200e+01 0.000000e+00
    endloop
  endfacet
  facet normal 0.000000e+00 0.000000e+00 -1.000000e+00
    outer loop
      vertex   5.505300e+01 2.500200e+01 0.000000e+00
      vertex   5.499100e+01 2.538900e+01 0.000000e+00
      vertex   5.778700e+01 2.695600e+01 0.000000e+00
    endloop
  endfacet
  facet normal 0.000000e+00 0.000000e+00 -1.000000e+00
    outer loop
      vertex   5.499100e+01 2.538900e+01 0.000000e+00
      vertex   5.481400e+01 2.573700e+01 0.000000e+00
      vertex   5.778700e+01 2.695600e+01 0.000000e+00
    endloop
  endfacet
  facet normal 0.000000e+00 0.000000e+00 -1.000000e+00
    outer loop
      vertex   5.380200e+01 2.625300e+01 0.000000e+00
      vertex   5.778700e+01 4.150000e+01 0.000000e+00
      vertex   5.418900e+01 2.619100e+01 0.000000e+00
    endloop
  endfacet
  facet normal 0.000000e+00 0.000000e+00 -1.000000e+00
    outer loop
      vertex   5.341600e+01 2.619100e+01 0.000000e+00
      vertex   5.778700e+01 4.150000e+01 0.000000e+00
      vertex   5.380200e+01 2.625300e+01 0.000000e+00
    endloop
  endfacet
  facet normal 0.000000e+00 0.000000e+00 -1.000000e+00
    outer loop
      vertex   5.481400e+01 2.573700e+01 0.000000e+00
      vertex   5.453700e+01 2.601400e+01 0.000000e+00
      vertex   5.778700e+01 2.695600e+01 0.000000e+00
    endloop
  endfacet
  facet normal 0.000000e+00 0.000000e+00 -1.000000e+00
    outer loop
      vertex   5.418900e+01 2.619100e+01 0.000000e+00
      vertex   5.778700e+01 4.150000e+01 0.000000e+00
      vertex   5.453700e+01 2.601400e+01 0.000000e+00
    endloop
  endfacet
  facet normal 0.000000e+00 -0.000000e+00 -1.000000e+00
    outer loop
      vertex   5.778700e+01 4.150000e+01 0.000000e+00
      vertex   5.778700e+01 2.695600e+01 0.000000e+00
      vertex   5.453700e+01 2.601400e+01 0.000000e+00
    endloop
  endfacet
  facet normal 0.000000e+00 0.000000e+00 1.000000e+00
    outer loop
      vertex   -4.092000e+00 7.080000e+00 3.000000e+00
      vertex   -4.498000e+00 1.031300e+01 3.000000e+00
      vertex   -4.724000e+00 1.004800e+01 3.000000e+00
    endloop
  endfacet
  facet normal -0.000000e+00 0.000000e+00 1.000000e+00
    outer loop
      vertex   -4.990000e+00 9.856000e+00 3.000000e+00
      vertex   -4.092000e+00 7.080000e+00 3.000000e+00
      vertex   -4.724000e+00 1.004800e+01 3.000000e+00
    endloop
  endfacet
  facet normal 0.000000e+00 0.000000e+00 1.000000e+00
    outer loop
      vertex   -2.503000e+00 1.228800e+01 3.000000e+00
      vertex   -4.498000e+00 1.031300e+01 3.000000e+00
      vertex   -4.092000e+00 7.080000e+00 3.000000e+00
    endloop
  endfacet
  facet normal 0.000000e+00 0.000000e+00 1.000000e+00
    outer loop
      vertex   -4.990000e+00 7.080000e+00 3.000000e+00
      vertex   -4.092000e+00 7.080000e+00 3.000000e+00
      vertex   -4.990000e+00 9.856000e+00 3.000000e+00
    endloop
  endfacet
  facet normal 7.608738e-01 -6.488992e-01 -9.654146e-04
    outer loop
      vertex   -4.498000e+00 1.031300e+01 3.000000e+00
      vertex   -4.556000e+00 1.023400e+01 1.038700e+01
      vertex   -4.724000e+00 1.004800e+01 3.000000e+00
    endloop
  endfacet
  facet normal 7.371560e-01 -6.757226e-01 2.493853e-04
    outer loop
      vertex   -4.724000e+00 1.004800e+01 3.000000e+00
      vertex   -4.556000e+00 1.023400e+01 1.038700e+01
      vertex   -4.754000e+00 1.001800e+01 1.038700e+01
    endloop
  endfacet
  facet normal 5.852698e-01 -8.108381e-01 -9.162126e-04
    outer loop
      vertex   -4.724000e+00 1.004800e+01 3.000000e+00
      vertex   -4.754000e+00 1.001800e+01 1.038700e+01
      vertex   -4.990000e+00 9.856000e+00 3.000000e+00
    endloop
  endfacet
  facet normal 0.000000e+00 0.000000e+00 1.000000e+00
    outer loop
      vertex   -2.503000e+00 1.228800e+01 3.000000e+00
      vertex   -4.092000e+00 1.488000e+01 3.000000e+00
      vertex   -4.658000e+00 1.185200e+01 3.000000e+00
    endloop
  endfacet
  facet normal 0.000000e+00 0.000000e+00 1.000000e+00
    outer loop
      vertex   -2.503000e+00 1.228800e+01 3.000000e+00
      vertex   -4.307000e+00 1.085300e+01 3.000000e+00
      vertex   -4.498000e+00 1.031300e+01 3.000000e+00
    endloop
  endfacet
  facet normal 0.000000e+00 -1.000000e+00 0.000000e+00
    outer loop
      vertex   3.276800e+01 -2.150000e+01 3.000000e+00
      vertex   -7.450000e-01 -2.150000e+01 2.998000e+00
      vertex   -4.498000e+00 -2.150000e+01 0.000000e+00
    endloop
  endfacet
  facet normal 0.000000e+00 -1.000000e+00 0.000000e+00
    outer loop
      vertex   -7.450000e-01 -2.150000e+01 3.000000e+00
      vertex   -7.450000e-01 -2.150000e+01 2.998000e+00
      vertex   3.276800e+01 -2.150000e+01 3.000000e+00
    endloop
  endfacet
  facet normal 0.000000e+00 -1.000000e+00 0.000000e+00
    outer loop
      vertex   -4.498000e+00 -2.150000e+01 0.000000e+00
      vertex   -7.450000e-01 -2.150000e+01 2.998000e+00
      vertex   -4.498000e+00 -2.150000e+01 2.998000e+00
    endloop
  endfacet
  facet normal -0.000000e+00 -1.000000e+00 -0.000000e+00
    outer loop
      vertex   5.778700e+01 -2.150000e+01 3.000000e+00
      vertex   3.276800e+01 -2.150000e+01 3.000000e+00
      vertex   5.778700e+01 -2.150000e+01 0.000000e+00
    endloop
  endfacet
  facet normal 0.000000e+00 -1.000000e+00 0.000000e+00
    outer loop
      vertex   -4.498000e+00 -2.150000e+01 0.000000e+00
      vertex   5.778700e+01 -2.150000e+01 0.000000e+00
      vertex   3.276800e+01 -2.150000e+01 3.000000e+00
    endloop
  endfacet
  facet normal 7.868541e-01 6.171391e-01 0.000000e+00
    outer loop
      vertex   -4.498000e+00 1.164800e+01 1.038700e+01
      vertex   -4.498000e+00 1.164800e+01 3.000000e+00
      vertex   -4.658000e+00 1.185200e+01 3.000000e+00
    endloop
  endfacet
  facet normal -0.000000e+00 0.000000e+00 1.000000e+00
    outer loop
      vertex   -4.990000e+00 1.210500e+01 3.000000e+00
      vertex   -4.658000e+00 1.185200e+01 3.000000e+00
      vertex   -4.092000e+00 1.488000e+01 3.000000e+00
    endloop
  endfacet
  facet normal 1.000000e+00 0.000000e+00 -0.000000e+00
    outer loop
      vertex   -4.990000e+00 1.488000e+01 3.000000e+00
      vertex   -4.990000e+00 1.488000e+01 5.000000e+00
      vertex   -4.990000e+00 1.210500e+01 3.000000e+00
    endloop
  endfacet
  facet normal -1.000000e+00 0.000000e+00 0.000000e+00
    outer loop
      vertex   -1.049700e+01 -1.550000e+01 2.998000e+00
      vertex   -1.049700e+01 -1.099800e+01 2.998000e+00
      vertex   -1.049700e+01 -1.550000e+01 0.000000e+00
    endloop
  endfacet
  facet normal -1.000000e+00 0.000000e+00 -0.000000e+00
    outer loop
      vertex   -1.049700e+01 -1.099800e+01 2.998000e+00
      vertex   -1.049700e+01 1.638400e+01 3.000000e+00
      vertex   -1.049700e+01 -1.550000e+01 0.000000e+00
    endloop
  endfacet
  facet normal -1.000000e+00 0.000000e+00 0.000000e+00
    outer loop
      vertex   -1.049700e+01 3.550000e+01 0.000000e+00
      vertex   -1.049700e+01 -1.550000e+01 0.000000e+00
      vertex   -1.049700e+01 1.638400e+01 3.000000e+00
    endloop
  endfacet
  facet normal -1.000000e+00 0.000000e+00 0.000000e+00
    outer loop
      vertex   -1.049700e+01 -1.099800e+01 3.000000e+00
      vertex   -1.049700e+01 1.638400e+01 3.000000e+00
      vertex   -1.049700e+01 -1.099800e+01 2.998000e+00
    endloop
  endfacet
  facet normal -1.000000e+00 -0.000000e+00 -0.000000e+00
    outer loop
      vertex   -1.049700e+01 2.824800e+01 3.000000e+00
      vertex   -1.049700e+01 2.824800e+01 2.998000e+00
      vertex   -1.049700e+01 1.638400e+01 3.000000e+00
    endloop
  endfacet
  facet normal -1.000000e+00 0.000000e+00 0.000000e+00
    outer loop
      vertex   -1.049700e+01 3.550000e+01 0.000000e+00
      vertex   -1.049700e+01 1.638400e+01 3.000000e+00
      vertex   -1.049700e+01 2.824800e+01 2.998000e+00
    endloop
  endfacet
  facet normal -1.000000e+00 -0.000000e+00 -0.000000e+00
    outer loop
      vertex   -1.049700e+01 3.550000e+01 2.998000e+00
      vertex   -1.049700e+01 3.550000e+01 0.000000e+00
      vertex   -1.049700e+01 2.824800e+01 2.998000e+00
    endloop
  endfacet
  facet normal 0.000000e+00 -0.000000e+00 1.000000e+00
    outer loop
      vertex   1.236800e+01 1.614000e+01 2.998000e+00
      vertex   1.317500e+01 1.636300e+01 2.998000e+00
      vertex   1.208600e+01 1.710000e+01 2.998000e+00
    endloop
  endfacet
  facet normal 0.000000e+00 0.000000e+00 1.000000e+00
    outer loop
      vertex   1.033400e+01 1.623500e+01 2.998000e+00
      vertex   1.087500e+01 1.539300e+01 2.998000e+00
      vertex   1.159800e+01 1.581500e+01 2.998000e+00
    endloop
  endfacet
  facet normal 0.000000e+00 0.000000e+00 1.000000e+00
    outer loop
      vertex   1.033400e+01 1.623500e+01 2.998000e+00
      vertex   9.557000e+00 1.563800e+01 2.998000e+00
      vertex   1.087500e+01 1.539300e+01 2.998000e+00
    endloop
  endfacet
  facet normal -0.000000e+00 0.000000e+00 1.000000e+00
    outer loop
      vertex   8.865000e+00 1.494600e+01 2.998000e+00
      vertex   9.621000e+00 1.429100e+01 2.998000e+00
      vertex   9.557000e+00 1.563800e+01 2.998000e+00
    endloop
  endfacet
  facet normal 0.000000e+00 0.000000e+00 1.000000e+00
    outer loop
      vertex   1.087500e+01 1.539300e+01 2.998000e+00
      vertex   9.557000e+00 1.563800e+01 2.998000e+00
      vertex   1.021200e+01 1.488200e+01 2.998000e+00
    endloop
  endfacet
  facet normal -4.723919e-01 -8.813886e-01 -0.000000e+00
    outer loop
      vertex   1.593800e+01 1.319200e+01 2.998000e+00
      vertex   1.593800e+01 1.319200e+01 0.000000e+00
      vertex   1.636900e+01 1.296100e+01 2.998000e+00
    endloop
  endfacet
  facet normal -4.723919e-01 -8.813886e-01 0.000000e+00
    outer loop
      vertex   1.636900e+01 1.296100e+01 0.000000e+00
      vertex   1.636900e+01 1.296100e+01 2.998000e+00
      vertex   1.593800e+01 1.319200e+01 0.000000e+00
    endloop
  endfacet
  facet normal -5.901185e-01 -8.073166e-01 0.000000e+00
    outer loop
      vertex   1.636900e+01 1.296100e+01 0.000000e+00
      vertex   1.676300e+01 1.267300e+01 0.000000e+00
      vertex   1.636900e+01 1.296100e+01 2.998000e+00
    endloop
  endfacet
  facet normal -3.461791e-01 -9.381684e-01 -0.000000e+00
    outer loop
      vertex   1.593800e+01 1.319200e+01 2.998000e+00
      vertex   1.548000e+01 1.336100e+01 0.000000e+00
      vertex   1.593800e+01 1.319200e+01 0.000000e+00
    endloop
  endfacet
  facet normal 2.047738e-01 -9.788093e-01 0.000000e+00
    outer loop
      vertex   1.355100e+01 1.336800e+01 2.998000e+00
      vertex   1.355100e+01 1.336800e+01 0.000000e+00
      vertex   1.402900e+01 1.346800e+01 0.000000e+00
    endloop
  endfacet
  facet normal 6.556589e-02 -9.978482e-01 0.000000e+00
    outer loop
      vertex   1.451600e+01 1.350000e+01 2.998000e+00
      vertex   1.402900e+01 1.346800e+01 0.000000e+00
      vertex   1.451600e+01 1.350000e+01 0.000000e+00
    endloop
  endfacet
  facet normal 3.376323e-01 -9.412781e-01 0.000000e+00
    outer loop
      vertex   1.355100e+01 1.336800e+01 2.998000e+00
      vertex   1.309100e+01 1.320300e+01 2.998000e+00
      vertex   1.355100e+01 1.336800e+01 0.000000e+00
    endloop
  endfacet
  facet normal 3.376323e-01 -9.412781e-01 0.000000e+00
    outer loop
      vertex   1.309100e+01 1.320300e+01 0.000000e+00
      vertex   1.355100e+01 1.336800e+01 0.000000e+00
      vertex   1.309100e+01 1.320300e+01 2.998000e+00
    endloop
  endfacet
  facet normal 5.841437e-01 -8.116503e-01 0.000000e+00
    outer loop
      vertex   1.265900e+01 1.297500e+01 2.998000e+00
      vertex   1.226300e+01 1.269000e+01 2.998000e+00
      vertex   1.265900e+01 1.297500e+01 0.000000e+00
    endloop
  endfacet
  facet normal 4.667580e-01 -8.843851e-01 0.000000e+00
    outer loop
      vertex   1.309100e+01 1.320300e+01 2.998000e+00
      vertex   1.265900e+01 1.297500e+01 2.998000e+00
      vertex   1.309100e+01 1.320300e+01 0.000000e+00
    endloop
  endfacet
  facet normal 4.667580e-01 -8.843851e-01 0.000000e+00
    outer loop
      vertex   1.265900e+01 1.297500e+01 0.000000e+00
      vertex   1.309100e+01 1.320300e+01 0.000000e+00
      vertex   1.265900e+01 1.297500e+01 2.998000e+00
    endloop
  endfacet
  facet normal 4.326245e-01 9.015742e-01 0.000000e+00
    outer loop
      vertex   1.617600e+01 1.417700e+01 2.998000e+00
      vertex   1.672200e+01 1.391500e+01 2.998000e+00
      vertex   1.617600e+01 1.417700e+01 0.000000e+00
    endloop
  endfacet
  facet normal -3.087873e-01 9.511311e-01 0.000000e+00
    outer loop
      vertex   1.283000e+01 1.417700e+01 0.000000e+00
      vertex   1.283000e+01 1.417700e+01 2.998000e+00
      vertex   1.340600e+01 1.436400e+01 0.000000e+00
    endloop
  endfacet
  facet normal 3.087873e-01 9.511311e-01 0.000000e+00
    outer loop
      vertex   1.560000e+01 1.436400e+01 0.000000e+00
      vertex   1.617600e+01 1.417700e+01 2.998000e+00
      vertex   1.617600e+01 1.417700e+01 0.000000e+00
    endloop
  endfacet
  facet normal -1.000000e+00 0.000000e+00 0.000000e+00
    outer loop
      vertex   1.400300e+01 1.447200e+01 2.998000e+00
      vertex   1.400300e+01 1.648100e+01 2.998000e+00
      vertex   1.400300e+01 1.447200e+01 0.000000e+00
    endloop
  endfacet
  facet normal -1.780151e-01 9.840278e-01 0.000000e+00
    outer loop
      vertex   1.400300e+01 1.447200e+01 0.000000e+00
      vertex   1.340600e+01 1.436400e+01 0.000000e+00
      vertex   1.400300e+01 1.447200e+01 2.998000e+00
    endloop
  endfacet
  facet normal 3.087873e-01 9.511311e-01 -0.000000e+00
    outer loop
      vertex   1.560000e+01 1.436400e+01 0.000000e+00
      vertex   1.560000e+01 1.436400e+01 2.998000e+00
      vertex   1.617600e+01 1.417700e+01 2.998000e+00
    endloop
  endfacet
  facet normal 1.780151e-01 9.840278e-01 0.000000e+00
    outer loop
      vertex   1.560000e+01 1.436400e+01 2.998000e+00
      vertex   1.560000e+01 1.436400e+01 0.000000e+00
      vertex   1.500300e+01 1.447200e+01 0.000000e+00
    endloop
  endfacet
  facet normal 2.047738e-01 -9.788093e-01 0.000000e+00
    outer loop
      vertex   1.355100e+01 1.336800e+01 2.998000e+00
      vertex   1.402900e+01 1.346800e+01 0.000000e+00
      vertex   1.402900e+01 1.346800e+01 2.998000e+00
    endloop
  endfacet
  facet normal 6.556589e-02 -9.978482e-01 0.000000e+00
    outer loop
      vertex   1.402900e+01 1.346800e+01 0.000000e+00
      vertex   1.451600e+01 1.350000e+01 2.998000e+00
      vertex   1.402900e+01 1.346800e+01 2.998000e+00
    endloop
  endfacet
  facet normal -3.087873e-01 9.511311e-01 0.000000e+00
    outer loop
      vertex   1.283000e+01 1.417700e+01 2.998000e+00
      vertex   1.340600e+01 1.436400e+01 2.998000e+00
      vertex   1.340600e+01 1.436400e+01 0.000000e+00
    endloop
  endfacet
  facet normal -0.000000e+00 0.000000e+00 1.000000e+00
    outer loop
      vertex   1.283000e+01 1.417700e+01 2.998000e+00
      vertex   1.355100e+01 1.336800e+01 2.998000e+00
      vertex   1.340600e+01 1.436400e+01 2.998000e+00
    endloop
  endfacet
  facet normal 0.000000e+00 -0.000000e+00 1.000000e+00
    outer loop
      vertex   1.402900e+01 1.346800e+01 2.998000e+00
      vertex   1.451600e+01 1.350000e+01 2.998000e+00
      vertex   1.400300e+01 1.447200e+01 2.998000e+00
    endloop
  endfacet
  facet normal 0.000000e+00 0.000000e+00 1.000000e+00
    outer loop
      vertex   1.402900e+01 1.346800e+01 2.998000e+00
      vertex   1.340600e+01 1.436400e+01 2.998000e+00
      vertex   1.355100e+01 1.336800e+01 2.998000e+00
    endloop
  endfacet
  facet normal 0.000000e+00 -0.000000e+00 1.000000e+00
    outer loop
      vertex   1.265900e+01 1.297500e+01 2.998000e+00
      vertex   1.309100e+01 1.320300e+01 2.998000e+00
      vertex   1.228400e+01 1.391500e+01 2.998000e+00
    endloop
  endfacet
  facet normal 0.000000e+00 0.000000e+00 1.000000e+00
    outer loop
      vertex   1.355100e+01 1.336800e+01 2.998000e+00
      vertex   1.283000e+01 1.417700e+01 2.998000e+00
      vertex   1.309100e+01 1.320300e+01 2.998000e+00
    endloop
  endfacet
  facet normal 0.000000e+00 0.000000e+00 1.000000e+00
    outer loop
      vertex   1.283000e+01 1.417700e+01 2.998000e+00
      vertex   1.228400e+01 1.391500e+01 2.998000e+00
      vertex   1.309100e+01 1.320300e+01 2.998000e+00
    endloop
  endfacet
  facet normal -3.461791e-01 -9.381684e-01 -0.000000e+00
    outer loop
      vertex   1.548000e+01 1.336100e+01 2.998000e+00
      vertex   1.548000e+01 1.336100e+01 0.000000e+00
      vertex   1.593800e+01 1.319200e+01 2.998000e+00
    endloop
  endfacet
  facet normal -7.372071e-02 -9.972789e-01 -0.000000e+00
    outer loop
      vertex   1.451600e+01 1.350000e+01 2.998000e+00
      vertex   1.451600e+01 1.350000e+01 0.000000e+00
      vertex   1.500300e+01 1.346400e+01 2.998000e+00
    endloop
  endfacet
  facet normal -7.372071e-02 -9.972789e-01 0.000000e+00
    outer loop
      vertex   1.500300e+01 1.346400e+01 0.000000e+00
      vertex   1.500300e+01 1.346400e+01 2.998000e+00
      vertex   1.451600e+01 1.350000e+01 0.000000e+00
    endloop
  endfacet
  facet normal -2.110693e-01 -9.774711e-01 -0.000000e+00
    outer loop
      vertex   1.548000e+01 1.336100e+01 2.998000e+00
      vertex   1.500300e+01 1.346400e+01 0.000000e+00
      vertex   1.548000e+01 1.336100e+01 0.000000e+00
    endloop
  endfacet
  facet normal -2.110693e-01 -9.774711e-01 0.000000e+00
    outer loop
      vertex   1.548000e+01 1.336100e+01 2.998000e+00
      vertex   1.500300e+01 1.346400e+01 2.998000e+00
      vertex   1.500300e+01 1.346400e+01 0.000000e+00
    endloop
  endfacet
  facet normal 0.000000e+00 0.000000e+00 1.000000e+00
    outer loop
      vertex   1.560000e+01 1.436400e+01 2.998000e+00
      vertex   1.548000e+01 1.336100e+01 2.998000e+00
      vertex   1.617600e+01 1.417700e+01 2.998000e+00
    endloop
  endfacet
  facet normal -0.000000e+00 0.000000e+00 1.000000e+00
    outer loop
      vertex   1.548000e+01 1.336100e+01 2.998000e+00
      vertex   1.593800e+01 1.319200e+01 2.998000e+00
      vertex   1.617600e+01 1.417700e+01 2.998000e+00
    endloop
  endfacet
  facet normal 0.000000e+00 -0.000000e+00 1.000000e+00
    outer loop
      vertex   1.636900e+01 1.296100e+01 2.998000e+00
      vertex   1.672200e+01 1.391500e+01 2.998000e+00
      vertex   1.593800e+01 1.319200e+01 2.998000e+00
    endloop
  endfacet
  facet normal -0.000000e+00 0.000000e+00 1.000000e+00
    outer loop
      vertex   1.500300e+01 1.346400e+01 2.998000e+00
      vertex   1.548000e+01 1.336100e+01 2.998000e+00
      vertex   1.560000e+01 1.436400e+01 2.998000e+00
    endloop
  endfacet
  facet normal 0.000000e+00 0.000000e+00 1.000000e+00
    outer loop
      vertex   1.560000e+01 1.436400e+01 2.998000e+00
      vertex   1.500300e+01 1.447200e+01 2.998000e+00
      vertex   1.500300e+01 1.346400e+01 2.998000e+00
    endloop
  endfacet
  facet normal 0.000000e+00 -0.000000e+00 1.000000e+00
    outer loop
      vertex   1.500300e+01 1.346400e+01 2.998000e+00
      vertex   1.500300e+01 1.447200e+01 2.998000e+00
      vertex   1.451600e+01 1.350000e+01 2.998000e+00
    endloop
  endfacet
  facet normal -1.780151e-01 9.840278e-01 0.000000e+00
    outer loop
      vertex   1.400300e+01 1.447200e+01 2.998000e+00
      vertex   1.340600e+01 1.436400e+01 0.000000e+00
      vertex   1.340600e+01 1.436400e+01 2.998000e+00
    endloop
  endfacet
  facet normal 2.663516e-01 -9.638759e-01 0.000000e+00
    outer loop
      vertex   1.317500e+01 1.636300e+01 2.998000e+00
      vertex   1.236800e+01 1.614000e+01 0.000000e+00
      vertex   1.317500e+01 1.636300e+01 0.000000e+00
    endloop
  endfacet
  facet normal 2.663516e-01 -9.638759e-01 0.000000e+00
    outer loop
      vertex   1.317500e+01 1.636300e+01 2.998000e+00
      vertex   1.236800e+01 1.614000e+01 2.998000e+00
      vertex   1.236800e+01 1.614000e+01 0.000000e+00
    endloop
  endfacet
  facet normal -0.000000e+00 0.000000e+00 1.000000e+00
    outer loop
      vertex   1.340600e+01 1.436400e+01 2.998000e+00
      vertex   1.402900e+01 1.346800e+01 2.998000e+00
      vertex   1.400300e+01 1.447200e+01 2.998000e+00
    endloop
  endfacet
  facet normal 0.000000e+00 -0.000000e+00 1.000000e+00
    outer loop
      vertex   1.317500e+01 1.636300e+01 2.998000e+00
      vertex   1.400300e+01 1.648100e+01 2.998000e+00
      vertex   1.303200e+01 1.735400e+01 2.998000e+00
    endloop
  endfacet
  facet normal 1.780151e-01 9.840278e-01 0.000000e+00
    outer loop
      vertex   1.560000e+01 1.436400e+01 2.998000e+00
      vertex   1.500300e+01 1.447200e+01 0.000000e+00
      vertex   1.500300e+01 1.447200e+01 2.998000e+00
    endloop
  endfacet
  facet normal -1.410871e-01 -9.899972e-01 -0.000000e+00
    outer loop
      vertex   1.583100e+01 1.636300e+01 2.998000e+00
      vertex   1.500300e+01 1.648100e+01 2.998000e+00
      vertex   1.583100e+01 1.636300e+01 0.000000e+00
    endloop
  endfacet
  facet normal 0.000000e+00 0.000000e+00 1.000000e+00
    outer loop
      vertex   1.692000e+01 1.710000e+01 2.998000e+00
      vertex   1.583100e+01 1.636300e+01 2.998000e+00
      vertex   1.663800e+01 1.614000e+01 2.998000e+00
    endloop
  endfacet
  facet normal 5.003110e-01 -8.658458e-01 0.000000e+00
    outer loop
      vertex   1.867200e+01 3.765000e+00 0.000000e+00
      vertex   1.782400e+01 3.275000e+00 2.998000e+00
      vertex   1.782400e+01 3.275000e+00 0.000000e+00
    endloop
  endfacet
  facet normal -2.663499e-01 9.638764e-01 0.000000e+00
    outer loop
      vertex   1.583100e+01 3.637000e+00 0.000000e+00
      vertex   1.583100e+01 3.637000e+00 2.998000e+00
      vertex   1.663800e+01 3.860000e+00 0.000000e+00
    endloop
  endfacet
  facet normal 3.831639e-01 -9.236804e-01 0.000000e+00
    outer loop
      vertex   1.692000e+01 2.900000e+00 0.000000e+00
      vertex   1.782400e+01 3.275000e+00 2.998000e+00
      vertex   1.692000e+01 2.900000e+00 2.998000e+00
    endloop
  endfacet
  facet normal 3.831639e-01 -9.236804e-01 0.000000e+00
    outer loop
      vertex   1.692000e+01 2.900000e+00 0.000000e+00
      vertex   1.782400e+01 3.275000e+00 0.000000e+00
      vertex   1.782400e+01 3.275000e+00 2.998000e+00
    endloop
  endfacet
  facet normal 4.928014e-01 -8.701418e-01 0.000000e+00
    outer loop
      vertex   2.083500e+01 4.000000e-01 2.998000e+00
      vertex   1.948600e+01 -3.640000e-01 0.000000e+00
      vertex   2.083500e+01 4.000000e-01 0.000000e+00
    endloop
  endfacet
  facet normal -3.735939e-01 9.275924e-01 0.000000e+00
    outer loop
      vertex   1.907100e+01 5.460000e-01 0.000000e+00
      vertex   1.776500e+01 2.000000e-02 0.000000e+00
      vertex   1.776500e+01 2.000000e-02 2.998000e+00
    endloop
  endfacet
  facet normal -3.735939e-01 9.275924e-01 0.000000e+00
    outer loop
      vertex   1.907100e+01 5.460000e-01 2.998000e+00
      vertex   1.907100e+01 5.460000e-01 0.000000e+00
      vertex   1.776500e+01 2.000000e-02 2.998000e+00
    endloop
  endfacet
  facet normal -4.940701e-01 8.694221e-01 0.000000e+00
    outer loop
      vertex   2.029400e+01 1.241000e+00 2.998000e+00
      vertex   2.029400e+01 1.241000e+00 0.000000e+00
      vertex   1.907100e+01 5.460000e-01 2.998000e+00
    endloop
  endfacet
  facet normal -4.940701e-01 8.694221e-01 0.000000e+00
    outer loop
      vertex   1.907100e+01 5.460000e-01 0.000000e+00
      vertex   1.907100e+01 5.460000e-01 2.998000e+00
      vertex   2.029400e+01 1.241000e+00 0.000000e+00
    endloop
  endfacet
  facet normal -6.062364e-01 7.952845e-01 0.000000e+00
    outer loop
      vertex   2.141300e+01 2.094000e+00 2.998000e+00
      vertex   2.029400e+01 1.241000e+00 0.000000e+00
      vertex   2.029400e+01 1.241000e+00 2.998000e+00
    endloop
  endfacet
  facet normal -6.062364e-01 7.952845e-01 0.000000e+00
    outer loop
      vertex   2.141300e+01 2.094000e+00 2.998000e+00
      vertex   2.141300e+01 2.094000e+00 0.000000e+00
      vertex   2.029400e+01 1.241000e+00 0.000000e+00
    endloop
  endfacet
  facet normal -0.000000e+00 0.000000e+00 1.000000e+00
    outer loop
      vertex   1.776500e+01 2.000000e-02 2.998000e+00
      vertex   1.948600e+01 -3.640000e-01 2.998000e+00
      vertex   1.907100e+01 5.460000e-01 2.998000e+00
    endloop
  endfacet
  facet normal 0.000000e+00 -0.000000e+00 1.000000e+00
    outer loop
      vertex   2.083500e+01 4.000000e-01 2.998000e+00
      vertex   2.206800e+01 1.339000e+00 2.998000e+00
      vertex   2.029400e+01 1.241000e+00 2.998000e+00
    endloop
  endfacet
  facet normal -0.000000e+00 0.000000e+00 1.000000e+00
    outer loop
      vertex   1.907100e+01 5.460000e-01 2.998000e+00
      vertex   2.083500e+01 4.000000e-01 2.998000e+00
      vertex   2.029400e+01 1.241000e+00 2.998000e+00
    endloop
  endfacet
  facet normal 5.003110e-01 -8.658458e-01 0.000000e+00
    outer loop
      vertex   1.867200e+01 3.765000e+00 2.998000e+00
      vertex   1.782400e+01 3.275000e+00 2.998000e+00
      vertex   1.867200e+01 3.765000e+00 0.000000e+00
    endloop
  endfacet
  facet normal 6.092678e-01 -7.929646e-01 0.000000e+00
    outer loop
      vertex   1.944900e+01 4.362000e+00 2.998000e+00
      vertex   1.867200e+01 3.765000e+00 2.998000e+00
      vertex   1.867200e+01 3.765000e+00 0.000000e+00
    endloop
  endfacet
  facet normal 2.593146e-01 -9.657929e-01 0.000000e+00
    outer loop
      vertex   1.597400e+01 2.646000e+00 2.998000e+00
      vertex   1.597400e+01 2.646000e+00 0.000000e+00
      vertex   1.692000e+01 2.900000e+00 2.998000e+00
    endloop
  endfacet
  facet normal -2.663499e-01 9.638764e-01 0.000000e+00
    outer loop
      vertex   1.663800e+01 3.860000e+00 2.998000e+00
      vertex   1.663800e+01 3.860000e+00 0.000000e+00
      vertex   1.583100e+01 3.637000e+00 2.998000e+00
    endloop
  endfacet
  facet normal 0.000000e+00 0.000000e+00 1.000000e+00
    outer loop
      vertex   1.782400e+01 3.275000e+00 2.998000e+00
      vertex   1.663800e+01 3.860000e+00 2.998000e+00
      vertex   1.692000e+01 2.900000e+00 2.998000e+00
    endloop
  endfacet
  facet normal 0.000000e+00 0.000000e+00 1.000000e+00
    outer loop
      vertex   1.663800e+01 3.860000e+00 2.998000e+00
      vertex   1.583100e+01 3.637000e+00 2.998000e+00
      vertex   1.692000e+01 2.900000e+00 2.998000e+00
    endloop
  endfacet
  facet normal 6.058673e-01 -7.955658e-01 0.000000e+00
    outer loop
      vertex   2.206800e+01 1.339000e+00 2.998000e+00
      vertex   2.083500e+01 4.000000e-01 0.000000e+00
      vertex   2.206800e+01 1.339000e+00 0.000000e+00
    endloop
  endfacet
  facet normal 6.058673e-01 -7.955658e-01 0.000000e+00
    outer loop
      vertex   2.206800e+01 1.339000e+00 2.998000e+00
      vertex   2.083500e+01 4.000000e-01 2.998000e+00
      vertex   2.083500e+01 4.000000e-01 0.000000e+00
    endloop
  endfacet
  facet normal 7.955652e-01 -6.058680e-01 0.000000e+00
    outer loop
      vertex   2.410300e+01 3.668000e+00 2.998000e+00
      vertex   2.316400e+01 2.435000e+00 0.000000e+00
      vertex   2.410300e+01 3.668000e+00 0.000000e+00
    endloop
  endfacet
  facet normal 7.955652e-01 -6.058680e-01 0.000000e+00
    outer loop
      vertex   2.410300e+01 3.668000e+00 2.998000e+00
      vertex   2.316400e+01 2.435000e+00 2.998000e+00
      vertex   2.316400e+01 2.435000e+00 0.000000e+00
    endloop
  endfacet
  facet normal 7.071073e-01 -7.071063e-01 0.000000e+00
    outer loop
      vertex   2.316400e+01 2.435000e+00 0.000000e+00
      vertex   2.206800e+01 1.339000e+00 2.998000e+00
      vertex   2.206800e+01 1.339000e+00 0.000000e+00
    endloop
  endfacet
  facet normal 7.071073e-01 -7.071063e-01 0.000000e+00
    outer loop
      vertex   2.316400e+01 2.435000e+00 0.000000e+00
      vertex   2.316400e+01 2.435000e+00 2.998000e+00
      vertex   2.206800e+01 1.339000e+00 2.998000e+00
    endloop
  endfacet
  facet normal -7.071064e-01 7.071072e-01 0.000000e+00
    outer loop
      vertex   2.240900e+01 3.090000e+00 0.000000e+00
      vertex   2.141300e+01 2.094000e+00 2.998000e+00
      vertex   2.240900e+01 3.090000e+00 2.998000e+00
    endloop
  endfacet
  facet normal -7.071064e-01 7.071072e-01 0.000000e+00
    outer loop
      vertex   2.240900e+01 3.090000e+00 0.000000e+00
      vertex   2.141300e+01 2.094000e+00 0.000000e+00
      vertex   2.141300e+01 2.094000e+00 2.998000e+00
    endloop
  endfacet
  facet normal 0.000000e+00 0.000000e+00 1.000000e+00
    outer loop
      vertex   2.141300e+01 2.094000e+00 2.998000e+00
      vertex   2.029400e+01 1.241000e+00 2.998000e+00
      vertex   2.206800e+01 1.339000e+00 2.998000e+00
    endloop
  endfacet
  facet normal 0.000000e+00 0.000000e+00 1.000000e+00
    outer loop
      vertex   2.240900e+01 3.090000e+00 2.998000e+00
      vertex   2.141300e+01 2.094000e+00 2.998000e+00
      vertex   2.206800e+01 1.339000e+00 2.998000e+00
    endloop
  endfacet
  facet normal 0.000000e+00 0.000000e+00 1.000000e+00
    outer loop
      vertex   2.410300e+01 3.668000e+00 2.998000e+00
      vertex   2.326200e+01 4.209000e+00 2.998000e+00
      vertex   2.316400e+01 2.435000e+00 2.998000e+00
    endloop
  endfacet
  facet normal 0.000000e+00 0.000000e+00 1.000000e+00
    outer loop
      vertex   2.316400e+01 2.435000e+00 2.998000e+00
      vertex   2.240900e+01 3.090000e+00 2.998000e+00
      vertex   2.206800e+01 1.339000e+00 2.998000e+00
    endloop
  endfacet
  facet normal -0.000000e+00 0.000000e+00 1.000000e+00
    outer loop
      vertex   1.400300e+01 -4.491000e+00 2.998000e+00
      vertex   -2.503000e+00 -9.003000e+00 2.998000e+00
      vertex   1.500300e+01 -4.491000e+00 2.998000e+00
    endloop
  endfacet
  facet normal 0.000000e+00 0.000000e+00 1.000000e+00
    outer loop
      vertex   -2.503000e+00 -9.003000e+00 2.998000e+00
      vertex   2.306300e+01 -6.014000e+00 2.998000e+00
      vertex   1.500300e+01 -4.491000e+00 2.998000e+00
    endloop
  endfacet
  facet normal 2.465460e-01 9.691311e-01 -0.000000e+00
    outer loop
      vertex   1.260500e+01 -3.270000e-01 0.000000e+00
      vertex   1.124100e+01 2.000000e-02 0.000000e+00
      vertex   1.260500e+01 -3.270000e-01 2.998000e+00
    endloop
  endfacet
  facet normal 2.465460e-01 9.691311e-01 -0.000000e+00
    outer loop
      vertex   1.124100e+01 2.000000e-02 0.000000e+00
      vertex   1.124100e+01 2.000000e-02 2.998000e+00
      vertex   1.260500e+01 -3.270000e-01 2.998000e+00
    endloop
  endfacet
  facet normal -3.716135e-01 -9.283875e-01 0.000000e+00
    outer loop
      vertex   9.520001e+00 -3.640000e-01 2.998000e+00
      vertex   1.095900e+01 -9.400000e-01 0.000000e+00
      vertex   1.095900e+01 -9.400000e-01 2.998000e+00
    endloop
  endfacet
  facet normal -3.716135e-01 -9.283875e-01 -0.000000e+00
    outer loop
      vertex   9.520001e+00 -3.640000e-01 2.998000e+00
      vertex   9.520001e+00 -3.640000e-01 0.000000e+00
      vertex   1.095900e+01 -9.400000e-01 0.000000e+00
    endloop
  endfacet
  facet normal -2.439017e-01 -9.698000e-01 0.000000e+00
    outer loop
      vertex   1.095900e+01 -9.400000e-01 0.000000e+00
      vertex   1.246200e+01 -1.318000e+00 0.000000e+00
      vertex   1.095900e+01 -9.400000e-01 2.998000e+00
    endloop
  endfacet
  facet normal 4.426283e-01 8.966644e-01 -8.554079e-03
    outer loop
      vertex   8.273000e+00 -3.094000e+00 0.000000e+00
      vertex   7.314000e+00 -2.592000e+00 2.998000e+00
      vertex   8.886000e+00 -3.368000e+00 2.998000e+00
    endloop
  endfacet
  facet normal 0.000000e+00 9.958495e-01 9.101489e-02
    outer loop
      vertex   8.273000e+00 -3.094000e+00 0.000000e+00
      vertex   8.886000e+00 -3.368000e+00 2.998000e+00
      vertex   8.887000e+00 -3.368000e+00 2.998000e+00
    endloop
  endfacet
  facet normal 3.668377e-01 9.302324e-01 9.888336e-03
    outer loop
      vertex   8.273000e+00 -3.094000e+00 0.000000e+00
      vertex   8.887000e+00 -3.368000e+00 2.998000e+00
      vertex   1.011400e+01 -3.820000e+00 0.000000e+00
    endloop
  endfacet
  facet normal 3.312315e-01 9.435258e-01 -6.688510e-03
    outer loop
      vertex   8.887000e+00 -3.368000e+00 2.998000e+00
      vertex   1.054200e+01 -3.949000e+00 2.998000e+00
      vertex   1.011400e+01 -3.820000e+00 0.000000e+00
    endloop
  endfacet
  facet normal -0.000000e+00 0.000000e+00 1.000000e+00
    outer loop
      vertex   1.095900e+01 -9.400000e-01 2.998000e+00
      vertex   1.246200e+01 -1.318000e+00 2.998000e+00
      vertex   1.260500e+01 -3.270000e-01 2.998000e+00
    endloop
  endfacet
  facet normal 0.000000e+00 0.000000e+00 1.000000e+00
    outer loop
      vertex   1.260500e+01 -3.270000e-01 2.998000e+00
      vertex   1.124100e+01 2.000000e-02 2.998000e+00
      vertex   1.095900e+01 -9.400000e-01 2.998000e+00
    endloop
  endfacet
  facet normal -1.144085e-01 9.934338e-01 0.000000e+00
    outer loop
      vertex   1.500300e+01 -4.880000e-01 2.998000e+00
      vertex   1.640100e+01 -3.270000e-01 2.998000e+00
      vertex   1.500300e+01 -4.880000e-01 0.000000e+00
    endloop
  endfacet
  facet normal -1.000000e+00 0.000000e+00 0.000000e+00
    outer loop
      vertex   1.400300e+01 -1.489000e+00 0.000000e+00
      vertex   1.400300e+01 -4.491000e+00 0.000000e+00
      vertex   1.400300e+01 -1.489000e+00 2.998000e+00
    endloop
  endfacet
  facet normal -1.102899e-01 -9.938995e-01 -0.000000e+00
    outer loop
      vertex   1.400300e+01 -1.489000e+00 2.998000e+00
      vertex   1.246200e+01 -1.318000e+00 0.000000e+00
      vertex   1.400300e+01 -1.489000e+00 0.000000e+00
    endloop
  endfacet
  facet normal 1.144083e-01 9.934338e-01 -0.000000e+00
    outer loop
      vertex   1.400300e+01 -4.880000e-01 0.000000e+00
      vertex   1.260500e+01 -3.270000e-01 0.000000e+00
      vertex   1.400300e+01 -4.880000e-01 2.998000e+00
    endloop
  endfacet
  facet normal 1.144083e-01 9.934338e-01 0.000000e+00
    outer loop
      vertex   1.260500e+01 -3.270000e-01 2.998000e+00
      vertex   1.400300e+01 -4.880000e-01 2.998000e+00
      vertex   1.260500e+01 -3.270000e-01 0.000000e+00
    endloop
  endfacet
  facet normal -1.102899e-01 -9.938995e-01 0.000000e+00
    outer loop
      vertex   1.400300e+01 -1.489000e+00 2.998000e+00
      vertex   1.246200e+01 -1.318000e+00 2.998000e+00
      vertex   1.246200e+01 -1.318000e+00 0.000000e+00
    endloop
  endfacet
  facet normal -2.439017e-01 -9.698000e-01 -0.000000e+00
    outer loop
      vertex   1.246200e+01 -1.318000e+00 2.998000e+00
      vertex   1.095900e+01 -9.400000e-01 2.998000e+00
      vertex   1.246200e+01 -1.318000e+00 0.000000e+00
    endloop
  endfacet
  facet normal 1.102899e-01 -9.938995e-01 0.000000e+00
    outer loop
      vertex   1.500300e+01 -1.489000e+00 0.000000e+00
      vertex   1.654400e+01 -1.318000e+00 2.998000e+00
      vertex   1.500300e+01 -1.489000e+00 2.998000e+00
    endloop
  endfacet
  facet normal 0.000000e+00 0.000000e+00 1.000000e+00
    outer loop
      vertex   1.400300e+01 -4.880000e-01 2.998000e+00
      vertex   1.400300e+01 -1.489000e+00 2.998000e+00
      vertex   1.500300e+01 -1.489000e+00 2.998000e+00
    endloop
  endfacet
  facet normal 0.000000e+00 0.000000e+00 1.000000e+00
    outer loop
      vertex   1.500300e+01 -4.880000e-01 2.998000e+00
      vertex   1.400300e+01 -4.880000e-01 2.998000e+00
      vertex   1.500300e+01 -1.489000e+00 2.998000e+00
    endloop
  endfacet
  facet normal 0.000000e+00 0.000000e+00 1.000000e+00
    outer loop
      vertex   1.400300e+01 -4.880000e-01 2.998000e+00
      vertex   1.260500e+01 -3.270000e-01 2.998000e+00
      vertex   1.246200e+01 -1.318000e+00 2.998000e+00
    endloop
  endfacet
  facet normal 0.000000e+00 -0.000000e+00 1.000000e+00
    outer loop
      vertex   1.400300e+01 -1.489000e+00 2.998000e+00
      vertex   1.400300e+01 -4.880000e-01 2.998000e+00
      vertex   1.246200e+01 -1.318000e+00 2.998000e+00
    endloop
  endfacet
  facet normal 0.000000e+00 1.000000e+00 -0.000000e+00
    outer loop
      vertex   3.500300e+01 -9.003000e+00 2.998000e+00
      vertex   -2.503000e+00 -9.003000e+00 2.998000e+00
      vertex   3.500300e+01 -9.003000e+00 3.000000e+00
    endloop
  endfacet
  facet normal 1.581880e-01 9.874090e-01 0.000000e+00
    outer loop
      vertex   2.379800e+01 -6.253000e+00 2.998000e+00
      vertex   2.341100e+01 -6.191000e+00 0.000000e+00
      vertex   2.341100e+01 -6.191000e+00 2.998000e+00
    endloop
  endfacet
  facet normal 1.581880e-01 9.874090e-01 0.000000e+00
    outer loop
      vertex   2.379800e+01 -6.253000e+00 2.998000e+00
      vertex   2.379800e+01 -6.253000e+00 0.000000e+00
      vertex   2.341100e+01 -6.191000e+00 0.000000e+00
    endloop
  endfacet
  facet normal 4.533499e-01 8.913326e-01 0.000000e+00
    outer loop
      vertex   2.341100e+01 -6.191000e+00 2.998000e+00
      vertex   2.341100e+01 -6.191000e+00 0.000000e+00
      vertex   2.306300e+01 -6.014000e+00 2.998000e+00
    endloop
  endfacet
  facet normal 4.533499e-01 8.913326e-01 -0.000000e+00
    outer loop
      vertex   2.306300e+01 -6.014000e+00 0.000000e+00
      vertex   2.306300e+01 -6.014000e+00 2.998000e+00
      vertex   2.341100e+01 -6.191000e+00 0.000000e+00
    endloop
  endfacet
  facet normal 7.071075e-01 7.071060e-01 0.000000e+00
    outer loop
      vertex   2.306300e+01 -6.014000e+00 2.998000e+00
      vertex   2.278600e+01 -5.737000e+00 0.000000e+00
      vertex   2.278600e+01 -5.737000e+00 2.998000e+00
    endloop
  endfacet
  facet normal 7.071075e-01 7.071060e-01 0.000000e+00
    outer loop
      vertex   2.306300e+01 -6.014000e+00 2.998000e+00
      vertex   2.306300e+01 -6.014000e+00 0.000000e+00
      vertex   2.278600e+01 -5.737000e+00 0.000000e+00
    endloop
  endfacet
  facet normal 8.913329e-01 4.533493e-01 0.000000e+00
    outer loop
      vertex   2.278600e+01 -5.737000e+00 2.998000e+00
      vertex   2.278600e+01 -5.737000e+00 0.000000e+00
      vertex   2.260900e+01 -5.389000e+00 2.998000e+00
    endloop
  endfacet
  facet normal 8.913329e-01 4.533493e-01 -0.000000e+00
    outer loop
      vertex   2.260900e+01 -5.389000e+00 0.000000e+00
      vertex   2.260900e+01 -5.389000e+00 2.998000e+00
      vertex   2.278600e+01 -5.737000e+00 0.000000e+00
    endloop
  endfacet
  facet normal 9.878046e-01 1.556987e-01 0.000000e+00
    outer loop
      vertex   2.260900e+01 -5.389000e+00 2.998000e+00
      vertex   2.254800e+01 -5.002000e+00 0.000000e+00
      vertex   2.254800e+01 -5.002000e+00 2.998000e+00
    endloop
  endfacet
  facet normal 9.878046e-01 1.556987e-01 0.000000e+00
    outer loop
      vertex   2.260900e+01 -5.389000e+00 2.998000e+00
      vertex   2.260900e+01 -5.389000e+00 0.000000e+00
      vertex   2.254800e+01 -5.002000e+00 0.000000e+00
    endloop
  endfacet
  facet normal 9.877424e-01 -1.560927e-01 0.000000e+00
    outer loop
      vertex   2.260900e+01 -4.616000e+00 0.000000e+00
      vertex   2.260900e+01 -4.616000e+00 2.998000e+00
      vertex   2.254800e+01 -5.002000e+00 0.000000e+00
    endloop
  endfacet
  facet normal 9.877424e-01 -1.560927e-01 0.000000e+00
    outer loop
      vertex   2.254800e+01 -5.002000e+00 2.998000e+00
      vertex   2.254800e+01 -5.002000e+00 0.000000e+00
      vertex   2.260900e+01 -4.616000e+00 2.998000e+00
    endloop
  endfacet
  facet normal 8.918576e-01 -4.523162e-01 0.000000e+00
    outer loop
      vertex   2.278600e+01 -4.267000e+00 0.000000e+00
      vertex   2.260900e+01 -4.616000e+00 2.998000e+00
      vertex   2.260900e+01 -4.616000e+00 0.000000e+00
    endloop
  endfacet
  facet normal 8.918576e-01 -4.523162e-01 0.000000e+00
    outer loop
      vertex   2.278600e+01 -4.267000e+00 0.000000e+00
      vertex   2.278600e+01 -4.267000e+00 2.998000e+00
      vertex   2.260900e+01 -4.616000e+00 2.998000e+00
    endloop
  endfacet
  facet normal 7.058279e-01 -7.083834e-01 0.000000e+00
    outer loop
      vertex   2.278600e+01 -4.267000e+00 2.998000e+00
      vertex   2.278600e+01 -4.267000e+00 0.000000e+00
      vertex   2.306300e+01 -3.991000e+00 0.000000e+00
    endloop
  endfacet
  facet normal -4.523156e-01 8.918579e-01 0.000000e+00
    outer loop
      vertex   2.453300e+01 -6.014000e+00 2.998000e+00
      vertex   2.453300e+01 -6.014000e+00 0.000000e+00
      vertex   2.418400e+01 -6.191000e+00 2.998000e+00
    endloop
  endfacet
  facet normal -4.523156e-01 8.918579e-01 0.000000e+00
    outer loop
      vertex   2.418400e+01 -6.191000e+00 0.000000e+00
      vertex   2.418400e+01 -6.191000e+00 2.998000e+00
      vertex   2.453300e+01 -6.014000e+00 0.000000e+00
    endloop
  endfacet
  facet normal -1.585881e-01 9.873448e-01 0.000000e+00
    outer loop
      vertex   2.418400e+01 -6.191000e+00 2.998000e+00
      vertex   2.379800e+01 -6.253000e+00 0.000000e+00
      vertex   2.379800e+01 -6.253000e+00 2.998000e+00
    endloop
  endfacet
  facet normal -1.585881e-01 9.873448e-01 0.000000e+00
    outer loop
      vertex   2.418400e+01 -6.191000e+00 2.998000e+00
      vertex   2.418400e+01 -6.191000e+00 0.000000e+00
      vertex   2.379800e+01 -6.253000e+00 0.000000e+00
    endloop
  endfacet
  facet normal -1.026049e-01 9.947110e-01 4.712558e-03
    outer loop
      vertex   1.675000e+01 -4.325000e+00 2.998000e+00
      vertex   1.697100e+01 -4.288000e+00 0.000000e+00
      vertex   1.500300e+01 -4.491000e+00 0.000000e+00
    endloop
  endfacet
  facet normal 0.000000e+00 0.000000e+00 1.000000e+00
    outer loop
      vertex   2.260900e+01 -4.616000e+00 2.998000e+00
      vertex   2.012000e+01 -3.368000e+00 2.998000e+00
      vertex   2.254800e+01 -5.002000e+00 2.998000e+00
    endloop
  endfacet
  facet normal 0.000000e+00 0.000000e+00 1.000000e+00
    outer loop
      vertex   2.260900e+01 -5.389000e+00 2.998000e+00
      vertex   1.846400e+01 -3.949000e+00 2.998000e+00
      vertex   2.278600e+01 -5.737000e+00 2.998000e+00
    endloop
  endfacet
  facet normal 0.000000e+00 0.000000e+00 1.000000e+00
    outer loop
      vertex   2.254800e+01 -5.002000e+00 2.998000e+00
      vertex   1.846400e+01 -3.949000e+00 2.998000e+00
      vertex   2.260900e+01 -5.389000e+00 2.998000e+00
    endloop
  endfacet
  facet normal 0.000000e+00 0.000000e+00 1.000000e+00
    outer loop
      vertex   -2.503000e+00 -9.003000e+00 2.998000e+00
      vertex   3.500300e+01 -9.003000e+00 2.998000e+00
      vertex   2.379800e+01 -6.253000e+00 2.998000e+00
    endloop
  endfacet
  facet normal 0.000000e+00 0.000000e+00 1.000000e+00
    outer loop
      vertex   2.379800e+01 -6.253000e+00 2.998000e+00
      vertex   2.341100e+01 -6.191000e+00 2.998000e+00
      vertex   -2.503000e+00 -9.003000e+00 2.998000e+00
    endloop
  endfacet
  facet normal 0.000000e+00 0.000000e+00 1.000000e+00
    outer loop
      vertex   2.341100e+01 -6.191000e+00 2.998000e+00
      vertex   2.306300e+01 -6.014000e+00 2.998000e+00
      vertex   -2.503000e+00 -9.003000e+00 2.998000e+00
    endloop
  endfacet
  facet normal 0.000000e+00 0.000000e+00 1.000000e+00
    outer loop
      vertex   2.278600e+01 -5.737000e+00 2.998000e+00
      vertex   1.675000e+01 -4.325000e+00 2.998000e+00
      vertex   2.306300e+01 -6.014000e+00 2.998000e+00
    endloop
  endfacet
  facet normal -0.000000e+00 0.000000e+00 1.000000e+00
    outer loop
      vertex   -4.303000e+00 1.105500e+01 3.000000e+00
      vertex   -4.307000e+00 1.085300e+01 3.000000e+00
      vertex   -2.503000e+00 1.228800e+01 3.000000e+00
    endloop
  endfacet
  facet normal 0.000000e+00 -0.000000e+00 1.000000e+00
    outer loop
      vertex   -4.303000e+00 1.105500e+01 3.000000e+00
      vertex   -2.503000e+00 1.228800e+01 3.000000e+00
      vertex   -4.498000e+00 1.164800e+01 3.000000e+00
    endloop
  endfacet
  facet normal 0.000000e+00 -0.000000e+00 1.000000e+00
    outer loop
      vertex   -4.498000e+00 1.164800e+01 3.000000e+00
      vertex   -2.503000e+00 1.228800e+01 3.000000e+00
      vertex   -4.658000e+00 1.185200e+01 3.000000e+00
    endloop
  endfacet
  facet normal 0.000000e+00 0.000000e+00 1.000000e+00
    outer loop
      vertex   -2.503000e+00 2.824800e+01 3.000000e+00
      vertex   -5.914000e+00 2.125000e+01 3.000000e+00
      vertex   -4.092000e+00 1.588000e+01 3.000000e+00
    endloop
  endfacet
  facet normal -0.000000e+00 -1.000000e+00 -0.000000e+00
    outer loop
      vertex   -4.092000e+00 1.488000e+01 5.000000e+00
      vertex   -4.990000e+00 1.488000e+01 5.000000e+00
      vertex   -4.092000e+00 1.488000e+01 3.000000e+00
    endloop
  endfacet
  facet normal 0.000000e+00 -1.000000e+00 0.000000e+00
    outer loop
      vertex   -4.990000e+00 1.488000e+01 3.000000e+00
      vertex   -4.092000e+00 1.488000e+01 3.000000e+00
      vertex   -4.990000e+00 1.488000e+01 5.000000e+00
    endloop
  endfacet
  facet normal 0.000000e+00 1.000000e+00 0.000000e+00
    outer loop
      vertex   -4.092000e+00 1.588000e+01 5.000000e+00
      vertex   -4.092000e+00 1.588000e+01 3.000000e+00
      vertex   -4.990000e+00 1.588000e+01 5.000000e+00
    endloop
  endfacet
  facet normal 0.000000e+00 1.000000e+00 0.000000e+00
    outer loop
      vertex   -4.990000e+00 1.588000e+01 5.000000e+00
      vertex   -4.092000e+00 1.588000e+01 3.000000e+00
      vertex   -6.490000e+00 1.588000e+01 3.000000e+00
    endloop
  endfacet
  facet normal -0.000000e+00 0.000000e+00 1.000000e+00
    outer loop
      vertex   -4.990000e+00 1.488000e+01 3.000000e+00
      vertex   -4.990000e+00 1.210500e+01 3.000000e+00
      vertex   -4.092000e+00 1.488000e+01 3.000000e+00
    endloop
  endfacet
  facet normal 0.000000e+00 0.000000e+00 1.000000e+00
    outer loop
      vertex   -4.092000e+00 1.588000e+01 3.000000e+00
      vertex   -4.092000e+00 1.488000e+01 3.000000e+00
      vertex   -2.503000e+00 1.228800e+01 3.000000e+00
    endloop
  endfacet
  facet normal 1.000000e+00 0.000000e+00 -0.000000e+00
    outer loop
      vertex   -4.092000e+00 1.588000e+01 3.000000e+00
      vertex   -4.092000e+00 1.588000e+01 5.000000e+00
      vertex   -4.092000e+00 1.488000e+01 3.000000e+00
    endloop
  endfacet
  facet normal 1.000000e+00 0.000000e+00 0.000000e+00
    outer loop
      vertex   -4.990000e+00 6.080000e+00 1.050000e+01
      vertex   -4.990000e+00 7.080000e+00 5.000000e+00
      vertex   -4.990000e+00 9.856000e+00 1.038700e+01
    endloop
  endfacet
  facet normal 1.000000e+00 0.000000e+00 0.000000e+00
    outer loop
      vertex   -4.990000e+00 9.856000e+00 1.038700e+01
      vertex   -4.990000e+00 7.080000e+00 5.000000e+00
      vertex   -4.990000e+00 9.856000e+00 3.000000e+00
    endloop
  endfacet
  facet normal 5.659351e-01 -8.244498e-01 0.000000e+00
    outer loop
      vertex   -4.754000e+00 1.001800e+01 1.038700e+01
      vertex   -4.990000e+00 9.856000e+00 1.038700e+01
      vertex   -4.990000e+00 9.856000e+00 3.000000e+00
    endloop
  endfacet
  facet normal 0.000000e+00 0.000000e+00 1.000000e+00
    outer loop
      vertex   -4.990000e+00 1.488000e+01 5.000000e+00
      vertex   -4.092000e+00 1.588000e+01 5.000000e+00
      vertex   -4.990000e+00 1.588000e+01 5.000000e+00
    endloop
  endfacet
  facet normal 0.000000e+00 0.000000e+00 1.000000e+00
    outer loop
      vertex   -4.990000e+00 1.488000e+01 5.000000e+00
      vertex   -4.092000e+00 1.488000e+01 5.000000e+00
      vertex   -4.092000e+00 1.588000e+01 5.000000e+00
    endloop
  endfacet
  facet normal 0.000000e+00 1.000000e+00 0.000000e+00
    outer loop
      vertex   -4.990000e+00 1.588000e+01 1.050000e+01
      vertex   -4.990000e+00 1.588000e+01 5.000000e+00
      vertex   -6.490000e+00 1.588000e+01 8.314000e+00
    endloop
  endfacet
  facet normal 0.000000e+00 1.000000e+00 0.000000e+00
    outer loop
      vertex   -6.490000e+00 1.588000e+01 3.000000e+00
      vertex   -6.490000e+00 1.588000e+01 8.314000e+00
      vertex   -4.990000e+00 1.588000e+01 5.000000e+00
    endloop
  endfacet
  facet normal 1.000000e+00 0.000000e+00 0.000000e+00
    outer loop
      vertex   -4.092000e+00 1.588000e+01 5.000000e+00
      vertex   -4.092000e+00 1.488000e+01 5.000000e+00
      vertex   -4.092000e+00 1.488000e+01 3.000000e+00
    endloop
  endfacet
  facet normal 1.000000e+00 0.000000e+00 -0.000000e+00
    outer loop
      vertex   -4.990000e+00 1.210500e+01 1.038700e+01
      vertex   -4.990000e+00 1.588000e+01 1.050000e+01
      vertex   -4.990000e+00 9.856000e+00 1.038700e+01
    endloop
  endfacet
  facet normal 0.000000e+00 -0.000000e+00 1.000000e+00
    outer loop
      vertex   -4.556000e+00 1.023400e+01 1.038700e+01
      vertex   -4.307000e+00 1.110700e+01 1.038700e+01
      vertex   -4.754000e+00 1.001800e+01 1.038700e+01
    endloop
  endfacet
endsolid
