solid ASCII
  facet normal 9.978589e-01 -6.540313e-02 -3.319408e-17
    outer loop
      vertex   2.862909e+01 1.444379e+01 -4.440892e-15
      vertex   2.862909e+01 1.444379e+01 3.500000e+00
      vertex   2.860000e+01 1.400000e+01 -4.440892e-15
    endloop
  endfacet
  facet normal 9.978589e-01 -6.540313e-02 0.000000e+00
    outer loop
      vertex   2.860000e+01 1.400000e+01 -4.440892e-15
      vertex   2.862909e+01 1.444379e+01 3.500000e+00
      vertex   2.860000e+01 1.400000e+01 3.500000e+00
    endloop
  endfacet
  facet normal 9.978589e-01 6.540313e-02 -0.000000e+00
    outer loop
      vertex   2.860000e+01 1.400000e+01 -4.440892e-15
      vertex   2.860000e+01 1.400000e+01 3.500000e+00
      vertex   2.862909e+01 1.355621e+01 -4.440892e-15
    endloop
  endfacet
  facet normal 9.978589e-01 6.540313e-02 3.319408e-17
    outer loop
      vertex   2.862909e+01 1.355621e+01 -4.440892e-15
      vertex   2.860000e+01 1.400000e+01 3.500000e+00
      vertex   2.862909e+01 1.355621e+01 3.500000e+00
    endloop
  endfacet
  facet normal 9.807853e-01 1.950903e-01 9.901429e-17
    outer loop
      vertex   2.862909e+01 1.355621e+01 -4.440892e-15
      vertex   2.862909e+01 1.355621e+01 3.500000e+00
      vertex   2.871585e+01 1.312002e+01 -4.440892e-15
    endloop
  endfacet
  facet normal 9.807853e-01 1.950903e-01 1.980286e-16
    outer loop
      vertex   2.871585e+01 1.312002e+01 -4.440892e-15
      vertex   2.862909e+01 1.355621e+01 3.500000e+00
      vertex   2.871585e+01 1.312002e+01 3.500000e+00
    endloop
  endfacet
  facet normal 9.469301e-01 3.214395e-01 3.262807e-16
    outer loop
      vertex   2.871585e+01 1.312002e+01 -4.440892e-15
      vertex   2.871585e+01 1.312002e+01 3.500000e+00
      vertex   2.885881e+01 1.269888e+01 -4.440892e-15
    endloop
  endfacet
  facet normal 9.469301e-01 3.214395e-01 1.631403e-16
    outer loop
      vertex   2.885881e+01 1.269888e+01 -4.440892e-15
      vertex   2.871585e+01 1.312002e+01 3.500000e+00
      vertex   2.885881e+01 1.269888e+01 3.500000e+00
    endloop
  endfacet
  facet normal 8.968727e-01 4.422887e-01 2.244750e-16
    outer loop
      vertex   2.885881e+01 1.269888e+01 -4.440892e-15
      vertex   2.885881e+01 1.269888e+01 3.500000e+00
      vertex   2.905551e+01 1.230000e+01 -4.440892e-15
    endloop
  endfacet
  facet normal 8.968727e-01 4.422887e-01 -9.103806e-16
    outer loop
      vertex   2.905551e+01 1.230000e+01 -4.440892e-15
      vertex   2.885881e+01 1.269888e+01 3.500000e+00
      vertex   2.905551e+01 1.230000e+01 3.500000e+00
    endloop
  endfacet
  facet normal 8.314696e-01 5.555702e-01 -8.439924e-16
    outer loop
      vertex   2.905551e+01 1.230000e+01 -4.440892e-15
      vertex   2.905551e+01 1.230000e+01 3.500000e+00
      vertex   2.930260e+01 1.193021e+01 -4.440892e-15
    endloop
  endfacet
  facet normal 8.314696e-01 5.555702e-01 -0.000000e+00
    outer loop
      vertex   2.930260e+01 1.193021e+01 -4.440892e-15
      vertex   2.905551e+01 1.230000e+01 3.500000e+00
      vertex   2.930260e+01 1.193021e+01 3.500000e+00
    endloop
  endfacet
  facet normal 7.518398e-01 6.593458e-01 -0.000000e+00
    outer loop
      vertex   2.930260e+01 1.193021e+01 -4.440892e-15
      vertex   2.930260e+01 1.193021e+01 3.500000e+00
      vertex   2.959584e+01 1.159584e+01 -4.440892e-15
    endloop
  endfacet
  facet normal 7.518398e-01 6.593458e-01 -0.000000e+00
    outer loop
      vertex   2.959584e+01 1.159584e+01 -4.440892e-15
      vertex   2.930260e+01 1.193021e+01 3.500000e+00
      vertex   2.959584e+01 1.159584e+01 3.500000e+00
    endloop
  endfacet
  facet normal 6.593458e-01 7.518398e-01 -0.000000e+00
    outer loop
      vertex   2.959584e+01 1.159584e+01 -4.440892e-15
      vertex   2.959584e+01 1.159584e+01 3.500000e+00
      vertex   2.993021e+01 1.130260e+01 -4.440892e-15
    endloop
  endfacet
  facet normal 6.593458e-01 7.518398e-01 9.388705e-17
    outer loop
      vertex   2.993021e+01 1.130260e+01 -4.440892e-15
      vertex   2.959584e+01 1.159584e+01 3.500000e+00
      vertex   2.993021e+01 1.130260e+01 3.500000e+00
    endloop
  endfacet
  facet normal 5.555702e-01 8.314696e-01 2.800547e-16
    outer loop
      vertex   2.993021e+01 1.130260e+01 -4.440892e-15
      vertex   2.993021e+01 1.130260e+01 3.500000e+00
      vertex   3.030000e+01 1.105551e+01 -4.440892e-15
    endloop
  endfacet
  facet normal 5.555702e-01 8.314696e-01 8.439924e-16
    outer loop
      vertex   3.030000e+01 1.105551e+01 -4.440892e-15
      vertex   2.993021e+01 1.130260e+01 3.500000e+00
      vertex   3.030000e+01 1.105551e+01 3.500000e+00
    endloop
  endfacet
  facet normal 4.422887e-01 8.968727e-01 9.103806e-16
    outer loop
      vertex   3.030000e+01 1.105551e+01 -4.440892e-15
      vertex   3.030000e+01 1.105551e+01 3.500000e+00
      vertex   3.069888e+01 1.085881e+01 -4.440892e-15
    endloop
  endfacet
  facet normal 4.422887e-01 8.968727e-01 -4.489500e-16
    outer loop
      vertex   3.069888e+01 1.085881e+01 -4.440892e-15
      vertex   3.030000e+01 1.105551e+01 3.500000e+00
      vertex   3.069888e+01 1.085881e+01 3.500000e+00
    endloop
  endfacet
  facet normal 3.214395e-01 9.469301e-01 -3.262807e-16
    outer loop
      vertex   3.069888e+01 1.085881e+01 -4.440892e-15
      vertex   3.069888e+01 1.085881e+01 3.500000e+00
      vertex   3.112002e+01 1.071585e+01 -4.440892e-15
    endloop
  endfacet
  facet normal 3.214395e-01 9.469301e-01 -0.000000e+00
    outer loop
      vertex   3.112002e+01 1.071585e+01 -4.440892e-15
      vertex   3.069888e+01 1.085881e+01 3.500000e+00
      vertex   3.112002e+01 1.071585e+01 3.500000e+00
    endloop
  endfacet
  facet normal 1.950903e-01 9.807853e-01 -0.000000e+00
    outer loop
      vertex   3.112002e+01 1.071585e+01 -4.440892e-15
      vertex   3.112002e+01 1.071585e+01 3.500000e+00
      vertex   3.155621e+01 1.062909e+01 -4.440892e-15
    endloop
  endfacet
  facet normal 1.950903e-01 9.807853e-01 -0.000000e+00
    outer loop
      vertex   3.155621e+01 1.062909e+01 -4.440892e-15
      vertex   3.112002e+01 1.071585e+01 3.500000e+00
      vertex   3.155621e+01 1.062909e+01 3.500000e+00
    endloop
  endfacet
  facet normal 6.540313e-02 9.978589e-01 -0.000000e+00
    outer loop
      vertex   3.155621e+01 1.062909e+01 -4.440892e-15
      vertex   3.155621e+01 1.062909e+01 3.500000e+00
      vertex   3.200000e+01 1.060000e+01 -4.440892e-15
    endloop
  endfacet
  facet normal 6.540313e-02 9.978589e-01 -0.000000e+00
    outer loop
      vertex   3.200000e+01 1.060000e+01 -4.440892e-15
      vertex   3.155621e+01 1.062909e+01 3.500000e+00
      vertex   3.200000e+01 1.060000e+01 3.500000e+00
    endloop
  endfacet
  facet normal -6.540313e-02 9.978589e-01 0.000000e+00
    outer loop
      vertex   3.200000e+01 1.060000e+01 -4.440892e-15
      vertex   3.200000e+01 1.060000e+01 3.500000e+00
      vertex   3.244379e+01 1.062909e+01 -4.440892e-15
    endloop
  endfacet
  facet normal -6.540313e-02 9.978589e-01 1.327763e-16
    outer loop
      vertex   3.244379e+01 1.062909e+01 -4.440892e-15
      vertex   3.200000e+01 1.060000e+01 3.500000e+00
      vertex   3.244379e+01 1.062909e+01 3.500000e+00
    endloop
  endfacet
  facet normal -1.950903e-01 9.807853e-01 3.960572e-16
    outer loop
      vertex   3.244379e+01 1.062909e+01 -4.440892e-15
      vertex   3.244379e+01 1.062909e+01 3.500000e+00
      vertex   3.287999e+01 1.071585e+01 -4.440892e-15
    endloop
  endfacet
  facet normal -1.950903e-01 9.807853e-01 -4.977785e-16
    outer loop
      vertex   3.287999e+01 1.071585e+01 -4.440892e-15
      vertex   3.244379e+01 1.062909e+01 3.500000e+00
      vertex   3.287999e+01 1.071585e+01 3.500000e+00
    endloop
  endfacet
  facet normal -3.214395e-01 9.469301e-01 -4.805959e-16
    outer loop
      vertex   3.287999e+01 1.071585e+01 -4.440892e-15
      vertex   3.287999e+01 1.071585e+01 3.500000e+00
      vertex   3.330112e+01 1.085881e+01 -4.440892e-15
    endloop
  endfacet
  facet normal -3.214395e-01 9.469301e-01 -4.805959e-16
    outer loop
      vertex   3.330112e+01 1.085881e+01 -4.440892e-15
      vertex   3.287999e+01 1.071585e+01 3.500000e+00
      vertex   3.330112e+01 1.085881e+01 3.500000e+00
    endloop
  endfacet
  facet normal -4.422887e-01 8.968727e-01 -4.551903e-16
    outer loop
      vertex   3.330112e+01 1.085881e+01 -4.440892e-15
      vertex   3.330112e+01 1.085881e+01 3.500000e+00
      vertex   3.370000e+01 1.105551e+01 -4.440892e-15
    endloop
  endfacet
  facet normal -4.422887e-01 8.968727e-01 0.000000e+00
    outer loop
      vertex   3.370000e+01 1.105551e+01 -4.440892e-15
      vertex   3.330112e+01 1.085881e+01 3.500000e+00
      vertex   3.370000e+01 1.105551e+01 3.500000e+00
    endloop
  endfacet
  facet normal -5.555702e-01 8.314696e-01 0.000000e+00
    outer loop
      vertex   3.370000e+01 1.105551e+01 -4.440892e-15
      vertex   3.370000e+01 1.105551e+01 3.500000e+00
      vertex   3.406979e+01 1.130260e+01 -4.440892e-15
    endloop
  endfacet
  facet normal -5.555702e-01 8.314696e-01 -4.219962e-16
    outer loop
      vertex   3.406979e+01 1.130260e+01 -4.440892e-15
      vertex   3.370000e+01 1.105551e+01 3.500000e+00
      vertex   3.406979e+01 1.130260e+01 3.500000e+00
    endloop
  endfacet
  facet normal -6.593458e-01 7.518398e-01 -3.815816e-16
    outer loop
      vertex   3.406979e+01 1.130260e+01 -4.440892e-15
      vertex   3.406979e+01 1.130260e+01 3.500000e+00
      vertex   3.440416e+01 1.159584e+01 -4.440892e-15
    endloop
  endfacet
  facet normal -6.593458e-01 7.518398e-01 9.569708e-16
    outer loop
      vertex   3.440416e+01 1.159584e+01 -4.440892e-15
      vertex   3.406979e+01 1.130260e+01 3.500000e+00
      vertex   3.440416e+01 1.159584e+01 3.500000e+00
    endloop
  endfacet
  facet normal -7.518398e-01 6.593458e-01 1.191688e-15
    outer loop
      vertex   3.440416e+01 1.159584e+01 -4.440892e-15
      vertex   3.440416e+01 1.159584e+01 3.500000e+00
      vertex   3.469740e+01 1.193021e+01 -4.440892e-15
    endloop
  endfacet
  facet normal -7.518398e-01 6.593458e-01 -3.346381e-16
    outer loop
      vertex   3.469740e+01 1.193021e+01 -4.440892e-15
      vertex   3.440416e+01 1.159584e+01 3.500000e+00
      vertex   3.469740e+01 1.193021e+01 3.500000e+00
    endloop
  endfacet
  facet normal -8.314696e-01 5.555702e-01 -2.819688e-16
    outer loop
      vertex   3.469740e+01 1.193021e+01 -4.440892e-15
      vertex   3.469740e+01 1.193021e+01 3.500000e+00
      vertex   3.494449e+01 1.230000e+01 -4.440892e-15
    endloop
  endfacet
  facet normal -8.314696e-01 5.555702e-01 0.000000e+00
    outer loop
      vertex   3.494449e+01 1.230000e+01 -4.440892e-15
      vertex   3.469740e+01 1.193021e+01 3.500000e+00
      vertex   3.494449e+01 1.230000e+01 3.500000e+00
    endloop
  endfacet
  facet normal -8.968727e-01 4.422887e-01 0.000000e+00
    outer loop
      vertex   3.494449e+01 1.230000e+01 -4.440892e-15
      vertex   3.494449e+01 1.230000e+01 3.500000e+00
      vertex   3.514119e+01 1.269888e+01 -4.440892e-15
    endloop
  endfacet
  facet normal -8.968727e-01 4.422887e-01 -2.244750e-16
    outer loop
      vertex   3.514119e+01 1.269888e+01 -4.440892e-15
      vertex   3.494449e+01 1.230000e+01 3.500000e+00
      vertex   3.514119e+01 1.269888e+01 3.500000e+00
    endloop
  endfacet
  facet normal -9.469301e-01 3.214395e-01 -1.631403e-16
    outer loop
      vertex   3.514119e+01 1.269888e+01 -4.440892e-15
      vertex   3.514119e+01 1.269888e+01 3.500000e+00
      vertex   3.528415e+01 1.312002e+01 -4.440892e-15
    endloop
  endfacet
  facet normal -9.469301e-01 3.214395e-01 -1.631403e-16
    outer loop
      vertex   3.528415e+01 1.312002e+01 -4.440892e-15
      vertex   3.514119e+01 1.269888e+01 3.500000e+00
      vertex   3.528415e+01 1.312002e+01 3.500000e+00
    endloop
  endfacet
  facet normal -9.807853e-01 1.950903e-01 -9.901429e-17
    outer loop
      vertex   3.528415e+01 1.312002e+01 -4.440892e-15
      vertex   3.528415e+01 1.312002e+01 3.500000e+00
      vertex   3.537091e+01 1.355621e+01 -4.440892e-15
    endloop
  endfacet
  facet normal -9.807853e-01 1.950903e-01 -1.980286e-16
    outer loop
      vertex   3.537091e+01 1.355621e+01 -4.440892e-15
      vertex   3.528415e+01 1.312002e+01 3.500000e+00
      vertex   3.537091e+01 1.355621e+01 3.500000e+00
    endloop
  endfacet
  facet normal -9.978589e-01 6.540313e-02 -6.638817e-17
    outer loop
      vertex   3.537091e+01 1.355621e+01 -4.440892e-15
      vertex   3.537091e+01 1.355621e+01 3.500000e+00
      vertex   3.540000e+01 1.400000e+01 -4.440892e-15
    endloop
  endfacet
  facet normal -9.978589e-01 6.540313e-02 0.000000e+00
    outer loop
      vertex   3.540000e+01 1.400000e+01 -4.440892e-15
      vertex   3.537091e+01 1.355621e+01 3.500000e+00
      vertex   3.540000e+01 1.400000e+01 3.500000e+00
    endloop
  endfacet
  facet normal -9.978589e-01 -6.540313e-02 0.000000e+00
    outer loop
      vertex   3.540000e+01 1.400000e+01 -4.440892e-15
      vertex   3.540000e+01 1.400000e+01 3.500000e+00
      vertex   3.537091e+01 1.444379e+01 -4.440892e-15
    endloop
  endfacet
  facet normal -9.978589e-01 -6.540313e-02 6.638817e-17
    outer loop
      vertex   3.537091e+01 1.444379e+01 -4.440892e-15
      vertex   3.540000e+01 1.400000e+01 3.500000e+00
      vertex   3.537091e+01 1.444379e+01 3.500000e+00
    endloop
  endfacet
  facet normal -9.807853e-01 -1.950903e-01 1.980286e-16
    outer loop
      vertex   3.537091e+01 1.444379e+01 -4.440892e-15
      vertex   3.537091e+01 1.444379e+01 3.500000e+00
      vertex   3.528415e+01 1.487998e+01 -4.440892e-15
    endloop
  endfacet
  facet normal -9.807853e-01 -1.950903e-01 9.901429e-17
    outer loop
      vertex   3.528415e+01 1.487998e+01 -4.440892e-15
      vertex   3.537091e+01 1.444379e+01 3.500000e+00
      vertex   3.528415e+01 1.487998e+01 3.500000e+00
    endloop
  endfacet
  facet normal -9.469301e-01 -3.214395e-01 1.631403e-16
    outer loop
      vertex   3.528415e+01 1.487998e+01 -4.440892e-15
      vertex   3.528415e+01 1.487998e+01 3.500000e+00
      vertex   3.514119e+01 1.530112e+01 -4.440892e-15
    endloop
  endfacet
  facet normal -9.469301e-01 -3.214395e-01 1.631403e-16
    outer loop
      vertex   3.514119e+01 1.530112e+01 -4.440892e-15
      vertex   3.528415e+01 1.487998e+01 3.500000e+00
      vertex   3.514119e+01 1.530112e+01 3.500000e+00
    endloop
  endfacet
  facet normal -8.968727e-01 -4.422887e-01 2.244750e-16
    outer loop
      vertex   3.514119e+01 1.530112e+01 -4.440892e-15
      vertex   3.514119e+01 1.530112e+01 3.500000e+00
      vertex   3.494449e+01 1.570000e+01 -4.440892e-15
    endloop
  endfacet
  facet normal -8.968727e-01 -4.422887e-01 0.000000e+00
    outer loop
      vertex   3.494449e+01 1.570000e+01 -4.440892e-15
      vertex   3.514119e+01 1.530112e+01 3.500000e+00
      vertex   3.494449e+01 1.570000e+01 3.500000e+00
    endloop
  endfacet
  facet normal -8.314696e-01 -5.555702e-01 0.000000e+00
    outer loop
      vertex   3.494449e+01 1.570000e+01 -4.440892e-15
      vertex   3.494449e+01 1.570000e+01 3.500000e+00
      vertex   3.469740e+01 1.606979e+01 -4.440892e-15
    endloop
  endfacet
  facet normal -8.314696e-01 -5.555702e-01 0.000000e+00
    outer loop
      vertex   3.469740e+01 1.606979e+01 -4.440892e-15
      vertex   3.494449e+01 1.570000e+01 3.500000e+00
      vertex   3.469740e+01 1.606979e+01 3.500000e+00
    endloop
  endfacet
  facet normal -7.518398e-01 -6.593458e-01 0.000000e+00
    outer loop
      vertex   3.469740e+01 1.606979e+01 -4.440892e-15
      vertex   3.469740e+01 1.606979e+01 3.500000e+00
      vertex   3.440416e+01 1.640416e+01 -4.440892e-15
    endloop
  endfacet
  facet normal -7.518398e-01 -6.593458e-01 -8.570503e-16
    outer loop
      vertex   3.440416e+01 1.640416e+01 -4.440892e-15
      vertex   3.469740e+01 1.606979e+01 3.500000e+00
      vertex   3.440416e+01 1.640416e+01 3.500000e+00
    endloop
  endfacet
  facet normal -6.593458e-01 -7.518398e-01 -5.753892e-16
    outer loop
      vertex   3.440416e+01 1.640416e+01 -4.440892e-15
      vertex   3.440416e+01 1.640416e+01 3.500000e+00
      vertex   3.406979e+01 1.669740e+01 -4.440892e-15
    endloop
  endfacet
  facet normal -6.593458e-01 -7.518398e-01 0.000000e+00
    outer loop
      vertex   3.406979e+01 1.669740e+01 -4.440892e-15
      vertex   3.440416e+01 1.640416e+01 3.500000e+00
      vertex   3.406979e+01 1.669740e+01 3.500000e+00
    endloop
  endfacet
  facet normal -5.555702e-01 -8.314696e-01 0.000000e+00
    outer loop
      vertex   3.406979e+01 1.669740e+01 -4.440892e-15
      vertex   3.406979e+01 1.669740e+01 3.500000e+00
      vertex   3.370000e+01 1.694449e+01 -4.440892e-15
    endloop
  endfacet
  facet normal -5.555702e-01 -8.314696e-01 0.000000e+00
    outer loop
      vertex   3.370000e+01 1.694449e+01 -4.440892e-15
      vertex   3.406979e+01 1.669740e+01 3.500000e+00
      vertex   3.370000e+01 1.694449e+01 3.500000e+00
    endloop
  endfacet
  facet normal -4.422887e-01 -8.968727e-01 0.000000e+00
    outer loop
      vertex   3.370000e+01 1.694449e+01 -4.440892e-15
      vertex   3.370000e+01 1.694449e+01 3.500000e+00
      vertex   3.330112e+01 1.714119e+01 -4.440892e-15
    endloop
  endfacet
  facet normal -4.422887e-01 -8.968727e-01 9.103806e-16
    outer loop
      vertex   3.330112e+01 1.714119e+01 -4.440892e-15
      vertex   3.370000e+01 1.694449e+01 3.500000e+00
      vertex   3.330112e+01 1.714119e+01 3.500000e+00
    endloop
  endfacet
  facet normal -3.214395e-01 -9.469301e-01 9.611919e-16
    outer loop
      vertex   3.330112e+01 1.714119e+01 -4.440892e-15
      vertex   3.330112e+01 1.714119e+01 3.500000e+00
      vertex   3.287999e+01 1.728415e+01 -4.440892e-15
    endloop
  endfacet
  facet normal -3.214395e-01 -9.469301e-01 0.000000e+00
    outer loop
      vertex   3.287999e+01 1.728415e+01 -4.440892e-15
      vertex   3.330112e+01 1.714119e+01 3.500000e+00
      vertex   3.287999e+01 1.728415e+01 3.500000e+00
    endloop
  endfacet
  facet normal -1.950903e-01 -9.807853e-01 0.000000e+00
    outer loop
      vertex   3.287999e+01 1.728415e+01 -4.440892e-15
      vertex   3.287999e+01 1.728415e+01 3.500000e+00
      vertex   3.244379e+01 1.737091e+01 -4.440892e-15
    endloop
  endfacet
  facet normal -1.950903e-01 -9.807853e-01 -3.960572e-16
    outer loop
      vertex   3.244379e+01 1.737091e+01 -4.440892e-15
      vertex   3.287999e+01 1.728415e+01 3.500000e+00
      vertex   3.244379e+01 1.737091e+01 3.500000e+00
    endloop
  endfacet
  facet normal -6.540313e-02 -9.978589e-01 -1.327763e-16
    outer loop
      vertex   3.244379e+01 1.737091e+01 -4.440892e-15
      vertex   3.244379e+01 1.737091e+01 3.500000e+00
      vertex   3.200000e+01 1.740000e+01 -4.440892e-15
    endloop
  endfacet
  facet normal -6.540313e-02 -9.978589e-01 0.000000e+00
    outer loop
      vertex   3.200000e+01 1.740000e+01 -4.440892e-15
      vertex   3.244379e+01 1.737091e+01 3.500000e+00
      vertex   3.200000e+01 1.740000e+01 3.500000e+00
    endloop
  endfacet
  facet normal 6.540313e-02 -9.978589e-01 0.000000e+00
    outer loop
      vertex   3.200000e+01 1.740000e+01 -4.440892e-15
      vertex   3.200000e+01 1.740000e+01 3.500000e+00
      vertex   3.155621e+01 1.737091e+01 -4.440892e-15
    endloop
  endfacet
  facet normal 6.540313e-02 -9.978589e-01 0.000000e+00
    outer loop
      vertex   3.155621e+01 1.737091e+01 -4.440892e-15
      vertex   3.200000e+01 1.740000e+01 3.500000e+00
      vertex   3.155621e+01 1.737091e+01 3.500000e+00
    endloop
  endfacet
  facet normal 1.950903e-01 -9.807853e-01 0.000000e+00
    outer loop
      vertex   3.155621e+01 1.737091e+01 -4.440892e-15
      vertex   3.155621e+01 1.737091e+01 3.500000e+00
      vertex   3.112002e+01 1.728415e+01 -4.440892e-15
    endloop
  endfacet
  facet normal 1.950903e-01 -9.807853e-01 0.000000e+00
    outer loop
      vertex   3.112002e+01 1.728415e+01 -4.440892e-15
      vertex   3.155621e+01 1.737091e+01 3.500000e+00
      vertex   3.112002e+01 1.728415e+01 3.500000e+00
    endloop
  endfacet
  facet normal 3.214395e-01 -9.469301e-01 0.000000e+00
    outer loop
      vertex   3.112002e+01 1.728415e+01 -4.440892e-15
      vertex   3.112002e+01 1.728415e+01 3.500000e+00
      vertex   3.069888e+01 1.714119e+01 -4.440892e-15
    endloop
  endfacet
  facet normal 3.214395e-01 -9.469301e-01 3.262807e-16
    outer loop
      vertex   3.069888e+01 1.714119e+01 -4.440892e-15
      vertex   3.112002e+01 1.728415e+01 3.500000e+00
      vertex   3.069888e+01 1.714119e+01 3.500000e+00
    endloop
  endfacet
  facet normal 4.422887e-01 -8.968727e-01 4.489500e-16
    outer loop
      vertex   3.069888e+01 1.714119e+01 -4.440892e-15
      vertex   3.069888e+01 1.714119e+01 3.500000e+00
      vertex   3.030000e+01 1.694449e+01 -4.440892e-15
    endloop
  endfacet
  facet normal 4.422887e-01 -8.968727e-01 -9.103806e-16
    outer loop
      vertex   3.030000e+01 1.694449e+01 -4.440892e-15
      vertex   3.069888e+01 1.714119e+01 3.500000e+00
      vertex   3.030000e+01 1.694449e+01 3.500000e+00
    endloop
  endfacet
  facet normal 5.555702e-01 -8.314696e-01 -8.439924e-16
    outer loop
      vertex   3.030000e+01 1.694449e+01 -4.440892e-15
      vertex   3.030000e+01 1.694449e+01 3.500000e+00
      vertex   2.993021e+01 1.669740e+01 -4.440892e-15
    endloop
  endfacet
  facet normal 5.555702e-01 -8.314696e-01 -2.800547e-16
    outer loop
      vertex   2.993021e+01 1.669740e+01 -4.440892e-15
      vertex   3.030000e+01 1.694449e+01 3.500000e+00
      vertex   2.993021e+01 1.669740e+01 3.500000e+00
    endloop
  endfacet
  facet normal 6.593458e-01 -7.518398e-01 -9.388705e-17
    outer loop
      vertex   2.993021e+01 1.669740e+01 -4.440892e-15
      vertex   2.993021e+01 1.669740e+01 3.500000e+00
      vertex   2.959584e+01 1.640416e+01 -4.440892e-15
    endloop
  endfacet
  facet normal 6.593458e-01 -7.518398e-01 0.000000e+00
    outer loop
      vertex   2.959584e+01 1.640416e+01 -4.440892e-15
      vertex   2.993021e+01 1.669740e+01 3.500000e+00
      vertex   2.959584e+01 1.640416e+01 3.500000e+00
    endloop
  endfacet
  facet normal 7.518398e-01 -6.593458e-01 0.000000e+00
    outer loop
      vertex   2.959584e+01 1.640416e+01 -4.440892e-15
      vertex   2.959584e+01 1.640416e+01 3.500000e+00
      vertex   2.930260e+01 1.606979e+01 -4.440892e-15
    endloop
  endfacet
  facet normal 7.518398e-01 -6.593458e-01 0.000000e+00
    outer loop
      vertex   2.930260e+01 1.606979e+01 -4.440892e-15
      vertex   2.959584e+01 1.640416e+01 3.500000e+00
      vertex   2.930260e+01 1.606979e+01 3.500000e+00
    endloop
  endfacet
  facet normal 8.314696e-01 -5.555702e-01 0.000000e+00
    outer loop
      vertex   2.930260e+01 1.606979e+01 -4.440892e-15
      vertex   2.930260e+01 1.606979e+01 3.500000e+00
      vertex   2.905551e+01 1.570000e+01 -4.440892e-15
    endloop
  endfacet
  facet normal 8.314696e-01 -5.555702e-01 8.439924e-16
    outer loop
      vertex   2.905551e+01 1.570000e+01 -4.440892e-15
      vertex   2.930260e+01 1.606979e+01 3.500000e+00
      vertex   2.905551e+01 1.570000e+01 3.500000e+00
    endloop
  endfacet
  facet normal 8.968727e-01 -4.422887e-01 9.103806e-16
    outer loop
      vertex   2.905551e+01 1.570000e+01 -4.440892e-15
      vertex   2.905551e+01 1.570000e+01 3.500000e+00
      vertex   2.885881e+01 1.530112e+01 -4.440892e-15
    endloop
  endfacet
  facet normal 8.968727e-01 -4.422887e-01 -2.244750e-16
    outer loop
      vertex   2.885881e+01 1.530112e+01 -4.440892e-15
      vertex   2.905551e+01 1.570000e+01 3.500000e+00
      vertex   2.885881e+01 1.530112e+01 3.500000e+00
    endloop
  endfacet
  facet normal 9.469301e-01 -3.214395e-01 -1.631403e-16
    outer loop
      vertex   2.885881e+01 1.530112e+01 -4.440892e-15
      vertex   2.885881e+01 1.530112e+01 3.500000e+00
      vertex   2.871585e+01 1.487998e+01 -4.440892e-15
    endloop
  endfacet
  facet normal 9.469301e-01 -3.214395e-01 -3.262807e-16
    outer loop
      vertex   2.871585e+01 1.487998e+01 -4.440892e-15
      vertex   2.885881e+01 1.530112e+01 3.500000e+00
      vertex   2.871585e+01 1.487998e+01 3.500000e+00
    endloop
  endfacet
  facet normal 9.807853e-01 -1.950903e-01 -1.980286e-16
    outer loop
      vertex   2.871585e+01 1.487998e+01 -4.440892e-15
      vertex   2.871585e+01 1.487998e+01 3.500000e+00
      vertex   2.862909e+01 1.444379e+01 -4.440892e-15
    endloop
  endfacet
  facet normal 9.807853e-01 -1.950903e-01 -9.901429e-17
    outer loop
      vertex   2.862909e+01 1.444379e+01 -4.440892e-15
      vertex   2.871585e+01 1.487998e+01 3.500000e+00
      vertex   2.862909e+01 1.444379e+01 3.500000e+00
    endloop
  endfacet
  facet normal -2.933726e-16 -1.922866e-17 -1.000000e+00
    outer loop
      vertex   2.862909e+01 1.355621e+01 -4.440892e-15
      vertex   2.158418e+01 1.956295e+00 -2.151057e-15
      vertex   2.860000e+01 1.400000e+01 -4.440892e-15
    endloop
  endfacet
  facet normal 6.036693e-17 -2.252927e-16 -1.000000e+00
    outer loop
      vertex   2.860000e+01 1.400000e+01 -4.440892e-15
      vertex   2.158418e+01 1.956295e+00 -2.151057e-15
      vertex   2.153362e+01 1.942750e+00 -2.151057e-15
    endloop
  endfacet
  facet normal 6.036693e-17 -2.252927e-16 -1.000000e+00
    outer loop
      vertex   2.860000e+01 1.400000e+01 -4.440892e-15
      vertex   2.153362e+01 1.942750e+00 -2.151057e-15
      vertex   2.138197e+01 1.902113e+00 -2.151057e-15
    endloop
  endfacet
  facet normal -2.564848e-16 -5.101799e-17 -1.000000e+00
    outer loop
      vertex   2.871585e+01 1.312002e+01 -4.440892e-15
      vertex   2.200000e+01 2.000000e+00 -2.151057e-15
      vertex   2.862909e+01 1.355621e+01 -4.440892e-15
    endloop
  endfacet
  facet normal 1.070636e-17 -2.042891e-16 -1.000000e+00
    outer loop
      vertex   2.862909e+01 1.355621e+01 -4.440892e-15
      vertex   2.200000e+01 2.000000e+00 -2.151057e-15
      vertex   2.194774e+01 1.997261e+00 -2.151057e-15
    endloop
  endfacet
  facet normal 1.070636e-17 -2.042891e-16 -1.000000e+00
    outer loop
      vertex   2.862909e+01 1.355621e+01 -4.440892e-15
      vertex   2.194774e+01 1.997261e+00 -2.151057e-15
      vertex   2.179094e+01 1.989044e+00 -2.151057e-15
    endloop
  endfacet
  facet normal -2.269500e-16 -7.703914e-17 -1.000000e+00
    outer loop
      vertex   2.885881e+01 1.269888e+01 -4.440892e-15
      vertex   2.241582e+01 1.956295e+00 -2.151057e-15
      vertex   2.871585e+01 1.312002e+01 -4.440892e-15
    endloop
  endfacet
  facet normal -2.982138e-17 -1.882848e-16 -1.000000e+00
    outer loop
      vertex   2.871585e+01 1.312002e+01 -4.440892e-15
      vertex   2.241582e+01 1.956295e+00 -2.151057e-15
      vertex   2.236413e+01 1.964482e+00 -2.151057e-15
    endloop
  endfacet
  facet normal -2.982138e-17 -1.882848e-16 -1.000000e+00
    outer loop
      vertex   2.871585e+01 1.312002e+01 -4.440892e-15
      vertex   2.236413e+01 1.964482e+00 -2.151057e-15
      vertex   2.220906e+01 1.989044e+00 -2.151057e-15
    endloop
  endfacet
  facet normal -2.007446e-16 -9.899627e-17 -1.000000e+00
    outer loop
      vertex   2.905551e+01 1.230000e+01 -4.440892e-15
      vertex   2.281347e+01 1.827091e+00 -2.151057e-15
      vertex   2.885881e+01 1.269888e+01 -4.440892e-15
    endloop
  endfacet
  facet normal -6.662841e-17 -1.735726e-16 -1.000000e+00
    outer loop
      vertex   2.885881e+01 1.269888e+01 -4.440892e-15
      vertex   2.281347e+01 1.827091e+00 -2.151057e-15
      vertex   2.276461e+01 1.845846e+00 -2.151057e-15
    endloop
  endfacet
  facet normal -6.662841e-17 -1.735726e-16 -1.000000e+00
    outer loop
      vertex   2.885881e+01 1.269888e+01 -4.440892e-15
      vertex   2.276461e+01 1.845846e+00 -2.151057e-15
      vertex   2.261803e+01 1.902113e+00 -2.151057e-15
    endloop
  endfacet
  facet normal -1.759056e-16 -1.175364e-16 -1.000000e+00
    outer loop
      vertex   2.930260e+01 1.193021e+01 -4.440892e-15
      vertex   2.317557e+01 1.618034e+00 -2.151057e-15
      vertex   2.905551e+01 1.230000e+01 -4.440892e-15
    endloop
  endfacet
  facet normal -1.025510e-16 -1.579148e-16 -1.000000e+00
    outer loop
      vertex   2.905551e+01 1.230000e+01 -4.440892e-15
      vertex   2.317557e+01 1.618034e+00 -2.151057e-15
      vertex   2.313168e+01 1.646538e+00 -2.151057e-15
    endloop
  endfacet
  facet normal -1.025510e-16 -1.579148e-16 -1.000000e+00
    outer loop
      vertex   2.905551e+01 1.230000e+01 -4.440892e-15
      vertex   2.313168e+01 1.646538e+00 -2.151057e-15
      vertex   2.300000e+01 1.732051e+00 -2.151057e-15
    endloop
  endfacet
  facet normal -1.515468e-16 -1.329030e-16 -1.000000e+00
    outer loop
      vertex   2.959584e+01 1.159584e+01 -4.440892e-15
      vertex   2.344928e+01 1.375268e+00 -2.151057e-15
      vertex   2.930260e+01 1.193021e+01 -4.440892e-15
    endloop
  endfacet
  facet normal -1.395538e-16 -1.395538e-16 -1.000000e+00
    outer loop
      vertex   2.930260e+01 1.193021e+01 -4.440892e-15
      vertex   2.344928e+01 1.375268e+00 -2.151057e-15
      vertex   2.333826e+01 1.486290e+00 -2.151057e-15
    endloop
  endfacet
  facet normal -1.214026e-16 -1.499196e-16 -1.000000e+00
    outer loop
      vertex   2.930260e+01 1.193021e+01 -4.440892e-15
      vertex   2.333826e+01 1.486290e+00 -2.151057e-15
      vertex   2.329759e+01 1.519226e+00 -2.151057e-15
    endloop
  endfacet
  facet normal -1.282114e-16 -1.461971e-16 -1.000000e+00
    outer loop
      vertex   2.993021e+01 1.130260e+01 -4.440892e-15
      vertex   2.361803e+01 1.175570e+00 -2.151057e-15
      vertex   2.959584e+01 1.159584e+01 -4.440892e-15
    endloop
  endfacet
  facet normal -1.588401e-16 -1.286263e-16 -1.000000e+00
    outer loop
      vertex   2.959584e+01 1.159584e+01 -4.440892e-15
      vertex   2.361803e+01 1.175570e+00 -2.151057e-15
      vertex   2.358510e+01 1.216243e+00 -2.151057e-15
    endloop
  endfacet
  facet normal -1.588401e-16 -1.286263e-16 -1.000000e+00
    outer loop
      vertex   2.959584e+01 1.159584e+01 -4.440892e-15
      vertex   2.358510e+01 1.216243e+00 -2.151057e-15
      vertex   2.348629e+01 1.338261e+00 -2.151057e-15
    endloop
  endfacet
  facet normal -1.059271e-16 -1.585311e-16 -1.000000e+00
    outer loop
      vertex   3.030000e+01 1.105551e+01 -4.440892e-15
      vertex   2.373205e+01 1.000000e+00 -2.151057e-15
      vertex   2.993021e+01 1.130260e+01 -4.440892e-15
    endloop
  endfacet
  facet normal -1.776617e-16 -1.153747e-16 -1.000000e+00
    outer loop
      vertex   2.993021e+01 1.130260e+01 -4.440892e-15
      vertex   2.373205e+01 1.000000e+00 -2.151057e-15
      vertex   2.370355e+01 1.043893e+00 -2.151057e-15
    endloop
  endfacet
  facet normal -1.776617e-16 -1.153747e-16 -1.000000e+00
    outer loop
      vertex   2.993021e+01 1.130260e+01 -4.440892e-15
      vertex   2.370355e+01 1.043893e+00 -2.151057e-15
      vertex   2.361803e+01 1.175570e+00 -2.151057e-15
    endloop
  endfacet
  facet normal -8.331920e-17 -1.689546e-16 -1.000000e+00
    outer loop
      vertex   3.069888e+01 1.085881e+01 -4.440892e-15
      vertex   2.388336e+01 6.668938e-01 -2.151057e-15
      vertex   3.030000e+01 1.105551e+01 -4.440892e-15
    endloop
  endfacet
  facet normal -2.200819e-16 -8.448169e-17 -1.000000e+00
    outer loop
      vertex   3.030000e+01 1.105551e+01 -4.440892e-15
      vertex   2.388336e+01 6.668938e-01 -2.151057e-15
      vertex   2.382709e+01 8.134733e-01 -2.151057e-15
    endloop
  endfacet
  facet normal -1.958549e-16 -9.979300e-17 -1.000000e+00
    outer loop
      vertex   3.030000e+01 1.105551e+01 -4.440892e-15
      vertex   2.382709e+01 8.134733e-01 -2.151057e-15
      vertex   2.380333e+01 8.601050e-01 -2.151057e-15
    endloop
  endfacet
  facet normal -6.105148e-17 -1.798518e-16 -1.000000e+00
    outer loop
      vertex   3.112002e+01 1.071585e+01 -4.440892e-15
      vertex   2.395629e+01 4.158234e-01 -2.151057e-15
      vertex   3.069888e+01 1.085881e+01 -4.440892e-15
    endloop
  endfacet
  facet normal -2.400053e-16 -6.430915e-17 -1.000000e+00
    outer loop
      vertex   3.069888e+01 1.085881e+01 -4.440892e-15
      vertex   2.395629e+01 4.158234e-01 -2.151057e-15
      vertex   2.394275e+01 4.663760e-01 -2.151057e-15
    endloop
  endfacet
  facet normal -2.400053e-16 -6.430915e-17 -1.000000e+00
    outer loop
      vertex   3.069888e+01 1.085881e+01 -4.440892e-15
      vertex   2.394275e+01 4.663760e-01 -2.151057e-15
      vertex   2.390211e+01 6.180340e-01 -2.151057e-15
    endloop
  endfacet
  facet normal -3.819434e-17 -1.920159e-16 -1.000000e+00
    outer loop
      vertex   3.155621e+01 1.062909e+01 -4.440892e-15
      vertex   2.398904e+01 2.090569e-01 -2.151057e-15
      vertex   3.112002e+01 1.071585e+01 -4.440892e-15
    endloop
  endfacet
  facet normal -2.603539e-16 -4.123600e-17 -1.000000e+00
    outer loop
      vertex   3.112002e+01 1.071585e+01 -4.440892e-15
      vertex   2.398904e+01 2.090569e-01 -2.151057e-15
      vertex   2.398086e+01 2.607486e-01 -2.151057e-15
    endloop
  endfacet
  facet normal -2.603539e-16 -4.123600e-17 -1.000000e+00
    outer loop
      vertex   3.112002e+01 1.071585e+01 -4.440892e-15
      vertex   2.398086e+01 2.607486e-01 -2.151057e-15
      vertex   2.395629e+01 4.158234e-01 -2.151057e-15
    endloop
  endfacet
  facet normal -1.349146e-17 -2.058399e-16 -1.000000e+00
    outer loop
      vertex   3.200000e+01 1.060000e+01 -4.440892e-15
      vertex   2.400000e+01 0.000000e+00 -2.151057e-15
      vertex   3.155621e+01 1.062909e+01 -4.440892e-15
    endloop
  endfacet
  facet normal -2.822337e-16 -1.479126e-17 -1.000000e+00
    outer loop
      vertex   3.155621e+01 1.062909e+01 -4.440892e-15
      vertex   2.400000e+01 0.000000e+00 -2.151057e-15
      vertex   2.399178e+01 1.567927e-01 -2.151057e-15
    endloop
  endfacet
  facet normal -2.822337e-16 -1.479126e-17 -1.000000e+00
    outer loop
      vertex   3.155621e+01 1.062909e+01 -4.440892e-15
      vertex   2.399178e+01 1.567927e-01 -2.151057e-15
      vertex   2.398904e+01 2.090569e-01 -2.151057e-15
    endloop
  endfacet
  facet normal -1.387779e-16 -1.112841e-16 -1.000000e+00
    outer loop
      vertex   2.400000e+01 0.000000e+00 -2.151057e-15
      vertex   3.200000e+01 1.060000e+01 -4.440892e-15
      vertex   4.000000e+01 0.000000e+00 -4.371503e-15
    endloop
  endfacet
  facet normal 4.088322e-19 -6.237574e-18 -1.000000e+00
    outer loop
      vertex   4.000000e+01 0.000000e+00 -4.371503e-15
      vertex   3.200000e+01 1.060000e+01 -4.440892e-15
      vertex   3.244379e+01 1.062909e+01 -4.440892e-15
    endloop
  endfacet
  facet normal 8.552584e-18 -4.481861e-19 -1.000000e+00
    outer loop
      vertex   4.000000e+01 0.000000e+00 -4.371503e-15
      vertex   3.244379e+01 1.062909e+01 -4.440892e-15
      vertex   4.001096e+01 2.090569e-01 -4.371503e-15
    endloop
  endfacet
  facet normal 1.157404e-18 -5.818665e-18 -1.000000e+00
    outer loop
      vertex   4.001096e+01 2.090569e-01 -4.371503e-15
      vertex   3.244379e+01 1.062909e+01 -4.440892e-15
      vertex   3.287999e+01 1.071585e+01 -4.440892e-15
    endloop
  endfacet
  facet normal 7.889488e-18 -1.249595e-18 -1.000000e+00
    outer loop
      vertex   4.001096e+01 2.090569e-01 -4.371503e-15
      vertex   3.287999e+01 1.071585e+01 -4.440892e-15
      vertex   4.004370e+01 4.158234e-01 -4.371503e-15
    endloop
  endfacet
  facet normal 1.850045e-18 -5.450056e-18 -1.000000e+00
    outer loop
      vertex   4.004370e+01 4.158234e-01 -4.371503e-15
      vertex   3.287999e+01 1.071585e+01 -4.440892e-15
      vertex   3.330112e+01 1.085881e+01 -4.440892e-15
    endloop
  endfacet
  facet normal 7.272900e-18 -1.948755e-18 -1.000000e+00
    outer loop
      vertex   4.004370e+01 4.158234e-01 -4.371503e-15
      vertex   3.330112e+01 1.085881e+01 -4.440892e-15
      vertex   4.009789e+01 6.180340e-01 -4.371503e-15
    endloop
  endfacet
  facet normal 2.517467e-18 -5.104918e-18 -1.000000e+00
    outer loop
      vertex   4.009789e+01 6.180340e-01 -4.371503e-15
      vertex   3.330112e+01 1.085881e+01 -4.440892e-15
      vertex   3.370000e+01 1.105551e+01 -4.440892e-15
    endloop
  endfacet
  facet normal 6.669159e-18 -2.560045e-18 -1.000000e+00
    outer loop
      vertex   4.009789e+01 6.180340e-01 -4.371503e-15
      vertex   3.370000e+01 1.105551e+01 -4.440892e-15
      vertex   4.017291e+01 8.134733e-01 -4.371503e-15
    endloop
  endfacet
  facet normal 5.934977e-18 -3.024044e-18 -1.000000e+00
    outer loop
      vertex   4.017291e+01 8.134733e-01 -4.371503e-15
      vertex   3.370000e+01 1.105551e+01 -4.440892e-15
      vertex   4.026795e+01 1.000000e+00 -4.371503e-15
    endloop
  endfacet
  facet normal 3.209911e-18 -4.803972e-18 -1.000000e+00
    outer loop
      vertex   4.026795e+01 1.000000e+00 -4.371503e-15
      vertex   3.370000e+01 1.105551e+01 -4.440892e-15
      vertex   3.406979e+01 1.130260e+01 -4.440892e-15
    endloop
  endfacet
  facet normal 5.383691e-18 -3.496202e-18 -1.000000e+00
    outer loop
      vertex   4.026795e+01 1.000000e+00 -4.371503e-15
      vertex   3.406979e+01 1.130260e+01 -4.440892e-15
      vertex   4.038197e+01 1.175570e+00 -4.371503e-15
    endloop
  endfacet
  facet normal 3.885194e-18 -4.430215e-18 -1.000000e+00
    outer loop
      vertex   4.038197e+01 1.175570e+00 -4.371503e-15
      vertex   3.406979e+01 1.130260e+01 -4.440892e-15
      vertex   3.440416e+01 1.159584e+01 -4.440892e-15
    endloop
  endfacet
  facet normal 4.813343e-18 -3.897762e-18 -1.000000e+00
    outer loop
      vertex   4.038197e+01 1.175570e+00 -4.371503e-15
      vertex   3.440416e+01 1.159584e+01 -4.440892e-15
      vertex   4.051371e+01 1.338261e+00 -4.371503e-15
    endloop
  endfacet
  facet normal 4.593712e-18 -4.028578e-18 -1.000000e+00
    outer loop
      vertex   4.051371e+01 1.338261e+00 -4.371503e-15
      vertex   3.440416e+01 1.159584e+01 -4.440892e-15
      vertex   3.469740e+01 1.193021e+01 -4.440892e-15
    endloop
  endfacet
  facet normal 4.228887e-18 -4.228912e-18 -1.000000e+00
    outer loop
      vertex   4.051371e+01 1.338261e+00 -4.371503e-15
      vertex   3.469740e+01 1.193021e+01 -4.440892e-15
      vertex   4.066174e+01 1.486290e+00 -4.371503e-15
    endloop
  endfacet
  facet normal 3.678901e-18 -4.542999e-18 -1.000000e+00
    outer loop
      vertex   4.066174e+01 1.486290e+00 -4.371503e-15
      vertex   3.469740e+01 1.193021e+01 -4.440892e-15
      vertex   4.082443e+01 1.618034e+00 -4.371503e-15
    endloop
  endfacet
  facet normal 5.330475e-18 -3.561710e-18 -1.000000e+00
    outer loop
      vertex   4.082443e+01 1.618034e+00 -4.371503e-15
      vertex   3.469740e+01 1.193021e+01 -4.440892e-15
      vertex   3.494449e+01 1.230000e+01 -4.440892e-15
    endloop
  endfacet
  facet normal 3.107593e-18 -4.785306e-18 -1.000000e+00
    outer loop
      vertex   4.082443e+01 1.618034e+00 -4.371503e-15
      vertex   3.494449e+01 1.230000e+01 -4.440892e-15
      vertex   4.100000e+01 1.732051e+00 -4.371503e-15
    endloop
  endfacet
  facet normal 2.589484e-18 -5.082186e-18 -1.000000e+00
    outer loop
      vertex   4.100000e+01 1.732051e+00 -4.371503e-15
      vertex   3.494449e+01 1.230000e+01 -4.440892e-15
      vertex   4.118653e+01 1.827091e+00 -4.371503e-15
    endloop
  endfacet
  facet normal 6.083170e-18 -2.999887e-18 -1.000000e+00
    outer loop
      vertex   4.118653e+01 1.827091e+00 -4.371503e-15
      vertex   3.494449e+01 1.230000e+01 -4.440892e-15
      vertex   3.514119e+01 1.269888e+01 -4.440892e-15
    endloop
  endfacet
  facet normal 2.019057e-18 -5.259767e-18 -1.000000e+00
    outer loop
      vertex   4.118653e+01 1.827091e+00 -4.371503e-15
      vertex   3.514119e+01 1.269888e+01 -4.440892e-15
      vertex   4.138196e+01 1.902113e+00 -4.371503e-15
    endloop
  endfacet
  facet normal 1.491106e-18 -5.564935e-18 -1.000000e+00
    outer loop
      vertex   4.138196e+01 1.902113e+00 -4.371503e-15
      vertex   3.514119e+01 1.269888e+01 -4.440892e-15
      vertex   4.158418e+01 1.956295e+00 -4.371503e-15
    endloop
  endfacet
  facet normal 6.877273e-18 -2.334519e-18 -1.000000e+00
    outer loop
      vertex   4.158418e+01 1.956295e+00 -4.371503e-15
      vertex   3.514119e+01 1.269888e+01 -4.440892e-15
      vertex   3.528415e+01 1.312002e+01 -4.440892e-15
    endloop
  endfacet
  facet normal 9.036796e-19 -5.705601e-18 -1.000000e+00
    outer loop
      vertex   4.158418e+01 1.956295e+00 -4.371503e-15
      vertex   3.528415e+01 1.312002e+01 -4.440892e-15
      vertex   4.179094e+01 1.989044e+00 -4.371503e-15
    endloop
  endfacet
  facet normal 3.169932e-19 -6.048558e-18 -1.000000e+00
    outer loop
      vertex   4.179094e+01 1.989044e+00 -4.371503e-15
      vertex   3.528415e+01 1.312002e+01 -4.440892e-15
      vertex   4.200000e+01 2.000000e+00 -4.371503e-15
    endloop
  endfacet
  facet normal 7.772268e-18 -1.546000e-18 -1.000000e+00
    outer loop
      vertex   4.200000e+01 2.000000e+00 -4.371503e-15
      vertex   3.528415e+01 1.312002e+01 -4.440892e-15
      vertex   3.537091e+01 1.355621e+01 -4.440892e-15
    endloop
  endfacet
  facet normal -3.244344e-19 -6.190579e-18 -1.000000e+00
    outer loop
      vertex   4.200000e+01 2.000000e+00 -4.371503e-15
      vertex   3.537091e+01 1.355621e+01 -4.440892e-15
      vertex   4.220906e+01 1.989044e+00 -4.371503e-15
    endloop
  endfacet
  facet normal -1.048267e-18 -6.618486e-18 -1.000000e+00
    outer loop
      vertex   4.220906e+01 1.989044e+00 -4.371503e-15
      vertex   3.537091e+01 1.355621e+01 -4.440892e-15
      vertex   4.241582e+01 1.956295e+00 -4.371503e-15
    endloop
  endfacet
  facet normal 8.890081e-18 -5.826867e-19 -1.000000e+00
    outer loop
      vertex   4.241582e+01 1.956295e+00 -4.371503e-15
      vertex   3.537091e+01 1.355621e+01 -4.440892e-15
      vertex   3.540000e+01 1.400000e+01 -4.440892e-15
    endloop
  endfacet
  facet normal -1.829282e-18 -6.827040e-18 -1.000000e+00
    outer loop
      vertex   4.241582e+01 1.956295e+00 -4.371503e-15
      vertex   3.540000e+01 1.400000e+01 -4.440892e-15
      vertex   4.261804e+01 1.902113e+00 -4.371503e-15
    endloop
  endfacet
  facet normal 9.613273e-18 0.000000e+00 -1.000000e+00
    outer loop
      vertex   4.261804e+01 1.902113e+00 -4.371503e-15
      vertex   3.540000e+01 1.400000e+01 -4.440892e-15
      vertex   4.261804e+01 2.809789e+01 -4.371503e-15
    endloop
  endfacet
  facet normal 0.000000e+00 0.000000e+00 -1.000000e+00
    outer loop
      vertex   4.261804e+01 1.902113e+00 -4.371503e-15
      vertex   4.261804e+01 2.809789e+01 -4.371503e-15
      vertex   4.281347e+01 1.827091e+00 -4.371503e-15
    endloop
  endfacet
  facet normal 0.000000e+00 0.000000e+00 -1.000000e+00
    outer loop
      vertex   4.281347e+01 1.827091e+00 -4.371503e-15
      vertex   4.261804e+01 2.809789e+01 -4.371503e-15
      vertex   4.281347e+01 2.817291e+01 -4.371503e-15
    endloop
  endfacet
  facet normal 0.000000e+00 0.000000e+00 -1.000000e+00
    outer loop
      vertex   4.281347e+01 1.827091e+00 -4.371503e-15
      vertex   4.281347e+01 2.817291e+01 -4.371503e-15
      vertex   4.300000e+01 1.732051e+00 -4.371503e-15
    endloop
  endfacet
  facet normal 0.000000e+00 0.000000e+00 -1.000000e+00
    outer loop
      vertex   4.300000e+01 1.732051e+00 -4.371503e-15
      vertex   4.281347e+01 2.817291e+01 -4.371503e-15
      vertex   4.300000e+01 2.826795e+01 -4.371503e-15
    endloop
  endfacet
  facet normal 0.000000e+00 0.000000e+00 -1.000000e+00
    outer loop
      vertex   4.300000e+01 1.732051e+00 -4.371503e-15
      vertex   4.300000e+01 2.826795e+01 -4.371503e-15
      vertex   4.317557e+01 2.838197e+01 -4.371503e-15
    endloop
  endfacet
  facet normal 8.522284e-18 5.585800e-19 -1.000000e+00
    outer loop
      vertex   3.540000e+01 1.400000e+01 -4.440892e-15
      vertex   3.537091e+01 1.444379e+01 -4.440892e-15
      vertex   4.261804e+01 2.809789e+01 -4.371503e-15
    endloop
  endfacet
  facet normal -1.587392e-18 5.924446e-18 -1.000000e+00
    outer loop
      vertex   4.261804e+01 2.809789e+01 -4.371503e-15
      vertex   3.537091e+01 1.444379e+01 -4.440892e-15
      vertex   4.241582e+01 2.804371e+01 -4.371503e-15
    endloop
  endfacet
  facet normal -8.803478e-19 5.558189e-18 -1.000000e+00
    outer loop
      vertex   4.241582e+01 2.804371e+01 -4.371503e-15
      vertex   3.537091e+01 1.444379e+01 -4.440892e-15
      vertex   4.220906e+01 2.801096e+01 -4.371503e-15
    endloop
  endfacet
  facet normal 7.275898e-18 1.447266e-18 -1.000000e+00
    outer loop
      vertex   4.220906e+01 2.801096e+01 -4.371503e-15
      vertex   3.537091e+01 1.444379e+01 -4.440892e-15
      vertex   3.528415e+01 1.487998e+01 -4.440892e-15
    endloop
  endfacet
  facet normal -2.848538e-19 5.434596e-18 -1.000000e+00
    outer loop
      vertex   4.220906e+01 2.801096e+01 -4.371503e-15
      vertex   3.528415e+01 1.487998e+01 -4.440892e-15
      vertex   4.200000e+01 2.800000e+01 -4.371503e-15
    endloop
  endfacet
  facet normal 2.699694e-19 5.150594e-18 -1.000000e+00
    outer loop
      vertex   4.200000e+01 2.800000e+01 -4.371503e-15
      vertex   3.528415e+01 1.487998e+01 -4.440892e-15
      vertex   4.179094e+01 2.801096e+01 -4.371503e-15
    endloop
  endfacet
  facet normal 6.328706e-18 2.148306e-18 -1.000000e+00
    outer loop
      vertex   4.179094e+01 2.801096e+01 -4.371503e-15
      vertex   3.528415e+01 1.487998e+01 -4.440892e-15
      vertex   3.514119e+01 1.530112e+01 -4.440892e-15
    endloop
  endfacet
  facet normal 7.985385e-19 5.041676e-18 -1.000000e+00
    outer loop
      vertex   4.179094e+01 2.801096e+01 -4.371503e-15
      vertex   3.514119e+01 1.530112e+01 -4.440892e-15
      vertex   4.158418e+01 2.804371e+01 -4.371503e-15
    endloop
  endfacet
  facet normal 1.284963e-18 4.795726e-18 -1.000000e+00
    outer loop
      vertex   4.158418e+01 2.804371e+01 -4.371503e-15
      vertex   3.514119e+01 1.530112e+01 -4.440892e-15
      vertex   4.138196e+01 2.809789e+01 -4.371503e-15
    endloop
  endfacet
  facet normal 5.528365e-18 2.726288e-18 -1.000000e+00
    outer loop
      vertex   4.138196e+01 2.809789e+01 -4.371503e-15
      vertex   3.514119e+01 1.530112e+01 -4.440892e-15
      vertex   3.494449e+01 1.570000e+01 -4.440892e-15
    endloop
  endfacet
  facet normal 1.791406e-18 4.666667e-18 -1.000000e+00
    outer loop
      vertex   4.138196e+01 2.809789e+01 -4.371503e-15
      vertex   3.494449e+01 1.570000e+01 -4.440892e-15
      vertex   4.118653e+01 2.817291e+01 -4.371503e-15
    endloop
  endfacet
  facet normal 2.258645e-18 4.432838e-18 -1.000000e+00
    outer loop
      vertex   4.118653e+01 2.817291e+01 -4.371503e-15
      vertex   3.494449e+01 1.570000e+01 -4.440892e-15
      vertex   4.100000e+01 2.826795e+01 -4.371503e-15
    endloop
  endfacet
  facet normal 4.800957e-18 3.207897e-18 -1.000000e+00
    outer loop
      vertex   4.100000e+01 2.826795e+01 -4.371503e-15
      vertex   3.494449e+01 1.570000e+01 -4.440892e-15
      vertex   3.469740e+01 1.606979e+01 -4.440892e-15
    endloop
  endfacet
  facet normal 2.765970e-18 4.259342e-18 -1.000000e+00
    outer loop
      vertex   4.100000e+01 2.826795e+01 -4.371503e-15
      vertex   3.469740e+01 1.606979e+01 -4.440892e-15
      vertex   4.082443e+01 2.838197e+01 -4.371503e-15
    endloop
  endfacet
  facet normal 4.099907e-18 3.595522e-18 -1.000000e+00
    outer loop
      vertex   4.082443e+01 2.838197e+01 -4.371503e-15
      vertex   3.469740e+01 1.606979e+01 -4.440892e-15
      vertex   3.440416e+01 1.640416e+01 -4.440892e-15
    endloop
  endfacet
  facet normal 3.271319e-18 4.039657e-18 -1.000000e+00
    outer loop
      vertex   4.082443e+01 2.838197e+01 -4.371503e-15
      vertex   3.440416e+01 1.640416e+01 -4.440892e-15
      vertex   4.066174e+01 2.851371e+01 -4.371503e-15
    endloop
  endfacet
  facet normal 3.777888e-18 3.777888e-18 -1.000000e+00
    outer loop
      vertex   4.066174e+01 2.851371e+01 -4.371503e-15
      vertex   3.440416e+01 1.640416e+01 -4.440892e-15
      vertex   4.051371e+01 2.866174e+01 -4.371503e-15
    endloop
  endfacet
  facet normal 3.454483e-18 3.939083e-18 -1.000000e+00
    outer loop
      vertex   4.051371e+01 2.866174e+01 -4.371503e-15
      vertex   3.440416e+01 1.640416e+01 -4.440892e-15
      vertex   3.406979e+01 1.669740e+01 -4.440892e-15
    endloop
  endfacet
  facet normal 4.301190e-18 3.483052e-18 -1.000000e+00
    outer loop
      vertex   4.051371e+01 2.866174e+01 -4.371503e-15
      vertex   3.406979e+01 1.669740e+01 -4.440892e-15
      vertex   4.038197e+01 2.882443e+01 -4.371503e-15
    endloop
  endfacet
  facet normal 2.836653e-18 4.245351e-18 -1.000000e+00
    outer loop
      vertex   4.038197e+01 2.882443e+01 -4.371503e-15
      vertex   3.406979e+01 1.669740e+01 -4.440892e-15
      vertex   3.370000e+01 1.694449e+01 -4.440892e-15
    endloop
  endfacet
  facet normal 4.819737e-18 3.129949e-18 -1.000000e+00
    outer loop
      vertex   4.038197e+01 2.882443e+01 -4.371503e-15
      vertex   3.370000e+01 1.694449e+01 -4.440892e-15
      vertex   4.026795e+01 2.900000e+01 -4.371503e-15
    endloop
  endfacet
  facet normal 2.237334e-18 4.536865e-18 -1.000000e+00
    outer loop
      vertex   4.026795e+01 2.900000e+01 -4.371503e-15
      vertex   3.370000e+01 1.694449e+01 -4.440892e-15
      vertex   3.330112e+01 1.714119e+01 -4.440892e-15
    endloop
  endfacet
  facet normal 5.333823e-18 2.717737e-18 -1.000000e+00
    outer loop
      vertex   4.026795e+01 2.900000e+01 -4.371503e-15
      vertex   3.330112e+01 1.714119e+01 -4.440892e-15
      vertex   4.017291e+01 2.918653e+01 -4.371503e-15
    endloop
  endfacet
  facet normal 6.036152e-18 2.317063e-18 -1.000000e+00
    outer loop
      vertex   4.017291e+01 2.918653e+01 -4.371503e-15
      vertex   3.330112e+01 1.714119e+01 -4.440892e-15
      vertex   4.009789e+01 2.938197e+01 -4.371503e-15
    endloop
  endfacet
  facet normal 1.619083e-18 4.769666e-18 -1.000000e+00
    outer loop
      vertex   4.009789e+01 2.938197e+01 -4.371503e-15
      vertex   3.330112e+01 1.714119e+01 -4.440892e-15
      vertex   3.287999e+01 1.728415e+01 -4.440892e-15
    endloop
  endfacet
  facet normal 6.634064e-18 1.777586e-18 -1.000000e+00
    outer loop
      vertex   4.009789e+01 2.938197e+01 -4.371503e-15
      vertex   3.287999e+01 1.728415e+01 -4.440892e-15
      vertex   4.004370e+01 2.958418e+01 -4.371503e-15
    endloop
  endfacet
  facet normal 1.005635e-18 5.055667e-18 -1.000000e+00
    outer loop
      vertex   4.004370e+01 2.958418e+01 -4.371503e-15
      vertex   3.287999e+01 1.728415e+01 -4.440892e-15
      vertex   3.244379e+01 1.737091e+01 -4.440892e-15
    endloop
  endfacet
  facet normal 7.277789e-18 1.152711e-18 -1.000000e+00
    outer loop
      vertex   4.004370e+01 2.958418e+01 -4.371503e-15
      vertex   3.244379e+01 1.737091e+01 -4.440892e-15
      vertex   4.001096e+01 2.979094e+01 -4.371503e-15
    endloop
  endfacet
  facet normal 3.521205e-19 5.372321e-18 -1.000000e+00
    outer loop
      vertex   4.001096e+01 2.979094e+01 -4.371503e-15
      vertex   3.244379e+01 1.737091e+01 -4.440892e-15
      vertex   3.200000e+01 1.740000e+01 -4.440892e-15
    endloop
  endfacet
  facet normal -1.385881e-16 9.519952e-17 -1.000000e+00
    outer loop
      vertex   4.001096e+01 2.979094e+01 -4.371503e-15
      vertex   3.200000e+01 1.740000e+01 -4.440892e-15
      vertex   2.398904e+01 2.979094e+01 -2.151057e-15
    endloop
  endfacet
  facet normal -1.161998e-17 1.772866e-16 -1.000000e+00
    outer loop
      vertex   2.398904e+01 2.979094e+01 -2.151057e-15
      vertex   3.200000e+01 1.740000e+01 -4.440892e-15
      vertex   3.155621e+01 1.737091e+01 -4.440892e-15
    endloop
  endfacet
  facet normal -2.401679e-16 3.803890e-17 -1.000000e+00
    outer loop
      vertex   2.398904e+01 2.979094e+01 -2.151057e-15
      vertex   3.155621e+01 1.737091e+01 -4.440892e-15
      vertex   2.395629e+01 2.958418e+01 -2.151057e-15
    endloop
  endfacet
  facet normal -3.318595e-17 1.668370e-16 -1.000000e+00
    outer loop
      vertex   2.395629e+01 2.958418e+01 -2.151057e-15
      vertex   3.155621e+01 1.737091e+01 -4.440892e-15
      vertex   3.112002e+01 1.728415e+01 -4.440892e-15
    endloop
  endfacet
  facet normal -2.189237e-16 5.866056e-17 -1.000000e+00
    outer loop
      vertex   2.395629e+01 2.958418e+01 -2.151057e-15
      vertex   3.112002e+01 1.728415e+01 -4.440892e-15
      vertex   2.390211e+01 2.938197e+01 -2.151057e-15
    endloop
  endfacet
  facet normal -5.342975e-17 1.573990e-16 -1.000000e+00
    outer loop
      vertex   2.390211e+01 2.938197e+01 -2.151057e-15
      vertex   3.112002e+01 1.728415e+01 -4.440892e-15
      vertex   3.069888e+01 1.714119e+01 -4.440892e-15
    endloop
  endfacet
  facet normal -1.991927e-16 7.646324e-17 -1.000000e+00
    outer loop
      vertex   2.390211e+01 2.938197e+01 -2.151057e-15
      vertex   3.069888e+01 1.714119e+01 -4.440892e-15
      vertex   2.382709e+01 2.918653e+01 -2.151057e-15
    endloop
  endfacet
  facet normal -1.760168e-16 8.968494e-17 -1.000000e+00
    outer loop
      vertex   2.382709e+01 2.918653e+01 -2.151057e-15
      vertex   3.069888e+01 1.714119e+01 -4.440892e-15
      vertex   2.373205e+01 2.900000e+01 -2.151057e-15
    endloop
  endfacet
  facet normal -7.383203e-17 1.497165e-16 -1.000000e+00
    outer loop
      vertex   2.373205e+01 2.900000e+01 -2.151057e-15
      vertex   3.069888e+01 1.714119e+01 -4.440892e-15
      vertex   3.030000e+01 1.694449e+01 -4.440892e-15
    endloop
  endfacet
  facet normal -1.590512e-16 1.032884e-16 -1.000000e+00
    outer loop
      vertex   2.373205e+01 2.900000e+01 -2.151057e-15
      vertex   3.030000e+01 1.694449e+01 -4.440892e-15
      vertex   2.361803e+01 2.882443e+01 -2.151057e-15
    endloop
  endfacet
  facet normal -9.360953e-17 1.400966e-16 -1.000000e+00
    outer loop
      vertex   2.361803e+01 2.882443e+01 -2.151057e-15
      vertex   3.030000e+01 1.694449e+01 -4.440892e-15
      vertex   2.993021e+01 1.669740e+01 -4.440892e-15
    endloop
  endfacet
  facet normal -1.419391e-16 1.149408e-16 -1.000000e+00
    outer loop
      vertex   2.361803e+01 2.882443e+01 -2.151057e-15
      vertex   2.993021e+01 1.669740e+01 -4.440892e-15
      vertex   2.348629e+01 2.866174e+01 -2.151057e-15
    endloop
  endfacet
  facet normal -1.139979e-16 1.299897e-16 -1.000000e+00
    outer loop
      vertex   2.348629e+01 2.866174e+01 -2.151057e-15
      vertex   2.993021e+01 1.669740e+01 -4.440892e-15
      vertex   2.959584e+01 1.640416e+01 -4.440892e-15
    endloop
  endfacet
  facet normal -1.246708e-16 1.246701e-16 -1.000000e+00
    outer loop
      vertex   2.348629e+01 2.866174e+01 -2.151057e-15
      vertex   2.959584e+01 1.640416e+01 -4.440892e-15
      vertex   2.333826e+01 2.851371e+01 -2.151057e-15
    endloop
  endfacet
  facet normal -1.079525e-16 1.333092e-16 -1.000000e+00
    outer loop
      vertex   2.333826e+01 2.851371e+01 -2.151057e-15
      vertex   2.959584e+01 1.640416e+01 -4.440892e-15
      vertex   2.317557e+01 2.838197e+01 -2.151057e-15
    endloop
  endfacet
  facet normal -1.352969e-16 1.186522e-16 -1.000000e+00
    outer loop
      vertex   2.317557e+01 2.838197e+01 -2.151057e-15
      vertex   2.959584e+01 1.640416e+01 -4.440892e-15
      vertex   2.930260e+01 1.606979e+01 -4.440892e-15
    endloop
  endfacet
  facet normal -9.127737e-17 1.405581e-16 -1.000000e+00
    outer loop
      vertex   2.317557e+01 2.838197e+01 -2.151057e-15
      vertex   2.930260e+01 1.606979e+01 -4.440892e-15
      vertex   2.300000e+01 2.826795e+01 -2.151057e-15
    endloop
  endfacet
  facet normal -1.584315e-16 1.058606e-16 -1.000000e+00
    outer loop
      vertex   2.300000e+01 2.826795e+01 -2.151057e-15
      vertex   2.930260e+01 1.606979e+01 -4.440892e-15
      vertex   2.905551e+01 1.570000e+01 -4.440892e-15
    endloop
  endfacet
  facet normal -7.453568e-17 1.462834e-16 -1.000000e+00
    outer loop
      vertex   2.300000e+01 2.826795e+01 -2.151057e-15
      vertex   2.905551e+01 1.570000e+01 -4.440892e-15
      vertex   2.281347e+01 2.817291e+01 -2.151057e-15
    endloop
  endfacet
  facet normal -5.911597e-17 1.540002e-16 -1.000000e+00
    outer loop
      vertex   2.281347e+01 2.817291e+01 -2.151057e-15
      vertex   2.905551e+01 1.570000e+01 -4.440892e-15
      vertex   2.261803e+01 2.809789e+01 -2.151057e-15
    endloop
  endfacet
  facet normal -1.824360e-16 8.996749e-17 -1.000000e+00
    outer loop
      vertex   2.261803e+01 2.809789e+01 -2.151057e-15
      vertex   2.905551e+01 1.570000e+01 -4.440892e-15
      vertex   2.885881e+01 1.530112e+01 -4.440892e-15
    endloop
  endfacet
  facet normal -4.240411e-17 1.582588e-16 -1.000000e+00
    outer loop
      vertex   2.261803e+01 2.809789e+01 -2.151057e-15
      vertex   2.885881e+01 1.530112e+01 -4.440892e-15
      vertex   2.241582e+01 2.804371e+01 -2.151057e-15
    endloop
  endfacet
  facet normal -2.635173e-17 1.663753e-16 -1.000000e+00
    outer loop
      vertex   2.241582e+01 2.804371e+01 -2.151057e-15
      vertex   2.885881e+01 1.530112e+01 -4.440892e-15
      vertex   2.220906e+01 2.801096e+01 -2.151057e-15
    endloop
  endfacet
  facet normal -2.088473e-16 7.089409e-17 -1.000000e+00
    outer loop
      vertex   2.220906e+01 2.801096e+01 -2.151057e-15
      vertex   2.885881e+01 1.530112e+01 -4.440892e-15
      vertex   2.871585e+01 1.487998e+01 -4.440892e-15
    endloop
  endfacet
  facet normal -8.908956e-18 1.699696e-16 -1.000000e+00
    outer loop
      vertex   2.220906e+01 2.801096e+01 -2.151057e-15
      vertex   2.871585e+01 1.487998e+01 -4.440892e-15
      vertex   2.200000e+01 2.800000e+01 -2.151057e-15
    endloop
  endfacet
  facet normal 9.400192e-18 1.793417e-16 -1.000000e+00
    outer loop
      vertex   2.200000e+01 2.800000e+01 -2.151057e-15
      vertex   2.871585e+01 1.487998e+01 -4.440892e-15
      vertex   2.179094e+01 2.801096e+01 -2.151057e-15
    endloop
  endfacet
  facet normal -2.401046e-16 4.775977e-17 -1.000000e+00
    outer loop
      vertex   2.179094e+01 2.801096e+01 -2.151057e-15
      vertex   2.871585e+01 1.487998e+01 -4.440892e-15
      vertex   2.862909e+01 1.444379e+01 -4.440892e-15
    endloop
  endfacet
  facet normal 2.905143e-17 1.834202e-16 -1.000000e+00
    outer loop
      vertex   2.179094e+01 2.801096e+01 -2.151057e-15
      vertex   2.862909e+01 1.444379e+01 -4.440892e-15
      vertex   2.158418e+01 2.804371e+01 -2.151057e-15
    endloop
  endfacet
  facet normal 5.238444e-17 1.955070e-16 -1.000000e+00
    outer loop
      vertex   2.158418e+01 2.804371e+01 -2.151057e-15
      vertex   2.862909e+01 1.444379e+01 -4.440892e-15
      vertex   2.138197e+01 2.809789e+01 -2.151057e-15
    endloop
  endfacet
  facet normal -2.812354e-16 1.843314e-17 -1.000000e+00
    outer loop
      vertex   2.138197e+01 2.809789e+01 -2.151057e-15
      vertex   2.862909e+01 1.444379e+01 -4.440892e-15
      vertex   2.860000e+01 1.400000e+01 -4.440892e-15
    endloop
  endfacet
  facet normal -3.160873e-16 5.891379e-19 -1.000000e+00
    outer loop
      vertex   2.138197e+01 2.809789e+01 -2.151057e-15
      vertex   2.860000e+01 1.400000e+01 -4.440892e-15
      vertex   2.133311e+01 1.883358e+00 -2.151057e-15
    endloop
  endfacet
  facet normal 9.423976e-17 -2.455024e-16 -1.000000e+00
    outer loop
      vertex   2.133311e+01 1.883358e+00 -2.151057e-15
      vertex   2.860000e+01 1.400000e+01 -4.440892e-15
      vertex   2.138197e+01 1.902113e+00 -2.151057e-15
    endloop
  endfacet
  facet normal 4.245729e-22 1.008587e-15 -1.000000e+00
    outer loop
      vertex   4.597083e+01 -4.821476e-01 -4.857790e-15
      vertex   4.400000e+01 0.000000e+00 -4.371503e-15
      vertex   4.600000e+01 -8.419156e-07 -4.371503e-15
    endloop
  endfacet
  facet normal 0.000000e+00 0.000000e+00 -1.000000e+00
    outer loop
      vertex   4.600000e+01 -8.419156e-07 -4.371503e-15
      vertex   4.400000e+01 0.000000e+00 -4.371503e-15
      vertex   4.398904e+01 2.090569e-01 -4.371503e-15
    endloop
  endfacet
  facet normal 0.000000e+00 0.000000e+00 -1.000000e+00
    outer loop
      vertex   4.600000e+01 -8.419156e-07 -4.371503e-15
      vertex   4.398904e+01 2.090569e-01 -4.371503e-15
      vertex   4.395630e+01 4.158234e-01 -4.371503e-15
    endloop
  endfacet
  facet normal -2.436185e-16 1.276648e-17 -1.000000e+00
    outer loop
      vertex   4.400000e+01 0.000000e+00 -4.371503e-15
      vertex   4.597083e+01 -4.821476e-01 -4.857790e-15
      vertex   4.398904e+01 -2.090569e-01 -4.371503e-15
    endloop
  endfacet
  facet normal -2.423503e-16 2.196986e-17 -1.000000e+00
    outer loop
      vertex   4.398904e+01 -2.090569e-01 -4.371503e-15
      vertex   4.597083e+01 -4.821476e-01 -4.857790e-15
      vertex   4.588377e+01 -9.572635e-01 -4.847127e-15
    endloop
  endfacet
  facet normal -2.362496e-16 3.741893e-17 -1.000000e+00
    outer loop
      vertex   4.398904e+01 -2.090569e-01 -4.371503e-15
      vertex   4.588377e+01 -9.572635e-01 -4.847127e-15
      vertex   4.395630e+01 -4.158234e-01 -4.371503e-15
    endloop
  endfacet
  facet normal -2.367564e-16 3.561475e-17 -1.000000e+00
    outer loop
      vertex   4.395630e+01 -4.158234e-01 -4.371503e-15
      vertex   4.588377e+01 -9.572635e-01 -4.847127e-15
      vertex   4.574006e+01 -1.418420e+00 -4.829529e-15
    endloop
  endfacet
  facet normal -2.231641e-16 5.979755e-17 -1.000000e+00
    outer loop
      vertex   4.395630e+01 -4.158234e-01 -4.371503e-15
      vertex   4.574006e+01 -1.418420e+00 -4.829529e-15
      vertex   4.390211e+01 -6.180340e-01 -4.371503e-15
    endloop
  endfacet
  facet normal -2.284351e-16 4.769343e-17 -1.000000e+00
    outer loop
      vertex   4.390211e+01 -6.180340e-01 -4.371503e-15
      vertex   4.574006e+01 -1.418420e+00 -4.829529e-15
      vertex   4.554182e+01 -1.858894e+00 -4.805252e-15
    endloop
  endfacet
  facet normal -2.199365e-16 5.892378e-17 -1.000000e+00
    outer loop
      vertex   4.390211e+01 -6.180340e-01 -4.371503e-15
      vertex   4.554182e+01 -1.858894e+00 -4.805252e-15
      vertex   4.529193e+01 -2.272260e+00 -4.774649e-15
    endloop
  endfacet
  facet normal -1.991032e-16 7.642719e-17 -1.000000e+00
    outer loop
      vertex   4.390211e+01 -6.180340e-01 -4.371503e-15
      vertex   4.529193e+01 -2.272260e+00 -4.774649e-15
      vertex   4.382709e+01 -8.134733e-01 -4.371503e-15
    endloop
  endfacet
  facet normal -2.082690e-16 6.722337e-17 -1.000000e+00
    outer loop
      vertex   4.382709e+01 -8.134733e-01 -4.371503e-15
      vertex   4.529193e+01 -2.272260e+00 -4.774649e-15
      vertex   4.499404e+01 -2.652491e+00 -4.738168e-15
    endloop
  endfacet
  facet normal -1.742716e-16 8.879644e-17 -1.000000e+00
    outer loop
      vertex   4.382709e+01 -8.134733e-01 -4.371503e-15
      vertex   4.499404e+01 -2.652491e+00 -4.738168e-15
      vertex   4.373205e+01 -1.000000e+00 -4.371503e-15
    endloop
  endfacet
  facet normal -1.570211e-16 1.019704e-16 -1.000000e+00
    outer loop
      vertex   4.373205e+01 -1.000000e+00 -4.371503e-15
      vertex   4.499404e+01 -2.652491e+00 -4.738168e-15
      vertex   4.361803e+01 -1.175570e+00 -4.371503e-15
    endloop
  endfacet
  facet normal -1.919204e-16 6.945571e-17 -1.000000e+00
    outer loop
      vertex   4.361803e+01 -1.175570e+00 -4.371503e-15
      vertex   4.499404e+01 -2.652491e+00 -4.738168e-15
      vertex   4.465249e+01 -2.994044e+00 -4.696340e-15
    endloop
  endfacet
  facet normal -1.295699e-16 1.049244e-16 -1.000000e+00
    outer loop
      vertex   4.361803e+01 -1.175570e+00 -4.371503e-15
      vertex   4.465249e+01 -2.994044e+00 -4.696340e-15
      vertex   4.348629e+01 -1.338261e+00 -4.371503e-15
    endloop
  endfacet
  facet normal -1.779639e-16 7.083951e-17 -1.000000e+00
    outer loop
      vertex   4.348629e+01 -1.338261e+00 -4.371503e-15
      vertex   4.465249e+01 -2.994044e+00 -4.696340e-15
      vertex   4.427226e+01 -3.291936e+00 -4.649775e-15
    endloop
  endfacet
  facet normal -1.015717e-16 1.015723e-16 -1.000000e+00
    outer loop
      vertex   4.348629e+01 -1.338261e+00 -4.371503e-15
      vertex   4.427226e+01 -3.291936e+00 -4.649775e-15
      vertex   4.333826e+01 -1.486290e+00 -4.371503e-15
    endloop
  endfacet
  facet normal -1.642636e-16 6.914393e-17 -1.000000e+00
    outer loop
      vertex   4.333826e+01 -1.486290e+00 -4.371503e-15
      vertex   4.427226e+01 -3.291936e+00 -4.649775e-15
      vertex   4.385889e+01 -3.541825e+00 -4.599152e-15
    endloop
  endfacet
  facet normal -7.442050e-17 9.189966e-17 -1.000000e+00
    outer loop
      vertex   4.333826e+01 -1.486290e+00 -4.371503e-15
      vertex   4.385889e+01 -3.541825e+00 -4.599152e-15
      vertex   4.317557e+01 -1.618034e+00 -4.371503e-15
    endloop
  endfacet
  facet normal -6.244278e-17 9.615408e-17 -1.000000e+00
    outer loop
      vertex   4.317557e+01 -1.618034e+00 -4.371503e-15
      vertex   4.385889e+01 -3.541825e+00 -4.599152e-15
      vertex   4.300000e+01 -1.732051e+00 -4.371503e-15
    endloop
  endfacet
  facet normal -1.475597e-16 5.575890e-17 -1.000000e+00
    outer loop
      vertex   4.300000e+01 -1.732051e+00 -4.371503e-15
      vertex   4.385889e+01 -3.541825e+00 -4.599152e-15
      vertex   4.341842e+01 -3.740066e+00 -4.545209e-15
    endloop
  endfacet
  facet normal -3.984617e-17 7.820357e-17 -1.000000e+00
    outer loop
      vertex   4.300000e+01 -1.732051e+00 -4.371503e-15
      vertex   4.341842e+01 -3.740066e+00 -4.545209e-15
      vertex   4.281347e+01 -1.827091e+00 -4.371503e-15
    endloop
  endfacet
  facet normal -1.372368e-16 4.740540e-17 -1.000000e+00
    outer loop
      vertex   4.281347e+01 -1.827091e+00 -4.371503e-15
      vertex   4.341842e+01 -3.740066e+00 -4.545209e-15
      vertex   4.295726e+01 -3.883768e+00 -4.488734e-15
    endloop
  endfacet
  facet normal -2.130878e-17 5.551034e-17 -1.000000e+00
    outer loop
      vertex   4.281347e+01 -1.827091e+00 -4.371503e-15
      vertex   4.295726e+01 -3.883768e+00 -4.488734e-15
      vertex   4.261804e+01 -1.902113e+00 -4.371503e-15
    endloop
  endfacet
  facet normal -1.515602e-17 5.656359e-17 -1.000000e+00
    outer loop
      vertex   4.261804e+01 -1.902113e+00 -4.371503e-15
      vertex   4.295726e+01 -3.883768e+00 -4.488734e-15
      vertex   4.241582e+01 -1.956295e+00 -4.371503e-15
    endloop
  endfacet
  facet normal -1.270693e-16 2.512649e-17 -1.000000e+00
    outer loop
      vertex   4.241582e+01 -1.956295e+00 -4.371503e-15
      vertex   4.295726e+01 -3.883768e+00 -4.488734e-15
      vertex   4.248215e+01 -3.970836e+00 -4.430549e-15
    endloop
  endfacet
  facet normal -4.618152e-18 2.915782e-17 -1.000000e+00
    outer loop
      vertex   4.241582e+01 -1.956295e+00 -4.371503e-15
      vertex   4.248215e+01 -3.970836e+00 -4.430549e-15
      vertex   4.220906e+01 -1.989044e+00 -4.371503e-15
    endloop
  endfacet
  facet normal -1.232396e-16 1.281192e-17 -1.000000e+00
    outer loop
      vertex   4.220906e+01 -1.989044e+00 -4.371503e-15
      vertex   4.248215e+01 -3.970836e+00 -4.430549e-15
      vertex   4.200000e+01 -4.000001e+00 -4.371503e-15
    endloop
  endfacet
  facet normal 0.000000e+00 0.000000e+00 -1.000000e+00
    outer loop
      vertex   4.220906e+01 -1.989044e+00 -4.371503e-15
      vertex   4.200000e+01 -4.000001e+00 -4.371503e-15
      vertex   4.200000e+01 -2.000000e+00 -4.371503e-15
    endloop
  endfacet
  facet normal -0.000000e+00 0.000000e+00 -1.000000e+00
    outer loop
      vertex   4.200000e+01 -2.000000e+00 -4.371503e-15
      vertex   4.200000e+01 -4.000001e+00 -4.371503e-15
      vertex   4.179094e+01 -1.989044e+00 -4.371503e-15
    endloop
  endfacet
  facet normal -1.110223e-16 -1.154168e-17 -1.000000e+00
    outer loop
      vertex   4.179094e+01 -1.989044e+00 -4.371503e-15
      vertex   4.200000e+01 -4.000001e+00 -4.371503e-15
      vertex   2.200000e+01 -4.000000e+00 -2.151057e-15
    endloop
  endfacet
  facet normal -6.834749e-17 -4.315285e-16 -1.000000e+00
    outer loop
      vertex   4.179094e+01 -1.989044e+00 -4.371503e-15
      vertex   2.200000e+01 -4.000000e+00 -2.151057e-15
      vertex   4.158418e+01 -1.956295e+00 -4.371503e-15
    endloop
  endfacet
  facet normal -8.159967e-17 -3.045370e-16 -1.000000e+00
    outer loop
      vertex   4.158418e+01 -1.956295e+00 -4.371503e-15
      vertex   2.200000e+01 -4.000000e+00 -2.151057e-15
      vertex   4.138196e+01 -1.902113e+00 -4.371503e-15
    endloop
  endfacet
  facet normal -8.936443e-17 -2.327999e-16 -1.000000e+00
    outer loop
      vertex   4.138196e+01 -1.902113e+00 -4.371503e-15
      vertex   2.200000e+01 -4.000000e+00 -2.151057e-15
      vertex   4.118653e+01 -1.827091e+00 -4.371503e-15
    endloop
  endfacet
  facet normal -9.468396e-17 -1.858291e-16 -1.000000e+00
    outer loop
      vertex   4.118653e+01 -1.827091e+00 -4.371503e-15
      vertex   2.200000e+01 -4.000000e+00 -2.151057e-15
      vertex   4.100000e+01 -1.732051e+00 -4.371503e-15
    endloop
  endfacet
  facet normal -9.872002e-17 -1.520165e-16 -1.000000e+00
    outer loop
      vertex   4.100000e+01 -1.732051e+00 -4.371503e-15
      vertex   2.200000e+01 -4.000000e+00 -2.151057e-15
      vertex   4.082443e+01 -1.618034e+00 -4.371503e-15
    endloop
  endfacet
  facet normal -1.020150e-16 -1.259763e-16 -1.000000e+00
    outer loop
      vertex   4.082443e+01 -1.618034e+00 -4.371503e-15
      vertex   2.200000e+01 -4.000000e+00 -2.151057e-15
      vertex   4.066174e+01 -1.486290e+00 -4.371503e-15
    endloop
  endfacet
  facet normal -1.048594e-16 -1.048600e-16 -1.000000e+00
    outer loop
      vertex   4.066174e+01 -1.486290e+00 -4.371503e-15
      vertex   2.200000e+01 -4.000000e+00 -2.151057e-15
      vertex   4.051371e+01 -1.338261e+00 -4.371503e-15
    endloop
  endfacet
  facet normal -1.074281e-16 -8.699341e-17 -1.000000e+00
    outer loop
      vertex   4.051371e+01 -1.338261e+00 -4.371503e-15
      vertex   2.200000e+01 -4.000000e+00 -2.151057e-15
      vertex   4.038197e+01 -1.175570e+00 -4.371503e-15
    endloop
  endfacet
  facet normal -1.324538e-16 7.587897e-17 -1.000000e+00
    outer loop
      vertex   4.038197e+01 -1.175570e+00 -4.371503e-15
      vertex   2.200000e+01 -4.000000e+00 -2.151057e-15
      vertex   2.361803e+01 -1.175570e+00 -2.151057e-15
    endloop
  endfacet
  facet normal -1.324538e-16 8.601640e-17 -1.000000e+00
    outer loop
      vertex   4.038197e+01 -1.175570e+00 -4.371503e-15
      vertex   2.361803e+01 -1.175570e+00 -2.151057e-15
      vertex   2.364654e+01 -1.131678e+00 -2.151057e-15
    endloop
  endfacet
  facet normal -1.222717e-16 3.190867e-18 -1.000000e+00
    outer loop
      vertex   2.151785e+01 -3.970835e+00 -2.092011e-15
      vertex   2.205226e+01 -1.997261e+00 -2.151057e-15
      vertex   2.200000e+01 -4.000000e+00 -2.151057e-15
    endloop
  endfacet
  facet normal 0.000000e+00 0.000000e+00 -1.000000e+00
    outer loop
      vertex   2.200000e+01 -4.000000e+00 -2.151057e-15
      vertex   2.205226e+01 -1.997261e+00 -2.151057e-15
      vertex   2.220906e+01 -1.989044e+00 -2.151057e-15
    endloop
  endfacet
  facet normal 0.000000e+00 0.000000e+00 -1.000000e+00
    outer loop
      vertex   2.200000e+01 -4.000000e+00 -2.151057e-15
      vertex   2.220906e+01 -1.989044e+00 -2.151057e-15
      vertex   2.226075e+01 -1.980857e+00 -2.151057e-15
    endloop
  endfacet
  facet normal -1.218985e-16 3.089792e-18 -1.000000e+00
    outer loop
      vertex   2.151785e+01 -3.970835e+00 -2.092011e-15
      vertex   2.104274e+01 -3.883767e+00 -2.033826e-15
      vertex   2.205226e+01 -1.997261e+00 -2.151057e-15
    endloop
  endfacet
  facet normal -1.215585e-16 2.907895e-18 -1.000000e+00
    outer loop
      vertex   2.205226e+01 -1.997261e+00 -2.151057e-15
      vertex   2.104274e+01 -3.883767e+00 -2.033826e-15
      vertex   2.058158e+01 -3.740064e+00 -1.977351e-15
    endloop
  endfacet
  facet normal -1.212668e-16 2.661670e-18 -1.000000e+00
    outer loop
      vertex   2.205226e+01 -1.997261e+00 -2.151057e-15
      vertex   2.058158e+01 -3.740064e+00 -1.977351e-15
      vertex   2.014111e+01 -3.541824e+00 -1.923408e-15
    endloop
  endfacet
  facet normal -1.210316e-16 2.370657e-18 -1.000000e+00
    outer loop
      vertex   2.014111e+01 -3.541824e+00 -1.923408e-15
      vertex   1.972774e+01 -3.291935e+00 -1.872786e-15
      vertex   2.205226e+01 -1.997261e+00 -2.151057e-15
    endloop
  endfacet
  facet normal -1.208553e-16 2.054203e-18 -1.000000e+00
    outer loop
      vertex   2.205226e+01 -1.997261e+00 -2.151057e-15
      vertex   1.972774e+01 -3.291935e+00 -1.872786e-15
      vertex   1.934751e+01 -2.994042e+00 -1.826221e-15
    endloop
  endfacet
  facet normal 1.991037e-17 -3.799119e-16 -1.000000e+00
    outer loop
      vertex   2.205226e+01 -1.997261e+00 -2.151057e-15
      vertex   1.934751e+01 -2.994042e+00 -1.826221e-15
      vertex   2.200000e+01 -2.000000e+00 -2.151057e-15
    endloop
  endfacet
  facet normal -1.502487e-17 -2.866911e-16 -1.000000e+00
    outer loop
      vertex   2.200000e+01 -2.000000e+00 -2.151057e-15
      vertex   1.934751e+01 -2.994042e+00 -1.826221e-15
      vertex   2.184321e+01 -1.991783e+00 -2.151057e-15
    endloop
  endfacet
  facet normal -1.502487e-17 -2.866911e-16 -1.000000e+00
    outer loop
      vertex   2.184321e+01 -1.991783e+00 -2.151057e-15
      vertex   1.934751e+01 -2.994042e+00 -1.826221e-15
      vertex   2.179094e+01 -1.989044e+00 -2.151057e-15
    endloop
  endfacet
  facet normal -3.696049e-17 -2.333594e-16 -1.000000e+00
    outer loop
      vertex   2.179094e+01 -1.989044e+00 -2.151057e-15
      vertex   1.934751e+01 -2.994042e+00 -1.826221e-15
      vertex   2.163587e+01 -1.964482e+00 -2.151057e-15
    endloop
  endfacet
  facet normal -3.696049e-17 -2.333594e-16 -1.000000e+00
    outer loop
      vertex   2.163587e+01 -1.964482e+00 -2.151057e-15
      vertex   1.934751e+01 -2.994042e+00 -1.826221e-15
      vertex   2.158418e+01 -1.956295e+00 -2.151057e-15
    endloop
  endfacet
  facet normal -5.316823e-17 -1.984267e-16 -1.000000e+00
    outer loop
      vertex   2.158418e+01 -1.956295e+00 -2.151057e-15
      vertex   1.934751e+01 -2.994042e+00 -1.826221e-15
      vertex   2.143252e+01 -1.915659e+00 -2.151057e-15
    endloop
  endfacet
  facet normal -5.316823e-17 -1.984267e-16 -1.000000e+00
    outer loop
      vertex   2.143252e+01 -1.915659e+00 -2.151057e-15
      vertex   1.934751e+01 -2.994042e+00 -1.826221e-15
      vertex   2.138197e+01 -1.902113e+00 -2.151057e-15
    endloop
  endfacet
  facet normal -6.657816e-17 -1.734417e-16 -1.000000e+00
    outer loop
      vertex   2.138197e+01 -1.902113e+00 -2.151057e-15
      vertex   1.934751e+01 -2.994042e+00 -1.826221e-15
      vertex   2.123539e+01 -1.845846e+00 -2.151057e-15
    endloop
  endfacet
  facet normal -6.657816e-17 -1.734417e-16 -1.000000e+00
    outer loop
      vertex   2.123539e+01 -1.845846e+00 -2.151057e-15
      vertex   1.934751e+01 -2.994042e+00 -1.826221e-15
      vertex   2.118653e+01 -1.827091e+00 -2.151057e-15
    endloop
  endfacet
  facet normal -7.866641e-17 -1.543916e-16 -1.000000e+00
    outer loop
      vertex   2.118653e+01 -1.827091e+00 -2.151057e-15
      vertex   1.934751e+01 -2.994042e+00 -1.826221e-15
      vertex   2.104663e+01 -1.755811e+00 -2.151057e-15
    endloop
  endfacet
  facet normal -7.866641e-17 -1.543916e-16 -1.000000e+00
    outer loop
      vertex   2.104663e+01 -1.755811e+00 -2.151057e-15
      vertex   1.934751e+01 -2.994042e+00 -1.826221e-15
      vertex   2.100000e+01 -1.732051e+00 -2.151057e-15
    endloop
  endfacet
  facet normal -9.033800e-17 -1.391085e-16 -1.000000e+00
    outer loop
      vertex   2.100000e+01 -1.732051e+00 -2.151057e-15
      vertex   1.934751e+01 -2.994042e+00 -1.826221e-15
      vertex   2.086832e+01 -1.646538e+00 -2.151057e-15
    endloop
  endfacet
  facet normal -9.033800e-17 -1.391085e-16 -1.000000e+00
    outer loop
      vertex   2.086832e+01 -1.646538e+00 -2.151057e-15
      vertex   1.934751e+01 -2.994042e+00 -1.826221e-15
      vertex   2.082443e+01 -1.618034e+00 -2.151057e-15
    endloop
  endfacet
  facet normal -1.022737e-16 -1.262974e-16 -1.000000e+00
    outer loop
      vertex   2.082443e+01 -1.618034e+00 -2.151057e-15
      vertex   1.934751e+01 -2.994042e+00 -1.826221e-15
      vertex   2.070241e+01 -1.519226e+00 -2.151057e-15
    endloop
  endfacet
  facet normal -1.022737e-16 -1.262974e-16 -1.000000e+00
    outer loop
      vertex   2.070241e+01 -1.519226e+00 -2.151057e-15
      vertex   1.934751e+01 -2.994042e+00 -1.826221e-15
      vertex   2.066174e+01 -1.486290e+00 -2.151057e-15
    endloop
  endfacet
  facet normal -1.151093e-16 -1.151093e-16 -1.000000e+00
    outer loop
      vertex   2.066174e+01 -1.486290e+00 -2.151057e-15
      vertex   1.934751e+01 -2.994042e+00 -1.826221e-15
      vertex   2.055072e+01 -1.375268e+00 -2.151057e-15
    endloop
  endfacet
  facet normal -1.151093e-16 -1.151093e-16 -1.000000e+00
    outer loop
      vertex   2.055072e+01 -1.375268e+00 -2.151057e-15
      vertex   1.934751e+01 -2.994042e+00 -1.826221e-15
      vertex   2.051371e+01 -1.338261e+00 -2.151057e-15
    endloop
  endfacet
  facet normal -1.295704e-16 -1.049241e-16 -1.000000e+00
    outer loop
      vertex   2.051371e+01 -1.338261e+00 -2.151057e-15
      vertex   1.934751e+01 -2.994042e+00 -1.826221e-15
      vertex   2.041490e+01 -1.216243e+00 -2.151057e-15
    endloop
  endfacet
  facet normal -1.295704e-16 -1.049241e-16 -1.000000e+00
    outer loop
      vertex   2.041490e+01 -1.216243e+00 -2.151057e-15
      vertex   1.934751e+01 -2.994042e+00 -1.826221e-15
      vertex   2.038197e+01 -1.175570e+00 -2.151057e-15
    endloop
  endfacet
  facet normal -1.466275e-16 -9.522093e-17 -1.000000e+00
    outer loop
      vertex   2.038197e+01 -1.175570e+00 -2.151057e-15
      vertex   1.934751e+01 -2.994042e+00 -1.826221e-15
      vertex   2.029645e+01 -1.043893e+00 -2.151057e-15
    endloop
  endfacet
  facet normal -1.944266e-16 -7.196189e-17 -1.000000e+00
    outer loop
      vertex   2.029645e+01 -1.043893e+00 -2.151057e-15
      vertex   1.934751e+01 -2.994042e+00 -1.826221e-15
      vertex   1.900596e+01 -2.652490e+00 -1.784393e-15
    endloop
  endfacet
  facet normal -1.570210e-16 -1.019705e-16 -1.000000e+00
    outer loop
      vertex   2.029645e+01 -1.043893e+00 -2.151057e-15
      vertex   1.900596e+01 -2.652490e+00 -1.784393e-15
      vertex   2.026795e+01 -1.000000e+00 -2.151057e-15
    endloop
  endfacet
  facet normal -1.742721e-16 -8.879601e-17 -1.000000e+00
    outer loop
      vertex   2.026795e+01 -1.000000e+00 -2.151057e-15
      vertex   1.900596e+01 -2.652490e+00 -1.784393e-15
      vertex   2.019667e+01 -8.601050e-01 -2.151057e-15
    endloop
  endfacet
  facet normal -2.075699e-16 -6.667568e-17 -1.000000e+00
    outer loop
      vertex   2.019667e+01 -8.601050e-01 -2.151057e-15
      vertex   1.900596e+01 -2.652490e+00 -1.784393e-15
      vertex   1.870806e+01 -2.272258e+00 -1.747911e-15
    endloop
  endfacet
  facet normal -1.825732e-16 -9.302565e-17 -1.000000e+00
    outer loop
      vertex   2.019667e+01 -8.601050e-01 -2.151057e-15
      vertex   1.870806e+01 -2.272258e+00 -1.747911e-15
      vertex   2.017291e+01 -8.134733e-01 -2.151057e-15
    endloop
  endfacet
  facet normal -1.991020e-16 -7.642824e-17 -1.000000e+00
    outer loop
      vertex   2.017291e+01 -8.134733e-01 -2.151057e-15
      vertex   1.870806e+01 -2.272258e+00 -1.747911e-15
      vertex   2.011664e+01 -6.668938e-01 -2.151057e-15
    endloop
  endfacet
  facet normal -2.194128e-16 -5.860715e-17 -1.000000e+00
    outer loop
      vertex   2.011664e+01 -6.668938e-01 -2.151057e-15
      vertex   1.870806e+01 -2.272258e+00 -1.747911e-15
      vertex   1.845818e+01 -1.858892e+00 -1.717309e-15
    endloop
  endfacet
  facet normal -2.049819e-16 -7.868533e-17 -1.000000e+00
    outer loop
      vertex   2.011664e+01 -6.668938e-01 -2.151057e-15
      vertex   1.845818e+01 -1.858892e+00 -1.717309e-15
      vertex   2.009789e+01 -6.180340e-01 -2.151057e-15
    endloop
  endfacet
  facet normal -2.199315e-16 -5.893040e-17 -1.000000e+00
    outer loop
      vertex   2.009789e+01 -6.180340e-01 -2.151057e-15
      vertex   1.845818e+01 -1.858892e+00 -1.717309e-15
      vertex   2.005725e+01 -4.663760e-01 -2.151057e-15
    endloop
  endfacet
  facet normal -2.293560e-16 -4.810788e-17 -1.000000e+00
    outer loop
      vertex   2.005725e+01 -4.663760e-01 -2.151057e-15
      vertex   1.845818e+01 -1.858892e+00 -1.717309e-15
      vertex   1.825993e+01 -1.418419e+00 -1.693031e-15
    endloop
  endfacet
  facet normal -2.231644e-16 -5.979666e-17 -1.000000e+00
    outer loop
      vertex   2.005725e+01 -4.663760e-01 -2.151057e-15
      vertex   1.825993e+01 -1.418419e+00 -1.693031e-15
      vertex   2.004370e+01 -4.158234e-01 -2.151057e-15
    endloop
  endfacet
  facet normal -2.367563e-16 -3.561470e-17 -1.000000e+00
    outer loop
      vertex   2.004370e+01 -4.158234e-01 -2.151057e-15
      vertex   1.825993e+01 -1.418419e+00 -1.693031e-15
      vertex   1.811623e+01 -9.572621e-01 -1.675433e-15
    endloop
  endfacet
  facet normal -2.362497e-16 -3.741826e-17 -1.000000e+00
    outer loop
      vertex   2.004370e+01 -4.158234e-01 -2.151057e-15
      vertex   1.811623e+01 -9.572621e-01 -1.675433e-15
      vertex   2.001914e+01 -2.607486e-01 -2.151057e-15
    endloop
  endfacet
  facet normal -2.362497e-16 -3.741826e-17 -1.000000e+00
    outer loop
      vertex   2.001914e+01 -2.607486e-01 -2.151057e-15
      vertex   1.811623e+01 -9.572621e-01 -1.675433e-15
      vertex   2.001096e+01 -2.090569e-01 -2.151057e-15
    endloop
  endfacet
  facet normal -2.423501e-16 -2.196981e-17 -1.000000e+00
    outer loop
      vertex   2.001096e+01 -2.090569e-01 -2.151057e-15
      vertex   1.811623e+01 -9.572621e-01 -1.675433e-15
      vertex   1.802916e+01 -4.821462e-01 -1.664770e-15
    endloop
  endfacet
  facet normal -2.436181e-16 -1.276751e-17 -1.000000e+00
    outer loop
      vertex   2.001096e+01 -2.090569e-01 -2.151057e-15
      vertex   1.802916e+01 -4.821462e-01 -1.664770e-15
      vertex   2.000274e+01 -5.226423e-02 -2.151057e-15
    endloop
  endfacet
  facet normal -2.636234e-17 -1.010182e-15 -1.000000e+00
    outer loop
      vertex   2.000274e+01 -5.226423e-02 -2.151057e-15
      vertex   1.802916e+01 -4.821462e-01 -1.664770e-15
      vertex   1.800000e+01 4.991889e-07 -2.151057e-15
    endloop
  endfacet
  facet normal 0.000000e+00 0.000000e+00 -1.000000e+00
    outer loop
      vertex   2.000274e+01 -5.226423e-02 -2.151057e-15
      vertex   1.800000e+01 4.991889e-07 -2.151057e-15
      vertex   2.000000e+01 0.000000e+00 -2.151057e-15
    endloop
  endfacet
  facet normal 0.000000e+00 0.000000e+00 -1.000000e+00
    outer loop
      vertex   2.000000e+01 0.000000e+00 -2.151057e-15
      vertex   1.800000e+01 4.991889e-07 -2.151057e-15
      vertex   2.000822e+01 1.567927e-01 -2.151057e-15
    endloop
  endfacet
  facet normal -0.000000e+00 0.000000e+00 -1.000000e+00
    outer loop
      vertex   2.000822e+01 1.567927e-01 -2.151057e-15
      vertex   1.800000e+01 4.991889e-07 -2.151057e-15
      vertex   2.001096e+01 2.090569e-01 -2.151057e-15
    endloop
  endfacet
  facet normal -0.000000e+00 0.000000e+00 -1.000000e+00
    outer loop
      vertex   2.001096e+01 2.090569e-01 -2.151057e-15
      vertex   1.800000e+01 4.991889e-07 -2.151057e-15
      vertex   2.003552e+01 3.641318e-01 -2.151057e-15
    endloop
  endfacet
  facet normal -0.000000e+00 0.000000e+00 -1.000000e+00
    outer loop
      vertex   2.003552e+01 3.641318e-01 -2.151057e-15
      vertex   1.800000e+01 4.991889e-07 -2.151057e-15
      vertex   2.004370e+01 4.158234e-01 -2.151057e-15
    endloop
  endfacet
  facet normal -0.000000e+00 0.000000e+00 -1.000000e+00
    outer loop
      vertex   2.004370e+01 4.158234e-01 -2.151057e-15
      vertex   1.800000e+01 4.991889e-07 -2.151057e-15
      vertex   2.008434e+01 5.674814e-01 -2.151057e-15
    endloop
  endfacet
  facet normal -0.000000e+00 0.000000e+00 -1.000000e+00
    outer loop
      vertex   2.008434e+01 5.674814e-01 -2.151057e-15
      vertex   1.800000e+01 4.991889e-07 -2.151057e-15
      vertex   2.009789e+01 6.180340e-01 -2.151057e-15
    endloop
  endfacet
  facet normal -0.000000e+00 0.000000e+00 -1.000000e+00
    outer loop
      vertex   2.009789e+01 6.180340e-01 -2.151057e-15
      vertex   1.800000e+01 4.991889e-07 -2.151057e-15
      vertex   2.015415e+01 7.646135e-01 -2.151057e-15
    endloop
  endfacet
  facet normal -0.000000e+00 0.000000e+00 -1.000000e+00
    outer loop
      vertex   2.015415e+01 7.646135e-01 -2.151057e-15
      vertex   1.800000e+01 4.991889e-07 -2.151057e-15
      vertex   2.017291e+01 8.134733e-01 -2.151057e-15
    endloop
  endfacet
  facet normal -0.000000e+00 0.000000e+00 -1.000000e+00
    outer loop
      vertex   2.017291e+01 8.134733e-01 -2.151057e-15
      vertex   1.800000e+01 4.991889e-07 -2.151057e-15
      vertex   2.024419e+01 9.533683e-01 -2.151057e-15
    endloop
  endfacet
  facet normal -0.000000e+00 0.000000e+00 -1.000000e+00
    outer loop
      vertex   2.024419e+01 9.533683e-01 -2.151057e-15
      vertex   1.800000e+01 4.991889e-07 -2.151057e-15
      vertex   2.026795e+01 1.000000e+00 -2.151057e-15
    endloop
  endfacet
  facet normal -0.000000e+00 0.000000e+00 -1.000000e+00
    outer loop
      vertex   2.026795e+01 1.000000e+00 -2.151057e-15
      vertex   1.800000e+01 4.991889e-07 -2.151057e-15
      vertex   2.035346e+01 1.131678e+00 -2.151057e-15
    endloop
  endfacet
  facet normal -0.000000e+00 0.000000e+00 -1.000000e+00
    outer loop
      vertex   2.035346e+01 1.131678e+00 -2.151057e-15
      vertex   1.800000e+01 4.991889e-07 -2.151057e-15
      vertex   2.038197e+01 1.175570e+00 -2.151057e-15
    endloop
  endfacet
  facet normal -0.000000e+00 0.000000e+00 -1.000000e+00
    outer loop
      vertex   2.038197e+01 1.175570e+00 -2.151057e-15
      vertex   1.800000e+01 4.991889e-07 -2.151057e-15
      vertex   2.048077e+01 1.297589e+00 -2.151057e-15
    endloop
  endfacet
  facet normal -0.000000e+00 0.000000e+00 -1.000000e+00
    outer loop
      vertex   2.048077e+01 1.297589e+00 -2.151057e-15
      vertex   1.800000e+01 4.991889e-07 -2.151057e-15
      vertex   2.051371e+01 1.338261e+00 -2.151057e-15
    endloop
  endfacet
  facet normal -0.000000e+00 0.000000e+00 -1.000000e+00
    outer loop
      vertex   2.051371e+01 1.338261e+00 -2.151057e-15
      vertex   1.800000e+01 4.991889e-07 -2.151057e-15
      vertex   2.062473e+01 1.449283e+00 -2.151057e-15
    endloop
  endfacet
  facet normal -0.000000e+00 0.000000e+00 -1.000000e+00
    outer loop
      vertex   2.062473e+01 1.449283e+00 -2.151057e-15
      vertex   1.800000e+01 4.991889e-07 -2.151057e-15
      vertex   2.066174e+01 1.486290e+00 -2.151057e-15
    endloop
  endfacet
  facet normal -0.000000e+00 0.000000e+00 -1.000000e+00
    outer loop
      vertex   2.066174e+01 1.486290e+00 -2.151057e-15
      vertex   1.800000e+01 4.991889e-07 -2.151057e-15
      vertex   2.078376e+01 1.585098e+00 -2.151057e-15
    endloop
  endfacet
  facet normal -0.000000e+00 0.000000e+00 -1.000000e+00
    outer loop
      vertex   2.078376e+01 1.585098e+00 -2.151057e-15
      vertex   1.800000e+01 4.991889e-07 -2.151057e-15
      vertex   2.082443e+01 1.618034e+00 -2.151057e-15
    endloop
  endfacet
  facet normal -0.000000e+00 0.000000e+00 -1.000000e+00
    outer loop
      vertex   2.082443e+01 1.618034e+00 -2.151057e-15
      vertex   1.800000e+01 4.991889e-07 -2.151057e-15
      vertex   2.082443e+01 2.838197e+01 -2.151057e-15
    endloop
  endfacet
  facet normal 0.000000e+00 0.000000e+00 -1.000000e+00
    outer loop
      vertex   2.082443e+01 1.618034e+00 -2.151057e-15
      vertex   2.082443e+01 2.838197e+01 -2.151057e-15
      vertex   2.095611e+01 1.703547e+00 -2.151057e-15
    endloop
  endfacet
  facet normal 0.000000e+00 0.000000e+00 -1.000000e+00
    outer loop
      vertex   2.095611e+01 1.703547e+00 -2.151057e-15
      vertex   2.082443e+01 2.838197e+01 -2.151057e-15
      vertex   2.100000e+01 2.826795e+01 -2.151057e-15
    endloop
  endfacet
  facet normal 0.000000e+00 0.000000e+00 -1.000000e+00
    outer loop
      vertex   2.095611e+01 1.703547e+00 -2.151057e-15
      vertex   2.100000e+01 2.826795e+01 -2.151057e-15
      vertex   2.100000e+01 1.732051e+00 -2.151057e-15
    endloop
  endfacet
  facet normal 0.000000e+00 0.000000e+00 -1.000000e+00
    outer loop
      vertex   2.100000e+01 1.732051e+00 -2.151057e-15
      vertex   2.100000e+01 2.826795e+01 -2.151057e-15
      vertex   2.113989e+01 1.803331e+00 -2.151057e-15
    endloop
  endfacet
  facet normal 0.000000e+00 0.000000e+00 -1.000000e+00
    outer loop
      vertex   2.113989e+01 1.803331e+00 -2.151057e-15
      vertex   2.100000e+01 2.826795e+01 -2.151057e-15
      vertex   2.118653e+01 2.817291e+01 -2.151057e-15
    endloop
  endfacet
  facet normal 0.000000e+00 0.000000e+00 -1.000000e+00
    outer loop
      vertex   2.113989e+01 1.803331e+00 -2.151057e-15
      vertex   2.118653e+01 2.817291e+01 -2.151057e-15
      vertex   2.118653e+01 1.827091e+00 -2.151057e-15
    endloop
  endfacet
  facet normal 0.000000e+00 0.000000e+00 -1.000000e+00
    outer loop
      vertex   2.118653e+01 1.827091e+00 -2.151057e-15
      vertex   2.118653e+01 2.817291e+01 -2.151057e-15
      vertex   2.133311e+01 1.883358e+00 -2.151057e-15
    endloop
  endfacet
  facet normal 0.000000e+00 0.000000e+00 -1.000000e+00
    outer loop
      vertex   2.133311e+01 1.883358e+00 -2.151057e-15
      vertex   2.118653e+01 2.817291e+01 -2.151057e-15
      vertex   2.138197e+01 2.809789e+01 -2.151057e-15
    endloop
  endfacet
  facet normal 0.000000e+00 0.000000e+00 -1.000000e+00
    outer loop
      vertex   1.800000e+01 4.991889e-07 -2.151057e-15
      vertex   1.800000e+01 3.000000e+01 -2.151057e-15
      vertex   2.082443e+01 2.838197e+01 -2.151057e-15
    endloop
  endfacet
  facet normal 0.000000e+00 0.000000e+00 -1.000000e+00
    outer loop
      vertex   2.082443e+01 2.838197e+01 -2.151057e-15
      vertex   1.800000e+01 3.000000e+01 -2.151057e-15
      vertex   2.066174e+01 2.851371e+01 -2.151057e-15
    endloop
  endfacet
  facet normal 0.000000e+00 0.000000e+00 -1.000000e+00
    outer loop
      vertex   2.066174e+01 2.851371e+01 -2.151057e-15
      vertex   1.800000e+01 3.000000e+01 -2.151057e-15
      vertex   2.051371e+01 2.866174e+01 -2.151057e-15
    endloop
  endfacet
  facet normal 0.000000e+00 0.000000e+00 -1.000000e+00
    outer loop
      vertex   2.051371e+01 2.866174e+01 -2.151057e-15
      vertex   1.800000e+01 3.000000e+01 -2.151057e-15
      vertex   2.038197e+01 2.882443e+01 -2.151057e-15
    endloop
  endfacet
  facet normal 0.000000e+00 0.000000e+00 -1.000000e+00
    outer loop
      vertex   2.038197e+01 2.882443e+01 -2.151057e-15
      vertex   1.800000e+01 3.000000e+01 -2.151057e-15
      vertex   2.026795e+01 2.900000e+01 -2.151057e-15
    endloop
  endfacet
  facet normal 0.000000e+00 0.000000e+00 -1.000000e+00
    outer loop
      vertex   2.026795e+01 2.900000e+01 -2.151057e-15
      vertex   1.800000e+01 3.000000e+01 -2.151057e-15
      vertex   2.017291e+01 2.918653e+01 -2.151057e-15
    endloop
  endfacet
  facet normal 0.000000e+00 0.000000e+00 -1.000000e+00
    outer loop
      vertex   2.017291e+01 2.918653e+01 -2.151057e-15
      vertex   1.800000e+01 3.000000e+01 -2.151057e-15
      vertex   2.009789e+01 2.938197e+01 -2.151057e-15
    endloop
  endfacet
  facet normal 0.000000e+00 0.000000e+00 -1.000000e+00
    outer loop
      vertex   2.009789e+01 2.938197e+01 -2.151057e-15
      vertex   1.800000e+01 3.000000e+01 -2.151057e-15
      vertex   2.004370e+01 2.958418e+01 -2.151057e-15
    endloop
  endfacet
  facet normal 0.000000e+00 0.000000e+00 -1.000000e+00
    outer loop
      vertex   2.004370e+01 2.958418e+01 -2.151057e-15
      vertex   1.800000e+01 3.000000e+01 -2.151057e-15
      vertex   2.001096e+01 2.979094e+01 -2.151057e-15
    endloop
  endfacet
  facet normal 0.000000e+00 0.000000e+00 -1.000000e+00
    outer loop
      vertex   2.001096e+01 2.979094e+01 -2.151057e-15
      vertex   1.800000e+01 3.000000e+01 -2.151057e-15
      vertex   2.000000e+01 3.000000e+01 -2.151057e-15
    endloop
  endfacet
  facet normal 7.627279e-22 1.008587e-15 -1.000000e+00
    outer loop
      vertex   2.000000e+01 3.000000e+01 -2.151057e-15
      vertex   1.800000e+01 3.000000e+01 -2.151057e-15
      vertex   1.802916e+01 3.048215e+01 -1.664770e-15
    endloop
  endfacet
  facet normal -2.436181e-16 1.276748e-17 -1.000000e+00
    outer loop
      vertex   2.000000e+01 3.000000e+01 -2.151057e-15
      vertex   1.802916e+01 3.048215e+01 -1.664770e-15
      vertex   2.001096e+01 3.020906e+01 -2.151057e-15
    endloop
  endfacet
  facet normal -2.423501e-16 2.196981e-17 -1.000000e+00
    outer loop
      vertex   2.001096e+01 3.020906e+01 -2.151057e-15
      vertex   1.802916e+01 3.048215e+01 -1.664770e-15
      vertex   1.811623e+01 3.095726e+01 -1.675433e-15
    endloop
  endfacet
  facet normal -2.362496e-16 3.741831e-17 -1.000000e+00
    outer loop
      vertex   2.001096e+01 3.020906e+01 -2.151057e-15
      vertex   1.811623e+01 3.095726e+01 -1.675433e-15
      vertex   2.004370e+01 3.041582e+01 -2.151057e-15
    endloop
  endfacet
  facet normal -2.367563e-16 3.561470e-17 -1.000000e+00
    outer loop
      vertex   2.004370e+01 3.041582e+01 -2.151057e-15
      vertex   1.811623e+01 3.095726e+01 -1.675433e-15
      vertex   1.825993e+01 3.141842e+01 -1.693031e-15
    endloop
  endfacet
  facet normal -2.231646e-16 5.979621e-17 -1.000000e+00
    outer loop
      vertex   2.004370e+01 3.041582e+01 -2.151057e-15
      vertex   1.825993e+01 3.141842e+01 -1.693031e-15
      vertex   2.009789e+01 3.061804e+01 -2.151057e-15
    endloop
  endfacet
  facet normal -2.284351e-16 4.769342e-17 -1.000000e+00
    outer loop
      vertex   2.009789e+01 3.061804e+01 -2.151057e-15
      vertex   1.825993e+01 3.141842e+01 -1.693031e-15
      vertex   1.845818e+01 3.185889e+01 -1.717309e-15
    endloop
  endfacet
  facet normal -2.199365e-16 5.892377e-17 -1.000000e+00
    outer loop
      vertex   2.009789e+01 3.061804e+01 -2.151057e-15
      vertex   1.845818e+01 3.185889e+01 -1.717309e-15
      vertex   1.870806e+01 3.227226e+01 -1.747911e-15
    endloop
  endfacet
  facet normal -1.991010e-16 7.642900e-17 -1.000000e+00
    outer loop
      vertex   2.009789e+01 3.061804e+01 -2.151057e-15
      vertex   1.870806e+01 3.227226e+01 -1.747911e-15
      vertex   2.017291e+01 3.081347e+01 -2.151057e-15
    endloop
  endfacet
  facet normal -2.082688e-16 6.722321e-17 -1.000000e+00
    outer loop
      vertex   2.017291e+01 3.081347e+01 -2.151057e-15
      vertex   1.870806e+01 3.227226e+01 -1.747911e-15
      vertex   1.900596e+01 3.265249e+01 -1.784393e-15
    endloop
  endfacet
  facet normal -1.742730e-16 8.879529e-17 -1.000000e+00
    outer loop
      vertex   2.017291e+01 3.081347e+01 -2.151057e-15
      vertex   1.900596e+01 3.265249e+01 -1.784393e-15
      vertex   2.026795e+01 3.100000e+01 -2.151057e-15
    endloop
  endfacet
  facet normal -1.570213e-16 1.019702e-16 -1.000000e+00
    outer loop
      vertex   2.026795e+01 3.100000e+01 -2.151057e-15
      vertex   1.900596e+01 3.265249e+01 -1.784393e-15
      vertex   2.038197e+01 3.117557e+01 -2.151057e-15
    endloop
  endfacet
  facet normal -1.919203e-16 6.945566e-17 -1.000000e+00
    outer loop
      vertex   2.038197e+01 3.117557e+01 -2.151057e-15
      vertex   1.900596e+01 3.265249e+01 -1.784393e-15
      vertex   1.934751e+01 3.299404e+01 -1.826221e-15
    endloop
  endfacet
  facet normal -1.295688e-16 1.049250e-16 -1.000000e+00
    outer loop
      vertex   2.038197e+01 3.117557e+01 -2.151057e-15
      vertex   1.934751e+01 3.299404e+01 -1.826221e-15
      vertex   2.051371e+01 3.133826e+01 -2.151057e-15
    endloop
  endfacet
  facet normal -1.779638e-16 7.083943e-17 -1.000000e+00
    outer loop
      vertex   2.051371e+01 3.133826e+01 -2.151057e-15
      vertex   1.934751e+01 3.299404e+01 -1.826221e-15
      vertex   1.972774e+01 3.329194e+01 -1.872786e-15
    endloop
  endfacet
  facet normal -1.015725e-16 1.015719e-16 -1.000000e+00
    outer loop
      vertex   2.051371e+01 3.133826e+01 -2.151057e-15
      vertex   1.972774e+01 3.329194e+01 -1.872786e-15
      vertex   2.066174e+01 3.148629e+01 -2.151057e-15
    endloop
  endfacet
  facet normal -1.642636e-16 6.914394e-17 -1.000000e+00
    outer loop
      vertex   2.066174e+01 3.148629e+01 -2.151057e-15
      vertex   1.972774e+01 3.329194e+01 -1.872786e-15
      vertex   2.014111e+01 3.354183e+01 -1.923408e-15
    endloop
  endfacet
  facet normal -7.441960e-17 9.189987e-17 -1.000000e+00
    outer loop
      vertex   2.066174e+01 3.148629e+01 -2.151057e-15
      vertex   2.014111e+01 3.354183e+01 -1.923408e-15
      vertex   2.082443e+01 3.161803e+01 -2.151057e-15
    endloop
  endfacet
  facet normal -6.244294e-17 9.615392e-17 -1.000000e+00
    outer loop
      vertex   2.082443e+01 3.161803e+01 -2.151057e-15
      vertex   2.014111e+01 3.354183e+01 -1.923408e-15
      vertex   2.100000e+01 3.173205e+01 -2.151057e-15
    endloop
  endfacet
  facet normal -1.475597e-16 5.575877e-17 -1.000000e+00
    outer loop
      vertex   2.100000e+01 3.173205e+01 -2.151057e-15
      vertex   2.014111e+01 3.354183e+01 -1.923408e-15
      vertex   2.058158e+01 3.374007e+01 -1.977351e-15
    endloop
  endfacet
  facet normal -3.984690e-17 7.820337e-17 -1.000000e+00
    outer loop
      vertex   2.100000e+01 3.173205e+01 -2.151057e-15
      vertex   2.058158e+01 3.374007e+01 -1.977351e-15
      vertex   2.118653e+01 3.182709e+01 -2.151057e-15
    endloop
  endfacet
  facet normal -1.372368e-16 4.740544e-17 -1.000000e+00
    outer loop
      vertex   2.118653e+01 3.182709e+01 -2.151057e-15
      vertex   2.058158e+01 3.374007e+01 -1.977351e-15
      vertex   2.104274e+01 3.388377e+01 -2.033826e-15
    endloop
  endfacet
  facet normal -2.130807e-17 5.551041e-17 -1.000000e+00
    outer loop
      vertex   2.118653e+01 3.182709e+01 -2.151057e-15
      vertex   2.104274e+01 3.388377e+01 -2.033826e-15
      vertex   2.138197e+01 3.190211e+01 -2.151057e-15
    endloop
  endfacet
  facet normal -1.515637e-17 5.656349e-17 -1.000000e+00
    outer loop
      vertex   2.138197e+01 3.190211e+01 -2.151057e-15
      vertex   2.104274e+01 3.388377e+01 -2.033826e-15
      vertex   2.158418e+01 3.195630e+01 -2.151057e-15
    endloop
  endfacet
  facet normal -1.270693e-16 2.512646e-17 -1.000000e+00
    outer loop
      vertex   2.158418e+01 3.195630e+01 -2.151057e-15
      vertex   2.104274e+01 3.388377e+01 -2.033826e-15
      vertex   2.151785e+01 3.397084e+01 -2.092011e-15
    endloop
  endfacet
  facet normal -4.618228e-18 2.915782e-17 -1.000000e+00
    outer loop
      vertex   2.158418e+01 3.195630e+01 -2.151057e-15
      vertex   2.151785e+01 3.397084e+01 -2.092011e-15
      vertex   2.179094e+01 3.198905e+01 -2.151057e-15
    endloop
  endfacet
  facet normal -1.232396e-16 1.281187e-17 -1.000000e+00
    outer loop
      vertex   2.179094e+01 3.198905e+01 -2.151057e-15
      vertex   2.151785e+01 3.397084e+01 -2.092011e-15
      vertex   2.200000e+01 3.400000e+01 -2.151057e-15
    endloop
  endfacet
  facet normal 0.000000e+00 0.000000e+00 -1.000000e+00
    outer loop
      vertex   2.179094e+01 3.198905e+01 -2.151057e-15
      vertex   2.200000e+01 3.400000e+01 -2.151057e-15
      vertex   2.200000e+01 3.200000e+01 -2.151057e-15
    endloop
  endfacet
  facet normal 0.000000e+00 0.000000e+00 -1.000000e+00
    outer loop
      vertex   2.200000e+01 3.200000e+01 -2.151057e-15
      vertex   2.200000e+01 3.400000e+01 -2.151057e-15
      vertex   2.220906e+01 3.198905e+01 -2.151057e-15
    endloop
  endfacet
  facet normal 0.000000e+00 0.000000e+00 -1.000000e+00
    outer loop
      vertex   2.220906e+01 3.198905e+01 -2.151057e-15
      vertex   2.200000e+01 3.400000e+01 -2.151057e-15
      vertex   2.241582e+01 3.195630e+01 -2.151057e-15
    endloop
  endfacet
  facet normal 0.000000e+00 0.000000e+00 -1.000000e+00
    outer loop
      vertex   2.241582e+01 3.195630e+01 -2.151057e-15
      vertex   2.200000e+01 3.400000e+01 -2.151057e-15
      vertex   2.261803e+01 3.190211e+01 -2.151057e-15
    endloop
  endfacet
  facet normal 0.000000e+00 0.000000e+00 -1.000000e+00
    outer loop
      vertex   2.261803e+01 3.190211e+01 -2.151057e-15
      vertex   2.200000e+01 3.400000e+01 -2.151057e-15
      vertex   2.281347e+01 3.182709e+01 -2.151057e-15
    endloop
  endfacet
  facet normal 0.000000e+00 0.000000e+00 -1.000000e+00
    outer loop
      vertex   2.281347e+01 3.182709e+01 -2.151057e-15
      vertex   2.200000e+01 3.400000e+01 -2.151057e-15
      vertex   2.300000e+01 3.173205e+01 -2.151057e-15
    endloop
  endfacet
  facet normal 0.000000e+00 0.000000e+00 -1.000000e+00
    outer loop
      vertex   2.300000e+01 3.173205e+01 -2.151057e-15
      vertex   2.200000e+01 3.400000e+01 -2.151057e-15
      vertex   2.317557e+01 3.161803e+01 -2.151057e-15
    endloop
  endfacet
  facet normal 0.000000e+00 0.000000e+00 -1.000000e+00
    outer loop
      vertex   2.317557e+01 3.161803e+01 -2.151057e-15
      vertex   2.200000e+01 3.400000e+01 -2.151057e-15
      vertex   2.333826e+01 3.148629e+01 -2.151057e-15
    endloop
  endfacet
  facet normal 0.000000e+00 0.000000e+00 -1.000000e+00
    outer loop
      vertex   2.333826e+01 3.148629e+01 -2.151057e-15
      vertex   2.200000e+01 3.400000e+01 -2.151057e-15
      vertex   2.348629e+01 3.133826e+01 -2.151057e-15
    endloop
  endfacet
  facet normal 0.000000e+00 0.000000e+00 -1.000000e+00
    outer loop
      vertex   2.348629e+01 3.133826e+01 -2.151057e-15
      vertex   2.200000e+01 3.400000e+01 -2.151057e-15
      vertex   2.361803e+01 3.117557e+01 -2.151057e-15
    endloop
  endfacet
  facet normal -1.324538e-16 -7.587896e-17 -1.000000e+00
    outer loop
      vertex   2.361803e+01 3.117557e+01 -2.151057e-15
      vertex   2.200000e+01 3.400000e+01 -2.151057e-15
      vertex   4.038197e+01 3.117557e+01 -4.371503e-15
    endloop
  endfacet
  facet normal -1.324538e-16 8.601581e-17 -1.000000e+00
    outer loop
      vertex   2.361803e+01 3.117557e+01 -2.151057e-15
      vertex   4.038197e+01 3.117557e+01 -4.371503e-15
      vertex   4.035346e+01 3.113168e+01 -4.371503e-15
    endloop
  endfacet
  facet normal -1.110223e-16 6.360155e-17 -1.000000e+00
    outer loop
      vertex   2.200000e+01 3.400000e+01 -2.151057e-15
      vertex   4.200000e+01 3.400000e+01 -4.371503e-15
      vertex   4.038197e+01 3.117557e+01 -4.371503e-15
    endloop
  endfacet
  facet normal 0.000000e+00 0.000000e+00 -1.000000e+00
    outer loop
      vertex   4.038197e+01 3.117557e+01 -4.371503e-15
      vertex   4.200000e+01 3.400000e+01 -4.371503e-15
      vertex   4.048077e+01 3.129759e+01 -4.371503e-15
    endloop
  endfacet
  facet normal 0.000000e+00 0.000000e+00 -1.000000e+00
    outer loop
      vertex   4.048077e+01 3.129759e+01 -4.371503e-15
      vertex   4.200000e+01 3.400000e+01 -4.371503e-15
      vertex   4.051371e+01 3.133826e+01 -4.371503e-15
    endloop
  endfacet
  facet normal 0.000000e+00 0.000000e+00 -1.000000e+00
    outer loop
      vertex   4.051371e+01 3.133826e+01 -4.371503e-15
      vertex   4.200000e+01 3.400000e+01 -4.371503e-15
      vertex   4.062473e+01 3.144928e+01 -4.371503e-15
    endloop
  endfacet
  facet normal 0.000000e+00 0.000000e+00 -1.000000e+00
    outer loop
      vertex   4.062473e+01 3.144928e+01 -4.371503e-15
      vertex   4.200000e+01 3.400000e+01 -4.371503e-15
      vertex   4.066174e+01 3.148629e+01 -4.371503e-15
    endloop
  endfacet
  facet normal 0.000000e+00 0.000000e+00 -1.000000e+00
    outer loop
      vertex   4.066174e+01 3.148629e+01 -4.371503e-15
      vertex   4.200000e+01 3.400000e+01 -4.371503e-15
      vertex   4.078376e+01 3.158510e+01 -4.371503e-15
    endloop
  endfacet
  facet normal 0.000000e+00 0.000000e+00 -1.000000e+00
    outer loop
      vertex   4.078376e+01 3.158510e+01 -4.371503e-15
      vertex   4.200000e+01 3.400000e+01 -4.371503e-15
      vertex   4.082443e+01 3.161803e+01 -4.371503e-15
    endloop
  endfacet
  facet normal 0.000000e+00 0.000000e+00 -1.000000e+00
    outer loop
      vertex   4.082443e+01 3.161803e+01 -4.371503e-15
      vertex   4.200000e+01 3.400000e+01 -4.371503e-15
      vertex   4.095611e+01 3.170355e+01 -4.371503e-15
    endloop
  endfacet
  facet normal 0.000000e+00 0.000000e+00 -1.000000e+00
    outer loop
      vertex   4.095611e+01 3.170355e+01 -4.371503e-15
      vertex   4.200000e+01 3.400000e+01 -4.371503e-15
      vertex   4.100000e+01 3.173205e+01 -4.371503e-15
    endloop
  endfacet
  facet normal 0.000000e+00 0.000000e+00 -1.000000e+00
    outer loop
      vertex   4.100000e+01 3.173205e+01 -4.371503e-15
      vertex   4.200000e+01 3.400000e+01 -4.371503e-15
      vertex   4.113990e+01 3.180333e+01 -4.371503e-15
    endloop
  endfacet
  facet normal 0.000000e+00 0.000000e+00 -1.000000e+00
    outer loop
      vertex   4.113990e+01 3.180333e+01 -4.371503e-15
      vertex   4.200000e+01 3.400000e+01 -4.371503e-15
      vertex   4.118653e+01 3.182709e+01 -4.371503e-15
    endloop
  endfacet
  facet normal 0.000000e+00 0.000000e+00 -1.000000e+00
    outer loop
      vertex   4.118653e+01 3.182709e+01 -4.371503e-15
      vertex   4.200000e+01 3.400000e+01 -4.371503e-15
      vertex   4.133311e+01 3.188336e+01 -4.371503e-15
    endloop
  endfacet
  facet normal 0.000000e+00 0.000000e+00 -1.000000e+00
    outer loop
      vertex   4.133311e+01 3.188336e+01 -4.371503e-15
      vertex   4.200000e+01 3.400000e+01 -4.371503e-15
      vertex   4.138196e+01 3.190211e+01 -4.371503e-15
    endloop
  endfacet
  facet normal 0.000000e+00 0.000000e+00 -1.000000e+00
    outer loop
      vertex   4.138196e+01 3.190211e+01 -4.371503e-15
      vertex   4.200000e+01 3.400000e+01 -4.371503e-15
      vertex   4.153362e+01 3.194275e+01 -4.371503e-15
    endloop
  endfacet
  facet normal 0.000000e+00 0.000000e+00 -1.000000e+00
    outer loop
      vertex   4.153362e+01 3.194275e+01 -4.371503e-15
      vertex   4.200000e+01 3.400000e+01 -4.371503e-15
      vertex   4.158418e+01 3.195630e+01 -4.371503e-15
    endloop
  endfacet
  facet normal 0.000000e+00 0.000000e+00 -1.000000e+00
    outer loop
      vertex   4.158418e+01 3.195630e+01 -4.371503e-15
      vertex   4.200000e+01 3.400000e+01 -4.371503e-15
      vertex   4.173925e+01 3.198086e+01 -4.371503e-15
    endloop
  endfacet
  facet normal 0.000000e+00 0.000000e+00 -1.000000e+00
    outer loop
      vertex   4.173925e+01 3.198086e+01 -4.371503e-15
      vertex   4.200000e+01 3.400000e+01 -4.371503e-15
      vertex   4.179094e+01 3.198905e+01 -4.371503e-15
    endloop
  endfacet
  facet normal 0.000000e+00 0.000000e+00 -1.000000e+00
    outer loop
      vertex   4.179094e+01 3.198905e+01 -4.371503e-15
      vertex   4.200000e+01 3.400000e+01 -4.371503e-15
      vertex   4.194774e+01 3.199726e+01 -4.371503e-15
    endloop
  endfacet
  facet normal 0.000000e+00 0.000000e+00 -1.000000e+00
    outer loop
      vertex   4.194774e+01 3.199726e+01 -4.371503e-15
      vertex   4.200000e+01 3.400000e+01 -4.371503e-15
      vertex   4.200000e+01 3.200000e+01 -4.371503e-15
    endloop
  endfacet
  facet normal 0.000000e+00 0.000000e+00 -1.000000e+00
    outer loop
      vertex   4.200000e+01 3.200000e+01 -4.371503e-15
      vertex   4.200000e+01 3.400000e+01 -4.371503e-15
      vertex   4.215679e+01 3.199178e+01 -4.371503e-15
    endloop
  endfacet
  facet normal -1.230458e-16 -9.606806e-18 -1.000000e+00
    outer loop
      vertex   4.215679e+01 3.199178e+01 -4.371503e-15
      vertex   4.200000e+01 3.400000e+01 -4.371503e-15
      vertex   4.248215e+01 3.397084e+01 -4.430549e-15
    endloop
  endfacet
  facet normal -1.550129e-18 -2.958064e-17 -1.000000e+00
    outer loop
      vertex   4.215679e+01 3.199178e+01 -4.371503e-15
      vertex   4.248215e+01 3.397084e+01 -4.430549e-15
      vertex   4.220906e+01 3.198905e+01 -4.371503e-15
    endloop
  endfacet
  facet normal -4.618241e-18 -2.915786e-17 -1.000000e+00
    outer loop
      vertex   4.220906e+01 3.198905e+01 -4.371503e-15
      vertex   4.248215e+01 3.397084e+01 -4.430549e-15
      vertex   4.236413e+01 3.196448e+01 -4.371503e-15
    endloop
  endfacet
  facet normal -4.618241e-18 -2.915786e-17 -1.000000e+00
    outer loop
      vertex   4.236413e+01 3.196448e+01 -4.371503e-15
      vertex   4.248215e+01 3.397084e+01 -4.430549e-15
      vertex   4.241582e+01 3.195630e+01 -4.371503e-15
    endloop
  endfacet
  facet normal -1.270693e-16 -2.512640e-17 -1.000000e+00
    outer loop
      vertex   4.241582e+01 3.195630e+01 -4.371503e-15
      vertex   4.248215e+01 3.397084e+01 -4.430549e-15
      vertex   4.295726e+01 3.388377e+01 -4.488734e-15
    endloop
  endfacet
  facet normal -1.515627e-17 -5.656357e-17 -1.000000e+00
    outer loop
      vertex   4.241582e+01 3.195630e+01 -4.371503e-15
      vertex   4.295726e+01 3.388377e+01 -4.488734e-15
      vertex   4.256748e+01 3.191566e+01 -4.371503e-15
    endloop
  endfacet
  facet normal -1.515627e-17 -5.656357e-17 -1.000000e+00
    outer loop
      vertex   4.256748e+01 3.191566e+01 -4.371503e-15
      vertex   4.295726e+01 3.388377e+01 -4.488734e-15
      vertex   4.261804e+01 3.190211e+01 -4.371503e-15
    endloop
  endfacet
  facet normal -2.130838e-17 -5.551042e-17 -1.000000e+00
    outer loop
      vertex   4.261804e+01 3.190211e+01 -4.371503e-15
      vertex   4.295726e+01 3.388377e+01 -4.488734e-15
      vertex   4.276461e+01 3.184585e+01 -4.371503e-15
    endloop
  endfacet
  facet normal -2.130838e-17 -5.551042e-17 -1.000000e+00
    outer loop
      vertex   4.276461e+01 3.184585e+01 -4.371503e-15
      vertex   4.295726e+01 3.388377e+01 -4.488734e-15
      vertex   4.281347e+01 3.182709e+01 -4.371503e-15
    endloop
  endfacet
  facet normal -1.372368e-16 -4.740532e-17 -1.000000e+00
    outer loop
      vertex   4.281347e+01 3.182709e+01 -4.371503e-15
      vertex   4.295726e+01 3.388377e+01 -4.488734e-15
      vertex   4.341842e+01 3.374007e+01 -4.545209e-15
    endloop
  endfacet
  facet normal -3.984646e-17 -7.820353e-17 -1.000000e+00
    outer loop
      vertex   4.281347e+01 3.182709e+01 -4.371503e-15
      vertex   4.341842e+01 3.374007e+01 -4.545209e-15
      vertex   4.295337e+01 3.175581e+01 -4.371503e-15
    endloop
  endfacet
  facet normal -3.984646e-17 -7.820353e-17 -1.000000e+00
    outer loop
      vertex   4.295337e+01 3.175581e+01 -4.371503e-15
      vertex   4.341842e+01 3.374007e+01 -4.545209e-15
      vertex   4.300000e+01 3.173205e+01 -4.371503e-15
    endloop
  endfacet
  facet normal -1.475597e-16 -5.575881e-17 -1.000000e+00
    outer loop
      vertex   4.300000e+01 3.173205e+01 -4.371503e-15
      vertex   4.341842e+01 3.374007e+01 -4.545209e-15
      vertex   4.385889e+01 3.354182e+01 -4.599152e-15
    endloop
  endfacet
  facet normal -6.244272e-17 -9.615412e-17 -1.000000e+00
    outer loop
      vertex   4.300000e+01 3.173205e+01 -4.371503e-15
      vertex   4.385889e+01 3.354182e+01 -4.599152e-15
      vertex   4.313168e+01 3.164654e+01 -4.371503e-15
    endloop
  endfacet
  facet normal -6.244272e-17 -9.615412e-17 -1.000000e+00
    outer loop
      vertex   4.313168e+01 3.164654e+01 -4.371503e-15
      vertex   4.385889e+01 3.354182e+01 -4.599152e-15
      vertex   4.317557e+01 3.161803e+01 -4.371503e-15
    endloop
  endfacet
  facet normal -7.442089e-17 -9.189952e-17 -1.000000e+00
    outer loop
      vertex   4.317557e+01 3.161803e+01 -4.371503e-15
      vertex   4.385889e+01 3.354182e+01 -4.599152e-15
      vertex   4.329759e+01 3.151923e+01 -4.371503e-15
    endloop
  endfacet
  facet normal -7.442089e-17 -9.189952e-17 -1.000000e+00
    outer loop
      vertex   4.329759e+01 3.151923e+01 -4.371503e-15
      vertex   4.385889e+01 3.354182e+01 -4.599152e-15
      vertex   4.333826e+01 3.148629e+01 -4.371503e-15
    endloop
  endfacet
  facet normal -1.642636e-16 -6.914381e-17 -1.000000e+00
    outer loop
      vertex   4.333826e+01 3.148629e+01 -4.371503e-15
      vertex   4.385889e+01 3.354182e+01 -4.599152e-15
      vertex   4.427226e+01 3.329194e+01 -4.649775e-15
    endloop
  endfacet
  facet normal -1.015720e-16 -1.015720e-16 -1.000000e+00
    outer loop
      vertex   4.333826e+01 3.148629e+01 -4.371503e-15
      vertex   4.427226e+01 3.329194e+01 -4.649775e-15
      vertex   4.344928e+01 3.137527e+01 -4.371503e-15
    endloop
  endfacet
  facet normal -1.015720e-16 -1.015720e-16 -1.000000e+00
    outer loop
      vertex   4.344928e+01 3.137527e+01 -4.371503e-15
      vertex   4.427226e+01 3.329194e+01 -4.649775e-15
      vertex   4.348629e+01 3.133826e+01 -4.371503e-15
    endloop
  endfacet
  facet normal -1.779638e-16 -7.083936e-17 -1.000000e+00
    outer loop
      vertex   4.348629e+01 3.133826e+01 -4.371503e-15
      vertex   4.427226e+01 3.329194e+01 -4.649775e-15
      vertex   4.465249e+01 3.299404e+01 -4.696340e-15
    endloop
  endfacet
  facet normal -1.295683e-16 -1.049253e-16 -1.000000e+00
    outer loop
      vertex   4.348629e+01 3.133826e+01 -4.371503e-15
      vertex   4.465249e+01 3.299404e+01 -4.696340e-15
      vertex   4.358510e+01 3.121624e+01 -4.371503e-15
    endloop
  endfacet
  facet normal -1.295683e-16 -1.049253e-16 -1.000000e+00
    outer loop
      vertex   4.358510e+01 3.121624e+01 -4.371503e-15
      vertex   4.465249e+01 3.299404e+01 -4.696340e-15
      vertex   4.361803e+01 3.117557e+01 -4.371503e-15
    endloop
  endfacet
  facet normal -1.466281e-16 -9.522066e-17 -1.000000e+00
    outer loop
      vertex   4.361803e+01 3.117557e+01 -4.371503e-15
      vertex   4.465249e+01 3.299404e+01 -4.696340e-15
      vertex   4.370355e+01 3.104389e+01 -4.371503e-15
    endloop
  endfacet
  facet normal -1.944266e-16 -7.196187e-17 -1.000000e+00
    outer loop
      vertex   4.370355e+01 3.104389e+01 -4.371503e-15
      vertex   4.465249e+01 3.299404e+01 -4.696340e-15
      vertex   4.499404e+01 3.265249e+01 -4.738168e-15
    endloop
  endfacet
  facet normal -1.570215e-16 -1.019701e-16 -1.000000e+00
    outer loop
      vertex   4.370355e+01 3.104389e+01 -4.371503e-15
      vertex   4.499404e+01 3.265249e+01 -4.738168e-15
      vertex   4.373205e+01 3.100000e+01 -4.371503e-15
    endloop
  endfacet
  facet normal -1.742724e-16 -8.879571e-17 -1.000000e+00
    outer loop
      vertex   4.373205e+01 3.100000e+01 -4.371503e-15
      vertex   4.499404e+01 3.265249e+01 -4.738168e-15
      vertex   4.380333e+01 3.086010e+01 -4.371503e-15
    endloop
  endfacet
  facet normal -2.075699e-16 -6.667565e-17 -1.000000e+00
    outer loop
      vertex   4.380333e+01 3.086010e+01 -4.371503e-15
      vertex   4.499404e+01 3.265249e+01 -4.738168e-15
      vertex   4.529194e+01 3.227226e+01 -4.774649e-15
    endloop
  endfacet
  facet normal -1.825735e-16 -9.302528e-17 -1.000000e+00
    outer loop
      vertex   4.380333e+01 3.086010e+01 -4.371503e-15
      vertex   4.529194e+01 3.227226e+01 -4.774649e-15
      vertex   4.382709e+01 3.081347e+01 -4.371503e-15
    endloop
  endfacet
  facet normal -1.991022e-16 -7.642792e-17 -1.000000e+00
    outer loop
      vertex   4.382709e+01 3.081347e+01 -4.371503e-15
      vertex   4.529194e+01 3.227226e+01 -4.774649e-15
      vertex   4.388336e+01 3.066689e+01 -4.371503e-15
    endloop
  endfacet
  facet normal -2.194127e-16 -5.860710e-17 -1.000000e+00
    outer loop
      vertex   4.388336e+01 3.066689e+01 -4.371503e-15
      vertex   4.529194e+01 3.227226e+01 -4.774649e-15
      vertex   4.554182e+01 3.185889e+01 -4.805252e-15
    endloop
  endfacet
  facet normal -2.049820e-16 -7.868497e-17 -1.000000e+00
    outer loop
      vertex   4.388336e+01 3.066689e+01 -4.371503e-15
      vertex   4.554182e+01 3.185889e+01 -4.805252e-15
      vertex   4.390211e+01 3.061804e+01 -4.371503e-15
    endloop
  endfacet
  facet normal -2.199311e-16 -5.893076e-17 -1.000000e+00
    outer loop
      vertex   4.390211e+01 3.061804e+01 -4.371503e-15
      vertex   4.554182e+01 3.185889e+01 -4.805252e-15
      vertex   4.394275e+01 3.046638e+01 -4.371503e-15
    endloop
  endfacet
  facet normal -2.293559e-16 -4.810784e-17 -1.000000e+00
    outer loop
      vertex   4.394275e+01 3.046638e+01 -4.371503e-15
      vertex   4.554182e+01 3.185889e+01 -4.805252e-15
      vertex   4.574007e+01 3.141842e+01 -4.829529e-15
    endloop
  endfacet
  facet normal -2.231641e-16 -5.979706e-17 -1.000000e+00
    outer loop
      vertex   4.394275e+01 3.046638e+01 -4.371503e-15
      vertex   4.574007e+01 3.141842e+01 -4.829529e-15
      vertex   4.395630e+01 3.041582e+01 -4.371503e-15
    endloop
  endfacet
  facet normal -2.367562e-16 -3.561468e-17 -1.000000e+00
    outer loop
      vertex   4.395630e+01 3.041582e+01 -4.371503e-15
      vertex   4.574007e+01 3.141842e+01 -4.829529e-15
      vertex   4.588377e+01 3.095726e+01 -4.847127e-15
    endloop
  endfacet
  facet normal -2.362494e-16 -3.741896e-17 -1.000000e+00
    outer loop
      vertex   4.395630e+01 3.041582e+01 -4.371503e-15
      vertex   4.588377e+01 3.095726e+01 -4.847127e-15
      vertex   4.398086e+01 3.026075e+01 -4.371503e-15
    endloop
  endfacet
  facet normal -2.362494e-16 -3.741896e-17 -1.000000e+00
    outer loop
      vertex   4.398086e+01 3.026075e+01 -4.371503e-15
      vertex   4.588377e+01 3.095726e+01 -4.847127e-15
      vertex   4.398904e+01 3.020906e+01 -4.371503e-15
    endloop
  endfacet
  facet normal -2.423501e-16 -2.196981e-17 -1.000000e+00
    outer loop
      vertex   4.398904e+01 3.020906e+01 -4.371503e-15
      vertex   4.588377e+01 3.095726e+01 -4.847127e-15
      vertex   4.597084e+01 3.048215e+01 -4.857790e-15
    endloop
  endfacet
  facet normal -2.436183e-16 -1.276645e-17 -1.000000e+00
    outer loop
      vertex   4.398904e+01 3.020906e+01 -4.371503e-15
      vertex   4.597084e+01 3.048215e+01 -4.857790e-15
      vertex   4.399178e+01 3.015679e+01 -4.371503e-15
    endloop
  endfacet
  facet normal -2.436183e-16 -1.276645e-17 -1.000000e+00
    outer loop
      vertex   4.399178e+01 3.015679e+01 -4.371503e-15
      vertex   4.597084e+01 3.048215e+01 -4.857790e-15
      vertex   4.400000e+01 3.000000e+01 -4.371503e-15
    endloop
  endfacet
  facet normal 8.641742e-23 -1.008587e-15 -1.000000e+00
    outer loop
      vertex   4.400000e+01 3.000000e+01 -4.371503e-15
      vertex   4.597084e+01 3.048215e+01 -4.857790e-15
      vertex   4.600000e+01 3.000000e+01 -4.371503e-15
    endloop
  endfacet
  facet normal 0.000000e+00 -0.000000e+00 -1.000000e+00
    outer loop
      vertex   4.400000e+01 3.000000e+01 -4.371503e-15
      vertex   4.600000e+01 3.000000e+01 -4.371503e-15
      vertex   4.399726e+01 2.994774e+01 -4.371503e-15
    endloop
  endfacet
  facet normal 0.000000e+00 -0.000000e+00 -1.000000e+00
    outer loop
      vertex   4.399726e+01 2.994774e+01 -4.371503e-15
      vertex   4.600000e+01 3.000000e+01 -4.371503e-15
      vertex   4.398904e+01 2.979094e+01 -4.371503e-15
    endloop
  endfacet
  facet normal 0.000000e+00 -0.000000e+00 -1.000000e+00
    outer loop
      vertex   4.398904e+01 2.979094e+01 -4.371503e-15
      vertex   4.600000e+01 3.000000e+01 -4.371503e-15
      vertex   4.396448e+01 2.963587e+01 -4.371503e-15
    endloop
  endfacet
  facet normal 0.000000e+00 -0.000000e+00 -1.000000e+00
    outer loop
      vertex   4.396448e+01 2.963587e+01 -4.371503e-15
      vertex   4.600000e+01 3.000000e+01 -4.371503e-15
      vertex   4.395630e+01 2.958418e+01 -4.371503e-15
    endloop
  endfacet
  facet normal 0.000000e+00 -0.000000e+00 -1.000000e+00
    outer loop
      vertex   4.395630e+01 2.958418e+01 -4.371503e-15
      vertex   4.600000e+01 3.000000e+01 -4.371503e-15
      vertex   4.391566e+01 2.943252e+01 -4.371503e-15
    endloop
  endfacet
  facet normal 0.000000e+00 -0.000000e+00 -1.000000e+00
    outer loop
      vertex   4.391566e+01 2.943252e+01 -4.371503e-15
      vertex   4.600000e+01 3.000000e+01 -4.371503e-15
      vertex   4.390211e+01 2.938197e+01 -4.371503e-15
    endloop
  endfacet
  facet normal 0.000000e+00 -0.000000e+00 -1.000000e+00
    outer loop
      vertex   4.390211e+01 2.938197e+01 -4.371503e-15
      vertex   4.600000e+01 3.000000e+01 -4.371503e-15
      vertex   4.384585e+01 2.923539e+01 -4.371503e-15
    endloop
  endfacet
  facet normal 0.000000e+00 -0.000000e+00 -1.000000e+00
    outer loop
      vertex   4.384585e+01 2.923539e+01 -4.371503e-15
      vertex   4.600000e+01 3.000000e+01 -4.371503e-15
      vertex   4.382709e+01 2.918653e+01 -4.371503e-15
    endloop
  endfacet
  facet normal 0.000000e+00 -0.000000e+00 -1.000000e+00
    outer loop
      vertex   4.382709e+01 2.918653e+01 -4.371503e-15
      vertex   4.600000e+01 3.000000e+01 -4.371503e-15
      vertex   4.375581e+01 2.904663e+01 -4.371503e-15
    endloop
  endfacet
  facet normal 0.000000e+00 -0.000000e+00 -1.000000e+00
    outer loop
      vertex   4.375581e+01 2.904663e+01 -4.371503e-15
      vertex   4.600000e+01 3.000000e+01 -4.371503e-15
      vertex   4.373205e+01 2.900000e+01 -4.371503e-15
    endloop
  endfacet
  facet normal 0.000000e+00 -0.000000e+00 -1.000000e+00
    outer loop
      vertex   4.373205e+01 2.900000e+01 -4.371503e-15
      vertex   4.600000e+01 3.000000e+01 -4.371503e-15
      vertex   4.364654e+01 2.886832e+01 -4.371503e-15
    endloop
  endfacet
  facet normal 0.000000e+00 -0.000000e+00 -1.000000e+00
    outer loop
      vertex   4.364654e+01 2.886832e+01 -4.371503e-15
      vertex   4.600000e+01 3.000000e+01 -4.371503e-15
      vertex   4.361803e+01 2.882443e+01 -4.371503e-15
    endloop
  endfacet
  facet normal 0.000000e+00 -0.000000e+00 -1.000000e+00
    outer loop
      vertex   4.361803e+01 2.882443e+01 -4.371503e-15
      vertex   4.600000e+01 3.000000e+01 -4.371503e-15
      vertex   4.348629e+01 2.866174e+01 -4.371503e-15
    endloop
  endfacet
  facet normal 0.000000e+00 -0.000000e+00 -1.000000e+00
    outer loop
      vertex   4.348629e+01 2.866174e+01 -4.371503e-15
      vertex   4.600000e+01 3.000000e+01 -4.371503e-15
      vertex   4.333826e+01 2.851371e+01 -4.371503e-15
    endloop
  endfacet
  facet normal 0.000000e+00 -0.000000e+00 -1.000000e+00
    outer loop
      vertex   4.333826e+01 2.851371e+01 -4.371503e-15
      vertex   4.600000e+01 3.000000e+01 -4.371503e-15
      vertex   4.317557e+01 2.838197e+01 -4.371503e-15
    endloop
  endfacet
  facet normal 0.000000e+00 0.000000e+00 -1.000000e+00
    outer loop
      vertex   4.317557e+01 2.838197e+01 -4.371503e-15
      vertex   4.600000e+01 3.000000e+01 -4.371503e-15
      vertex   4.317557e+01 1.618034e+00 -4.371503e-15
    endloop
  endfacet
  facet normal 0.000000e+00 -0.000000e+00 -1.000000e+00
    outer loop
      vertex   4.317557e+01 2.838197e+01 -4.371503e-15
      vertex   4.317557e+01 1.618034e+00 -4.371503e-15
      vertex   4.300000e+01 1.732051e+00 -4.371503e-15
    endloop
  endfacet
  facet normal 0.000000e+00 0.000000e+00 -1.000000e+00
    outer loop
      vertex   4.600000e+01 3.000000e+01 -4.371503e-15
      vertex   4.600000e+01 -8.419156e-07 -4.371503e-15
      vertex   4.317557e+01 1.618034e+00 -4.371503e-15
    endloop
  endfacet
  facet normal 0.000000e+00 0.000000e+00 -1.000000e+00
    outer loop
      vertex   4.317557e+01 1.618034e+00 -4.371503e-15
      vertex   4.600000e+01 -8.419156e-07 -4.371503e-15
      vertex   4.333826e+01 1.486290e+00 -4.371503e-15
    endloop
  endfacet
  facet normal 0.000000e+00 0.000000e+00 -1.000000e+00
    outer loop
      vertex   4.333826e+01 1.486290e+00 -4.371503e-15
      vertex   4.600000e+01 -8.419156e-07 -4.371503e-15
      vertex   4.348629e+01 1.338261e+00 -4.371503e-15
    endloop
  endfacet
  facet normal 0.000000e+00 0.000000e+00 -1.000000e+00
    outer loop
      vertex   4.348629e+01 1.338261e+00 -4.371503e-15
      vertex   4.600000e+01 -8.419156e-07 -4.371503e-15
      vertex   4.361803e+01 1.175570e+00 -4.371503e-15
    endloop
  endfacet
  facet normal 0.000000e+00 0.000000e+00 -1.000000e+00
    outer loop
      vertex   4.361803e+01 1.175570e+00 -4.371503e-15
      vertex   4.600000e+01 -8.419156e-07 -4.371503e-15
      vertex   4.373205e+01 1.000000e+00 -4.371503e-15
    endloop
  endfacet
  facet normal 0.000000e+00 0.000000e+00 -1.000000e+00
    outer loop
      vertex   4.373205e+01 1.000000e+00 -4.371503e-15
      vertex   4.600000e+01 -8.419156e-07 -4.371503e-15
      vertex   4.382709e+01 8.134733e-01 -4.371503e-15
    endloop
  endfacet
  facet normal 0.000000e+00 0.000000e+00 -1.000000e+00
    outer loop
      vertex   4.382709e+01 8.134733e-01 -4.371503e-15
      vertex   4.600000e+01 -8.419156e-07 -4.371503e-15
      vertex   4.390211e+01 6.180340e-01 -4.371503e-15
    endloop
  endfacet
  facet normal 0.000000e+00 0.000000e+00 -1.000000e+00
    outer loop
      vertex   4.390211e+01 6.180340e-01 -4.371503e-15
      vertex   4.600000e+01 -8.419156e-07 -4.371503e-15
      vertex   4.395630e+01 4.158234e-01 -4.371503e-15
    endloop
  endfacet
  facet normal 0.000000e+00 -0.000000e+00 -1.000000e+00
    outer loop
      vertex   2.226075e+01 -1.980857e+00 -2.151057e-15
      vertex   2.241582e+01 -1.956295e+00 -2.151057e-15
      vertex   2.200000e+01 -4.000000e+00 -2.151057e-15
    endloop
  endfacet
  facet normal 0.000000e+00 0.000000e+00 -1.000000e+00
    outer loop
      vertex   2.200000e+01 -4.000000e+00 -2.151057e-15
      vertex   2.241582e+01 -1.956295e+00 -2.151057e-15
      vertex   2.246638e+01 -1.942750e+00 -2.151057e-15
    endloop
  endfacet
  facet normal 0.000000e+00 0.000000e+00 -1.000000e+00
    outer loop
      vertex   2.200000e+01 -4.000000e+00 -2.151057e-15
      vertex   2.246638e+01 -1.942750e+00 -2.151057e-15
      vertex   2.261803e+01 -1.902113e+00 -2.151057e-15
    endloop
  endfacet
  facet normal 0.000000e+00 -0.000000e+00 -1.000000e+00
    outer loop
      vertex   2.261803e+01 -1.902113e+00 -2.151057e-15
      vertex   2.266689e+01 -1.883358e+00 -2.151057e-15
      vertex   2.200000e+01 -4.000000e+00 -2.151057e-15
    endloop
  endfacet
  facet normal 0.000000e+00 0.000000e+00 -1.000000e+00
    outer loop
      vertex   2.200000e+01 -4.000000e+00 -2.151057e-15
      vertex   2.266689e+01 -1.883358e+00 -2.151057e-15
      vertex   2.281347e+01 -1.827091e+00 -2.151057e-15
    endloop
  endfacet
  facet normal 0.000000e+00 0.000000e+00 -1.000000e+00
    outer loop
      vertex   2.200000e+01 -4.000000e+00 -2.151057e-15
      vertex   2.281347e+01 -1.827091e+00 -2.151057e-15
      vertex   2.286010e+01 -1.803331e+00 -2.151057e-15
    endloop
  endfacet
  facet normal 0.000000e+00 -0.000000e+00 -1.000000e+00
    outer loop
      vertex   2.286010e+01 -1.803331e+00 -2.151057e-15
      vertex   2.300000e+01 -1.732051e+00 -2.151057e-15
      vertex   2.200000e+01 -4.000000e+00 -2.151057e-15
    endloop
  endfacet
  facet normal 0.000000e+00 0.000000e+00 -1.000000e+00
    outer loop
      vertex   2.200000e+01 -4.000000e+00 -2.151057e-15
      vertex   2.300000e+01 -1.732051e+00 -2.151057e-15
      vertex   2.304389e+01 -1.703547e+00 -2.151057e-15
    endloop
  endfacet
  facet normal 0.000000e+00 0.000000e+00 -1.000000e+00
    outer loop
      vertex   2.200000e+01 -4.000000e+00 -2.151057e-15
      vertex   2.304389e+01 -1.703547e+00 -2.151057e-15
      vertex   2.317557e+01 -1.618034e+00 -2.151057e-15
    endloop
  endfacet
  facet normal 0.000000e+00 -0.000000e+00 -1.000000e+00
    outer loop
      vertex   2.317557e+01 -1.618034e+00 -2.151057e-15
      vertex   2.321624e+01 -1.585098e+00 -2.151057e-15
      vertex   2.200000e+01 -4.000000e+00 -2.151057e-15
    endloop
  endfacet
  facet normal 0.000000e+00 0.000000e+00 -1.000000e+00
    outer loop
      vertex   2.200000e+01 -4.000000e+00 -2.151057e-15
      vertex   2.321624e+01 -1.585098e+00 -2.151057e-15
      vertex   2.333826e+01 -1.486290e+00 -2.151057e-15
    endloop
  endfacet
  facet normal 0.000000e+00 0.000000e+00 -1.000000e+00
    outer loop
      vertex   2.200000e+01 -4.000000e+00 -2.151057e-15
      vertex   2.333826e+01 -1.486290e+00 -2.151057e-15
      vertex   2.337527e+01 -1.449283e+00 -2.151057e-15
    endloop
  endfacet
  facet normal 0.000000e+00 -0.000000e+00 -1.000000e+00
    outer loop
      vertex   2.337527e+01 -1.449283e+00 -2.151057e-15
      vertex   2.348629e+01 -1.338261e+00 -2.151057e-15
      vertex   2.200000e+01 -4.000000e+00 -2.151057e-15
    endloop
  endfacet
  facet normal 0.000000e+00 0.000000e+00 -1.000000e+00
    outer loop
      vertex   2.200000e+01 -4.000000e+00 -2.151057e-15
      vertex   2.348629e+01 -1.338261e+00 -2.151057e-15
      vertex   2.351923e+01 -1.297589e+00 -2.151057e-15
    endloop
  endfacet
  facet normal 0.000000e+00 0.000000e+00 -1.000000e+00
    outer loop
      vertex   2.200000e+01 -4.000000e+00 -2.151057e-15
      vertex   2.351923e+01 -1.297589e+00 -2.151057e-15
      vertex   2.361803e+01 -1.175570e+00 -2.151057e-15
    endloop
  endfacet
  facet normal -1.329057e-16 -8.630979e-17 -1.000000e+00
    outer loop
      vertex   4.038197e+01 -1.175570e+00 -4.371503e-15
      vertex   2.364654e+01 -1.131678e+00 -2.151057e-15
      vertex   4.026795e+01 -1.000000e+00 -4.371503e-15
    endloop
  endfacet
  facet normal -1.342803e-16 8.720258e-17 -1.000000e+00
    outer loop
      vertex   4.026795e+01 -1.000000e+00 -4.371503e-15
      vertex   2.364654e+01 -1.131678e+00 -2.151057e-15
      vertex   2.373205e+01 -1.000000e+00 -2.151057e-15
    endloop
  endfacet
  facet normal -1.342803e-16 6.841921e-17 -1.000000e+00
    outer loop
      vertex   4.026795e+01 -1.000000e+00 -4.371503e-15
      vertex   2.373205e+01 -1.000000e+00 -2.151057e-15
      vertex   2.375581e+01 -9.533683e-01 -2.151057e-15
    endloop
  endfacet
  facet normal -1.346673e-16 -6.861694e-17 -1.000000e+00
    outer loop
      vertex   4.026795e+01 -1.000000e+00 -4.371503e-15
      vertex   2.375581e+01 -9.533683e-01 -2.151057e-15
      vertex   4.017291e+01 -8.134733e-01 -4.371503e-15
    endloop
  endfacet
  facet normal -1.358418e-16 6.921484e-17 -1.000000e+00
    outer loop
      vertex   4.017291e+01 -8.134733e-01 -4.371503e-15
      vertex   2.375581e+01 -9.533683e-01 -2.151057e-15
      vertex   2.382709e+01 -8.134733e-01 -2.151057e-15
    endloop
  endfacet
  facet normal -1.358418e-16 5.214491e-17 -1.000000e+00
    outer loop
      vertex   4.017291e+01 -8.134733e-01 -4.371503e-15
      vertex   2.382709e+01 -8.134733e-01 -2.151057e-15
      vertex   2.384585e+01 -7.646135e-01 -2.151057e-15
    endloop
  endfacet
  facet normal -1.361543e-16 -5.226464e-17 -1.000000e+00
    outer loop
      vertex   4.017291e+01 -8.134733e-01 -4.371503e-15
      vertex   2.384585e+01 -7.646135e-01 -2.151057e-15
      vertex   4.009789e+01 -6.180340e-01 -4.371503e-15
    endloop
  endfacet
  facet normal -1.371003e-16 5.262800e-17 -1.000000e+00
    outer loop
      vertex   4.009789e+01 -6.180340e-01 -4.371503e-15
      vertex   2.384585e+01 -7.646135e-01 -2.151057e-15
      vertex   2.390211e+01 -6.180340e-01 -2.151057e-15
    endloop
  endfacet
  facet normal -1.371003e-16 3.673588e-17 -1.000000e+00
    outer loop
      vertex   4.009789e+01 -6.180340e-01 -4.371503e-15
      vertex   2.390211e+01 -6.180340e-01 -2.151057e-15
      vertex   2.391566e+01 -5.674814e-01 -2.151057e-15
    endloop
  endfacet
  facet normal -1.373301e-16 -3.679723e-17 -1.000000e+00
    outer loop
      vertex   4.009789e+01 -6.180340e-01 -4.371503e-15
      vertex   2.391566e+01 -5.674814e-01 -2.151057e-15
      vertex   4.004370e+01 -4.158234e-01 -4.371503e-15
    endloop
  endfacet
  facet normal -1.380238e-16 3.698333e-17 -1.000000e+00
    outer loop
      vertex   4.004370e+01 -4.158234e-01 -4.371503e-15
      vertex   2.391566e+01 -5.674814e-01 -2.151057e-15
      vertex   2.395629e+01 -4.158234e-01 -2.151057e-15
    endloop
  endfacet
  facet normal -1.380238e-16 2.186082e-17 -1.000000e+00
    outer loop
      vertex   4.004370e+01 -4.158234e-01 -4.371503e-15
      vertex   2.395629e+01 -4.158234e-01 -2.151057e-15
      vertex   2.396448e+01 -3.641318e-01 -2.151057e-15
    endloop
  endfacet
  facet normal -1.381645e-16 -2.188349e-17 -1.000000e+00
    outer loop
      vertex   4.004370e+01 -4.158234e-01 -4.371503e-15
      vertex   2.396448e+01 -3.641318e-01 -2.151057e-15
      vertex   4.001096e+01 -2.090569e-01 -4.371503e-15
    endloop
  endfacet
  facet normal -1.385881e-16 2.195019e-17 -1.000000e+00
    outer loop
      vertex   4.001096e+01 -2.090569e-01 -4.371503e-15
      vertex   2.396448e+01 -3.641318e-01 -2.151057e-15
      vertex   2.398904e+01 -2.090569e-01 -2.151057e-15
    endloop
  endfacet
  facet normal -1.385881e-16 7.263105e-18 -1.000000e+00
    outer loop
      vertex   4.001096e+01 -2.090569e-01 -4.371503e-15
      vertex   2.398904e+01 -2.090569e-01 -2.151057e-15
      vertex   2.399726e+01 -5.226423e-02 -2.151057e-15
    endloop
  endfacet
  facet normal -1.387304e-16 -7.269969e-18 -1.000000e+00
    outer loop
      vertex   4.001096e+01 -2.090569e-01 -4.371503e-15
      vertex   2.399726e+01 -5.226423e-02 -2.151057e-15
      vertex   4.000000e+01 0.000000e+00 -4.371503e-15
    endloop
  endfacet
  facet normal -1.387779e-16 7.273052e-18 -1.000000e+00
    outer loop
      vertex   4.000000e+01 0.000000e+00 -4.371503e-15
      vertex   2.399726e+01 -5.226423e-02 -2.151057e-15
      vertex   2.400000e+01 0.000000e+00 -2.151057e-15
    endloop
  endfacet
  facet normal -2.134479e-16 -8.193516e-17 -1.000000e+00
    outer loop
      vertex   2.390211e+01 6.180340e-01 -2.151057e-15
      vertex   2.388336e+01 6.668938e-01 -2.151057e-15
      vertex   3.069888e+01 1.085881e+01 -4.440892e-15
    endloop
  endfacet
  facet normal -1.958549e-16 -9.979300e-17 -1.000000e+00
    outer loop
      vertex   2.380333e+01 8.601050e-01 -2.151057e-15
      vertex   2.373205e+01 1.000000e+00 -2.151057e-15
      vertex   3.030000e+01 1.105551e+01 -4.440892e-15
    endloop
  endfacet
  facet normal -1.399045e-16 -1.399045e-16 -1.000000e+00
    outer loop
      vertex   2.348629e+01 1.338261e+00 -2.151057e-15
      vertex   2.344928e+01 1.375268e+00 -2.151057e-15
      vertex   2.959584e+01 1.159584e+01 -4.440892e-15
    endloop
  endfacet
  facet normal -1.214026e-16 -1.499196e-16 -1.000000e+00
    outer loop
      vertex   2.329759e+01 1.519226e+00 -2.151057e-15
      vertex   2.317557e+01 1.618034e+00 -2.151057e-15
      vertex   2.930260e+01 1.193021e+01 -4.440892e-15
    endloop
  endfacet
  facet normal -8.545342e-17 -1.677119e-16 -1.000000e+00
    outer loop
      vertex   2.300000e+01 1.732051e+00 -2.151057e-15
      vertex   2.295337e+01 1.755811e+00 -2.151057e-15
      vertex   2.905551e+01 1.230000e+01 -4.440892e-15
    endloop
  endfacet
  facet normal -8.545342e-17 -1.677119e-16 -1.000000e+00
    outer loop
      vertex   2.905551e+01 1.230000e+01 -4.440892e-15
      vertex   2.295337e+01 1.755811e+00 -2.151057e-15
      vertex   2.281347e+01 1.827091e+00 -2.151057e-15
    endloop
  endfacet
  facet normal -4.920684e-17 -1.836426e-16 -1.000000e+00
    outer loop
      vertex   2.261803e+01 1.902113e+00 -2.151057e-15
      vertex   2.256748e+01 1.915659e+00 -2.151057e-15
      vertex   2.885881e+01 1.269888e+01 -4.440892e-15
    endloop
  endfacet
  facet normal -4.920684e-17 -1.836426e-16 -1.000000e+00
    outer loop
      vertex   2.885881e+01 1.269888e+01 -4.440892e-15
      vertex   2.256748e+01 1.915659e+00 -2.151057e-15
      vertex   2.241582e+01 1.956295e+00 -2.151057e-15
    endloop
  endfacet
  facet normal -1.046074e-17 -1.996024e-16 -1.000000e+00
    outer loop
      vertex   2.220906e+01 1.989044e+00 -2.151057e-15
      vertex   2.215679e+01 1.991783e+00 -2.151057e-15
      vertex   2.871585e+01 1.312002e+01 -4.440892e-15
    endloop
  endfacet
  facet normal -1.046074e-17 -1.996024e-16 -1.000000e+00
    outer loop
      vertex   2.871585e+01 1.312002e+01 -4.440892e-15
      vertex   2.215679e+01 1.991783e+00 -2.151057e-15
      vertex   2.200000e+01 2.000000e+00 -2.151057e-15
    endloop
  endfacet
  facet normal 3.459274e-17 -2.184100e-16 -1.000000e+00
    outer loop
      vertex   2.179094e+01 1.989044e+00 -2.151057e-15
      vertex   2.173925e+01 1.980857e+00 -2.151057e-15
      vertex   2.862909e+01 1.355621e+01 -4.440892e-15
    endloop
  endfacet
  facet normal 3.459274e-17 -2.184100e-16 -1.000000e+00
    outer loop
      vertex   2.862909e+01 1.355621e+01 -4.440892e-15
      vertex   2.173925e+01 1.980857e+00 -2.151057e-15
      vertex   2.158418e+01 1.956295e+00 -2.151057e-15
    endloop
  endfacet
  facet normal -1.329057e-16 -8.630943e-17 -1.000000e+00
    outer loop
      vertex   2.361803e+01 3.117557e+01 -2.151057e-15
      vertex   4.035346e+01 3.113168e+01 -4.371503e-15
      vertex   2.373205e+01 3.100000e+01 -2.151057e-15
    endloop
  endfacet
  facet normal -1.342803e-16 8.720198e-17 -1.000000e+00
    outer loop
      vertex   2.373205e+01 3.100000e+01 -2.151057e-15
      vertex   4.035346e+01 3.113168e+01 -4.371503e-15
      vertex   4.026795e+01 3.100000e+01 -4.371503e-15
    endloop
  endfacet
  facet normal -1.342803e-16 6.841885e-17 -1.000000e+00
    outer loop
      vertex   2.373205e+01 3.100000e+01 -2.151057e-15
      vertex   4.026795e+01 3.100000e+01 -4.371503e-15
      vertex   4.017291e+01 3.081347e+01 -4.371503e-15
    endloop
  endfacet
  facet normal -1.371003e-16 5.262855e-17 -1.000000e+00
    outer loop
      vertex   4.009789e+01 3.061804e+01 -4.371503e-15
      vertex   2.390211e+01 3.061804e+01 -2.151057e-15
      vertex   4.017291e+01 3.081347e+01 -4.371503e-15
    endloop
  endfacet
  facet normal -1.358418e-16 -5.214566e-17 -1.000000e+00
    outer loop
      vertex   4.017291e+01 3.081347e+01 -4.371503e-15
      vertex   2.390211e+01 3.061804e+01 -2.151057e-15
      vertex   2.382709e+01 3.081347e+01 -2.151057e-15
    endloop
  endfacet
  facet normal -1.358418e-16 -6.921393e-17 -1.000000e+00
    outer loop
      vertex   4.017291e+01 3.081347e+01 -4.371503e-15
      vertex   2.382709e+01 3.081347e+01 -2.151057e-15
      vertex   2.373205e+01 3.100000e+01 -2.151057e-15
    endloop
  endfacet
  facet normal -1.371003e-16 -3.673557e-17 -1.000000e+00
    outer loop
      vertex   2.390211e+01 3.061804e+01 -2.151057e-15
      vertex   4.009789e+01 3.061804e+01 -4.371503e-15
      vertex   2.395629e+01 3.041582e+01 -2.151057e-15
    endloop
  endfacet
  facet normal -1.380238e-16 3.698282e-17 -1.000000e+00
    outer loop
      vertex   2.395629e+01 3.041582e+01 -2.151057e-15
      vertex   4.009789e+01 3.061804e+01 -4.371503e-15
      vertex   4.004370e+01 3.041582e+01 -4.371503e-15
    endloop
  endfacet
  facet normal -1.380238e-16 2.186125e-17 -1.000000e+00
    outer loop
      vertex   2.395629e+01 3.041582e+01 -2.151057e-15
      vertex   4.004370e+01 3.041582e+01 -4.371503e-15
      vertex   4.001096e+01 3.020906e+01 -4.371503e-15
    endloop
  endfacet
  facet normal -1.387779e-16 7.272445e-18 -1.000000e+00
    outer loop
      vertex   4.000000e+01 3.000000e+01 -4.371503e-15
      vertex   2.400000e+01 3.000000e+01 -2.151057e-15
      vertex   4.001096e+01 3.020906e+01 -4.371503e-15
    endloop
  endfacet
  facet normal -1.385881e-16 -7.263092e-18 -1.000000e+00
    outer loop
      vertex   4.001096e+01 3.020906e+01 -4.371503e-15
      vertex   2.400000e+01 3.000000e+01 -2.151057e-15
      vertex   2.398904e+01 3.020906e+01 -2.151057e-15
    endloop
  endfacet
  facet normal -1.385881e-16 -2.195022e-17 -1.000000e+00
    outer loop
      vertex   4.001096e+01 3.020906e+01 -4.371503e-15
      vertex   2.398904e+01 3.020906e+01 -2.151057e-15
      vertex   2.395629e+01 3.041582e+01 -2.151057e-15
    endloop
  endfacet
  facet normal -1.387779e-16 -7.272445e-18 -1.000000e+00
    outer loop
      vertex   4.000000e+01 3.000000e+01 -4.371503e-15
      vertex   4.001096e+01 2.979094e+01 -4.371503e-15
      vertex   2.400000e+01 3.000000e+01 -2.151057e-15
    endloop
  endfacet
  facet normal -1.385881e-16 7.263092e-18 -1.000000e+00
    outer loop
      vertex   2.400000e+01 3.000000e+01 -2.151057e-15
      vertex   4.001096e+01 2.979094e+01 -4.371503e-15
      vertex   2.398904e+01 2.979094e+01 -2.151057e-15
    endloop
  endfacet
  facet normal -7.071046e-01 -7.071089e-01 0.000000e+00
    outer loop
      vertex   4.348629e+01 1.338261e+00 -4.371503e-15
      vertex   4.348629e+01 1.338261e+00 3.500000e+00
      vertex   4.333826e+01 1.486290e+00 -4.371503e-15
    endloop
  endfacet
  facet normal -7.071046e-01 -7.071089e-01 0.000000e+00
    outer loop
      vertex   4.333826e+01 1.486290e+00 -4.371503e-15
      vertex   4.348629e+01 1.338261e+00 3.500000e+00
      vertex   4.333826e+01 1.486290e+00 3.500000e+00
    endloop
  endfacet
  facet normal -7.771437e-01 -6.293232e-01 0.000000e+00
    outer loop
      vertex   4.361803e+01 1.175570e+00 -4.371503e-15
      vertex   4.361803e+01 1.175570e+00 3.500000e+00
      vertex   4.348629e+01 1.338261e+00 -4.371503e-15
    endloop
  endfacet
  facet normal -7.771437e-01 -6.293232e-01 0.000000e+00
    outer loop
      vertex   4.348629e+01 1.338261e+00 -4.371503e-15
      vertex   4.361803e+01 1.175570e+00 3.500000e+00
      vertex   4.348629e+01 1.338261e+00 3.500000e+00
    endloop
  endfacet
  facet normal -8.386711e-01 -5.446381e-01 -7.926351e-08
    outer loop
      vertex   4.373205e+01 1.000000e+00 -4.371503e-15
      vertex   4.373205e+01 9.999999e-01 3.500000e+00
      vertex   4.361803e+01 1.175570e+00 -4.371503e-15
    endloop
  endfacet
  facet normal -8.386719e-01 -5.446370e-01 0.000000e+00
    outer loop
      vertex   4.361803e+01 1.175570e+00 -4.371503e-15
      vertex   4.373205e+01 9.999999e-01 3.500000e+00
      vertex   4.361803e+01 1.175570e+00 3.500000e+00
    endloop
  endfacet
  facet normal -9.876879e-01 -1.564372e-01 0.000000e+00
    outer loop
      vertex   4.398904e+01 2.090569e-01 -4.371503e-15
      vertex   4.398904e+01 2.090569e-01 3.500000e+00
      vertex   4.395630e+01 4.158234e-01 -4.371503e-15
    endloop
  endfacet
  facet normal -9.876875e-01 -1.564396e-01 -1.424985e-07
    outer loop
      vertex   4.395630e+01 4.158234e-01 -4.371503e-15
      vertex   4.398904e+01 2.090569e-01 3.500000e+00
      vertex   4.395629e+01 4.158233e-01 3.500000e+00
    endloop
  endfacet
  facet normal -9.986298e-01 -5.233178e-02 -6.241666e-08
    outer loop
      vertex   4.400000e+01 0.000000e+00 -4.371503e-15
      vertex   4.400000e+01 2.449294e-16 3.500000e+00
      vertex   4.398904e+01 2.090569e-01 -4.371503e-15
    endloop
  endfacet
  facet normal -9.986298e-01 -5.233074e-02 0.000000e+00
    outer loop
      vertex   4.398904e+01 2.090569e-01 -4.371503e-15
      vertex   4.400000e+01 2.449294e-16 3.500000e+00
      vertex   4.398904e+01 2.090569e-01 3.500000e+00
    endloop
  endfacet
  facet normal -9.986298e-01 5.233178e-02 -3.101292e-07
    outer loop
      vertex   4.398904e+01 -2.090569e-01 -4.371503e-15
      vertex   4.398904e+01 -2.090568e-01 3.500000e+00
      vertex   4.400000e+01 0.000000e+00 -4.371503e-15
    endloop
  endfacet
  facet normal -9.986295e-01 5.233592e-02 -6.241665e-08
    outer loop
      vertex   4.400000e+01 0.000000e+00 -4.371503e-15
      vertex   4.398904e+01 -2.090568e-01 3.500000e+00
      vertex   4.400000e+01 2.449294e-16 3.500000e+00
    endloop
  endfacet
  facet normal 6.293259e-01 7.771415e-01 -2.837210e-07
    outer loop
      vertex   4.082443e+01 -1.618034e+00 -4.371503e-15
      vertex   4.066174e+01 -1.486290e+00 -4.371503e-15
      vertex   4.082443e+01 -1.618033e+00 3.500000e+00
    endloop
  endfacet
  facet normal 6.293205e-01 7.771459e-01 1.298557e-07
    outer loop
      vertex   4.082443e+01 -1.618033e+00 3.500000e+00
      vertex   4.066174e+01 -1.486290e+00 -4.371503e-15
      vertex   4.066174e+01 -1.486290e+00 3.500000e+00
    endloop
  endfacet
  facet normal -9.986295e-01 5.233594e-02 -2.004215e-08
    outer loop
      vertex   2.398904e+01 2.979094e+01 -2.151057e-15
      vertex   2.398904e+01 2.979094e+01 3.500000e+00
      vertex   2.400000e+01 3.000000e+01 -2.151057e-15
    endloop
  endfacet
  facet normal -9.986295e-01 5.233617e-02 -6.684597e-09
    outer loop
      vertex   2.400000e+01 3.000000e+01 -2.151057e-15
      vertex   2.398904e+01 2.979094e+01 3.500000e+00
      vertex   2.400000e+01 3.000000e+01 3.500000e+00
    endloop
  endfacet
  facet normal -9.986295e-01 -5.233594e-02 6.684568e-09
    outer loop
      vertex   2.400000e+01 3.000000e+01 -2.151057e-15
      vertex   2.400000e+01 3.000000e+01 3.500000e+00
      vertex   2.398904e+01 3.020906e+01 -2.151057e-15
    endloop
  endfacet
  facet normal -9.986295e-01 -5.233606e-02 0.000000e+00
    outer loop
      vertex   2.398904e+01 3.020906e+01 -2.151057e-15
      vertex   2.400000e+01 3.000000e+01 3.500000e+00
      vertex   2.398904e+01 3.020906e+01 3.500000e+00
    endloop
  endfacet
  facet normal -9.876883e-01 -1.564347e-01 0.000000e+00
    outer loop
      vertex   2.398904e+01 3.020906e+01 -2.151057e-15
      vertex   2.398904e+01 3.020906e+01 3.500000e+00
      vertex   2.395629e+01 3.041582e+01 -2.151057e-15
    endloop
  endfacet
  facet normal -9.876884e-01 -1.564343e-01 2.472083e-08
    outer loop
      vertex   2.395629e+01 3.041582e+01 -2.151057e-15
      vertex   2.398904e+01 3.020906e+01 3.500000e+00
      vertex   2.395629e+01 3.041582e+01 3.500000e+00
    endloop
  endfacet
  facet normal 6.293285e-01 7.771394e-01 -0.000000e+00
    outer loop
      vertex   4.066174e+01 2.851371e+01 -4.371503e-15
      vertex   4.066174e+01 2.851371e+01 1.500000e+00
      vertex   4.082443e+01 2.838197e+01 -4.371503e-15
    endloop
  endfacet
  facet normal 6.293285e-01 7.771394e-01 -0.000000e+00
    outer loop
      vertex   4.082443e+01 2.838197e+01 -4.371503e-15
      vertex   4.066174e+01 2.851371e+01 1.500000e+00
      vertex   4.082443e+01 2.838197e+01 1.500000e+00
    endloop
  endfacet
  facet normal 7.071068e-01 7.071068e-01 -0.000000e+00
    outer loop
      vertex   4.051371e+01 2.866174e+01 -4.371503e-15
      vertex   4.051371e+01 2.866174e+01 1.500000e+00
      vertex   4.066174e+01 2.851371e+01 -4.371503e-15
    endloop
  endfacet
  facet normal 7.071068e-01 7.071068e-01 -0.000000e+00
    outer loop
      vertex   4.066174e+01 2.851371e+01 -4.371503e-15
      vertex   4.051371e+01 2.866174e+01 1.500000e+00
      vertex   4.066174e+01 2.851371e+01 1.500000e+00
    endloop
  endfacet
  facet normal 7.771445e-01 6.293222e-01 -0.000000e+00
    outer loop
      vertex   4.038197e+01 2.882443e+01 -4.371503e-15
      vertex   4.038197e+01 2.882443e+01 1.500000e+00
      vertex   4.051371e+01 2.866174e+01 -4.371503e-15
    endloop
  endfacet
  facet normal 7.771445e-01 6.293222e-01 -0.000000e+00
    outer loop
      vertex   4.051371e+01 2.866174e+01 -4.371503e-15
      vertex   4.038197e+01 2.882443e+01 1.500000e+00
      vertex   4.051371e+01 2.866174e+01 1.500000e+00
    endloop
  endfacet
  facet normal 8.386725e-01 5.446360e-01 -0.000000e+00
    outer loop
      vertex   4.026795e+01 2.900000e+01 -4.371503e-15
      vertex   4.026795e+01 2.900000e+01 1.500000e+00
      vertex   4.038197e+01 2.882443e+01 -4.371503e-15
    endloop
  endfacet
  facet normal 8.386725e-01 5.446360e-01 -0.000000e+00
    outer loop
      vertex   4.038197e+01 2.882443e+01 -4.371503e-15
      vertex   4.026795e+01 2.900000e+01 1.500000e+00
      vertex   4.038197e+01 2.882443e+01 1.500000e+00
    endloop
  endfacet
  facet normal 8.910053e-01 4.539930e-01 -0.000000e+00
    outer loop
      vertex   4.017291e+01 2.918653e+01 -4.371503e-15
      vertex   4.017291e+01 2.918653e+01 1.500000e+00
      vertex   4.026795e+01 2.900000e+01 -4.371503e-15
    endloop
  endfacet
  facet normal 8.910053e-01 4.539930e-01 -0.000000e+00
    outer loop
      vertex   4.026795e+01 2.900000e+01 -4.371503e-15
      vertex   4.017291e+01 2.918653e+01 1.500000e+00
      vertex   4.026795e+01 2.900000e+01 1.500000e+00
    endloop
  endfacet
  facet normal 9.335804e-01 3.583681e-01 -0.000000e+00
    outer loop
      vertex   4.009789e+01 2.938197e+01 -4.371503e-15
      vertex   4.009789e+01 2.938197e+01 1.500000e+00
      vertex   4.017291e+01 2.918653e+01 -4.371503e-15
    endloop
  endfacet
  facet normal 9.335804e-01 3.583681e-01 -0.000000e+00
    outer loop
      vertex   4.017291e+01 2.918653e+01 -4.371503e-15
      vertex   4.009789e+01 2.938197e+01 1.500000e+00
      vertex   4.017291e+01 2.918653e+01 1.500000e+00
    endloop
  endfacet
  facet normal 9.659260e-01 2.588182e-01 -0.000000e+00
    outer loop
      vertex   4.004370e+01 2.958418e+01 -4.371503e-15
      vertex   4.004370e+01 2.958418e+01 1.500000e+00
      vertex   4.009789e+01 2.938197e+01 -4.371503e-15
    endloop
  endfacet
  facet normal 9.659260e-01 2.588182e-01 -0.000000e+00
    outer loop
      vertex   4.009789e+01 2.938197e+01 -4.371503e-15
      vertex   4.004370e+01 2.958418e+01 1.500000e+00
      vertex   4.009789e+01 2.938197e+01 1.500000e+00
    endloop
  endfacet
  facet normal 9.876879e-01 1.564374e-01 -0.000000e+00
    outer loop
      vertex   4.001096e+01 2.979094e+01 -4.371503e-15
      vertex   4.001096e+01 2.979094e+01 1.500000e+00
      vertex   4.004370e+01 2.958418e+01 -4.371503e-15
    endloop
  endfacet
  facet normal 9.876879e-01 1.564374e-01 -0.000000e+00
    outer loop
      vertex   4.004370e+01 2.958418e+01 -4.371503e-15
      vertex   4.001096e+01 2.979094e+01 1.500000e+00
      vertex   4.004370e+01 2.958418e+01 1.500000e+00
    endloop
  endfacet
  facet normal 9.986298e-01 5.233168e-02 -0.000000e+00
    outer loop
      vertex   4.000000e+01 3.000000e+01 -4.371503e-15
      vertex   4.000000e+01 3.000000e+01 1.500000e+00
      vertex   4.001096e+01 2.979094e+01 -4.371503e-15
    endloop
  endfacet
  facet normal 9.986298e-01 5.233168e-02 -0.000000e+00
    outer loop
      vertex   4.001096e+01 2.979094e+01 -4.371503e-15
      vertex   4.000000e+01 3.000000e+01 1.500000e+00
      vertex   4.001096e+01 2.979094e+01 1.500000e+00
    endloop
  endfacet
  facet normal 9.986298e-01 -5.233168e-02 0.000000e+00
    outer loop
      vertex   4.001096e+01 3.020906e+01 -4.371503e-15
      vertex   4.001096e+01 3.020906e+01 1.500000e+00
      vertex   4.000000e+01 3.000000e+01 -4.371503e-15
    endloop
  endfacet
  facet normal 9.986298e-01 -5.233168e-02 0.000000e+00
    outer loop
      vertex   4.000000e+01 3.000000e+01 -4.371503e-15
      vertex   4.001096e+01 3.020906e+01 1.500000e+00
      vertex   4.000000e+01 3.000000e+01 1.500000e+00
    endloop
  endfacet
  facet normal 9.876879e-01 -1.564374e-01 0.000000e+00
    outer loop
      vertex   4.004370e+01 3.041582e+01 -4.371503e-15
      vertex   4.004370e+01 3.041582e+01 1.500000e+00
      vertex   4.001096e+01 3.020906e+01 -4.371503e-15
    endloop
  endfacet
  facet normal 9.876879e-01 -1.564374e-01 0.000000e+00
    outer loop
      vertex   4.001096e+01 3.020906e+01 -4.371503e-15
      vertex   4.004370e+01 3.041582e+01 1.500000e+00
      vertex   4.001096e+01 3.020906e+01 1.500000e+00
    endloop
  endfacet
  facet normal 9.659268e-01 -2.588154e-01 0.000000e+00
    outer loop
      vertex   4.009789e+01 3.061804e+01 -4.371503e-15
      vertex   4.009789e+01 3.061804e+01 1.500000e+00
      vertex   4.004370e+01 3.041582e+01 -4.371503e-15
    endloop
  endfacet
  facet normal 9.659268e-01 -2.588154e-01 0.000000e+00
    outer loop
      vertex   4.004370e+01 3.041582e+01 -4.371503e-15
      vertex   4.009789e+01 3.061804e+01 1.500000e+00
      vertex   4.004370e+01 3.041582e+01 1.500000e+00
    endloop
  endfacet
  facet normal 9.335789e-01 -3.583719e-01 0.000000e+00
    outer loop
      vertex   4.017291e+01 3.081347e+01 -4.371503e-15
      vertex   4.017291e+01 3.081347e+01 1.500000e+00
      vertex   4.009789e+01 3.061804e+01 -4.371503e-15
    endloop
  endfacet
  facet normal 9.335789e-01 -3.583719e-01 0.000000e+00
    outer loop
      vertex   4.009789e+01 3.061804e+01 -4.371503e-15
      vertex   4.017291e+01 3.081347e+01 1.500000e+00
      vertex   4.009789e+01 3.061804e+01 1.500000e+00
    endloop
  endfacet
  facet normal 8.910076e-01 -4.539884e-01 0.000000e+00
    outer loop
      vertex   4.026795e+01 3.100000e+01 -4.371503e-15
      vertex   4.026795e+01 3.100000e+01 1.500000e+00
      vertex   4.017291e+01 3.081347e+01 -4.371503e-15
    endloop
  endfacet
  facet normal 8.910076e-01 -4.539884e-01 0.000000e+00
    outer loop
      vertex   4.017291e+01 3.081347e+01 -4.371503e-15
      vertex   4.026795e+01 3.100000e+01 1.500000e+00
      vertex   4.017291e+01 3.081347e+01 1.500000e+00
    endloop
  endfacet
  facet normal 8.386725e-01 -5.446360e-01 0.000000e+00
    outer loop
      vertex   4.038197e+01 3.117557e+01 -4.371503e-15
      vertex   4.038197e+01 3.117557e+01 1.500000e+00
      vertex   4.035346e+01 3.113168e+01 -4.371503e-15
    endloop
  endfacet
  facet normal 8.386725e-01 -5.446360e-01 -1.986883e-15
    outer loop
      vertex   4.035346e+01 3.113168e+01 -4.371503e-15
      vertex   4.038197e+01 3.117557e+01 1.500000e+00
      vertex   4.026795e+01 3.100000e+01 1.500000e+00
    endloop
  endfacet
  facet normal 7.771400e-01 -6.293278e-01 0.000000e+00
    outer loop
      vertex   4.051371e+01 3.133826e+01 -4.371503e-15
      vertex   4.051371e+01 3.133826e+01 1.500000e+00
      vertex   4.048077e+01 3.129759e+01 -4.371503e-15
    endloop
  endfacet
  facet normal 7.771400e-01 -6.293278e-01 -3.221232e-15
    outer loop
      vertex   4.048077e+01 3.129759e+01 -4.371503e-15
      vertex   4.051371e+01 3.133826e+01 1.500000e+00
      vertex   4.038197e+01 3.117557e+01 1.500000e+00
    endloop
  endfacet
  facet normal -8.386725e-01 5.446360e-01 0.000000e+00
    outer loop
      vertex   4.361803e+01 2.882443e+01 -4.371503e-15
      vertex   4.361803e+01 2.882443e+01 1.500000e+00
      vertex   4.364654e+01 2.886832e+01 -4.371503e-15
    endloop
  endfacet
  facet normal -8.386725e-01 5.446360e-01 1.987055e-15
    outer loop
      vertex   4.364654e+01 2.886832e+01 -4.371503e-15
      vertex   4.361803e+01 2.882443e+01 1.500000e+00
      vertex   4.373205e+01 2.900000e+01 1.500000e+00
    endloop
  endfacet
  facet normal 7.071068e-01 -7.071068e-01 0.000000e+00
    outer loop
      vertex   4.066174e+01 3.148629e+01 -4.371503e-15
      vertex   4.066174e+01 3.148629e+01 1.500000e+00
      vertex   4.062473e+01 3.144928e+01 -4.371503e-15
    endloop
  endfacet
  facet normal 7.071068e-01 -7.071068e-01 3.641966e-19
    outer loop
      vertex   4.062473e+01 3.144928e+01 -4.371503e-15
      vertex   4.066174e+01 3.148629e+01 1.500000e+00
      vertex   4.051371e+01 3.133826e+01 1.500000e+00
    endloop
  endfacet
  facet normal -8.910053e-01 4.539930e-01 0.000000e+00
    outer loop
      vertex   4.373205e+01 2.900000e+01 -4.371503e-15
      vertex   4.373205e+01 2.900000e+01 1.500000e+00
      vertex   4.375581e+01 2.904663e+01 -4.371503e-15
    endloop
  endfacet
  facet normal -8.910053e-01 4.539930e-01 4.738203e-15
    outer loop
      vertex   4.375581e+01 2.904663e+01 -4.371503e-15
      vertex   4.373205e+01 2.900000e+01 1.500000e+00
      vertex   4.382709e+01 2.918653e+01 1.500000e+00
    endloop
  endfacet
  facet normal 6.293285e-01 -7.771394e-01 0.000000e+00
    outer loop
      vertex   4.082443e+01 3.161803e+01 -4.371503e-15
      vertex   4.082443e+01 3.161803e+01 1.500000e+00
      vertex   4.078376e+01 3.158510e+01 -4.371503e-15
    endloop
  endfacet
  facet normal 6.293285e-01 -7.771394e-01 -1.863729e-15
    outer loop
      vertex   4.078376e+01 3.158510e+01 -4.371503e-15
      vertex   4.082443e+01 3.161803e+01 1.500000e+00
      vertex   4.066174e+01 3.148629e+01 1.500000e+00
    endloop
  endfacet
  facet normal -9.335823e-01 3.583631e-01 0.000000e+00
    outer loop
      vertex   4.382709e+01 2.918653e+01 -4.371503e-15
      vertex   4.382709e+01 2.918653e+01 1.500000e+00
      vertex   4.384585e+01 2.923539e+01 -4.371503e-15
    endloop
  endfacet
  facet normal -9.335823e-01 3.583631e-01 2.635595e-15
    outer loop
      vertex   4.384585e+01 2.923539e+01 -4.371503e-15
      vertex   4.382709e+01 2.918653e+01 1.500000e+00
      vertex   4.390211e+01 2.938197e+01 1.500000e+00
    endloop
  endfacet
  facet normal 5.446360e-01 -8.386725e-01 0.000000e+00
    outer loop
      vertex   4.100000e+01 3.173205e+01 -4.371503e-15
      vertex   4.100000e+01 3.173205e+01 1.500000e+00
      vertex   4.095611e+01 3.170355e+01 -4.371503e-15
    endloop
  endfacet
  facet normal 5.446360e-01 -8.386725e-01 8.625165e-20
    outer loop
      vertex   4.095611e+01 3.170355e+01 -4.371503e-15
      vertex   4.100000e+01 3.173205e+01 1.500000e+00
      vertex   4.082443e+01 3.161803e+01 1.500000e+00
    endloop
  endfacet
  facet normal -9.659246e-01 2.588236e-01 0.000000e+00
    outer loop
      vertex   4.390211e+01 2.938197e+01 -4.371503e-15
      vertex   4.390211e+01 2.938197e+01 1.500000e+00
      vertex   4.391566e+01 2.943252e+01 -4.371503e-15
    endloop
  endfacet
  facet normal -9.659246e-01 2.588236e-01 2.594956e-15
    outer loop
      vertex   4.391566e+01 2.943252e+01 -4.371503e-15
      vertex   4.390211e+01 2.938197e+01 1.500000e+00
      vertex   4.395630e+01 2.958418e+01 1.500000e+00
    endloop
  endfacet
  facet normal 4.539907e-01 -8.910064e-01 0.000000e+00
    outer loop
      vertex   4.118653e+01 3.182709e+01 -4.371503e-15
      vertex   4.118653e+01 3.182709e+01 1.500000e+00
      vertex   4.113990e+01 3.180333e+01 -4.371503e-15
    endloop
  endfacet
  facet normal 4.539907e-01 -8.910064e-01 -1.862058e-15
    outer loop
      vertex   4.113990e+01 3.180333e+01 -4.371503e-15
      vertex   4.118653e+01 3.182709e+01 1.500000e+00
      vertex   4.100000e+01 3.173205e+01 1.500000e+00
    endloop
  endfacet
  facet normal -9.876879e-01 1.564374e-01 0.000000e+00
    outer loop
      vertex   4.395630e+01 2.958418e+01 -4.371503e-15
      vertex   4.395630e+01 2.958418e+01 1.500000e+00
      vertex   4.396448e+01 2.963587e+01 -4.371503e-15
    endloop
  endfacet
  facet normal -9.876879e-01 1.564374e-01 1.697839e-19
    outer loop
      vertex   4.396448e+01 2.963587e+01 -4.371503e-15
      vertex   4.395630e+01 2.958418e+01 1.500000e+00
      vertex   4.398904e+01 2.979094e+01 1.500000e+00
    endloop
  endfacet
  facet normal 3.583650e-01 -9.335815e-01 0.000000e+00
    outer loop
      vertex   4.138196e+01 3.190211e+01 -4.371503e-15
      vertex   4.138196e+01 3.190211e+01 1.500000e+00
      vertex   4.133311e+01 3.188336e+01 -4.371503e-15
    endloop
  endfacet
  facet normal 3.583650e-01 -9.335815e-01 -1.061389e-15
    outer loop
      vertex   4.133311e+01 3.188336e+01 -4.371503e-15
      vertex   4.138196e+01 3.190211e+01 1.500000e+00
      vertex   4.118653e+01 3.182709e+01 1.500000e+00
    endloop
  endfacet
  facet normal -9.986298e-01 5.233168e-02 3.938684e-19
    outer loop
      vertex   4.399726e+01 2.994774e+01 -4.371503e-15
      vertex   4.398904e+01 2.979094e+01 -4.371503e-15
      vertex   4.398904e+01 2.979094e+01 1.500000e+00
    endloop
  endfacet
  facet normal 2.588207e-01 -9.659254e-01 0.000000e+00
    outer loop
      vertex   4.158418e+01 3.195630e+01 -4.371503e-15
      vertex   4.158418e+01 3.195630e+01 1.500000e+00
      vertex   4.153362e+01 3.194275e+01 -4.371503e-15
    endloop
  endfacet
  facet normal 2.588207e-01 -9.659254e-01 -6.131926e-16
    outer loop
      vertex   4.153362e+01 3.194275e+01 -4.371503e-15
      vertex   4.158418e+01 3.195630e+01 1.500000e+00
      vertex   4.138196e+01 3.190211e+01 1.500000e+00
    endloop
  endfacet
  facet normal -9.986298e-01 -5.233168e-02 1.779136e-19
    outer loop
      vertex   4.399178e+01 3.015679e+01 -4.371503e-15
      vertex   4.400000e+01 3.000000e+01 -4.371503e-15
      vertex   4.400000e+01 3.000000e+01 1.500000e+00
    endloop
  endfacet
  facet normal 1.564374e-01 -9.876879e-01 0.000000e+00
    outer loop
      vertex   4.179094e+01 3.198905e+01 -4.371503e-15
      vertex   4.179094e+01 3.198905e+01 1.500000e+00
      vertex   4.173925e+01 3.198086e+01 -4.371503e-15
    endloop
  endfacet
  facet normal 1.564374e-01 -9.876879e-01 1.697839e-19
    outer loop
      vertex   4.173925e+01 3.198086e+01 -4.371503e-15
      vertex   4.179094e+01 3.198905e+01 1.500000e+00
      vertex   4.158418e+01 3.195630e+01 1.500000e+00
    endloop
  endfacet
  facet normal -9.876879e-01 -1.564374e-01 0.000000e+00
    outer loop
      vertex   4.398904e+01 3.020906e+01 -4.371503e-15
      vertex   4.398904e+01 3.020906e+01 1.500000e+00
      vertex   4.398086e+01 3.026075e+01 -4.371503e-15
    endloop
  endfacet
  facet normal -9.876879e-01 -1.564374e-01 -1.697839e-19
    outer loop
      vertex   4.398086e+01 3.026075e+01 -4.371503e-15
      vertex   4.398904e+01 3.020906e+01 1.500000e+00
      vertex   4.395630e+01 3.041582e+01 1.500000e+00
    endloop
  endfacet
  facet normal 5.233198e-02 -9.986297e-01 0.000000e+00
    outer loop
      vertex   4.200000e+01 3.200000e+01 -4.371503e-15
      vertex   4.200000e+01 3.200000e+01 1.500000e+00
      vertex   4.194774e+01 3.199726e+01 -4.371503e-15
    endloop
  endfacet
  facet normal 5.233198e-02 -9.986297e-01 -1.337499e-15
    outer loop
      vertex   4.194774e+01 3.199726e+01 -4.371503e-15
      vertex   4.200000e+01 3.200000e+01 1.500000e+00
      vertex   4.179094e+01 3.198905e+01 1.500000e+00
    endloop
  endfacet
  facet normal -9.659254e-01 -2.588207e-01 0.000000e+00
    outer loop
      vertex   4.395630e+01 3.041582e+01 -4.371503e-15
      vertex   4.395630e+01 3.041582e+01 1.500000e+00
      vertex   4.394275e+01 3.046638e+01 -4.371503e-15
    endloop
  endfacet
  facet normal -9.659254e-01 -2.588207e-01 2.287726e-15
    outer loop
      vertex   4.394275e+01 3.046638e+01 -4.371503e-15
      vertex   4.395630e+01 3.041582e+01 1.500000e+00
      vertex   4.390211e+01 3.061804e+01 1.500000e+00
    endloop
  endfacet
  facet normal -5.233168e-02 -9.986298e-01 0.000000e+00
    outer loop
      vertex   4.220906e+01 3.198905e+01 -4.371503e-15
      vertex   4.220906e+01 3.198905e+01 1.500000e+00
      vertex   4.215679e+01 3.199178e+01 -4.371503e-15
    endloop
  endfacet
  facet normal -5.233168e-02 -9.986298e-01 1.492409e-15
    outer loop
      vertex   4.215679e+01 3.199178e+01 -4.371503e-15
      vertex   4.220906e+01 3.198905e+01 1.500000e+00
      vertex   4.200000e+01 3.200000e+01 1.500000e+00
    endloop
  endfacet
  facet normal -9.335808e-01 -3.583669e-01 0.000000e+00
    outer loop
      vertex   4.390211e+01 3.061804e+01 -4.371503e-15
      vertex   4.390211e+01 3.061804e+01 1.500000e+00
      vertex   4.388336e+01 3.066689e+01 -4.371503e-15
    endloop
  endfacet
  facet normal -9.335808e-01 -3.583669e-01 2.211449e-15
    outer loop
      vertex   4.388336e+01 3.066689e+01 -4.371503e-15
      vertex   4.390211e+01 3.061804e+01 1.500000e+00
      vertex   4.382709e+01 3.081347e+01 1.500000e+00
    endloop
  endfacet
  facet normal -1.564374e-01 -9.876879e-01 0.000000e+00
    outer loop
      vertex   4.241582e+01 3.195630e+01 -4.371503e-15
      vertex   4.241582e+01 3.195630e+01 1.500000e+00
      vertex   4.236413e+01 3.196448e+01 -4.371503e-15
    endloop
  endfacet
  facet normal -1.564374e-01 -9.876879e-01 -1.697839e-19
    outer loop
      vertex   4.236413e+01 3.196448e+01 -4.371503e-15
      vertex   4.241582e+01 3.195630e+01 1.500000e+00
      vertex   4.220906e+01 3.198905e+01 1.500000e+00
    endloop
  endfacet
  facet normal -8.910076e-01 -4.539884e-01 0.000000e+00
    outer loop
      vertex   4.382709e+01 3.081347e+01 -4.371503e-15
      vertex   4.382709e+01 3.081347e+01 1.500000e+00
      vertex   4.380333e+01 3.086010e+01 -4.371503e-15
    endloop
  endfacet
  facet normal -8.910076e-01 -4.539884e-01 7.385698e-15
    outer loop
      vertex   4.380333e+01 3.086010e+01 -4.371503e-15
      vertex   4.382709e+01 3.081347e+01 1.500000e+00
      vertex   4.373205e+01 3.100000e+01 1.500000e+00
    endloop
  endfacet
  facet normal -2.588207e-01 -9.659254e-01 0.000000e+00
    outer loop
      vertex   4.261804e+01 3.190211e+01 -4.371503e-15
      vertex   4.261804e+01 3.190211e+01 1.500000e+00
      vertex   4.256748e+01 3.191566e+01 -4.371503e-15
    endloop
  endfacet
  facet normal -2.588207e-01 -9.659254e-01 6.131926e-16
    outer loop
      vertex   4.256748e+01 3.191566e+01 -4.371503e-15
      vertex   4.261804e+01 3.190211e+01 1.500000e+00
      vertex   4.241582e+01 3.195630e+01 1.500000e+00
    endloop
  endfacet
  facet normal -8.386725e-01 -5.446360e-01 0.000000e+00
    outer loop
      vertex   4.373205e+01 3.100000e+01 -4.371503e-15
      vertex   4.373205e+01 3.100000e+01 1.500000e+00
      vertex   4.370355e+01 3.104389e+01 -4.371503e-15
    endloop
  endfacet
  facet normal -8.386725e-01 -5.446360e-01 1.986883e-15
    outer loop
      vertex   4.370355e+01 3.104389e+01 -4.371503e-15
      vertex   4.373205e+01 3.100000e+01 1.500000e+00
      vertex   4.361803e+01 3.117557e+01 1.500000e+00
    endloop
  endfacet
  facet normal -3.583669e-01 -9.335808e-01 0.000000e+00
    outer loop
      vertex   4.281347e+01 3.182709e+01 -4.371503e-15
      vertex   4.281347e+01 3.182709e+01 1.500000e+00
      vertex   4.276461e+01 3.184585e+01 -4.371503e-15
    endloop
  endfacet
  facet normal -3.583669e-01 -9.335808e-01 6.360105e-19
    outer loop
      vertex   4.276461e+01 3.184585e+01 -4.371503e-15
      vertex   4.281347e+01 3.182709e+01 1.500000e+00
      vertex   4.261804e+01 3.190211e+01 1.500000e+00
    endloop
  endfacet
  facet normal -7.771372e-01 -6.293312e-01 0.000000e+00
    outer loop
      vertex   4.361803e+01 3.117557e+01 -4.371503e-15
      vertex   4.361803e+01 3.117557e+01 1.500000e+00
      vertex   4.358510e+01 3.121624e+01 -4.371503e-15
    endloop
  endfacet
  facet normal -7.771372e-01 -6.293312e-01 1.839268e-15
    outer loop
      vertex   4.358510e+01 3.121624e+01 -4.371503e-15
      vertex   4.361803e+01 3.117557e+01 1.500000e+00
      vertex   4.348629e+01 3.133826e+01 1.500000e+00
    endloop
  endfacet
  facet normal -4.539884e-01 -8.910076e-01 0.000000e+00
    outer loop
      vertex   4.300000e+01 3.173205e+01 -4.371503e-15
      vertex   4.300000e+01 3.173205e+01 1.500000e+00
      vertex   4.295337e+01 3.175581e+01 -4.371503e-15
    endloop
  endfacet
  facet normal -4.539884e-01 -8.910076e-01 1.054740e-15
    outer loop
      vertex   4.295337e+01 3.175581e+01 -4.371503e-15
      vertex   4.300000e+01 3.173205e+01 1.500000e+00
      vertex   4.281347e+01 3.182709e+01 1.500000e+00
    endloop
  endfacet
  facet normal -5.446360e-01 -8.386725e-01 0.000000e+00
    outer loop
      vertex   4.317557e+01 3.161803e+01 -4.371503e-15
      vertex   4.317557e+01 3.161803e+01 1.500000e+00
      vertex   4.313168e+01 3.164654e+01 -4.371503e-15
    endloop
  endfacet
  facet normal -5.446360e-01 -8.386725e-01 -8.625165e-20
    outer loop
      vertex   4.313168e+01 3.164654e+01 -4.371503e-15
      vertex   4.317557e+01 3.161803e+01 1.500000e+00
      vertex   4.300000e+01 3.173205e+01 1.500000e+00
    endloop
  endfacet
  facet normal -6.293312e-01 -7.771372e-01 0.000000e+00
    outer loop
      vertex   4.333826e+01 3.148629e+01 -4.371503e-15
      vertex   4.333826e+01 3.148629e+01 1.500000e+00
      vertex   4.329759e+01 3.151923e+01 -4.371503e-15
    endloop
  endfacet
  facet normal -6.293312e-01 -7.771372e-01 2.720023e-19
    outer loop
      vertex   4.329759e+01 3.151923e+01 -4.371503e-15
      vertex   4.333826e+01 3.148629e+01 1.500000e+00
      vertex   4.317557e+01 3.161803e+01 1.500000e+00
    endloop
  endfacet
  facet normal -7.071068e-01 -7.071068e-01 0.000000e+00
    outer loop
      vertex   2.348629e+01 1.338261e+00 -2.151057e-15
      vertex   2.348629e+01 1.338261e+00 1.500000e+00
      vertex   2.344928e+01 1.375268e+00 -2.151057e-15
    endloop
  endfacet
  facet normal -7.071068e-01 -7.071068e-01 3.453273e-15
    outer loop
      vertex   2.344928e+01 1.375268e+00 -2.151057e-15
      vertex   2.348629e+01 1.338261e+00 1.500000e+00
      vertex   2.333826e+01 1.486290e+00 1.500000e+00
    endloop
  endfacet
  facet normal -6.293206e-01 -7.771458e-01 0.000000e+00
    outer loop
      vertex   2.333826e+01 1.486290e+00 -2.151057e-15
      vertex   2.333826e+01 1.486290e+00 1.500000e+00
      vertex   2.329759e+01 1.519226e+00 -2.151057e-15
    endloop
  endfacet
  facet normal -6.293206e-01 -7.771458e-01 2.375014e-15
    outer loop
      vertex   2.329759e+01 1.519226e+00 -2.151057e-15
      vertex   2.333826e+01 1.486290e+00 1.500000e+00
      vertex   2.317557e+01 1.618034e+00 1.500000e+00
    endloop
  endfacet
  facet normal -7.771458e-01 -6.293206e-01 0.000000e+00
    outer loop
      vertex   2.361803e+01 1.175570e+00 -2.151057e-15
      vertex   2.361803e+01 1.175570e+00 1.500000e+00
      vertex   2.358510e+01 1.216243e+00 -2.151057e-15
    endloop
  endfacet
  facet normal -7.771458e-01 -6.293206e-01 3.841730e-15
    outer loop
      vertex   2.358510e+01 1.216243e+00 -2.151057e-15
      vertex   2.361803e+01 1.175570e+00 1.500000e+00
      vertex   2.348629e+01 1.338261e+00 1.500000e+00
    endloop
  endfacet
  facet normal -5.446386e-01 -8.386708e-01 0.000000e+00
    outer loop
      vertex   2.317557e+01 1.618034e+00 -2.151057e-15
      vertex   2.317557e+01 1.618034e+00 1.500000e+00
      vertex   2.313168e+01 1.646538e+00 -2.151057e-15
    endloop
  endfacet
  facet normal -5.446386e-01 -8.386708e-01 2.498011e-15
    outer loop
      vertex   2.313168e+01 1.646538e+00 -2.151057e-15
      vertex   2.317557e+01 1.618034e+00 1.500000e+00
      vertex   2.300000e+01 1.732051e+00 1.500000e+00
    endloop
  endfacet
  facet normal -8.386708e-01 -5.446386e-01 0.000000e+00
    outer loop
      vertex   2.373205e+01 1.000000e+00 -2.151057e-15
      vertex   2.373205e+01 1.000000e+00 1.500000e+00
      vertex   2.370355e+01 1.043893e+00 -2.151057e-15
    endloop
  endfacet
  facet normal -8.386708e-01 -5.446386e-01 2.317153e-15
    outer loop
      vertex   2.370355e+01 1.043893e+00 -2.151057e-15
      vertex   2.373205e+01 1.000000e+00 1.500000e+00
      vertex   2.361803e+01 1.175570e+00 1.500000e+00
    endloop
  endfacet
  facet normal -4.539903e-01 -8.910066e-01 0.000000e+00
    outer loop
      vertex   2.300000e+01 1.732051e+00 -2.151057e-15
      vertex   2.300000e+01 1.732051e+00 1.500000e+00
      vertex   2.295337e+01 1.755811e+00 -2.151057e-15
    endloop
  endfacet
  facet normal -4.539903e-01 -8.910066e-01 3.745885e-15
    outer loop
      vertex   2.295337e+01 1.755811e+00 -2.151057e-15
      vertex   2.300000e+01 1.732051e+00 1.500000e+00
      vertex   2.281347e+01 1.827091e+00 1.500000e+00
    endloop
  endfacet
  facet normal -8.910066e-01 -4.539903e-01 0.000000e+00
    outer loop
      vertex   2.382709e+01 8.134733e-01 -2.151057e-15
      vertex   2.382709e+01 8.134733e-01 1.500000e+00
      vertex   2.380333e+01 8.601050e-01 -2.151057e-15
    endloop
  endfacet
  facet normal -8.910066e-01 -4.539903e-01 5.753594e-15
    outer loop
      vertex   2.380333e+01 8.601050e-01 -2.151057e-15
      vertex   2.382709e+01 8.134733e-01 1.500000e+00
      vertex   2.373205e+01 1.000000e+00 1.500000e+00
    endloop
  endfacet
  facet normal -3.583686e-01 -9.335802e-01 0.000000e+00
    outer loop
      vertex   2.281347e+01 1.827091e+00 -2.151057e-15
      vertex   2.281347e+01 1.827091e+00 1.500000e+00
      vertex   2.276461e+01 1.845846e+00 -2.151057e-15
    endloop
  endfacet
  facet normal -3.583686e-01 -9.335802e-01 2.520197e-15
    outer loop
      vertex   2.276461e+01 1.845846e+00 -2.151057e-15
      vertex   2.281347e+01 1.827091e+00 1.500000e+00
      vertex   2.261803e+01 1.902113e+00 1.500000e+00
    endloop
  endfacet
  facet normal -9.335802e-01 -3.583686e-01 0.000000e+00
    outer loop
      vertex   2.390211e+01 6.180340e-01 -2.151057e-15
      vertex   2.390211e+01 6.180340e-01 1.500000e+00
      vertex   2.388336e+01 6.668938e-01 -2.151057e-15
    endloop
  endfacet
  facet normal -9.335802e-01 -3.583686e-01 5.665731e-15
    outer loop
      vertex   2.388336e+01 6.668938e-01 -2.151057e-15
      vertex   2.390211e+01 6.180340e-01 1.500000e+00
      vertex   2.382709e+01 8.134733e-01 1.500000e+00
    endloop
  endfacet
  facet normal -2.588188e-01 -9.659259e-01 0.000000e+00
    outer loop
      vertex   2.261803e+01 1.902113e+00 -2.151057e-15
      vertex   2.261803e+01 1.902113e+00 1.500000e+00
      vertex   2.256748e+01 1.915659e+00 -2.151057e-15
    endloop
  endfacet
  facet normal -2.588188e-01 -9.659259e-01 7.373428e-16
    outer loop
      vertex   2.256748e+01 1.915659e+00 -2.151057e-15
      vertex   2.261803e+01 1.902113e+00 1.500000e+00
      vertex   2.241582e+01 1.956295e+00 1.500000e+00
    endloop
  endfacet
  facet normal -9.659259e-01 -2.588188e-01 0.000000e+00
    outer loop
      vertex   2.395629e+01 4.158234e-01 -2.151057e-15
      vertex   2.395629e+01 4.158234e-01 1.500000e+00
      vertex   2.394275e+01 4.663760e-01 -2.151057e-15
    endloop
  endfacet
  facet normal -9.659259e-01 -2.588188e-01 4.709557e-15
    outer loop
      vertex   2.394275e+01 4.663760e-01 -2.151057e-15
      vertex   2.395629e+01 4.158234e-01 1.500000e+00
      vertex   2.390211e+01 6.180340e-01 1.500000e+00
    endloop
  endfacet
  facet normal -1.564344e-01 -9.876883e-01 0.000000e+00
    outer loop
      vertex   2.241582e+01 1.956295e+00 -2.151057e-15
      vertex   2.241582e+01 1.956295e+00 1.500000e+00
      vertex   2.236413e+01 1.964482e+00 -2.151057e-15
    endloop
  endfacet
  facet normal -1.564344e-01 -9.876883e-01 1.228711e-16
    outer loop
      vertex   2.236413e+01 1.964482e+00 -2.151057e-15
      vertex   2.241582e+01 1.956295e+00 1.500000e+00
      vertex   2.220906e+01 1.989044e+00 1.500000e+00
    endloop
  endfacet
  facet normal -9.876883e-01 -1.564344e-01 0.000000e+00
    outer loop
      vertex   2.398904e+01 2.090569e-01 -2.151057e-15
      vertex   2.398904e+01 2.090569e-01 1.500000e+00
      vertex   2.398086e+01 2.607486e-01 -2.151057e-15
    endloop
  endfacet
  facet normal -9.876883e-01 -1.564344e-01 5.548470e-15
    outer loop
      vertex   2.398086e+01 2.607486e-01 -2.151057e-15
      vertex   2.398904e+01 2.090569e-01 1.500000e+00
      vertex   2.395629e+01 4.158234e-01 1.500000e+00
    endloop
  endfacet
  facet normal -5.233604e-02 -9.986295e-01 0.000000e+00
    outer loop
      vertex   2.220906e+01 1.989044e+00 -2.151057e-15
      vertex   2.220906e+01 1.989044e+00 1.500000e+00
      vertex   2.215679e+01 1.991783e+00 -2.151057e-15
    endloop
  endfacet
  facet normal -5.233604e-02 -9.986295e-01 1.970703e-16
    outer loop
      vertex   2.215679e+01 1.991783e+00 -2.151057e-15
      vertex   2.220906e+01 1.989044e+00 1.500000e+00
      vertex   2.200000e+01 2.000000e+00 1.500000e+00
    endloop
  endfacet
  facet normal -9.986295e-01 -5.233604e-02 -9.018814e-18
    outer loop
      vertex   2.399178e+01 1.567927e-01 -2.151057e-15
      vertex   2.400000e+01 0.000000e+00 -2.151057e-15
      vertex   2.400000e+01 -2.449294e-16 1.500000e+00
    endloop
  endfacet
  facet normal 5.233604e-02 -9.986295e-01 0.000000e+00
    outer loop
      vertex   2.200000e+01 2.000000e+00 -2.151057e-15
      vertex   2.200000e+01 2.000000e+00 1.500000e+00
      vertex   2.194774e+01 1.997261e+00 -2.151057e-15
    endloop
  endfacet
  facet normal 5.233604e-02 -9.986295e-01 1.127338e-16
    outer loop
      vertex   2.194774e+01 1.997261e+00 -2.151057e-15
      vertex   2.200000e+01 2.000000e+00 1.500000e+00
      vertex   2.179094e+01 1.989044e+00 1.500000e+00
    endloop
  endfacet
  facet normal -9.986295e-01 5.233604e-02 6.309086e-20
    outer loop
      vertex   2.399726e+01 -5.226423e-02 -2.151057e-15
      vertex   2.398904e+01 -2.090569e-01 -2.151057e-15
      vertex   2.398904e+01 -2.090569e-01 1.500000e+00
    endloop
  endfacet
  facet normal 1.564344e-01 -9.876883e-01 0.000000e+00
    outer loop
      vertex   2.179094e+01 1.989044e+00 -2.151057e-15
      vertex   2.179094e+01 1.989044e+00 1.500000e+00
      vertex   2.173925e+01 1.980857e+00 -2.151057e-15
    endloop
  endfacet
  facet normal 1.564344e-01 -9.876883e-01 -1.228711e-16
    outer loop
      vertex   2.173925e+01 1.980857e+00 -2.151057e-15
      vertex   2.179094e+01 1.989044e+00 1.500000e+00
      vertex   2.158418e+01 1.956295e+00 1.500000e+00
    endloop
  endfacet
  facet normal -9.876883e-01 1.564344e-01 0.000000e+00
    outer loop
      vertex   2.395629e+01 -4.158234e-01 -2.151057e-15
      vertex   2.395629e+01 -4.158234e-01 1.500000e+00
      vertex   2.396448e+01 -3.641318e-01 -2.151057e-15
    endloop
  endfacet
  facet normal -9.876883e-01 1.564344e-01 1.469653e-15
    outer loop
      vertex   2.396448e+01 -3.641318e-01 -2.151057e-15
      vertex   2.395629e+01 -4.158234e-01 1.500000e+00
      vertex   2.398904e+01 -2.090569e-01 1.500000e+00
    endloop
  endfacet
  facet normal 2.588188e-01 -9.659259e-01 0.000000e+00
    outer loop
      vertex   2.158418e+01 1.956295e+00 -2.151057e-15
      vertex   2.158418e+01 1.956295e+00 1.500000e+00
      vertex   2.153362e+01 1.942750e+00 -2.151057e-15
    endloop
  endfacet
  facet normal 2.588188e-01 -9.659259e-01 4.887660e-16
    outer loop
      vertex   2.153362e+01 1.942750e+00 -2.151057e-15
      vertex   2.158418e+01 1.956295e+00 1.500000e+00
      vertex   2.138197e+01 1.902113e+00 1.500000e+00
    endloop
  endfacet
  facet normal -9.659259e-01 2.588188e-01 0.000000e+00
    outer loop
      vertex   2.390211e+01 -6.180340e-01 -2.151057e-15
      vertex   2.390211e+01 -6.180340e-01 1.500000e+00
      vertex   2.391566e+01 -5.674814e-01 -2.151057e-15
    endloop
  endfacet
  facet normal -9.659259e-01 2.588188e-01 4.442209e-15
    outer loop
      vertex   2.391566e+01 -5.674814e-01 -2.151057e-15
      vertex   2.390211e+01 -6.180340e-01 1.500000e+00
      vertex   2.395629e+01 -4.158234e-01 1.500000e+00
    endloop
  endfacet
  facet normal 3.583686e-01 -9.335802e-01 0.000000e+00
    outer loop
      vertex   2.138197e+01 1.902113e+00 -2.151057e-15
      vertex   2.138197e+01 1.902113e+00 1.500000e+00
      vertex   2.133311e+01 1.883358e+00 -2.151057e-15
    endloop
  endfacet
  facet normal 3.583686e-01 -9.335802e-01 2.625179e-17
    outer loop
      vertex   2.133311e+01 1.883358e+00 -2.151057e-15
      vertex   2.138197e+01 1.902113e+00 1.500000e+00
      vertex   2.118653e+01 1.827091e+00 1.500000e+00
    endloop
  endfacet
  facet normal -9.335802e-01 3.583686e-01 0.000000e+00
    outer loop
      vertex   2.382709e+01 -8.134733e-01 -2.151057e-15
      vertex   2.382709e+01 -8.134733e-01 1.500000e+00
      vertex   2.384585e+01 -7.646135e-01 -2.151057e-15
    endloop
  endfacet
  facet normal -9.335802e-01 3.583686e-01 3.178864e-15
    outer loop
      vertex   2.384585e+01 -7.646135e-01 -2.151057e-15
      vertex   2.382709e+01 -8.134733e-01 1.500000e+00
      vertex   2.390211e+01 -6.180340e-01 1.500000e+00
    endloop
  endfacet
  facet normal 4.539903e-01 -8.910066e-01 0.000000e+00
    outer loop
      vertex   2.118653e+01 1.827091e+00 -2.151057e-15
      vertex   2.118653e+01 1.827091e+00 1.500000e+00
      vertex   2.113989e+01 1.803331e+00 -2.151057e-15
    endloop
  endfacet
  facet normal 4.539903e-01 -8.910066e-01 5.557719e-16
    outer loop
      vertex   2.113989e+01 1.803331e+00 -2.151057e-15
      vertex   2.118653e+01 1.827091e+00 1.500000e+00
      vertex   2.100000e+01 1.732051e+00 1.500000e+00
    endloop
  endfacet
  facet normal -8.910066e-01 4.539903e-01 0.000000e+00
    outer loop
      vertex   2.373205e+01 -1.000000e+00 -2.151057e-15
      vertex   2.373205e+01 -1.000000e+00 1.500000e+00
      vertex   2.375581e+01 -9.533683e-01 -2.151057e-15
    endloop
  endfacet
  facet normal -8.910066e-01 4.539903e-01 2.687680e-15
    outer loop
      vertex   2.375581e+01 -9.533683e-01 -2.151057e-15
      vertex   2.373205e+01 -1.000000e+00 1.500000e+00
      vertex   2.382709e+01 -8.134733e-01 1.500000e+00
    endloop
  endfacet
  facet normal 5.446386e-01 -8.386708e-01 0.000000e+00
    outer loop
      vertex   2.100000e+01 1.732051e+00 -2.151057e-15
      vertex   2.100000e+01 1.732051e+00 1.500000e+00
      vertex   2.095611e+01 1.703547e+00 -2.151057e-15
    endloop
  endfacet
  facet normal 5.446386e-01 -8.386708e-01 8.189931e-17
    outer loop
      vertex   2.095611e+01 1.703547e+00 -2.151057e-15
      vertex   2.100000e+01 1.732051e+00 1.500000e+00
      vertex   2.082443e+01 1.618034e+00 1.500000e+00
    endloop
  endfacet
  facet normal -8.386708e-01 5.446386e-01 0.000000e+00
    outer loop
      vertex   2.361803e+01 -1.175570e+00 -2.151057e-15
      vertex   2.361803e+01 -1.175570e+00 1.500000e+00
      vertex   2.364654e+01 -1.131678e+00 -2.151057e-15
    endloop
  endfacet
  facet normal -8.386708e-01 5.446386e-01 1.655401e-15
    outer loop
      vertex   2.364654e+01 -1.131678e+00 -2.151057e-15
      vertex   2.361803e+01 -1.175570e+00 1.500000e+00
      vertex   2.373205e+01 -1.000000e+00 1.500000e+00
    endloop
  endfacet
  facet normal 6.293206e-01 -7.771458e-01 0.000000e+00
    outer loop
      vertex   2.082443e+01 1.618034e+00 -2.151057e-15
      vertex   2.082443e+01 1.618034e+00 1.500000e+00
      vertex   2.078376e+01 1.585098e+00 -2.151057e-15
    endloop
  endfacet
  facet normal 6.293206e-01 -7.771458e-01 6.065648e-16
    outer loop
      vertex   2.078376e+01 1.585098e+00 -2.151057e-15
      vertex   2.082443e+01 1.618034e+00 1.500000e+00
      vertex   2.066174e+01 1.486290e+00 1.500000e+00
    endloop
  endfacet
  facet normal -7.771458e-01 6.293206e-01 0.000000e+00
    outer loop
      vertex   2.348629e+01 -1.338261e+00 -2.151057e-15
      vertex   2.348629e+01 -1.338261e+00 1.500000e+00
      vertex   2.351923e+01 -1.297589e+00 -2.151057e-15
    endloop
  endfacet
  facet normal -7.771458e-01 6.293206e-01 3.519820e-15
    outer loop
      vertex   2.351923e+01 -1.297589e+00 -2.151057e-15
      vertex   2.348629e+01 -1.338261e+00 1.500000e+00
      vertex   2.361803e+01 -1.175570e+00 1.500000e+00
    endloop
  endfacet
  facet normal 7.071068e-01 -7.071068e-01 0.000000e+00
    outer loop
      vertex   2.066174e+01 1.486290e+00 -2.151057e-15
      vertex   2.066174e+01 1.486290e+00 1.500000e+00
      vertex   2.062473e+01 1.449283e+00 -2.151057e-15
    endloop
  endfacet
  facet normal 7.071068e-01 -7.071068e-01 -1.041901e-16
    outer loop
      vertex   2.062473e+01 1.449283e+00 -2.151057e-15
      vertex   2.066174e+01 1.486290e+00 1.500000e+00
      vertex   2.051371e+01 1.338261e+00 1.500000e+00
    endloop
  endfacet
  facet normal -7.071068e-01 7.071068e-01 0.000000e+00
    outer loop
      vertex   2.333826e+01 -1.486290e+00 -2.151057e-15
      vertex   2.333826e+01 -1.486290e+00 1.500000e+00
      vertex   2.337527e+01 -1.449283e+00 -2.151057e-15
    endloop
  endfacet
  facet normal -7.071068e-01 7.071068e-01 1.568970e-15
    outer loop
      vertex   2.337527e+01 -1.449283e+00 -2.151057e-15
      vertex   2.333826e+01 -1.486290e+00 1.500000e+00
      vertex   2.348629e+01 -1.338261e+00 1.500000e+00
    endloop
  endfacet
  facet normal 7.771458e-01 -6.293206e-01 0.000000e+00
    outer loop
      vertex   2.051371e+01 1.338261e+00 -2.151057e-15
      vertex   2.051371e+01 1.338261e+00 1.500000e+00
      vertex   2.048077e+01 1.297589e+00 -2.151057e-15
    endloop
  endfacet
  facet normal 7.771458e-01 -6.293206e-01 -1.609549e-16
    outer loop
      vertex   2.048077e+01 1.297589e+00 -2.151057e-15
      vertex   2.051371e+01 1.338261e+00 1.500000e+00
      vertex   2.038197e+01 1.175570e+00 1.500000e+00
    endloop
  endfacet
  facet normal -6.293206e-01 7.771458e-01 0.000000e+00
    outer loop
      vertex   2.317557e+01 -1.618034e+00 -2.151057e-15
      vertex   2.317557e+01 -1.618034e+00 1.500000e+00
      vertex   2.321624e+01 -1.585098e+00 -2.151057e-15
    endloop
  endfacet
  facet normal -6.293206e-01 7.771458e-01 3.585382e-15
    outer loop
      vertex   2.321624e+01 -1.585098e+00 -2.151057e-15
      vertex   2.317557e+01 -1.618034e+00 1.500000e+00
      vertex   2.333826e+01 -1.486290e+00 1.500000e+00
    endloop
  endfacet
  facet normal 8.386708e-01 -5.446386e-01 0.000000e+00
    outer loop
      vertex   2.038197e+01 1.175570e+00 -2.151057e-15
      vertex   2.038197e+01 1.175570e+00 1.500000e+00
      vertex   2.035346e+01 1.131678e+00 -2.151057e-15
    endloop
  endfacet
  facet normal 8.386708e-01 -5.446386e-01 -3.301852e-16
    outer loop
      vertex   2.035346e+01 1.131678e+00 -2.151057e-15
      vertex   2.038197e+01 1.175570e+00 1.500000e+00
      vertex   2.026795e+01 1.000000e+00 1.500000e+00
    endloop
  endfacet
  facet normal -5.446386e-01 8.386708e-01 0.000000e+00
    outer loop
      vertex   2.300000e+01 -1.732051e+00 -2.151057e-15
      vertex   2.300000e+01 -1.732051e+00 1.500000e+00
      vertex   2.304389e+01 -1.703547e+00 -2.151057e-15
    endloop
  endfacet
  facet normal -5.446386e-01 8.386708e-01 1.372545e-15
    outer loop
      vertex   2.304389e+01 -1.703547e+00 -2.151057e-15
      vertex   2.300000e+01 -1.732051e+00 1.500000e+00
      vertex   2.317557e+01 -1.618034e+00 1.500000e+00
    endloop
  endfacet
  facet normal 8.910066e-01 -4.539903e-01 0.000000e+00
    outer loop
      vertex   2.026795e+01 1.000000e+00 -2.151057e-15
      vertex   2.026795e+01 1.000000e+00 1.500000e+00
      vertex   2.024419e+01 9.533683e-01 -2.151057e-15
    endloop
  endfacet
  facet normal 8.910066e-01 -4.539903e-01 -1.532957e-15
    outer loop
      vertex   2.024419e+01 9.533683e-01 -2.151057e-15
      vertex   2.026795e+01 1.000000e+00 1.500000e+00
      vertex   2.017291e+01 8.134733e-01 1.500000e+00
    endloop
  endfacet
  facet normal -4.539903e-01 8.910066e-01 0.000000e+00
    outer loop
      vertex   2.281347e+01 -1.827091e+00 -2.151057e-15
      vertex   2.281347e+01 -1.827091e+00 1.500000e+00
      vertex   2.286010e+01 -1.803331e+00 -2.151057e-15
    endloop
  endfacet
  facet normal -4.539903e-01 8.910066e-01 2.705910e-15
    outer loop
      vertex   2.286010e+01 -1.803331e+00 -2.151057e-15
      vertex   2.281347e+01 -1.827091e+00 1.500000e+00
      vertex   2.300000e+01 -1.732051e+00 1.500000e+00
    endloop
  endfacet
  facet normal 9.335802e-01 -3.583686e-01 0.000000e+00
    outer loop
      vertex   2.017291e+01 8.134733e-01 -2.151057e-15
      vertex   2.017291e+01 8.134733e-01 1.500000e+00
      vertex   2.015415e+01 7.646135e-01 -2.151057e-15
    endloop
  endfacet
  facet normal 9.335802e-01 -3.583686e-01 -1.244124e-15
    outer loop
      vertex   2.015415e+01 7.646135e-01 -2.151057e-15
      vertex   2.017291e+01 8.134733e-01 1.500000e+00
      vertex   2.009789e+01 6.180340e-01 1.500000e+00
    endloop
  endfacet
  facet normal -3.583686e-01 9.335802e-01 0.000000e+00
    outer loop
      vertex   2.261803e+01 -1.902113e+00 -2.151057e-15
      vertex   2.261803e+01 -1.902113e+00 1.500000e+00
      vertex   2.266689e+01 -1.883358e+00 -2.151057e-15
    endloop
  endfacet
  facet normal -3.583686e-01 9.335802e-01 2.572701e-15
    outer loop
      vertex   2.266689e+01 -1.883358e+00 -2.151057e-15
      vertex   2.261803e+01 -1.902113e+00 1.500000e+00
      vertex   2.281347e+01 -1.827091e+00 1.500000e+00
    endloop
  endfacet
  facet normal 9.659259e-01 -2.588188e-01 0.000000e+00
    outer loop
      vertex   2.009789e+01 6.180340e-01 -2.151057e-15
      vertex   2.009789e+01 6.180340e-01 1.500000e+00
      vertex   2.008434e+01 5.674814e-01 -2.151057e-15
    endloop
  endfacet
  facet normal 9.659259e-01 -2.588188e-01 -1.329833e-16
    outer loop
      vertex   2.008434e+01 5.674814e-01 -2.151057e-15
      vertex   2.009789e+01 6.180340e-01 1.500000e+00
      vertex   2.004370e+01 4.158234e-01 1.500000e+00
    endloop
  endfacet
  facet normal -2.588188e-01 9.659259e-01 0.000000e+00
    outer loop
      vertex   2.241582e+01 -1.956295e+00 -2.151057e-15
      vertex   2.241582e+01 -1.956295e+00 1.500000e+00
      vertex   2.246638e+01 -1.942750e+00 -2.151057e-15
    endloop
  endfacet
  facet normal -2.588188e-01 9.659259e-01 1.714875e-15
    outer loop
      vertex   2.246638e+01 -1.942750e+00 -2.151057e-15
      vertex   2.241582e+01 -1.956295e+00 1.500000e+00
      vertex   2.261803e+01 -1.902113e+00 1.500000e+00
    endloop
  endfacet
  facet normal 9.876883e-01 -1.564344e-01 0.000000e+00
    outer loop
      vertex   2.004370e+01 4.158234e-01 -2.151057e-15
      vertex   2.004370e+01 4.158234e-01 1.500000e+00
      vertex   2.003552e+01 3.641318e-01 -2.151057e-15
    endloop
  endfacet
  facet normal 9.876883e-01 -1.564344e-01 -8.697217e-16
    outer loop
      vertex   2.003552e+01 3.641318e-01 -2.151057e-15
      vertex   2.004370e+01 4.158234e-01 1.500000e+00
      vertex   2.001096e+01 2.090569e-01 1.500000e+00
    endloop
  endfacet
  facet normal -1.564344e-01 9.876883e-01 0.000000e+00
    outer loop
      vertex   2.220906e+01 -1.989044e+00 -2.151057e-15
      vertex   2.220906e+01 -1.989044e+00 1.500000e+00
      vertex   2.226075e+01 -1.980857e+00 -2.151057e-15
    endloop
  endfacet
  facet normal -1.564344e-01 9.876883e-01 -1.228711e-16
    outer loop
      vertex   2.226075e+01 -1.980857e+00 -2.151057e-15
      vertex   2.220906e+01 -1.989044e+00 1.500000e+00
      vertex   2.241582e+01 -1.956295e+00 1.500000e+00
    endloop
  endfacet
  facet normal 9.986295e-01 -5.233604e-02 0.000000e+00
    outer loop
      vertex   2.001096e+01 2.090569e-01 -2.151057e-15
      vertex   2.001096e+01 2.090569e-01 1.500000e+00
      vertex   2.000822e+01 1.567927e-01 -2.151057e-15
    endloop
  endfacet
  facet normal 9.986295e-01 -5.233604e-02 1.332810e-15
    outer loop
      vertex   2.000822e+01 1.567927e-01 -2.151057e-15
      vertex   2.001096e+01 2.090569e-01 1.500000e+00
      vertex   2.000000e+01 0.000000e+00 1.500000e+00
    endloop
  endfacet
  facet normal -5.233604e-02 9.986295e-01 0.000000e+00
    outer loop
      vertex   2.200000e+01 -2.000000e+00 -2.151057e-15
      vertex   2.200000e+01 -2.000000e+00 1.500000e+00
      vertex   2.205226e+01 -1.997261e+00 -2.151057e-15
    endloop
  endfacet
  facet normal -5.233604e-02 9.986295e-01 2.987516e-16
    outer loop
      vertex   2.205226e+01 -1.997261e+00 -2.151057e-15
      vertex   2.200000e+01 -2.000000e+00 1.500000e+00
      vertex   2.220906e+01 -1.989044e+00 1.500000e+00
    endloop
  endfacet
  facet normal 9.986295e-01 5.233604e-02 -0.000000e+00
    outer loop
      vertex   2.000000e+01 0.000000e+00 -2.151057e-15
      vertex   2.000000e+01 0.000000e+00 1.500000e+00
      vertex   2.000274e+01 -5.226423e-02 -2.151057e-15
    endloop
  endfacet
  facet normal 9.986295e-01 5.233604e-02 1.032387e-15
    outer loop
      vertex   2.000274e+01 -5.226423e-02 -2.151057e-15
      vertex   2.000000e+01 0.000000e+00 1.500000e+00
      vertex   2.001096e+01 -2.090569e-01 1.500000e+00
    endloop
  endfacet
  facet normal 5.233604e-02 9.986295e-01 -0.000000e+00
    outer loop
      vertex   2.179094e+01 -1.989044e+00 -2.151057e-15
      vertex   2.179094e+01 -1.989044e+00 1.500000e+00
      vertex   2.184321e+01 -1.991783e+00 -2.151057e-15
    endloop
  endfacet
  facet normal 5.233604e-02 9.986295e-01 1.113533e-17
    outer loop
      vertex   2.184321e+01 -1.991783e+00 -2.151057e-15
      vertex   2.179094e+01 -1.989044e+00 1.500000e+00
      vertex   2.200000e+01 -2.000000e+00 1.500000e+00
    endloop
  endfacet
  facet normal 9.876883e-01 1.564344e-01 -0.000000e+00
    outer loop
      vertex   2.001096e+01 -2.090569e-01 -2.151057e-15
      vertex   2.001096e+01 -2.090569e-01 1.500000e+00
      vertex   2.001914e+01 -2.607486e-01 -2.151057e-15
    endloop
  endfacet
  facet normal 9.876883e-01 1.564344e-01 3.209096e-15
    outer loop
      vertex   2.001914e+01 -2.607486e-01 -2.151057e-15
      vertex   2.001096e+01 -2.090569e-01 1.500000e+00
      vertex   2.004370e+01 -4.158234e-01 1.500000e+00
    endloop
  endfacet
  facet normal 1.564344e-01 9.876883e-01 -0.000000e+00
    outer loop
      vertex   2.158418e+01 -1.956295e+00 -2.151057e-15
      vertex   2.158418e+01 -1.956295e+00 1.500000e+00
      vertex   2.163587e+01 -1.964482e+00 -2.151057e-15
    endloop
  endfacet
  facet normal 1.564344e-01 9.876883e-01 1.228711e-16
    outer loop
      vertex   2.163587e+01 -1.964482e+00 -2.151057e-15
      vertex   2.158418e+01 -1.956295e+00 1.500000e+00
      vertex   2.179094e+01 -1.989044e+00 1.500000e+00
    endloop
  endfacet
  facet normal 9.659259e-01 2.588188e-01 -0.000000e+00
    outer loop
      vertex   2.004370e+01 -4.158234e-01 -2.151057e-15
      vertex   2.004370e+01 -4.158234e-01 1.500000e+00
      vertex   2.005725e+01 -4.663760e-01 -2.151057e-15
    endloop
  endfacet
  facet normal 9.659259e-01 2.588188e-01 1.436644e-16
    outer loop
      vertex   2.005725e+01 -4.663760e-01 -2.151057e-15
      vertex   2.004370e+01 -4.158234e-01 1.500000e+00
      vertex   2.009789e+01 -6.180340e-01 1.500000e+00
    endloop
  endfacet
  facet normal 2.588188e-01 9.659259e-01 -0.000000e+00
    outer loop
      vertex   2.138197e+01 -1.902113e+00 -2.151057e-15
      vertex   2.138197e+01 -1.902113e+00 1.500000e+00
      vertex   2.143252e+01 -1.915659e+00 -2.151057e-15
    endloop
  endfacet
  facet normal 2.588188e-01 9.659259e-01 -4.887660e-16
    outer loop
      vertex   2.143252e+01 -1.915659e+00 -2.151057e-15
      vertex   2.138197e+01 -1.902113e+00 1.500000e+00
      vertex   2.158418e+01 -1.956295e+00 1.500000e+00
    endloop
  endfacet
  facet normal 9.335802e-01 3.583686e-01 -0.000000e+00
    outer loop
      vertex   2.009789e+01 -6.180340e-01 -2.151057e-15
      vertex   2.009789e+01 -6.180340e-01 1.500000e+00
      vertex   2.011664e+01 -6.668938e-01 -2.151057e-15
    endloop
  endfacet
  facet normal 9.335802e-01 3.583686e-01 1.244124e-15
    outer loop
      vertex   2.011664e+01 -6.668938e-01 -2.151057e-15
      vertex   2.009789e+01 -6.180340e-01 1.500000e+00
      vertex   2.017291e+01 -8.134733e-01 1.500000e+00
    endloop
  endfacet
  facet normal 3.583686e-01 9.335802e-01 -0.000000e+00
    outer loop
      vertex   2.118653e+01 -1.827091e+00 -2.151057e-15
      vertex   2.118653e+01 -1.827091e+00 1.500000e+00
      vertex   2.123539e+01 -1.845846e+00 -2.151057e-15
    endloop
  endfacet
  facet normal 3.583686e-01 9.335802e-01 8.216439e-16
    outer loop
      vertex   2.123539e+01 -1.845846e+00 -2.151057e-15
      vertex   2.118653e+01 -1.827091e+00 1.500000e+00
      vertex   2.138197e+01 -1.902113e+00 1.500000e+00
    endloop
  endfacet
  facet normal 8.910066e-01 4.539903e-01 -0.000000e+00
    outer loop
      vertex   2.017291e+01 -8.134733e-01 -2.151057e-15
      vertex   2.017291e+01 -8.134733e-01 1.500000e+00
      vertex   2.019667e+01 -8.601050e-01 -2.151057e-15
    endloop
  endfacet
  facet normal 8.910066e-01 4.539903e-01 1.532957e-15
    outer loop
      vertex   2.019667e+01 -8.601050e-01 -2.151057e-15
      vertex   2.017291e+01 -8.134733e-01 1.500000e+00
      vertex   2.026795e+01 -1.000000e+00 1.500000e+00
    endloop
  endfacet
  facet normal 4.539903e-01 8.910066e-01 -0.000000e+00
    outer loop
      vertex   2.100000e+01 -1.732051e+00 -2.151057e-15
      vertex   2.100000e+01 -1.732051e+00 1.500000e+00
      vertex   2.104663e+01 -1.755811e+00 -2.151057e-15
    endloop
  endfacet
  facet normal 4.539903e-01 8.910066e-01 5.199876e-16
    outer loop
      vertex   2.104663e+01 -1.755811e+00 -2.151057e-15
      vertex   2.100000e+01 -1.732051e+00 1.500000e+00
      vertex   2.118653e+01 -1.827091e+00 1.500000e+00
    endloop
  endfacet
  facet normal 8.386708e-01 5.446386e-01 -0.000000e+00
    outer loop
      vertex   2.026795e+01 -1.000000e+00 -2.151057e-15
      vertex   2.026795e+01 -1.000000e+00 1.500000e+00
      vertex   2.029645e+01 -1.043893e+00 -2.151057e-15
    endloop
  endfacet
  facet normal 8.386708e-01 5.446386e-01 3.301852e-16
    outer loop
      vertex   2.029645e+01 -1.043893e+00 -2.151057e-15
      vertex   2.026795e+01 -1.000000e+00 1.500000e+00
      vertex   2.038197e+01 -1.175570e+00 1.500000e+00
    endloop
  endfacet
  facet normal 5.446386e-01 8.386708e-01 -0.000000e+00
    outer loop
      vertex   2.082443e+01 -1.618034e+00 -2.151057e-15
      vertex   2.082443e+01 -1.618034e+00 1.500000e+00
      vertex   2.086832e+01 -1.646538e+00 -2.151057e-15
    endloop
  endfacet
  facet normal 5.446386e-01 8.386708e-01 1.207365e-15
    outer loop
      vertex   2.086832e+01 -1.646538e+00 -2.151057e-15
      vertex   2.082443e+01 -1.618034e+00 1.500000e+00
      vertex   2.100000e+01 -1.732051e+00 1.500000e+00
    endloop
  endfacet
  facet normal 6.293206e-01 7.771458e-01 -0.000000e+00
    outer loop
      vertex   2.066174e+01 -1.486290e+00 -2.151057e-15
      vertex   2.066174e+01 -1.486290e+00 1.500000e+00
      vertex   2.070241e+01 -1.519226e+00 -2.151057e-15
    endloop
  endfacet
  facet normal 6.293206e-01 7.771458e-01 -6.065648e-16
    outer loop
      vertex   2.070241e+01 -1.519226e+00 -2.151057e-15
      vertex   2.066174e+01 -1.486290e+00 1.500000e+00
      vertex   2.082443e+01 -1.618034e+00 1.500000e+00
    endloop
  endfacet
  facet normal 7.071068e-01 7.071068e-01 -0.000000e+00
    outer loop
      vertex   2.051371e+01 -1.338261e+00 -2.151057e-15
      vertex   2.051371e+01 -1.338261e+00 1.500000e+00
      vertex   2.055072e+01 -1.375268e+00 -2.151057e-15
    endloop
  endfacet
  facet normal 7.071068e-01 7.071068e-01 1.780112e-15
    outer loop
      vertex   2.055072e+01 -1.375268e+00 -2.151057e-15
      vertex   2.051371e+01 -1.338261e+00 1.500000e+00
      vertex   2.066174e+01 -1.486290e+00 1.500000e+00
    endloop
  endfacet
  facet normal -1.000000e+00 0.000000e+00 0.000000e+00
    outer loop
      vertex   1.800000e+01 4.991889e-07 -2.151057e-15
      vertex   1.800000e+01 4.991889e-07 3.500000e+00
      vertex   1.800000e+01 3.000000e+01 -2.151057e-15
    endloop
  endfacet
  facet normal -1.000000e+00 0.000000e+00 0.000000e+00
    outer loop
      vertex   1.800000e+01 3.000000e+01 -2.151057e-15
      vertex   1.800000e+01 4.991889e-07 3.500000e+00
      vertex   1.800000e+01 3.000000e+01 3.500000e+00
    endloop
  endfacet
  facet normal -9.981756e-01 -6.037850e-02 -1.795545e-18
    outer loop
      vertex   1.800000e+01 4.991889e-07 3.500000e+00
      vertex   1.800000e+01 4.991889e-07 -2.151057e-15
      vertex   1.802916e+01 -4.821462e-01 3.500000e+00
    endloop
  endfacet
  facet normal -9.981756e-01 -6.037850e-02 -0.000000e+00
    outer loop
      vertex   1.802916e+01 -4.821462e-01 3.500000e+00
      vertex   1.800000e+01 4.991889e-07 -2.151057e-15
      vertex   1.802916e+01 -4.821462e-01 -1.664770e-15
    endloop
  endfacet
  facet normal -9.836199e-01 -1.802550e-01 -0.000000e+00
    outer loop
      vertex   1.802916e+01 -4.821462e-01 3.500000e+00
      vertex   1.802916e+01 -4.821462e-01 -1.664770e-15
      vertex   1.811623e+01 -9.572621e-01 3.500000e+00
    endloop
  endfacet
  facet normal -9.836199e-01 -1.802550e-01 2.858904e-17
    outer loop
      vertex   1.811623e+01 -9.572621e-01 3.500000e+00
      vertex   1.802916e+01 -4.821462e-01 -1.664770e-15
      vertex   1.811623e+01 -9.572621e-01 -1.675433e-15
    endloop
  endfacet
  facet normal -9.547209e-01 -2.975030e-01 4.718496e-17
    outer loop
      vertex   1.811623e+01 -9.572621e-01 3.500000e+00
      vertex   1.811623e+01 -9.572621e-01 -1.675433e-15
      vertex   1.825993e+01 -1.418419e+00 3.500000e+00
    endloop
  endfacet
  facet normal -9.547209e-01 -2.975030e-01 3.774797e-17
    outer loop
      vertex   1.825993e+01 -1.418419e+00 3.500000e+00
      vertex   1.811623e+01 -9.572621e-01 -1.675433e-15
      vertex   1.825993e+01 -1.418419e+00 -1.693031e-15
    endloop
  endfacet
  facet normal -9.118999e-01 -4.104128e-01 5.207425e-17
    outer loop
      vertex   1.825993e+01 -1.418419e+00 3.500000e+00
      vertex   1.825993e+01 -1.418419e+00 -1.693031e-15
      vertex   1.845818e+01 -1.858892e+00 3.500000e+00
    endloop
  endfacet
  facet normal -9.118999e-01 -4.104128e-01 5.207425e-17
    outer loop
      vertex   1.845818e+01 -1.858892e+00 3.500000e+00
      vertex   1.825993e+01 -1.418419e+00 -1.693031e-15
      vertex   1.845818e+01 -1.858892e+00 -1.717309e-15
    endloop
  endfacet
  facet normal -8.557813e-01 -5.173378e-01 6.564118e-17
    outer loop
      vertex   1.845818e+01 -1.858892e+00 3.500000e+00
      vertex   1.845818e+01 -1.858892e+00 -1.717309e-15
      vertex   1.870806e+01 -2.272258e+00 3.500000e+00
    endloop
  endfacet
  facet normal -8.557813e-01 -5.173378e-01 -0.000000e+00
    outer loop
      vertex   1.870806e+01 -2.272258e+00 3.500000e+00
      vertex   1.845818e+01 -1.858892e+00 -1.717309e-15
      vertex   1.870806e+01 -2.272258e+00 -1.747911e-15
    endloop
  endfacet
  facet normal -7.871835e-01 -6.167189e-01 -0.000000e+00
    outer loop
      vertex   1.870806e+01 -2.272258e+00 3.500000e+00
      vertex   1.870806e+01 -2.272258e+00 -1.747911e-15
      vertex   1.900596e+01 -2.652490e+00 3.500000e+00
    endloop
  endfacet
  facet normal -7.871835e-01 -6.167189e-01 -7.207884e-16
    outer loop
      vertex   1.900596e+01 -2.652490e+00 3.500000e+00
      vertex   1.870806e+01 -2.272258e+00 -1.747911e-15
      vertex   1.900596e+01 -2.652490e+00 -1.784393e-15
    endloop
  endfacet
  facet normal -7.071068e-01 -7.071068e-01 -6.280370e-16
    outer loop
      vertex   1.900596e+01 -2.652490e+00 3.500000e+00
      vertex   1.900596e+01 -2.652490e+00 -1.784393e-15
      vertex   1.934751e+01 -2.994042e+00 3.500000e+00
    endloop
  endfacet
  facet normal -7.071068e-01 -7.071068e-01 -4.485979e-16
    outer loop
      vertex   1.934751e+01 -2.994042e+00 3.500000e+00
      vertex   1.900596e+01 -2.652490e+00 -1.784393e-15
      vertex   1.934751e+01 -2.994042e+00 -1.826221e-15
    endloop
  endfacet
  facet normal -6.167189e-01 -7.871835e-01 -3.263676e-16
    outer loop
      vertex   1.934751e+01 -2.994042e+00 3.500000e+00
      vertex   1.934751e+01 -2.994042e+00 -1.826221e-15
      vertex   1.972774e+01 -3.291935e+00 3.500000e+00
    endloop
  endfacet
  facet normal -6.167189e-01 -7.871835e-01 -5.261274e-16
    outer loop
      vertex   1.972774e+01 -3.291935e+00 3.500000e+00
      vertex   1.934751e+01 -2.994042e+00 -1.826221e-15
      vertex   1.972774e+01 -3.291935e+00 -1.872786e-15
    endloop
  endfacet
  facet normal -5.173378e-01 -8.557813e-01 -4.165457e-16
    outer loop
      vertex   1.972774e+01 -3.291935e+00 3.500000e+00
      vertex   1.972774e+01 -3.291935e+00 -1.872786e-15
      vertex   2.014111e+01 -3.541824e+00 3.500000e+00
    endloop
  endfacet
  facet normal -5.173378e-01 -8.557813e-01 -4.165457e-16
    outer loop
      vertex   2.014111e+01 -3.541824e+00 3.500000e+00
      vertex   1.972774e+01 -3.291935e+00 -1.872786e-15
      vertex   2.014111e+01 -3.541824e+00 -1.923408e-15
    endloop
  endfacet
  facet normal -4.104128e-01 -9.118998e-01 -3.008898e-16
    outer loop
      vertex   2.014111e+01 -3.541824e+00 3.500000e+00
      vertex   2.014111e+01 -3.541824e+00 -1.923408e-15
      vertex   2.058158e+01 -3.740064e+00 3.500000e+00
    endloop
  endfacet
  facet normal -4.104128e-01 -9.118998e-01 -1.157042e-16
    outer loop
      vertex   2.058158e+01 -3.740064e+00 3.500000e+00
      vertex   2.014111e+01 -3.541824e+00 -1.923408e-15
      vertex   2.058158e+01 -3.740064e+00 -1.977351e-15
    endloop
  endfacet
  facet normal -2.975031e-01 -9.547209e-01 -1.211375e-16
    outer loop
      vertex   2.058158e+01 -3.740064e+00 3.500000e+00
      vertex   2.058158e+01 -3.740064e+00 -1.977351e-15
      vertex   2.104274e+01 -3.883767e+00 3.500000e+00
    endloop
  endfacet
  facet normal -2.975031e-01 -9.547209e-01 1.211375e-16
    outer loop
      vertex   2.104274e+01 -3.883767e+00 3.500000e+00
      vertex   2.058158e+01 -3.740064e+00 -1.977351e-15
      vertex   2.104274e+01 -3.883767e+00 -2.033826e-15
    endloop
  endfacet
  facet normal -1.802551e-01 -9.836199e-01 1.248043e-16
    outer loop
      vertex   2.104274e+01 -3.883767e+00 3.500000e+00
      vertex   2.104274e+01 -3.883767e+00 -2.033826e-15
      vertex   2.151785e+01 -3.970835e+00 3.500000e+00
    endloop
  endfacet
  facet normal -1.802551e-01 -9.836199e-01 1.248043e-16
    outer loop
      vertex   2.151785e+01 -3.970835e+00 3.500000e+00
      vertex   2.104274e+01 -3.883767e+00 -2.033826e-15
      vertex   2.151785e+01 -3.970835e+00 -2.092011e-15
    endloop
  endfacet
  facet normal -6.037855e-02 -9.981756e-01 1.266511e-16
    outer loop
      vertex   2.151785e+01 -3.970835e+00 3.500000e+00
      vertex   2.151785e+01 -3.970835e+00 -2.092011e-15
      vertex   2.200000e+01 -4.000000e+00 3.500000e+00
    endloop
  endfacet
  facet normal -6.037855e-02 -9.981756e-01 -3.799534e-16
    outer loop
      vertex   2.200000e+01 -4.000000e+00 3.500000e+00
      vertex   2.151785e+01 -3.970835e+00 -2.092011e-15
      vertex   2.200000e+01 -4.000000e+00 -2.151057e-15
    endloop
  endfacet
  facet normal -5.587935e-08 -1.000000e+00 -3.806479e-16
    outer loop
      vertex   2.200000e+01 -4.000000e+00 -2.151057e-15
      vertex   4.200000e+01 -4.000001e+00 -4.371503e-15
      vertex   2.200000e+01 -4.000000e+00 3.500000e+00
    endloop
  endfacet
  facet normal -5.587935e-08 -1.000000e+00 2.537653e-16
    outer loop
      vertex   2.200000e+01 -4.000000e+00 3.500000e+00
      vertex   4.200000e+01 -4.000001e+00 -4.371503e-15
      vertex   4.200000e+01 -4.000001e+00 3.500000e+00
    endloop
  endfacet
  facet normal 6.037844e-02 -9.981756e-01 2.533023e-16
    outer loop
      vertex   4.200000e+01 -4.000001e+00 3.500000e+00
      vertex   4.200000e+01 -4.000001e+00 -4.371503e-15
      vertex   4.248215e+01 -3.970836e+00 3.500000e+00
    endloop
  endfacet
  facet normal 6.037844e-02 -9.981756e-01 0.000000e+00
    outer loop
      vertex   4.248215e+01 -3.970836e+00 3.500000e+00
      vertex   4.200000e+01 -4.000001e+00 -4.371503e-15
      vertex   4.248215e+01 -3.970836e+00 -4.430549e-15
    endloop
  endfacet
  facet normal 1.802550e-01 -9.836199e-01 0.000000e+00
    outer loop
      vertex   4.248215e+01 -3.970836e+00 3.500000e+00
      vertex   4.248215e+01 -3.970836e+00 -4.430549e-15
      vertex   4.295726e+01 -3.883768e+00 3.500000e+00
    endloop
  endfacet
  facet normal 1.802550e-01 -9.836199e-01 -1.248043e-16
    outer loop
      vertex   4.295726e+01 -3.883768e+00 3.500000e+00
      vertex   4.248215e+01 -3.970836e+00 -4.430549e-15
      vertex   4.295726e+01 -3.883768e+00 -4.488734e-15
    endloop
  endfacet
  facet normal 2.975030e-01 -9.547209e-01 -1.211375e-16
    outer loop
      vertex   4.295726e+01 -3.883768e+00 3.500000e+00
      vertex   4.295726e+01 -3.883768e+00 -4.488734e-15
      vertex   4.341842e+01 -3.740066e+00 3.500000e+00
    endloop
  endfacet
  facet normal 2.975030e-01 -9.547209e-01 2.422750e-16
    outer loop
      vertex   4.341842e+01 -3.740066e+00 3.500000e+00
      vertex   4.295726e+01 -3.883768e+00 -4.488734e-15
      vertex   4.341842e+01 -3.740066e+00 -4.545209e-15
    endloop
  endfacet
  facet normal 4.104128e-01 -9.118999e-01 2.314085e-16
    outer loop
      vertex   4.341842e+01 -3.740066e+00 3.500000e+00
      vertex   4.341842e+01 -3.740066e+00 -4.545209e-15
      vertex   4.385889e+01 -3.541825e+00 3.500000e+00
    endloop
  endfacet
  facet normal 4.104128e-01 -9.118999e-01 0.000000e+00
    outer loop
      vertex   4.385889e+01 -3.541825e+00 3.500000e+00
      vertex   4.341842e+01 -3.740066e+00 -4.545209e-15
      vertex   4.385889e+01 -3.541825e+00 -4.599152e-15
    endloop
  endfacet
  facet normal 5.173378e-01 -8.557813e-01 0.000000e+00
    outer loop
      vertex   4.385889e+01 -3.541825e+00 3.500000e+00
      vertex   4.385889e+01 -3.541825e+00 -4.599152e-15
      vertex   4.427226e+01 -3.291936e+00 3.500000e+00
    endloop
  endfacet
  facet normal 5.173378e-01 -8.557813e-01 -1.085838e-16
    outer loop
      vertex   4.427226e+01 -3.291936e+00 3.500000e+00
      vertex   4.385889e+01 -3.541825e+00 -4.599152e-15
      vertex   4.427226e+01 -3.291936e+00 -4.649775e-15
    endloop
  endfacet
  facet normal 6.167188e-01 -7.871835e-01 -9.987991e-17
    outer loop
      vertex   4.427226e+01 -3.291936e+00 3.500000e+00
      vertex   4.427226e+01 -3.291936e+00 -4.649775e-15
      vertex   4.465249e+01 -2.994044e+00 3.500000e+00
    endloop
  endfacet
  facet normal 6.167188e-01 -7.871835e-01 0.000000e+00
    outer loop
      vertex   4.465249e+01 -2.994044e+00 3.500000e+00
      vertex   4.427226e+01 -3.291936e+00 -4.649775e-15
      vertex   4.465249e+01 -2.994044e+00 -4.696340e-15
    endloop
  endfacet
  facet normal 7.071067e-01 -7.071068e-01 0.000000e+00
    outer loop
      vertex   4.465249e+01 -2.994044e+00 3.500000e+00
      vertex   4.465249e+01 -2.994044e+00 -4.696340e-15
      vertex   4.499404e+01 -2.652491e+00 3.500000e+00
    endloop
  endfacet
  facet normal 7.071067e-01 -7.071068e-01 0.000000e+00
    outer loop
      vertex   4.499404e+01 -2.652491e+00 3.500000e+00
      vertex   4.465249e+01 -2.994044e+00 -4.696340e-15
      vertex   4.499404e+01 -2.652491e+00 -4.738168e-15
    endloop
  endfacet
  facet normal 7.871834e-01 -6.167189e-01 0.000000e+00
    outer loop
      vertex   4.499404e+01 -2.652491e+00 3.500000e+00
      vertex   4.499404e+01 -2.652491e+00 -4.738168e-15
      vertex   4.529193e+01 -2.272260e+00 3.500000e+00
    endloop
  endfacet
  facet normal 7.871834e-01 -6.167189e-01 7.825092e-17
    outer loop
      vertex   4.529193e+01 -2.272260e+00 3.500000e+00
      vertex   4.499404e+01 -2.652491e+00 -4.738168e-15
      vertex   4.529193e+01 -2.272260e+00 -4.774649e-15
    endloop
  endfacet
  facet normal 8.557812e-01 -5.173379e-01 6.564119e-17
    outer loop
      vertex   4.529193e+01 -2.272260e+00 3.500000e+00
      vertex   4.529193e+01 -2.272260e+00 -4.774649e-15
      vertex   4.554182e+01 -1.858894e+00 3.500000e+00
    endloop
  endfacet
  facet normal 8.557812e-01 -5.173379e-01 1.312824e-16
    outer loop
      vertex   4.554182e+01 -1.858894e+00 3.500000e+00
      vertex   4.529193e+01 -2.272260e+00 -4.774649e-15
      vertex   4.554182e+01 -1.858894e+00 -4.805252e-15
    endloop
  endfacet
  facet normal 9.118998e-01 -4.104129e-01 1.041485e-16
    outer loop
      vertex   4.554182e+01 -1.858894e+00 3.500000e+00
      vertex   4.554182e+01 -1.858894e+00 -4.805252e-15
      vertex   4.574006e+01 -1.418420e+00 3.500000e+00
    endloop
  endfacet
  facet normal 9.118998e-01 -4.104129e-01 5.207426e-17
    outer loop
      vertex   4.574006e+01 -1.418420e+00 3.500000e+00
      vertex   4.554182e+01 -1.858894e+00 -4.805252e-15
      vertex   4.574006e+01 -1.418420e+00 -4.829529e-15
    endloop
  endfacet
  facet normal 9.547208e-01 -2.975031e-01 3.774798e-17
    outer loop
      vertex   4.574006e+01 -1.418420e+00 3.500000e+00
      vertex   4.574006e+01 -1.418420e+00 -4.829529e-15
      vertex   4.588377e+01 -9.572635e-01 3.500000e+00
    endloop
  endfacet
  facet normal 9.547208e-01 -2.975031e-01 1.226809e-16
    outer loop
      vertex   4.588377e+01 -9.572635e-01 3.500000e+00
      vertex   4.574006e+01 -1.418420e+00 -4.829529e-15
      vertex   4.588377e+01 -9.572635e-01 -4.847127e-15
    endloop
  endfacet
  facet normal 9.836199e-01 -1.802551e-01 7.433153e-17
    outer loop
      vertex   4.588377e+01 -9.572635e-01 3.500000e+00
      vertex   4.588377e+01 -9.572635e-01 -4.847127e-15
      vertex   4.597083e+01 -4.821476e-01 3.500000e+00
    endloop
  endfacet
  facet normal 9.836199e-01 -1.802551e-01 7.147263e-17
    outer loop
      vertex   4.597083e+01 -4.821476e-01 3.500000e+00
      vertex   4.588377e+01 -9.572635e-01 -4.847127e-15
      vertex   4.597083e+01 -4.821476e-01 -4.857790e-15
    endloop
  endfacet
  facet normal 9.981756e-01 -6.037855e-02 2.394059e-17
    outer loop
      vertex   4.597083e+01 -4.821476e-01 3.500000e+00
      vertex   4.597083e+01 -4.821476e-01 -4.857790e-15
      vertex   4.600000e+01 -8.419156e-07 3.500000e+00
    endloop
  endfacet
  facet normal 9.981756e-01 -6.037855e-02 -4.030867e-15
    outer loop
      vertex   4.600000e+01 -8.419156e-07 3.500000e+00
      vertex   4.597083e+01 -4.821476e-01 -4.857790e-15
      vertex   4.600000e+01 -8.419156e-07 -4.371503e-15
    endloop
  endfacet
  facet normal -1.636278e-16 1.072474e-17 1.000000e+00
    outer loop
      vertex   2.862909e+01 1.444379e+01 3.500000e+00
      vertex   2.138197e+01 2.809789e+01 3.500000e+00
      vertex   2.860000e+01 1.400000e+01 3.500000e+00
    endloop
  endfacet
  facet normal 4.514905e-17 1.176173e-16 1.000000e+00
    outer loop
      vertex   2.860000e+01 1.400000e+01 3.500000e+00
      vertex   2.138197e+01 2.809789e+01 3.500000e+00
      vertex   2.118653e+01 2.817291e+01 3.500000e+00
    endloop
  endfacet
  facet normal -1.837414e-16 -2.109288e-18 1.000000e+00
    outer loop
      vertex   2.860000e+01 1.400000e+01 3.500000e+00
      vertex   2.118653e+01 2.817291e+01 3.500000e+00
      vertex   2.150000e+01 8.660254e-01 3.500000e+00
    endloop
  endfacet
  facet normal 0.000000e+00 0.000000e+00 1.000000e+00
    outer loop
      vertex   2.150000e+01 8.660254e-01 3.500000e+00
      vertex   2.118653e+01 2.817291e+01 3.500000e+00
      vertex   1.800000e+01 4.991889e-07 3.500000e+00
    endloop
  endfacet
  facet normal 0.000000e+00 0.000000e+00 1.000000e+00
    outer loop
      vertex   2.150000e+01 8.660254e-01 3.500000e+00
      vertex   1.800000e+01 4.991889e-07 3.500000e+00
      vertex   2.137651e+01 7.818315e-01 3.500000e+00
    endloop
  endfacet
  facet normal 0.000000e+00 0.000000e+00 1.000000e+00
    outer loop
      vertex   2.137651e+01 7.818315e-01 3.500000e+00
      vertex   1.800000e+01 4.991889e-07 3.500000e+00
      vertex   2.126695e+01 6.801727e-01 3.500000e+00
    endloop
  endfacet
  facet normal 0.000000e+00 0.000000e+00 1.000000e+00
    outer loop
      vertex   2.126695e+01 6.801727e-01 3.500000e+00
      vertex   1.800000e+01 4.991889e-07 3.500000e+00
      vertex   2.117376e+01 5.633200e-01 3.500000e+00
    endloop
  endfacet
  facet normal 0.000000e+00 0.000000e+00 1.000000e+00
    outer loop
      vertex   2.117376e+01 5.633200e-01 3.500000e+00
      vertex   1.800000e+01 4.991889e-07 3.500000e+00
      vertex   2.109903e+01 4.338837e-01 3.500000e+00
    endloop
  endfacet
  facet normal 0.000000e+00 0.000000e+00 1.000000e+00
    outer loop
      vertex   2.109903e+01 4.338837e-01 3.500000e+00
      vertex   1.800000e+01 4.991889e-07 3.500000e+00
      vertex   2.104443e+01 2.947552e-01 3.500000e+00
    endloop
  endfacet
  facet normal 0.000000e+00 0.000000e+00 1.000000e+00
    outer loop
      vertex   2.104443e+01 2.947552e-01 3.500000e+00
      vertex   1.800000e+01 4.991889e-07 3.500000e+00
      vertex   2.101117e+01 1.490423e-01 3.500000e+00
    endloop
  endfacet
  facet normal 0.000000e+00 0.000000e+00 1.000000e+00
    outer loop
      vertex   2.101117e+01 1.490423e-01 3.500000e+00
      vertex   1.800000e+01 4.991889e-07 3.500000e+00
      vertex   2.100000e+01 -1.734723e-16 3.500000e+00
    endloop
  endfacet
  facet normal 7.663103e-22 4.605333e-15 1.000000e+00
    outer loop
      vertex   2.100000e+01 -1.734723e-16 3.500000e+00
      vertex   1.800000e+01 4.991889e-07 3.500000e+00
      vertex   1.802916e+01 -4.821462e-01 3.500000e+00
    endloop
  endfacet
  facet normal 5.785141e-16 1.040713e-15 1.000000e+00
    outer loop
      vertex   2.100000e+01 -1.734723e-16 3.500000e+00
      vertex   1.802916e+01 -4.821462e-01 3.500000e+00
      vertex   1.811623e+01 -9.572621e-01 3.500000e+00
    endloop
  endfacet
  facet normal -1.396972e-16 2.778750e-17 1.000000e+00
    outer loop
      vertex   2.871585e+01 1.487998e+01 3.500000e+00
      vertex   2.179094e+01 2.801096e+01 3.500000e+00
      vertex   2.862909e+01 1.444379e+01 3.500000e+00
    endloop
  endfacet
  facet normal 1.690233e-17 1.067171e-16 1.000000e+00
    outer loop
      vertex   2.862909e+01 1.444379e+01 3.500000e+00
      vertex   2.179094e+01 2.801096e+01 3.500000e+00
      vertex   2.158418e+01 2.804371e+01 3.500000e+00
    endloop
  endfacet
  facet normal 3.047924e-17 1.137501e-16 1.000000e+00
    outer loop
      vertex   2.862909e+01 1.444379e+01 3.500000e+00
      vertex   2.158418e+01 2.804371e+01 3.500000e+00
      vertex   2.138197e+01 2.809789e+01 3.500000e+00
    endloop
  endfacet
  facet normal -1.215111e-16 4.124747e-17 1.000000e+00
    outer loop
      vertex   2.885881e+01 1.530112e+01 3.500000e+00
      vertex   2.220906e+01 2.801096e+01 3.500000e+00
      vertex   2.871585e+01 1.487998e+01 3.500000e+00
    endloop
  endfacet
  facet normal -5.182700e-18 9.889176e-17 1.000000e+00
    outer loop
      vertex   2.871585e+01 1.487998e+01 3.500000e+00
      vertex   2.220906e+01 2.801096e+01 3.500000e+00
      vertex   2.200000e+01 2.800000e+01 3.500000e+00
    endloop
  endfacet
  facet normal 5.468431e-18 1.043438e-16 1.000000e+00
    outer loop
      vertex   2.871585e+01 1.487998e+01 3.500000e+00
      vertex   2.200000e+01 2.800000e+01 3.500000e+00
      vertex   2.179094e+01 2.801096e+01 3.500000e+00
    endloop
  endfacet
  facet normal -1.061446e-16 5.234472e-17 1.000000e+00
    outer loop
      vertex   2.905551e+01 1.570000e+01 3.500000e+00
      vertex   2.261803e+01 2.809789e+01 3.500000e+00
      vertex   2.885881e+01 1.530112e+01 3.500000e+00
    endloop
  endfacet
  facet normal -2.467211e-17 9.207754e-17 1.000000e+00
    outer loop
      vertex   2.885881e+01 1.530112e+01 3.500000e+00
      vertex   2.261803e+01 2.809789e+01 3.500000e+00
      vertex   2.241582e+01 2.804371e+01 3.500000e+00
    endloop
  endfacet
  facet normal -1.533167e-17 9.680031e-17 1.000000e+00
    outer loop
      vertex   2.885881e+01 1.530112e+01 3.500000e+00
      vertex   2.241582e+01 2.804371e+01 3.500000e+00
      vertex   2.220906e+01 2.801096e+01 3.500000e+00
    endloop
  endfacet
  facet normal -9.217836e-17 6.159161e-17 1.000000e+00
    outer loop
      vertex   2.930260e+01 1.606979e+01 3.500000e+00
      vertex   2.300000e+01 2.826795e+01 3.500000e+00
      vertex   2.905551e+01 1.570000e+01 3.500000e+00
    endloop
  endfacet
  facet normal -4.336598e-17 8.511049e-17 1.000000e+00
    outer loop
      vertex   2.905551e+01 1.570000e+01 3.500000e+00
      vertex   2.300000e+01 2.826795e+01 3.500000e+00
      vertex   2.281347e+01 2.817291e+01 3.500000e+00
    endloop
  endfacet
  facet normal -3.439435e-17 8.960032e-17 1.000000e+00
    outer loop
      vertex   2.905551e+01 1.570000e+01 3.500000e+00
      vertex   2.281347e+01 2.817291e+01 3.500000e+00
      vertex   2.261803e+01 2.809789e+01 3.500000e+00
    endloop
  endfacet
  facet normal -5.310776e-17 8.177878e-17 1.000000e+00
    outer loop
      vertex   2.300000e+01 2.826795e+01 3.500000e+00
      vertex   2.930260e+01 1.606979e+01 3.500000e+00
      vertex   2.317557e+01 2.838197e+01 3.500000e+00
    endloop
  endfacet
  facet normal -7.871820e-17 6.903401e-17 1.000000e+00
    outer loop
      vertex   2.317557e+01 2.838197e+01 3.500000e+00
      vertex   2.930260e+01 1.606979e+01 3.500000e+00
      vertex   2.959584e+01 1.640416e+01 3.500000e+00
    endloop
  endfacet
  facet normal -6.280836e-17 7.756190e-17 1.000000e+00
    outer loop
      vertex   2.317557e+01 2.838197e+01 3.500000e+00
      vertex   2.959584e+01 1.640416e+01 3.500000e+00
      vertex   2.333826e+01 2.851371e+01 3.500000e+00
    endloop
  endfacet
  facet normal -7.253546e-17 7.253545e-17 1.000000e+00
    outer loop
      vertex   2.333826e+01 2.851371e+01 3.500000e+00
      vertex   2.959584e+01 1.640416e+01 3.500000e+00
      vertex   2.348629e+01 2.866174e+01 3.500000e+00
    endloop
  endfacet
  facet normal -6.632607e-17 7.563039e-17 1.000000e+00
    outer loop
      vertex   2.348629e+01 2.866174e+01 3.500000e+00
      vertex   2.959584e+01 1.640416e+01 3.500000e+00
      vertex   2.993021e+01 1.669740e+01 3.500000e+00
    endloop
  endfacet
  facet normal -8.258309e-17 6.687446e-17 1.000000e+00
    outer loop
      vertex   2.348629e+01 2.866174e+01 3.500000e+00
      vertex   2.993021e+01 1.669740e+01 3.500000e+00
      vertex   2.361803e+01 2.882443e+01 3.500000e+00
    endloop
  endfacet
  facet normal -5.446373e-17 8.151073e-17 1.000000e+00
    outer loop
      vertex   2.361803e+01 2.882443e+01 3.500000e+00
      vertex   2.993021e+01 1.669740e+01 3.500000e+00
      vertex   3.030000e+01 1.694449e+01 3.500000e+00
    endloop
  endfacet
  facet normal -9.253856e-17 6.009524e-17 1.000000e+00
    outer loop
      vertex   2.361803e+01 2.882443e+01 3.500000e+00
      vertex   3.030000e+01 1.694449e+01 3.500000e+00
      vertex   2.373205e+01 2.900000e+01 3.500000e+00
    endloop
  endfacet
  facet normal -4.295682e-17 8.710781e-17 1.000000e+00
    outer loop
      vertex   2.373205e+01 2.900000e+01 3.500000e+00
      vertex   3.030000e+01 1.694449e+01 3.500000e+00
      vertex   3.069888e+01 1.714119e+01 3.500000e+00
    endloop
  endfacet
  facet normal -1.024097e-16 5.218034e-17 1.000000e+00
    outer loop
      vertex   2.373205e+01 2.900000e+01 3.500000e+00
      vertex   3.069888e+01 1.714119e+01 3.500000e+00
      vertex   2.382709e+01 2.918653e+01 3.500000e+00
    endloop
  endfacet
  facet normal -1.158941e-16 4.448757e-17 1.000000e+00
    outer loop
      vertex   2.382709e+01 2.918653e+01 3.500000e+00
      vertex   3.069888e+01 1.714119e+01 3.500000e+00
      vertex   2.390211e+01 2.938197e+01 3.500000e+00
    endloop
  endfacet
  facet normal -3.108640e-17 9.157758e-17 1.000000e+00
    outer loop
      vertex   2.390211e+01 2.938197e+01 3.500000e+00
      vertex   3.069888e+01 1.714119e+01 3.500000e+00
      vertex   3.112002e+01 1.728415e+01 3.500000e+00
    endloop
  endfacet
  facet normal -1.273739e-16 3.412974e-17 1.000000e+00
    outer loop
      vertex   2.390211e+01 2.938197e+01 3.500000e+00
      vertex   3.112002e+01 1.728415e+01 3.500000e+00
      vertex   2.395629e+01 2.958418e+01 3.500000e+00
    endloop
  endfacet
  facet normal -1.930819e-17 9.706881e-17 1.000000e+00
    outer loop
      vertex   2.395629e+01 2.958418e+01 3.500000e+00
      vertex   3.112002e+01 1.728415e+01 3.500000e+00
      vertex   3.155621e+01 1.737091e+01 3.500000e+00
    endloop
  endfacet
  facet normal -1.397340e-16 2.213174e-17 1.000000e+00
    outer loop
      vertex   2.395629e+01 2.958418e+01 3.500000e+00
      vertex   3.155621e+01 1.737091e+01 3.500000e+00
      vertex   2.398904e+01 2.979094e+01 3.500000e+00
    endloop
  endfacet
  facet normal -6.760714e-18 1.031486e-16 1.000000e+00
    outer loop
      vertex   2.398904e+01 2.979094e+01 3.500000e+00
      vertex   3.155621e+01 1.737091e+01 3.500000e+00
      vertex   3.200000e+01 1.740000e+01 3.500000e+00
    endloop
  endfacet
  facet normal 1.290015e-16 1.909212e-16 1.000000e+00
    outer loop
      vertex   2.398904e+01 2.979094e+01 3.500000e+00
      vertex   3.200000e+01 1.740000e+01 3.500000e+00
      vertex   4.100280e+01 2.992527e+01 3.500000e+00
    endloop
  endfacet
  facet normal 1.775456e-17 2.708822e-16 1.000000e+00
    outer loop
      vertex   4.100280e+01 2.992527e+01 3.500000e+00
      vertex   3.200000e+01 1.740000e+01 3.500000e+00
      vertex   3.244379e+01 1.737091e+01 3.500000e+00
    endloop
  endfacet
  facet normal 3.399325e-16 5.123555e-17 1.000000e+00
    outer loop
      vertex   4.100280e+01 2.992527e+01 3.500000e+00
      vertex   3.244379e+01 1.737091e+01 3.500000e+00
      vertex   4.102507e+01 2.977748e+01 3.500000e+00
    endloop
  endfacet
  facet normal 5.007115e-17 2.517247e-16 1.000000e+00
    outer loop
      vertex   4.102507e+01 2.977748e+01 3.500000e+00
      vertex   3.244379e+01 1.737091e+01 3.500000e+00
      vertex   3.287999e+01 1.728415e+01 3.500000e+00
    endloop
  endfacet
  facet normal 7.903833e-17 2.328394e-16 1.000000e+00
    outer loop
      vertex   4.102507e+01 2.977748e+01 3.500000e+00
      vertex   3.287999e+01 1.728415e+01 3.500000e+00
      vertex   3.330112e+01 1.714119e+01 3.500000e+00
    endloop
  endfacet
  facet normal 3.056938e-16 9.429595e-17 1.000000e+00
    outer loop
      vertex   4.102507e+01 2.977748e+01 3.500000e+00
      vertex   3.330112e+01 1.714119e+01 3.500000e+00
      vertex   4.106913e+01 2.963466e+01 3.500000e+00
    endloop
  endfacet
  facet normal 1.073254e-16 2.176345e-16 1.000000e+00
    outer loop
      vertex   4.106913e+01 2.963466e+01 3.500000e+00
      vertex   3.330112e+01 1.714119e+01 3.500000e+00
      vertex   3.370000e+01 1.694449e+01 3.500000e+00
    endloop
  endfacet
  facet normal 2.635483e-16 1.269166e-16 1.000000e+00
    outer loop
      vertex   4.106913e+01 2.963466e+01 3.500000e+00
      vertex   3.370000e+01 1.694449e+01 3.500000e+00
      vertex   4.113397e+01 2.950000e+01 3.500000e+00
    endloop
  endfacet
  facet normal 1.354724e-16 2.027488e-16 1.000000e+00
    outer loop
      vertex   4.113397e+01 2.950000e+01 3.500000e+00
      vertex   3.370000e+01 1.694449e+01 3.500000e+00
      vertex   3.406979e+01 1.669740e+01 3.500000e+00
    endloop
  endfacet
  facet normal 2.249562e-16 1.533737e-16 1.000000e+00
    outer loop
      vertex   4.113397e+01 2.950000e+01 3.500000e+00
      vertex   3.406979e+01 1.669740e+01 3.500000e+00
      vertex   4.121817e+01 2.937651e+01 3.500000e+00
    endloop
  endfacet
  facet normal 1.644308e-16 1.874974e-16 1.000000e+00
    outer loop
      vertex   4.121817e+01 2.937651e+01 3.500000e+00
      vertex   3.406979e+01 1.669740e+01 3.500000e+00
      vertex   3.440416e+01 1.640416e+01 3.500000e+00
    endloop
  endfacet
  facet normal 1.884658e-16 1.748725e-16 1.000000e+00
    outer loop
      vertex   4.121817e+01 2.937651e+01 3.500000e+00
      vertex   3.440416e+01 1.640416e+01 3.500000e+00
      vertex   4.131983e+01 2.926695e+01 3.500000e+00
    endloop
  endfacet
  facet normal 1.952467e-16 1.712268e-16 1.000000e+00
    outer loop
      vertex   4.131983e+01 2.926695e+01 3.500000e+00
      vertex   3.440416e+01 1.640416e+01 3.500000e+00
      vertex   3.469740e+01 1.606979e+01 3.500000e+00
    endloop
  endfacet
  facet normal 1.533250e-16 1.922633e-16 1.000000e+00
    outer loop
      vertex   4.131983e+01 2.926695e+01 3.500000e+00
      vertex   3.469740e+01 1.606979e+01 3.500000e+00
      vertex   4.143668e+01 2.917376e+01 3.500000e+00
    endloop
  endfacet
  facet normal 1.206925e-16 2.090460e-16 1.000000e+00
    outer loop
      vertex   4.143668e+01 2.917376e+01 3.500000e+00
      vertex   3.469740e+01 1.606979e+01 3.500000e+00
      vertex   4.156612e+01 2.909903e+01 3.500000e+00
    endloop
  endfacet
  facet normal 2.281098e-16 1.524181e-16 1.000000e+00
    outer loop
      vertex   4.156612e+01 2.909903e+01 3.500000e+00
      vertex   3.469740e+01 1.606979e+01 3.500000e+00
      vertex   3.494449e+01 1.570000e+01 3.500000e+00
    endloop
  endfacet
  facet normal 8.715965e-17 2.220739e-16 1.000000e+00
    outer loop
      vertex   4.156612e+01 2.909903e+01 3.500000e+00
      vertex   3.494449e+01 1.570000e+01 3.500000e+00
      vertex   4.170524e+01 2.904443e+01 3.500000e+00
    endloop
  endfacet
  facet normal 2.662904e-16 1.313199e-16 1.000000e+00
    outer loop
      vertex   4.170524e+01 2.904443e+01 3.500000e+00
      vertex   3.494449e+01 1.570000e+01 3.500000e+00
      vertex   3.514119e+01 1.530112e+01 3.500000e+00
    endloop
  endfacet
  facet normal 5.320042e-17 2.330956e-16 1.000000e+00
    outer loop
      vertex   4.170524e+01 2.904443e+01 3.500000e+00
      vertex   3.514119e+01 1.530112e+01 3.500000e+00
      vertex   4.185096e+01 2.901117e+01 3.500000e+00
    endloop
  endfacet
  facet normal 1.873354e-17 2.499638e-16 1.000000e+00
    outer loop
      vertex   4.185096e+01 2.901117e+01 3.500000e+00
      vertex   3.514119e+01 1.530112e+01 3.500000e+00
      vertex   4.200000e+01 2.900000e+01 3.500000e+00
    endloop
  endfacet
  facet normal 3.086914e-16 1.047866e-16 1.000000e+00
    outer loop
      vertex   4.200000e+01 2.900000e+01 3.500000e+00
      vertex   3.514119e+01 1.530112e+01 3.500000e+00
      vertex   3.528415e+01 1.487998e+01 3.500000e+00
    endloop
  endfacet
  facet normal -1.955364e-17 2.609086e-16 1.000000e+00
    outer loop
      vertex   4.200000e+01 2.900000e+01 3.500000e+00
      vertex   3.528415e+01 1.487998e+01 3.500000e+00
      vertex   4.214904e+01 2.901117e+01 3.500000e+00
    endloop
  endfacet
  facet normal 3.671766e-16 7.303598e-17 1.000000e+00
    outer loop
      vertex   4.214904e+01 2.901117e+01 3.500000e+00
      vertex   3.528415e+01 1.487998e+01 3.500000e+00
      vertex   3.537091e+01 1.444379e+01 3.500000e+00
    endloop
  endfacet
  facet normal -6.227556e-17 2.728579e-16 1.000000e+00
    outer loop
      vertex   4.214904e+01 2.901117e+01 3.500000e+00
      vertex   3.537091e+01 1.444379e+01 3.500000e+00
      vertex   4.229476e+01 2.904443e+01 3.500000e+00
    endloop
  endfacet
  facet normal -1.173412e-16 2.989709e-16 1.000000e+00
    outer loop
      vertex   4.229476e+01 2.904443e+01 3.500000e+00
      vertex   3.537091e+01 1.444379e+01 3.500000e+00
      vertex   4.243388e+01 2.909903e+01 3.500000e+00
    endloop
  endfacet
  facet normal 4.888864e-16 6.804638e-18 1.000000e+00
    outer loop
      vertex   4.243388e+01 2.909903e+01 3.500000e+00
      vertex   3.537091e+01 1.444379e+01 3.500000e+00
      vertex   4.281347e+01 1.827091e+00 3.500000e+00
    endloop
  endfacet
  facet normal 2.481876e-16 3.454436e-18 1.000000e+00
    outer loop
      vertex   4.243388e+01 2.909903e+01 3.500000e+00
      vertex   4.281347e+01 1.827091e+00 3.500000e+00
      vertex   4.600000e+01 3.000000e+01 3.500000e+00
    endloop
  endfacet
  facet normal 4.517337e-15 -4.794125e-16 1.000000e+00
    outer loop
      vertex   4.600000e+01 3.000000e+01 3.500000e+00
      vertex   4.281347e+01 1.827091e+00 3.500000e+00
      vertex   4.300000e+01 1.732051e+00 3.500000e+00
    endloop
  endfacet
  facet normal 0.000000e+00 0.000000e+00 1.000000e+00
    outer loop
      vertex   4.600000e+01 3.000000e+01 3.500000e+00
      vertex   4.300000e+01 1.732051e+00 3.500000e+00
      vertex   4.317557e+01 1.618034e+00 3.500000e+00
    endloop
  endfacet
  facet normal 5.370193e-16 3.519810e-17 1.000000e+00
    outer loop
      vertex   3.537091e+01 1.444379e+01 3.500000e+00
      vertex   3.540000e+01 1.400000e+01 3.500000e+00
      vertex   4.281347e+01 1.827091e+00 3.500000e+00
    endloop
  endfacet
  facet normal -1.462172e-16 -3.809024e-16 1.000000e+00
    outer loop
      vertex   4.281347e+01 1.827091e+00 3.500000e+00
      vertex   3.540000e+01 1.400000e+01 3.500000e+00
      vertex   4.261804e+01 1.902113e+00 3.500000e+00
    endloop
  endfacet
  facet normal -9.365926e-17 -3.495445e-16 1.000000e+00
    outer loop
      vertex   4.261804e+01 1.902113e+00 3.500000e+00
      vertex   3.540000e+01 1.400000e+01 3.500000e+00
      vertex   4.241582e+01 1.956295e+00 3.500000e+00
    endloop
  endfacet
  facet normal 4.551722e-16 -2.983356e-17 1.000000e+00
    outer loop
      vertex   4.241582e+01 1.956295e+00 3.500000e+00
      vertex   3.540000e+01 1.400000e+01 3.500000e+00
      vertex   3.537091e+01 1.355621e+01 3.500000e+00
    endloop
  endfacet
  facet normal -5.367113e-17 -3.388664e-16 1.000000e+00
    outer loop
      vertex   4.241582e+01 1.956295e+00 3.500000e+00
      vertex   3.537091e+01 1.355621e+01 3.500000e+00
      vertex   4.220906e+01 1.989044e+00 3.500000e+00
    endloop
  endfacet
  facet normal -1.661103e-17 -3.169577e-16 1.000000e+00
    outer loop
      vertex   4.220906e+01 1.989044e+00 3.500000e+00
      vertex   3.537091e+01 1.355621e+01 3.500000e+00
      vertex   4.200000e+01 2.000000e+00 3.500000e+00
    endloop
  endfacet
  facet normal 3.979401e-16 -7.915521e-17 1.000000e+00
    outer loop
      vertex   4.200000e+01 2.000000e+00 3.500000e+00
      vertex   3.537091e+01 1.355621e+01 3.500000e+00
      vertex   3.528415e+01 1.312002e+01 3.500000e+00
    endloop
  endfacet
  facet normal 1.622995e-17 -3.096862e-16 1.000000e+00
    outer loop
      vertex   4.200000e+01 2.000000e+00 3.500000e+00
      vertex   3.528415e+01 1.312002e+01 3.500000e+00
      vertex   4.179094e+01 1.989044e+00 3.500000e+00
    endloop
  endfacet
  facet normal 4.626825e-17 -2.921268e-16 1.000000e+00
    outer loop
      vertex   4.179094e+01 1.989044e+00 3.500000e+00
      vertex   3.528415e+01 1.312002e+01 3.500000e+00
      vertex   4.158418e+01 1.956295e+00 3.500000e+00
    endloop
  endfacet
  facet normal 3.521164e-16 -1.195274e-16 1.000000e+00
    outer loop
      vertex   4.158418e+01 1.956295e+00 3.500000e+00
      vertex   3.528415e+01 1.312002e+01 3.500000e+00
      vertex   3.514119e+01 1.269888e+01 3.500000e+00
    endloop
  endfacet
  facet normal 7.634524e-17 -2.849243e-16 1.000000e+00
    outer loop
      vertex   4.158418e+01 1.956295e+00 3.500000e+00
      vertex   3.514119e+01 1.269888e+01 3.500000e+00
      vertex   4.138197e+01 1.902113e+00 3.500000e+00
    endloop
  endfacet
  facet normal 1.033748e-16 -2.693006e-16 1.000000e+00
    outer loop
      vertex   4.138197e+01 1.902113e+00 3.500000e+00
      vertex   3.514119e+01 1.269888e+01 3.500000e+00
      vertex   4.118653e+01 1.827091e+00 3.500000e+00
    endloop
  endfacet
  facet normal 3.114583e-16 -1.535942e-16 1.000000e+00
    outer loop
      vertex   4.118653e+01 1.827091e+00 3.500000e+00
      vertex   3.514119e+01 1.269888e+01 3.500000e+00
      vertex   3.494449e+01 1.230000e+01 3.500000e+00
    endloop
  endfacet
  facet normal 1.325823e-16 -2.602075e-16 1.000000e+00
    outer loop
      vertex   4.118653e+01 1.827091e+00 3.500000e+00
      vertex   3.494449e+01 1.230000e+01 3.500000e+00
      vertex   4.100000e+01 1.732051e+00 3.500000e+00
    endloop
  endfacet
  facet normal 1.591096e-16 -2.450071e-16 1.000000e+00
    outer loop
      vertex   4.100000e+01 1.732051e+00 3.500000e+00
      vertex   3.494449e+01 1.230000e+01 3.500000e+00
      vertex   4.082443e+01 1.618033e+00 3.500000e+00
    endloop
  endfacet
  facet normal 2.729203e-16 -1.823595e-16 1.000000e+00
    outer loop
      vertex   4.082443e+01 1.618033e+00 3.500000e+00
      vertex   3.494449e+01 1.230000e+01 3.500000e+00
      vertex   3.469740e+01 1.193021e+01 3.500000e+00
    endloop
  endfacet
  facet normal 1.883579e-16 -2.326026e-16 1.000000e+00
    outer loop
      vertex   4.082443e+01 1.618033e+00 3.500000e+00
      vertex   3.469740e+01 1.193021e+01 3.500000e+00
      vertex   4.066174e+01 1.486290e+00 3.500000e+00
    endloop
  endfacet
  facet normal 2.165198e-16 -2.165199e-16 1.000000e+00
    outer loop
      vertex   4.066174e+01 1.486290e+00 3.500000e+00
      vertex   3.469740e+01 1.193021e+01 3.500000e+00
      vertex   4.051371e+01 1.338261e+00 3.500000e+00
    endloop
  endfacet
  facet normal 2.351981e-16 -2.062632e-16 1.000000e+00
    outer loop
      vertex   4.051371e+01 1.338261e+00 3.500000e+00
      vertex   3.469740e+01 1.193021e+01 3.500000e+00
      vertex   3.440416e+01 1.159584e+01 3.500000e+00
    endloop
  endfacet
  facet normal 2.464430e-16 -1.995656e-16 1.000000e+00
    outer loop
      vertex   4.051371e+01 1.338261e+00 3.500000e+00
      vertex   3.440416e+01 1.159584e+01 3.500000e+00
      vertex   4.038197e+01 1.175570e+00 3.500000e+00
    endloop
  endfacet
  facet normal 1.989219e-16 -2.268270e-16 1.000000e+00
    outer loop
      vertex   4.038197e+01 1.175570e+00 3.500000e+00
      vertex   3.440416e+01 1.159584e+01 3.500000e+00
      vertex   3.406979e+01 1.130260e+01 3.500000e+00
    endloop
  endfacet
  facet normal 2.756446e-16 -1.790057e-16 1.000000e+00
    outer loop
      vertex   4.038197e+01 1.175570e+00 3.500000e+00
      vertex   3.406979e+01 1.130260e+01 3.500000e+00
      vertex   4.026795e+01 1.000000e+00 3.500000e+00
    endloop
  endfacet
  facet normal 1.643475e-16 -2.459634e-16 1.000000e+00
    outer loop
      vertex   4.026795e+01 1.000000e+00 3.500000e+00
      vertex   3.406979e+01 1.130260e+01 3.500000e+00
      vertex   3.370000e+01 1.105551e+01 3.500000e+00
    endloop
  endfacet
  facet normal 3.038718e-16 -1.548304e-16 1.000000e+00
    outer loop
      vertex   4.026795e+01 1.000000e+00 3.500000e+00
      vertex   3.370000e+01 1.105551e+01 3.500000e+00
      vertex   4.017291e+01 8.134731e-01 3.500000e+00
    endloop
  endfacet
  facet normal 3.414607e-16 -1.310745e-16 1.000000e+00
    outer loop
      vertex   4.017291e+01 8.134731e-01 3.500000e+00
      vertex   3.370000e+01 1.105551e+01 3.500000e+00
      vertex   4.009789e+01 6.180339e-01 3.500000e+00
    endloop
  endfacet
  facet normal 1.288943e-16 -2.613718e-16 1.000000e+00
    outer loop
      vertex   4.009789e+01 6.180339e-01 3.500000e+00
      vertex   3.370000e+01 1.105551e+01 3.500000e+00
      vertex   3.330112e+01 1.085881e+01 3.500000e+00
    endloop
  endfacet
  facet normal 3.723718e-16 -9.977672e-17 1.000000e+00
    outer loop
      vertex   4.009789e+01 6.180339e-01 3.500000e+00
      vertex   3.330112e+01 1.085881e+01 3.500000e+00
      vertex   4.004370e+01 4.158234e-01 3.500000e+00
    endloop
  endfacet
  facet normal 9.472229e-17 -2.790429e-16 1.000000e+00
    outer loop
      vertex   4.004370e+01 4.158234e-01 3.500000e+00
      vertex   3.330112e+01 1.085881e+01 3.500000e+00
      vertex   3.287999e+01 1.071585e+01 3.500000e+00
    endloop
  endfacet
  facet normal 4.039431e-16 -6.397830e-17 1.000000e+00
    outer loop
      vertex   4.004370e+01 4.158234e-01 3.500000e+00
      vertex   3.287999e+01 1.071585e+01 3.500000e+00
      vertex   4.001096e+01 2.090569e-01 3.500000e+00
    endloop
  endfacet
  facet normal 5.925911e-17 -2.979156e-16 1.000000e+00
    outer loop
      vertex   4.001096e+01 2.090569e-01 3.500000e+00
      vertex   3.287999e+01 1.071585e+01 3.500000e+00
      vertex   3.244379e+01 1.062909e+01 3.500000e+00
    endloop
  endfacet
  facet normal 4.378899e-16 -2.294883e-17 1.000000e+00
    outer loop
      vertex   4.001096e+01 2.090569e-01 3.500000e+00
      vertex   3.244379e+01 1.062909e+01 3.500000e+00
      vertex   4.000000e+01 1.977126e-08 3.500000e+00
    endloop
  endfacet
  facet normal 2.093221e-17 -3.193638e-16 1.000000e+00
    outer loop
      vertex   4.000000e+01 1.977126e-08 3.500000e+00
      vertex   3.244379e+01 1.062909e+01 3.500000e+00
      vertex   3.200000e+01 1.060000e+01 3.500000e+00
    endloop
  endfacet
  facet normal 4.772281e-16 2.501046e-17 1.000000e+00
    outer loop
      vertex   4.000000e+01 1.977126e-08 3.500000e+00
      vertex   3.200000e+01 1.060000e+01 3.500000e+00
      vertex   4.001096e+01 -2.090569e-01 3.500000e+00
    endloop
  endfacet
  facet normal 1.276537e-16 -2.340709e-16 1.000000e+00
    outer loop
      vertex   4.001096e+01 -2.090569e-01 3.500000e+00
      vertex   3.200000e+01 1.060000e+01 3.500000e+00
      vertex   2.300000e+01 2.007867e-16 3.500000e+00
    endloop
  endfacet
  facet normal 1.304102e-16 -9.772890e-18 1.000000e+00
    outer loop
      vertex   4.001096e+01 -2.090569e-01 3.500000e+00
      vertex   2.300000e+01 2.007867e-16 3.500000e+00
      vertex   2.298883e+01 -1.490423e-01 3.500000e+00
    endloop
  endfacet
  facet normal -7.803600e-18 -1.190599e-16 1.000000e+00
    outer loop
      vertex   3.200000e+01 1.060000e+01 3.500000e+00
      vertex   3.155621e+01 1.062909e+01 3.500000e+00
      vertex   2.300000e+01 2.007867e-16 3.500000e+00
    endloop
  endfacet
  facet normal -2.149088e-17 -1.080419e-16 1.000000e+00
    outer loop
      vertex   2.300000e+01 2.007867e-16 3.500000e+00
      vertex   3.155621e+01 1.062909e+01 3.500000e+00
      vertex   3.112002e+01 1.071585e+01 3.500000e+00
    endloop
  endfacet
  facet normal -1.493062e-16 -1.118894e-17 1.000000e+00
    outer loop
      vertex   2.300000e+01 2.007867e-16 3.500000e+00
      vertex   3.112002e+01 1.071585e+01 3.500000e+00
      vertex   2.298883e+01 1.490423e-01 3.500000e+00
    endloop
  endfacet
  facet normal -3.393447e-17 -9.996774e-17 1.000000e+00
    outer loop
      vertex   2.298883e+01 1.490423e-01 3.500000e+00
      vertex   3.112002e+01 1.071585e+01 3.500000e+00
      vertex   3.069888e+01 1.085881e+01 3.500000e+00
    endloop
  endfacet
  facet normal -1.311999e-16 -2.994556e-17 1.000000e+00
    outer loop
      vertex   2.298883e+01 1.490423e-01 3.500000e+00
      vertex   3.069888e+01 1.085881e+01 3.500000e+00
      vertex   2.295557e+01 2.947552e-01 3.500000e+00
    endloop
  endfacet
  facet normal -4.568022e-17 -9.263032e-17 1.000000e+00
    outer loop
      vertex   2.295557e+01 2.947552e-01 3.500000e+00
      vertex   3.069888e+01 1.085881e+01 3.500000e+00
      vertex   3.030000e+01 1.105551e+01 3.500000e+00
    endloop
  endfacet
  facet normal -1.151712e-16 -4.520138e-17 1.000000e+00
    outer loop
      vertex   2.295557e+01 2.947552e-01 3.500000e+00
      vertex   3.030000e+01 1.105551e+01 3.500000e+00
      vertex   2.290097e+01 4.338837e-01 3.500000e+00
    endloop
  endfacet
  facet normal -5.719010e-17 -8.559103e-17 1.000000e+00
    outer loop
      vertex   2.290097e+01 4.338837e-01 3.500000e+00
      vertex   3.030000e+01 1.105551e+01 3.500000e+00
      vertex   2.993021e+01 1.130260e+01 3.500000e+00
    endloop
  endfacet
  facet normal -1.001381e-16 -5.781477e-17 1.000000e+00
    outer loop
      vertex   2.290097e+01 4.338837e-01 3.500000e+00
      vertex   2.993021e+01 1.130260e+01 3.500000e+00
      vertex   2.282624e+01 5.633200e-01 3.500000e+00
    endloop
  endfacet
  facet normal -6.885185e-17 -7.851048e-17 1.000000e+00
    outer loop
      vertex   2.282624e+01 5.633200e-01 3.500000e+00
      vertex   2.993021e+01 1.130260e+01 3.500000e+00
      vertex   2.959584e+01 1.159584e+01 3.500000e+00
    endloop
  endfacet
  facet normal -8.557878e-17 -6.824676e-17 1.000000e+00
    outer loop
      vertex   2.282624e+01 5.633200e-01 3.500000e+00
      vertex   2.959584e+01 1.159584e+01 3.500000e+00
      vertex   2.273305e+01 6.801727e-01 3.500000e+00
    endloop
  endfacet
  facet normal -8.106004e-17 -7.108774e-17 1.000000e+00
    outer loop
      vertex   2.273305e+01 6.801727e-01 3.500000e+00
      vertex   2.959584e+01 1.159584e+01 3.500000e+00
      vertex   2.930260e+01 1.193021e+01 3.500000e+00
    endloop
  endfacet
  facet normal -7.126635e-17 -7.680685e-17 1.000000e+00
    outer loop
      vertex   2.273305e+01 6.801727e-01 3.500000e+00
      vertex   2.930260e+01 1.193021e+01 3.500000e+00
      vertex   2.262349e+01 7.818315e-01 3.500000e+00
    endloop
  endfacet
  facet normal -9.429834e-17 -6.300814e-17 1.000000e+00
    outer loop
      vertex   2.262349e+01 7.818315e-01 3.500000e+00
      vertex   2.930260e+01 1.193021e+01 3.500000e+00
      vertex   2.905551e+01 1.230000e+01 3.500000e+00
    endloop
  endfacet
  facet normal -5.711493e-17 -8.377226e-17 1.000000e+00
    outer loop
      vertex   2.262349e+01 7.818315e-01 3.500000e+00
      vertex   2.905551e+01 1.230000e+01 3.500000e+00
      vertex   2.250000e+01 8.660254e-01 3.500000e+00
    endloop
  endfacet
  facet normal -4.397155e-17 -9.130783e-17 1.000000e+00
    outer loop
      vertex   2.250000e+01 8.660254e-01 3.500000e+00
      vertex   2.905551e+01 1.230000e+01 3.500000e+00
      vertex   2.236534e+01 9.308738e-01 3.500000e+00
    endloop
  endfacet
  facet normal -1.083426e-16 -5.342864e-17 1.000000e+00
    outer loop
      vertex   2.236534e+01 9.308738e-01 3.500000e+00
      vertex   2.905551e+01 1.230000e+01 3.500000e+00
      vertex   2.885881e+01 1.269888e+01 3.500000e+00
    endloop
  endfacet
  facet normal -2.984176e-17 -9.674463e-17 1.000000e+00
    outer loop
      vertex   2.236534e+01 9.308738e-01 3.500000e+00
      vertex   2.885881e+01 1.269888e+01 3.500000e+00
      vertex   2.222252e+01 9.749279e-01 3.500000e+00
    endloop
  endfacet
  facet normal -1.254958e-16 -4.260008e-17 1.000000e+00
    outer loop
      vertex   2.222252e+01 9.749279e-01 3.500000e+00
      vertex   2.885881e+01 1.269888e+01 3.500000e+00
      vertex   2.871585e+01 1.312002e+01 3.500000e+00
    endloop
  endfacet
  facet normal -1.530099e-17 -1.015154e-16 1.000000e+00
    outer loop
      vertex   2.222252e+01 9.749279e-01 3.500000e+00
      vertex   2.871585e+01 1.312002e+01 3.500000e+00
      vertex   2.207473e+01 9.972038e-01 3.500000e+00
    endloop
  endfacet
  facet normal 0.000000e+00 -1.098976e-16 1.000000e+00
    outer loop
      vertex   2.207473e+01 9.972038e-01 3.500000e+00
      vertex   2.871585e+01 1.312002e+01 3.500000e+00
      vertex   2.192527e+01 9.972038e-01 3.500000e+00
    endloop
  endfacet
  facet normal -1.447808e-16 -2.879870e-17 1.000000e+00
    outer loop
      vertex   2.192527e+01 9.972038e-01 3.500000e+00
      vertex   2.871585e+01 1.312002e+01 3.500000e+00
      vertex   2.862909e+01 1.355621e+01 3.500000e+00
    endloop
  endfacet
  facet normal 1.738805e-17 -1.153621e-16 1.000000e+00
    outer loop
      vertex   2.192527e+01 9.972038e-01 3.500000e+00
      vertex   2.862909e+01 1.355621e+01 3.500000e+00
      vertex   2.177748e+01 9.749279e-01 3.500000e+00
    endloop
  endfacet
  facet normal -1.735575e-16 -1.137556e-17 1.000000e+00
    outer loop
      vertex   2.177748e+01 9.749279e-01 3.500000e+00
      vertex   2.862909e+01 1.355621e+01 3.500000e+00
      vertex   2.860000e+01 1.400000e+01 3.500000e+00
    endloop
  endfacet
  facet normal 3.763072e-17 -1.219958e-16 1.000000e+00
    outer loop
      vertex   2.177748e+01 9.749279e-01 3.500000e+00
      vertex   2.860000e+01 1.400000e+01 3.500000e+00
      vertex   2.163466e+01 9.308738e-01 3.500000e+00
    endloop
  endfacet
  facet normal 6.604222e-17 -1.371380e-16 1.000000e+00
    outer loop
      vertex   2.163466e+01 9.308738e-01 3.500000e+00
      vertex   2.860000e+01 1.400000e+01 3.500000e+00
      vertex   2.150000e+01 8.660254e-01 3.500000e+00
    endloop
  endfacet
  facet normal 1.254927e-16 -7.245323e-17 1.000000e+00
    outer loop
      vertex   2.282624e+01 -5.633200e-01 3.500000e+00
      vertex   4.026795e+01 -1.000000e+00 3.500000e+00
      vertex   2.290097e+01 -4.338837e-01 3.500000e+00
    endloop
  endfacet
  facet normal 1.300139e-16 6.624539e-17 1.000000e+00
    outer loop
      vertex   2.290097e+01 -4.338837e-01 3.500000e+00
      vertex   4.026795e+01 -1.000000e+00 3.500000e+00
      vertex   4.017291e+01 -8.134732e-01 3.500000e+00
    endloop
  endfacet
  facet normal 1.296518e-16 4.976865e-17 1.000000e+00
    outer loop
      vertex   2.290097e+01 -4.338837e-01 3.500000e+00
      vertex   4.017291e+01 -8.134732e-01 3.500000e+00
      vertex   4.009789e+01 -6.180339e-01 3.500000e+00
    endloop
  endfacet
  facet normal 1.248146e-16 -9.953628e-17 1.000000e+00
    outer loop
      vertex   2.282624e+01 -5.633200e-01 3.500000e+00
      vertex   2.273305e+01 -6.801727e-01 3.500000e+00
      vertex   4.026795e+01 -1.000000e+00 3.500000e+00
    endloop
  endfacet
  facet normal 1.241889e-16 -1.338438e-16 1.000000e+00
    outer loop
      vertex   4.026795e+01 -1.000000e+00 3.500000e+00
      vertex   2.273305e+01 -6.801727e-01 3.500000e+00
      vertex   2.262349e+01 -7.818315e-01 3.500000e+00
    endloop
  endfacet
  facet normal 1.236022e-16 -1.812912e-16 1.000000e+00
    outer loop
      vertex   4.026795e+01 -1.000000e+00 3.500000e+00
      vertex   2.262349e+01 -7.818315e-01 3.500000e+00
      vertex   2.250000e+01 -8.660254e-01 3.500000e+00
    endloop
  endfacet
  facet normal 1.230426e-16 -2.555006e-16 1.000000e+00
    outer loop
      vertex   2.250000e+01 -8.660254e-01 3.500000e+00
      vertex   2.236534e+01 -9.308738e-01 3.500000e+00
      vertex   4.026795e+01 -1.000000e+00 3.500000e+00
    endloop
  endfacet
  facet normal 1.224958e-16 -3.971217e-16 1.000000e+00
    outer loop
      vertex   4.026795e+01 -1.000000e+00 3.500000e+00
      vertex   2.236534e+01 -9.308738e-01 3.500000e+00
      vertex   2.222252e+01 -9.749279e-01 3.500000e+00
    endloop
  endfacet
  facet normal 1.219237e-16 -8.089104e-16 1.000000e+00
    outer loop
      vertex   4.026795e+01 -1.000000e+00 3.500000e+00
      vertex   2.222252e+01 -9.749279e-01 3.500000e+00
      vertex   2.207473e+01 -9.972038e-01 3.500000e+00
    endloop
  endfacet
  facet normal 0.000000e+00 -2.675599e-15 1.000000e+00
    outer loop
      vertex   2.192527e+01 -9.972038e-01 3.500000e+00
      vertex   4.118653e+01 -1.827091e+00 3.500000e+00
      vertex   2.207473e+01 -9.972038e-01 3.500000e+00
    endloop
  endfacet
  facet normal 1.270056e-16 2.492626e-16 1.000000e+00
    outer loop
      vertex   2.207473e+01 -9.972038e-01 3.500000e+00
      vertex   4.118653e+01 -1.827091e+00 3.500000e+00
      vertex   4.100000e+01 -1.732051e+00 3.500000e+00
    endloop
  endfacet
  facet normal 1.247883e-16 1.921569e-16 1.000000e+00
    outer loop
      vertex   2.207473e+01 -9.972038e-01 3.500000e+00
      vertex   4.100000e+01 -1.732051e+00 3.500000e+00
      vertex   4.082443e+01 -1.618033e+00 3.500000e+00
    endloop
  endfacet
  facet normal 1.851864e-16 1.622482e-15 1.000000e+00
    outer loop
      vertex   4.118653e+01 -1.827091e+00 3.500000e+00
      vertex   2.192527e+01 -9.972038e-01 3.500000e+00
      vertex   1.870806e+01 -2.272258e+00 3.500000e+00
    endloop
  endfacet
  facet normal 2.281937e-16 1.513966e-15 1.000000e+00
    outer loop
      vertex   1.870806e+01 -2.272258e+00 3.500000e+00
      vertex   2.192527e+01 -9.972038e-01 3.500000e+00
      vertex   2.177748e+01 -9.749279e-01 3.500000e+00
    endloop
  endfacet
  facet normal 3.662462e-16 1.187341e-15 1.000000e+00
    outer loop
      vertex   1.870806e+01 -2.272258e+00 3.500000e+00
      vertex   2.177748e+01 -9.749279e-01 3.500000e+00
      vertex   2.163466e+01 -9.308738e-01 3.500000e+00
    endloop
  endfacet
  facet normal 4.664797e-16 9.686546e-16 1.000000e+00
    outer loop
      vertex   2.163466e+01 -9.308738e-01 3.500000e+00
      vertex   2.150000e+01 -8.660254e-01 3.500000e+00
      vertex   1.870806e+01 -2.272258e+00 3.500000e+00
    endloop
  endfacet
  facet normal 5.488792e-16 8.050584e-16 1.000000e+00
    outer loop
      vertex   1.870806e+01 -2.272258e+00 3.500000e+00
      vertex   2.150000e+01 -8.660254e-01 3.500000e+00
      vertex   2.137651e+01 -7.818315e-01 3.500000e+00
    endloop
  endfacet
  facet normal 6.233205e-16 6.717796e-16 1.000000e+00
    outer loop
      vertex   1.870806e+01 -2.272258e+00 3.500000e+00
      vertex   2.137651e+01 -7.818315e-01 3.500000e+00
      vertex   2.126695e+01 -6.801727e-01 3.500000e+00
    endloop
  endfacet
  facet normal 6.959684e-16 5.550160e-16 1.000000e+00
    outer loop
      vertex   2.126695e+01 -6.801727e-01 3.500000e+00
      vertex   2.117376e+01 -5.633200e-01 3.500000e+00
      vertex   1.870806e+01 -2.272258e+00 3.500000e+00
    endloop
  endfacet
  facet normal 7.718027e-16 4.456005e-16 1.000000e+00
    outer loop
      vertex   1.870806e+01 -2.272258e+00 3.500000e+00
      vertex   2.117376e+01 -5.633200e-01 3.500000e+00
      vertex   2.109903e+01 -4.338837e-01 3.500000e+00
    endloop
  endfacet
  facet normal 8.560822e-16 3.359876e-16 1.000000e+00
    outer loop
      vertex   1.870806e+01 -2.272258e+00 3.500000e+00
      vertex   2.109903e+01 -4.338837e-01 3.500000e+00
      vertex   2.104443e+01 -2.947552e-01 3.500000e+00
    endloop
  endfacet
  facet normal 7.544401e-16 4.560749e-16 1.000000e+00
    outer loop
      vertex   1.870806e+01 -2.272258e+00 3.500000e+00
      vertex   2.104443e+01 -2.947552e-01 3.500000e+00
      vertex   1.845818e+01 -1.858892e+00 3.500000e+00
    endloop
  endfacet
  facet normal 9.053020e-16 2.066295e-16 1.000000e+00
    outer loop
      vertex   1.845818e+01 -1.858892e+00 3.500000e+00
      vertex   2.104443e+01 -2.947552e-01 3.500000e+00
      vertex   2.101117e+01 -1.490423e-01 3.500000e+00
    endloop
  endfacet
  facet normal 8.019587e-16 3.609323e-16 1.000000e+00
    outer loop
      vertex   1.845818e+01 -1.858892e+00 3.500000e+00
      vertex   2.101117e+01 -1.490423e-01 3.500000e+00
      vertex   1.825993e+01 -1.418419e+00 3.500000e+00
    endloop
  endfacet
  facet normal 8.467476e-16 2.638572e-16 1.000000e+00
    outer loop
      vertex   1.825993e+01 -1.418419e+00 3.500000e+00
      vertex   2.101117e+01 -1.490423e-01 3.500000e+00
      vertex   1.811623e+01 -9.572621e-01 3.500000e+00
    endloop
  endfacet
  facet normal 9.015502e-16 6.756180e-17 1.000000e+00
    outer loop
      vertex   1.811623e+01 -9.572621e-01 3.500000e+00
      vertex   2.101117e+01 -1.490423e-01 3.500000e+00
      vertex   2.100000e+01 -1.734723e-16 3.500000e+00
    endloop
  endfacet
  facet normal 1.305176e-16 2.067195e-17 1.000000e+00
    outer loop
      vertex   4.001096e+01 -2.090569e-01 3.500000e+00
      vertex   2.298883e+01 -1.490423e-01 3.500000e+00
      vertex   4.004370e+01 -4.158234e-01 3.500000e+00
    endloop
  endfacet
  facet normal 1.297310e-16 -2.961029e-17 1.000000e+00
    outer loop
      vertex   4.004370e+01 -4.158234e-01 3.500000e+00
      vertex   2.298883e+01 -1.490423e-01 3.500000e+00
      vertex   2.295557e+01 -2.947552e-01 3.500000e+00
    endloop
  endfacet
  facet normal 1.301880e-16 3.488376e-17 1.000000e+00
    outer loop
      vertex   4.004370e+01 -4.158234e-01 3.500000e+00
      vertex   2.295557e+01 -2.947552e-01 3.500000e+00
      vertex   4.009789e+01 -6.180339e-01 3.500000e+00
    endloop
  endfacet
  facet normal 1.285785e-16 -5.046334e-17 1.000000e+00
    outer loop
      vertex   4.009789e+01 -6.180339e-01 3.500000e+00
      vertex   2.295557e+01 -2.947552e-01 3.500000e+00
      vertex   2.290097e+01 -4.338837e-01 3.500000e+00
    endloop
  endfacet
  facet normal -2.186686e-16 -5.571648e-16 1.000000e+00
    outer loop
      vertex   4.243388e+01 3.090097e+01 3.500000e+00
      vertex   4.295726e+01 3.388377e+01 3.500000e+00
      vertex   4.229476e+01 3.095557e+01 3.500000e+00
    endloop
  endfacet
  facet normal 7.907401e-16 -7.855445e-16 1.000000e+00
    outer loop
      vertex   4.229476e+01 3.095557e+01 3.500000e+00
      vertex   4.295726e+01 3.388377e+01 3.500000e+00
      vertex   4.248215e+01 3.397084e+01 3.500000e+00
    endloop
  endfacet
  facet normal -1.657333e-16 -7.261020e-16 1.000000e+00
    outer loop
      vertex   4.229476e+01 3.095557e+01 3.500000e+00
      vertex   4.248215e+01 3.397084e+01 3.500000e+00
      vertex   4.214904e+01 3.098883e+01 3.500000e+00
    endloop
  endfacet
  facet normal -4.619162e-15 -2.286305e-16 1.000000e+00
    outer loop
      vertex   4.214904e+01 3.098883e+01 3.500000e+00
      vertex   4.248215e+01 3.397084e+01 3.500000e+00
      vertex   4.200000e+01 3.400000e+01 3.500000e+00
    endloop
  endfacet
  facet normal 0.000000e+00 0.000000e+00 1.000000e+00
    outer loop
      vertex   4.214904e+01 3.098883e+01 3.500000e+00
      vertex   4.200000e+01 3.400000e+01 3.500000e+00
      vertex   4.200000e+01 3.100000e+01 3.500000e+00
    endloop
  endfacet
  facet normal 0.000000e+00 -0.000000e+00 1.000000e+00
    outer loop
      vertex   4.200000e+01 3.100000e+01 3.500000e+00
      vertex   4.200000e+01 3.400000e+01 3.500000e+00
      vertex   4.185096e+01 3.098883e+01 3.500000e+00
    endloop
  endfacet
  facet normal 0.000000e+00 -0.000000e+00 1.000000e+00
    outer loop
      vertex   4.185096e+01 3.098883e+01 3.500000e+00
      vertex   4.200000e+01 3.400000e+01 3.500000e+00
      vertex   4.170524e+01 3.095557e+01 3.500000e+00
    endloop
  endfacet
  facet normal 0.000000e+00 -0.000000e+00 1.000000e+00
    outer loop
      vertex   4.170524e+01 3.095557e+01 3.500000e+00
      vertex   4.200000e+01 3.400000e+01 3.500000e+00
      vertex   4.156612e+01 3.090097e+01 3.500000e+00
    endloop
  endfacet
  facet normal 0.000000e+00 -0.000000e+00 1.000000e+00
    outer loop
      vertex   4.156612e+01 3.090097e+01 3.500000e+00
      vertex   4.200000e+01 3.400000e+01 3.500000e+00
      vertex   4.143668e+01 3.082624e+01 3.500000e+00
    endloop
  endfacet
  facet normal 0.000000e+00 -0.000000e+00 1.000000e+00
    outer loop
      vertex   4.143668e+01 3.082624e+01 3.500000e+00
      vertex   4.200000e+01 3.400000e+01 3.500000e+00
      vertex   4.131983e+01 3.073305e+01 3.500000e+00
    endloop
  endfacet
  facet normal 0.000000e+00 -0.000000e+00 1.000000e+00
    outer loop
      vertex   4.131983e+01 3.073305e+01 3.500000e+00
      vertex   4.200000e+01 3.400000e+01 3.500000e+00
      vertex   4.121817e+01 3.062349e+01 3.500000e+00
    endloop
  endfacet
  facet normal 0.000000e+00 -0.000000e+00 1.000000e+00
    outer loop
      vertex   4.121817e+01 3.062349e+01 3.500000e+00
      vertex   4.200000e+01 3.400000e+01 3.500000e+00
      vertex   4.113397e+01 3.050000e+01 3.500000e+00
    endloop
  endfacet
  facet normal 0.000000e+00 -0.000000e+00 1.000000e+00
    outer loop
      vertex   4.113397e+01 3.050000e+01 3.500000e+00
      vertex   4.200000e+01 3.400000e+01 3.500000e+00
      vertex   4.106913e+01 3.036534e+01 3.500000e+00
    endloop
  endfacet
  facet normal 1.288580e-16 -3.300188e-17 1.000000e+00
    outer loop
      vertex   4.106913e+01 3.036534e+01 3.500000e+00
      vertex   4.200000e+01 3.400000e+01 3.500000e+00
      vertex   2.390211e+01 3.061804e+01 3.500000e+00
    endloop
  endfacet
  facet normal 1.287591e-16 -3.971773e-17 1.000000e+00
    outer loop
      vertex   4.106913e+01 3.036534e+01 3.500000e+00
      vertex   2.390211e+01 3.061804e+01 3.500000e+00
      vertex   4.102507e+01 3.022252e+01 3.500000e+00
    endloop
  endfacet
  facet normal 1.304841e-16 3.496315e-17 1.000000e+00
    outer loop
      vertex   4.102507e+01 3.022252e+01 3.500000e+00
      vertex   2.390211e+01 3.061804e+01 3.500000e+00
      vertex   2.395629e+01 3.041582e+01 3.500000e+00
    endloop
  endfacet
  facet normal 1.303219e-16 2.064094e-17 1.000000e+00
    outer loop
      vertex   4.102507e+01 3.022252e+01 3.500000e+00
      vertex   2.395629e+01 3.041582e+01 3.500000e+00
      vertex   2.398904e+01 3.020906e+01 3.500000e+00
    endloop
  endfacet
  facet normal -1.759551e-16 -5.646595e-16 1.000000e+00
    outer loop
      vertex   4.295726e+01 3.388377e+01 3.500000e+00
      vertex   4.243388e+01 3.090097e+01 3.500000e+00
      vertex   4.341842e+01 3.374007e+01 3.500000e+00
    endloop
  endfacet
  facet normal -3.009729e-16 -5.213061e-16 1.000000e+00
    outer loop
      vertex   4.341842e+01 3.374007e+01 3.500000e+00
      vertex   4.243388e+01 3.090097e+01 3.500000e+00
      vertex   4.256332e+01 3.082624e+01 3.500000e+00
    endloop
  endfacet
  facet normal -3.939733e-16 -4.940139e-16 1.000000e+00
    outer loop
      vertex   4.341842e+01 3.374007e+01 3.500000e+00
      vertex   4.256332e+01 3.082624e+01 3.500000e+00
      vertex   4.268017e+01 3.073305e+01 3.500000e+00
    endloop
  endfacet
  facet normal -2.394154e-16 -5.319592e-16 1.000000e+00
    outer loop
      vertex   4.341842e+01 3.374007e+01 3.500000e+00
      vertex   4.268017e+01 3.073305e+01 3.500000e+00
      vertex   4.385889e+01 3.354182e+01 3.500000e+00
    endloop
  endfacet
  facet normal -4.693231e-16 -4.354768e-16 1.000000e+00
    outer loop
      vertex   4.385889e+01 3.354182e+01 3.500000e+00
      vertex   4.268017e+01 3.073305e+01 3.500000e+00
      vertex   4.278183e+01 3.062349e+01 3.500000e+00
    endloop
  endfacet
  facet normal -3.008441e-16 -4.976569e-16 1.000000e+00
    outer loop
      vertex   4.385889e+01 3.354182e+01 3.500000e+00
      vertex   4.278183e+01 3.062349e+01 3.500000e+00
      vertex   4.427226e+01 3.329194e+01 3.500000e+00
    endloop
  endfacet
  facet normal -5.367046e-16 -3.659199e-16 1.000000e+00
    outer loop
      vertex   4.427226e+01 3.329194e+01 3.500000e+00
      vertex   4.278183e+01 3.062349e+01 3.500000e+00
      vertex   4.286603e+01 3.050000e+01 3.500000e+00
    endloop
  endfacet
  facet normal -3.574248e-16 -4.562189e-16 1.000000e+00
    outer loop
      vertex   4.427226e+01 3.329194e+01 3.500000e+00
      vertex   4.286603e+01 3.050000e+01 3.500000e+00
      vertex   4.465249e+01 3.299404e+01 3.500000e+00
    endloop
  endfacet
  facet normal -5.945927e-16 -2.863373e-16 1.000000e+00
    outer loop
      vertex   4.465249e+01 3.299404e+01 3.500000e+00
      vertex   4.286603e+01 3.050000e+01 3.500000e+00
      vertex   4.293087e+01 3.036534e+01 3.500000e+00
    endloop
  endfacet
  facet normal -4.083279e-16 -4.083278e-16 1.000000e+00
    outer loop
      vertex   4.465249e+01 3.299404e+01 3.500000e+00
      vertex   4.293087e+01 3.036534e+01 3.500000e+00
      vertex   4.499404e+01 3.265249e+01 3.500000e+00
    endloop
  endfacet
  facet normal -4.607885e-16 -3.610047e-16 1.000000e+00
    outer loop
      vertex   4.499404e+01 3.265249e+01 3.500000e+00
      vertex   4.293087e+01 3.036534e+01 3.500000e+00
      vertex   4.529194e+01 3.227226e+01 3.500000e+00
    endloop
  endfacet
  facet normal -6.023017e-16 -1.857892e-16 1.000000e+00
    outer loop
      vertex   4.529194e+01 3.227226e+01 3.500000e+00
      vertex   4.293087e+01 3.036534e+01 3.500000e+00
      vertex   4.297493e+01 3.022252e+01 3.500000e+00
    endloop
  endfacet
  facet normal -4.995214e-16 -3.019712e-16 1.000000e+00
    outer loop
      vertex   4.529194e+01 3.227226e+01 3.500000e+00
      vertex   4.297493e+01 3.022252e+01 3.500000e+00
      vertex   4.554182e+01 3.185889e+01 3.500000e+00
    endloop
  endfacet
  facet normal -5.377412e-16 -2.420177e-16 1.000000e+00
    outer loop
      vertex   4.554182e+01 3.185889e+01 3.500000e+00
      vertex   4.297493e+01 3.022252e+01 3.500000e+00
      vertex   4.574007e+01 3.141842e+01 3.500000e+00
    endloop
  endfacet
  facet normal -6.030981e-16 -9.090059e-17 1.000000e+00
    outer loop
      vertex   4.574007e+01 3.141842e+01 3.500000e+00
      vertex   4.297493e+01 3.022252e+01 3.500000e+00
      vertex   4.299720e+01 3.007473e+01 3.500000e+00
    endloop
  endfacet
  facet normal -5.618587e-16 -1.750822e-16 1.000000e+00
    outer loop
      vertex   4.574007e+01 3.141842e+01 3.500000e+00
      vertex   4.299720e+01 3.007473e+01 3.500000e+00
      vertex   4.588377e+01 3.095726e+01 3.500000e+00
    endloop
  endfacet
  facet normal -8.533486e-16 7.783146e-16 1.000000e+00
    outer loop
      vertex   4.588377e+01 3.095726e+01 3.500000e+00
      vertex   4.299720e+01 3.007473e+01 3.500000e+00
      vertex   4.597084e+01 3.048215e+01 3.500000e+00
    endloop
  endfacet
  facet normal 1.355315e-16 -6.439268e-15 1.000000e+00
    outer loop
      vertex   4.597084e+01 3.048215e+01 3.500000e+00
      vertex   4.299720e+01 3.007473e+01 3.500000e+00
      vertex   4.600000e+01 3.000000e+01 3.500000e+00
    endloop
  endfacet
  facet normal 2.957838e-16 0.000000e+00 1.000000e+00
    outer loop
      vertex   4.600000e+01 3.000000e+01 3.500000e+00
      vertex   4.299720e+01 3.007473e+01 3.500000e+00
      vertex   4.299720e+01 2.992527e+01 3.500000e+00
    endloop
  endfacet
  facet normal 4.470228e-16 -6.077072e-15 1.000000e+00
    outer loop
      vertex   4.600000e+01 3.000000e+01 3.500000e+00
      vertex   4.299720e+01 2.992527e+01 3.500000e+00
      vertex   4.297493e+01 2.977748e+01 3.500000e+00
    endloop
  endfacet
  facet normal -0.000000e+00 0.000000e+00 1.000000e+00
    outer loop
      vertex   4.297493e+01 2.977748e+01 3.500000e+00
      vertex   4.293087e+01 2.963466e+01 3.500000e+00
      vertex   4.600000e+01 3.000000e+01 3.500000e+00
    endloop
  endfacet
  facet normal -8.328882e-16 6.996862e-15 1.000000e+00
    outer loop
      vertex   4.600000e+01 3.000000e+01 3.500000e+00
      vertex   4.293087e+01 2.963466e+01 3.500000e+00
      vertex   4.286603e+01 2.950000e+01 3.500000e+00
    endloop
  endfacet
  facet normal 3.179933e-16 -2.168089e-16 1.000000e+00
    outer loop
      vertex   4.600000e+01 3.000000e+01 3.500000e+00
      vertex   4.286603e+01 2.950000e+01 3.500000e+00
      vertex   4.278183e+01 2.937651e+01 3.500000e+00
    endloop
  endfacet
  facet normal 3.364748e-16 -3.122024e-16 1.000000e+00
    outer loop
      vertex   4.278183e+01 2.937651e+01 3.500000e+00
      vertex   4.268017e+01 2.926695e+01 3.500000e+00
      vertex   4.600000e+01 3.000000e+01 3.500000e+00
    endloop
  endfacet
  facet normal 3.699800e-16 -4.639398e-16 1.000000e+00
    outer loop
      vertex   4.600000e+01 3.000000e+01 3.500000e+00
      vertex   4.268017e+01 2.926695e+01 3.500000e+00
      vertex   4.256332e+01 2.917376e+01 3.500000e+00
    endloop
  endfacet
  facet normal 4.428538e-16 -7.670538e-16 1.000000e+00
    outer loop
      vertex   4.600000e+01 3.000000e+01 3.500000e+00
      vertex   4.256332e+01 2.917376e+01 3.500000e+00
      vertex   4.243388e+01 2.909903e+01 3.500000e+00
    endloop
  endfacet
  facet normal 1.305629e-16 -6.842540e-18 1.000000e+00
    outer loop
      vertex   2.398904e+01 2.979094e+01 3.500000e+00
      vertex   4.100280e+01 2.992527e+01 3.500000e+00
      vertex   2.400000e+01 3.000000e+01 3.500000e+00
    endloop
  endfacet
  facet normal 1.305930e-16 0.000000e+00 1.000000e+00
    outer loop
      vertex   2.400000e+01 3.000000e+01 3.500000e+00
      vertex   4.100280e+01 2.992527e+01 3.500000e+00
      vertex   4.100280e+01 3.007473e+01 3.500000e+00
    endloop
  endfacet
  facet normal 1.305629e-16 6.842526e-18 1.000000e+00
    outer loop
      vertex   2.400000e+01 3.000000e+01 3.500000e+00
      vertex   4.100280e+01 3.007473e+01 3.500000e+00
      vertex   2.398904e+01 3.020906e+01 3.500000e+00
    endloop
  endfacet
  facet normal 1.303538e-16 -1.964728e-17 1.000000e+00
    outer loop
      vertex   2.398904e+01 3.020906e+01 3.500000e+00
      vertex   4.100280e+01 3.007473e+01 3.500000e+00
      vertex   4.102507e+01 3.022252e+01 3.500000e+00
    endloop
  endfacet
  facet normal 0.000000e+00 0.000000e+00 1.000000e+00
    outer loop
      vertex   2.118653e+01 2.817291e+01 3.500000e+00
      vertex   2.100000e+01 2.826795e+01 3.500000e+00
      vertex   1.800000e+01 4.991889e-07 3.500000e+00
    endloop
  endfacet
  facet normal 0.000000e+00 0.000000e+00 1.000000e+00
    outer loop
      vertex   1.800000e+01 4.991889e-07 3.500000e+00
      vertex   2.100000e+01 2.826795e+01 3.500000e+00
      vertex   2.082443e+01 2.838197e+01 3.500000e+00
    endloop
  endfacet
  facet normal 0.000000e+00 0.000000e+00 1.000000e+00
    outer loop
      vertex   1.800000e+01 4.991889e-07 3.500000e+00
      vertex   2.082443e+01 2.838197e+01 3.500000e+00
      vertex   1.800000e+01 3.000000e+01 3.500000e+00
    endloop
  endfacet
  facet normal 0.000000e+00 0.000000e+00 1.000000e+00
    outer loop
      vertex   1.800000e+01 3.000000e+01 3.500000e+00
      vertex   2.082443e+01 2.838197e+01 3.500000e+00
      vertex   2.066174e+01 2.851371e+01 3.500000e+00
    endloop
  endfacet
  facet normal 0.000000e+00 0.000000e+00 1.000000e+00
    outer loop
      vertex   1.800000e+01 3.000000e+01 3.500000e+00
      vertex   2.066174e+01 2.851371e+01 3.500000e+00
      vertex   2.051371e+01 2.866174e+01 3.500000e+00
    endloop
  endfacet
  facet normal 0.000000e+00 0.000000e+00 1.000000e+00
    outer loop
      vertex   2.051371e+01 2.866174e+01 3.500000e+00
      vertex   2.038197e+01 2.882443e+01 3.500000e+00
      vertex   1.800000e+01 3.000000e+01 3.500000e+00
    endloop
  endfacet
  facet normal 0.000000e+00 0.000000e+00 1.000000e+00
    outer loop
      vertex   1.800000e+01 3.000000e+01 3.500000e+00
      vertex   2.038197e+01 2.882443e+01 3.500000e+00
      vertex   2.026795e+01 2.900000e+01 3.500000e+00
    endloop
  endfacet
  facet normal 0.000000e+00 0.000000e+00 1.000000e+00
    outer loop
      vertex   1.800000e+01 3.000000e+01 3.500000e+00
      vertex   2.026795e+01 2.900000e+01 3.500000e+00
      vertex   2.017291e+01 2.918653e+01 3.500000e+00
    endloop
  endfacet
  facet normal 0.000000e+00 0.000000e+00 1.000000e+00
    outer loop
      vertex   2.017291e+01 2.918653e+01 3.500000e+00
      vertex   2.009789e+01 2.938197e+01 3.500000e+00
      vertex   1.800000e+01 3.000000e+01 3.500000e+00
    endloop
  endfacet
  facet normal 0.000000e+00 0.000000e+00 1.000000e+00
    outer loop
      vertex   1.800000e+01 3.000000e+01 3.500000e+00
      vertex   2.009789e+01 2.938197e+01 3.500000e+00
      vertex   2.004370e+01 2.958418e+01 3.500000e+00
    endloop
  endfacet
  facet normal 0.000000e+00 0.000000e+00 1.000000e+00
    outer loop
      vertex   1.800000e+01 3.000000e+01 3.500000e+00
      vertex   2.004370e+01 2.958418e+01 3.500000e+00
      vertex   2.001096e+01 2.979094e+01 3.500000e+00
    endloop
  endfacet
  facet normal 0.000000e+00 0.000000e+00 1.000000e+00
    outer loop
      vertex   2.001096e+01 2.979094e+01 3.500000e+00
      vertex   2.000000e+01 3.000000e+01 3.500000e+00
      vertex   1.800000e+01 3.000000e+01 3.500000e+00
    endloop
  endfacet
  facet normal -3.482709e-21 -4.605332e-15 1.000000e+00
    outer loop
      vertex   1.800000e+01 3.000000e+01 3.500000e+00
      vertex   2.000000e+01 3.000000e+01 3.500000e+00
      vertex   1.802916e+01 3.048215e+01 3.500000e+00
    endloop
  endfacet
  facet normal 1.112390e-15 -5.829776e-17 1.000000e+00
    outer loop
      vertex   1.802916e+01 3.048215e+01 3.500000e+00
      vertex   2.000000e+01 3.000000e+01 3.500000e+00
      vertex   2.001096e+01 3.020906e+01 3.500000e+00
    endloop
  endfacet
  facet normal 9.671979e-16 -1.111942e-15 1.000000e+00
    outer loop
      vertex   1.802916e+01 3.048215e+01 3.500000e+00
      vertex   2.001096e+01 3.020906e+01 3.500000e+00
      vertex   1.811623e+01 3.095726e+01 3.500000e+00
    endloop
  endfacet
  facet normal 1.323514e-15 -2.096239e-16 1.000000e+00
    outer loop
      vertex   1.811623e+01 3.095726e+01 3.500000e+00
      vertex   2.001096e+01 3.020906e+01 3.500000e+00
      vertex   2.004370e+01 3.041582e+01 3.500000e+00
    endloop
  endfacet
  facet normal 1.271131e-15 -3.961006e-16 1.000000e+00
    outer loop
      vertex   1.811623e+01 3.095726e+01 3.500000e+00
      vertex   2.004370e+01 3.041582e+01 3.500000e+00
      vertex   1.825993e+01 3.141842e+01 3.500000e+00
    endloop
  endfacet
  facet normal 1.298244e-15 -3.478637e-16 1.000000e+00
    outer loop
      vertex   1.825993e+01 3.141842e+01 3.500000e+00
      vertex   2.004370e+01 3.041582e+01 3.500000e+00
      vertex   2.009789e+01 3.061804e+01 3.500000e+00
    endloop
  endfacet
  facet normal 1.212157e-15 -5.455476e-16 1.000000e+00
    outer loop
      vertex   1.825993e+01 3.141842e+01 3.500000e+00
      vertex   2.009789e+01 3.061804e+01 3.500000e+00
      vertex   1.845818e+01 3.185889e+01 3.500000e+00
    endloop
  endfacet
  facet normal 1.114944e-15 -6.740075e-16 1.000000e+00
    outer loop
      vertex   1.845818e+01 3.185889e+01 3.500000e+00
      vertex   2.009789e+01 3.061804e+01 3.500000e+00
      vertex   1.870806e+01 3.227226e+01 3.500000e+00
    endloop
  endfacet
  facet normal 1.315937e-15 -5.051408e-16 1.000000e+00
    outer loop
      vertex   1.870806e+01 3.227226e+01 3.500000e+00
      vertex   2.009789e+01 3.061804e+01 3.500000e+00
      vertex   2.017291e+01 3.081347e+01 3.500000e+00
    endloop
  endfacet
  facet normal 1.021783e-15 -8.005158e-16 1.000000e+00
    outer loop
      vertex   1.870806e+01 3.227226e+01 3.500000e+00
      vertex   2.017291e+01 3.081347e+01 3.500000e+00
      vertex   1.900596e+01 3.265249e+01 3.500000e+00
    endloop
  endfacet
  facet normal 1.266427e-15 -6.452766e-16 1.000000e+00
    outer loop
      vertex   1.900596e+01 3.265249e+01 3.500000e+00
      vertex   2.017291e+01 3.081347e+01 3.500000e+00
      vertex   2.026795e+01 3.100000e+01 3.500000e+00
    endloop
  endfacet
  facet normal 1.141063e-15 -7.410159e-16 1.000000e+00
    outer loop
      vertex   1.900596e+01 3.265249e+01 3.500000e+00
      vertex   2.026795e+01 3.100000e+01 3.500000e+00
      vertex   2.038197e+01 3.117557e+01 3.500000e+00
    endloop
  endfacet
  facet normal 9.339645e-16 -9.339645e-16 1.000000e+00
    outer loop
      vertex   1.900596e+01 3.265249e+01 3.500000e+00
      vertex   2.038197e+01 3.117557e+01 3.500000e+00
      vertex   1.934751e+01 3.299404e+01 3.500000e+00
    endloop
  endfacet
  facet normal 1.062826e-15 -8.606600e-16 1.000000e+00
    outer loop
      vertex   1.934751e+01 3.299404e+01 3.500000e+00
      vertex   2.038197e+01 3.117557e+01 3.500000e+00
      vertex   2.051371e+01 3.133826e+01 3.500000e+00
    endloop
  endfacet
  facet normal 8.124445e-16 -1.037009e-15 1.000000e+00
    outer loop
      vertex   1.934751e+01 3.299404e+01 3.500000e+00
      vertex   2.051371e+01 3.133826e+01 3.500000e+00
      vertex   1.972774e+01 3.329194e+01 3.500000e+00
    endloop
  endfacet
  facet normal 9.725848e-16 -9.725840e-16 1.000000e+00
    outer loop
      vertex   1.972774e+01 3.329194e+01 3.500000e+00
      vertex   2.051371e+01 3.133826e+01 3.500000e+00
      vertex   2.066174e+01 3.148629e+01 3.500000e+00
    endloop
  endfacet
  facet normal 6.795718e-16 -1.124149e-15 1.000000e+00
    outer loop
      vertex   1.972774e+01 3.329194e+01 3.500000e+00
      vertex   2.066174e+01 3.148629e+01 3.500000e+00
      vertex   2.014111e+01 3.354183e+01 3.500000e+00
    endloop
  endfacet
  facet normal 8.710460e-16 -1.075652e-15 1.000000e+00
    outer loop
      vertex   2.014111e+01 3.354183e+01 3.500000e+00
      vertex   2.066174e+01 3.148629e+01 3.500000e+00
      vertex   2.082443e+01 3.161803e+01 3.500000e+00
    endloop
  endfacet
  facet normal 7.308704e-16 -1.125442e-15 1.000000e+00
    outer loop
      vertex   2.014111e+01 3.354183e+01 3.500000e+00
      vertex   2.082443e+01 3.161803e+01 3.500000e+00
      vertex   2.100000e+01 3.173205e+01 3.500000e+00
    endloop
  endfacet
  facet normal 5.460061e-16 -1.213176e-15 1.000000e+00
    outer loop
      vertex   2.014111e+01 3.354183e+01 3.500000e+00
      vertex   2.100000e+01 3.173205e+01 3.500000e+00
      vertex   2.058158e+01 3.374007e+01 3.500000e+00
    endloop
  endfacet
  facet normal 6.112200e-16 -1.199587e-15 1.000000e+00
    outer loop
      vertex   2.058158e+01 3.374007e+01 3.500000e+00
      vertex   2.100000e+01 3.173205e+01 3.500000e+00
      vertex   2.118653e+01 3.182709e+01 3.500000e+00
    endloop
  endfacet
  facet normal 3.951030e-16 -1.267930e-15 1.000000e+00
    outer loop
      vertex   2.058158e+01 3.374007e+01 3.500000e+00
      vertex   2.118653e+01 3.182709e+01 3.500000e+00
      vertex   2.104274e+01 3.388377e+01 3.500000e+00
    endloop
  endfacet
  facet normal 4.843185e-16 -1.261693e-15 1.000000e+00
    outer loop
      vertex   2.104274e+01 3.388377e+01 3.500000e+00
      vertex   2.118653e+01 3.182709e+01 3.500000e+00
      vertex   2.138197e+01 3.190211e+01 3.500000e+00
    endloop
  endfacet
  facet normal 3.444837e-16 -1.285631e-15 1.000000e+00
    outer loop
      vertex   2.104274e+01 3.388377e+01 3.500000e+00
      vertex   2.138197e+01 3.190211e+01 3.500000e+00
      vertex   2.158418e+01 3.195630e+01 3.500000e+00
    endloop
  endfacet
  facet normal 1.129867e-15 -1.065011e-15 1.000000e+00
    outer loop
      vertex   2.104274e+01 3.388377e+01 3.500000e+00
      vertex   2.158418e+01 3.195630e+01 3.500000e+00
      vertex   2.151785e+01 3.397084e+01 3.500000e+00
    endloop
  endfacet
  facet normal 1.736672e-16 -1.096492e-15 1.000000e+00
    outer loop
      vertex   2.151785e+01 3.397084e+01 3.500000e+00
      vertex   2.158418e+01 3.195630e+01 3.500000e+00
      vertex   2.179094e+01 3.198904e+01 3.500000e+00
    endloop
  endfacet
  facet normal 4.634476e-15 -4.817954e-16 1.000000e+00
    outer loop
      vertex   2.151785e+01 3.397084e+01 3.500000e+00
      vertex   2.179094e+01 3.198904e+01 3.500000e+00
      vertex   2.200000e+01 3.400000e+01 3.500000e+00
    endloop
  endfacet
  facet normal 0.000000e+00 0.000000e+00 1.000000e+00
    outer loop
      vertex   2.200000e+01 3.400000e+01 3.500000e+00
      vertex   2.179094e+01 3.198904e+01 3.500000e+00
      vertex   2.200000e+01 3.200000e+01 3.500000e+00
    endloop
  endfacet
  facet normal 0.000000e+00 0.000000e+00 1.000000e+00
    outer loop
      vertex   2.200000e+01 3.400000e+01 3.500000e+00
      vertex   2.200000e+01 3.200000e+01 3.500000e+00
      vertex   2.220906e+01 3.198904e+01 3.500000e+00
    endloop
  endfacet
  facet normal -0.000000e+00 -0.000000e+00 1.000000e+00
    outer loop
      vertex   2.220906e+01 3.198904e+01 3.500000e+00
      vertex   2.241582e+01 3.195630e+01 3.500000e+00
      vertex   2.200000e+01 3.400000e+01 3.500000e+00
    endloop
  endfacet
  facet normal 0.000000e+00 0.000000e+00 1.000000e+00
    outer loop
      vertex   2.200000e+01 3.400000e+01 3.500000e+00
      vertex   2.241582e+01 3.195630e+01 3.500000e+00
      vertex   2.261803e+01 3.190211e+01 3.500000e+00
    endloop
  endfacet
  facet normal 0.000000e+00 0.000000e+00 1.000000e+00
    outer loop
      vertex   2.200000e+01 3.400000e+01 3.500000e+00
      vertex   2.261803e+01 3.190211e+01 3.500000e+00
      vertex   2.281347e+01 3.182709e+01 3.500000e+00
    endloop
  endfacet
  facet normal -0.000000e+00 -0.000000e+00 1.000000e+00
    outer loop
      vertex   2.281347e+01 3.182709e+01 3.500000e+00
      vertex   2.300000e+01 3.173205e+01 3.500000e+00
      vertex   2.200000e+01 3.400000e+01 3.500000e+00
    endloop
  endfacet
  facet normal 0.000000e+00 0.000000e+00 1.000000e+00
    outer loop
      vertex   2.200000e+01 3.400000e+01 3.500000e+00
      vertex   2.300000e+01 3.173205e+01 3.500000e+00
      vertex   2.317557e+01 3.161803e+01 3.500000e+00
    endloop
  endfacet
  facet normal 0.000000e+00 0.000000e+00 1.000000e+00
    outer loop
      vertex   2.200000e+01 3.400000e+01 3.500000e+00
      vertex   2.317557e+01 3.161803e+01 3.500000e+00
      vertex   2.333826e+01 3.148629e+01 3.500000e+00
    endloop
  endfacet
  facet normal -0.000000e+00 -0.000000e+00 1.000000e+00
    outer loop
      vertex   2.333826e+01 3.148629e+01 3.500000e+00
      vertex   2.348629e+01 3.133826e+01 3.500000e+00
      vertex   2.200000e+01 3.400000e+01 3.500000e+00
    endloop
  endfacet
  facet normal 0.000000e+00 0.000000e+00 1.000000e+00
    outer loop
      vertex   2.200000e+01 3.400000e+01 3.500000e+00
      vertex   2.348629e+01 3.133826e+01 3.500000e+00
      vertex   2.361803e+01 3.117557e+01 3.500000e+00
    endloop
  endfacet
  facet normal 1.110223e-16 6.360143e-17 1.000000e+00
    outer loop
      vertex   2.200000e+01 3.400000e+01 3.500000e+00
      vertex   2.361803e+01 3.117557e+01 3.500000e+00
      vertex   4.200000e+01 3.400000e+01 3.500000e+00
    endloop
  endfacet
  facet normal 1.098351e-16 7.132785e-17 1.000000e+00
    outer loop
      vertex   4.200000e+01 3.400000e+01 3.500000e+00
      vertex   2.361803e+01 3.117557e+01 3.500000e+00
      vertex   2.373205e+01 3.100000e+01 3.500000e+00
    endloop
  endfacet
  facet normal 1.121634e-16 5.715010e-17 1.000000e+00
    outer loop
      vertex   4.200000e+01 3.400000e+01 3.500000e+00
      vertex   2.373205e+01 3.100000e+01 3.500000e+00
      vertex   2.382709e+01 3.081347e+01 3.500000e+00
    endloop
  endfacet
  facet normal 1.144790e-16 4.394436e-17 1.000000e+00
    outer loop
      vertex   2.382709e+01 3.081347e+01 3.500000e+00
      vertex   2.390211e+01 3.061804e+01 3.500000e+00
      vertex   4.200000e+01 3.400000e+01 3.500000e+00
    endloop
  endfacet
  facet normal 1.714814e-16 3.272064e-15 1.000000e+00
    outer loop
      vertex   4.200000e+01 -2.000000e+00 3.500000e+00
      vertex   4.179094e+01 -1.989044e+00 3.500000e+00
      vertex   1.870806e+01 -2.272258e+00 3.500000e+00
    endloop
  endfacet
  facet normal 1.964125e-16 1.240102e-15 1.000000e+00
    outer loop
      vertex   1.870806e+01 -2.272258e+00 3.500000e+00
      vertex   4.179094e+01 -1.989044e+00 3.500000e+00
      vertex   4.158418e+01 -1.956295e+00 3.500000e+00
    endloop
  endfacet
  facet normal 2.030729e-16 7.578785e-16 1.000000e+00
    outer loop
      vertex   1.870806e+01 -2.272258e+00 3.500000e+00
      vertex   4.158418e+01 -1.956295e+00 3.500000e+00
      vertex   4.138197e+01 -1.902113e+00 3.500000e+00
    endloop
  endfacet
  facet normal 2.066566e-16 5.383586e-16 1.000000e+00
    outer loop
      vertex   4.138197e+01 -1.902113e+00 3.500000e+00
      vertex   4.118653e+01 -1.827091e+00 3.500000e+00
      vertex   1.870806e+01 -2.272258e+00 3.500000e+00
    endloop
  endfacet
  facet normal 1.234745e-16 1.524782e-16 1.000000e+00
    outer loop
      vertex   4.082443e+01 -1.618033e+00 3.500000e+00
      vertex   4.066174e+01 -1.486290e+00 3.500000e+00
      vertex   2.207473e+01 -9.972038e-01 3.500000e+00
    endloop
  endfacet
  facet normal 1.226907e-16 1.226907e-16 1.000000e+00
    outer loop
      vertex   2.207473e+01 -9.972038e-01 3.500000e+00
      vertex   4.066174e+01 -1.486290e+00 3.500000e+00
      vertex   4.051371e+01 -1.338261e+00 3.500000e+00
    endloop
  endfacet
  facet normal 1.222524e-16 9.899806e-17 1.000000e+00
    outer loop
      vertex   2.207473e+01 -9.972038e-01 3.500000e+00
      vertex   4.051371e+01 -1.338261e+00 3.500000e+00
      vertex   4.038197e+01 -1.175570e+00 3.500000e+00
    endloop
  endfacet
  facet normal 1.220602e-16 7.926682e-17 1.000000e+00
    outer loop
      vertex   4.038197e+01 -1.175570e+00 3.500000e+00
      vertex   4.026795e+01 -1.000000e+00 3.500000e+00
      vertex   2.207473e+01 -9.972038e-01 3.500000e+00
    endloop
  endfacet
  facet normal 0.000000e+00 0.000000e+00 1.000000e+00
    outer loop
      vertex   4.600000e+01 3.000000e+01 3.500000e+00
      vertex   4.317557e+01 1.618034e+00 3.500000e+00
      vertex   4.600000e+01 -8.419156e-07 3.500000e+00
    endloop
  endfacet
  facet normal 0.000000e+00 0.000000e+00 1.000000e+00
    outer loop
      vertex   4.600000e+01 -8.419156e-07 3.500000e+00
      vertex   4.317557e+01 1.618034e+00 3.500000e+00
      vertex   4.333826e+01 1.486290e+00 3.500000e+00
    endloop
  endfacet
  facet normal 0.000000e+00 0.000000e+00 1.000000e+00
    outer loop
      vertex   4.600000e+01 -8.419156e-07 3.500000e+00
      vertex   4.333826e+01 1.486290e+00 3.500000e+00
      vertex   4.348629e+01 1.338261e+00 3.500000e+00
    endloop
  endfacet
  facet normal 0.000000e+00 0.000000e+00 1.000000e+00
    outer loop
      vertex   4.348629e+01 1.338261e+00 3.500000e+00
      vertex   4.361803e+01 1.175570e+00 3.500000e+00
      vertex   4.600000e+01 -8.419156e-07 3.500000e+00
    endloop
  endfacet
  facet normal 3.674286e-15 7.444907e-15 1.000000e+00
    outer loop
      vertex   4.600000e+01 -8.419156e-07 3.500000e+00
      vertex   4.361803e+01 1.175570e+00 3.500000e+00
      vertex   4.373205e+01 9.999999e-01 3.500000e+00
    endloop
  endfacet
  facet normal 5.050995e-16 2.573610e-16 1.000000e+00
    outer loop
      vertex   4.600000e+01 -8.419156e-07 3.500000e+00
      vertex   4.373205e+01 9.999999e-01 3.500000e+00
      vertex   4.382709e+01 8.134730e-01 3.500000e+00
    endloop
  endfacet
  facet normal 4.773498e-16 1.832374e-16 1.000000e+00
    outer loop
      vertex   4.382709e+01 8.134730e-01 3.500000e+00
      vertex   4.390211e+01 6.180341e-01 3.500000e+00
      vertex   4.600000e+01 -8.419156e-07 3.500000e+00
    endloop
  endfacet
  facet normal 4.596520e-16 1.231634e-16 1.000000e+00
    outer loop
      vertex   4.600000e+01 -8.419156e-07 3.500000e+00
      vertex   4.390211e+01 6.180341e-01 3.500000e+00
      vertex   4.395629e+01 4.158233e-01 3.500000e+00
    endloop
  endfacet
  facet normal -4.540410e-16 -4.367481e-15 1.000000e+00
    outer loop
      vertex   4.600000e+01 -8.419156e-07 3.500000e+00
      vertex   4.395629e+01 4.158233e-01 3.500000e+00
      vertex   4.398904e+01 2.090569e-01 3.500000e+00
    endloop
  endfacet
  facet normal 4.440912e-16 4.271772e-15 1.000000e+00
    outer loop
      vertex   4.398904e+01 2.090569e-01 3.500000e+00
      vertex   4.400000e+01 2.449294e-16 3.500000e+00
      vertex   4.600000e+01 -8.419156e-07 3.500000e+00
    endloop
  endfacet
  facet normal 4.440921e-16 6.420603e-15 1.000000e+00
    outer loop
      vertex   4.600000e+01 -8.419156e-07 3.500000e+00
      vertex   4.400000e+01 2.449294e-16 3.500000e+00
      vertex   4.597083e+01 -4.821476e-01 3.500000e+00
    endloop
  endfacet
  facet normal -1.112390e-15 5.829787e-17 1.000000e+00
    outer loop
      vertex   4.597083e+01 -4.821476e-01 3.500000e+00
      vertex   4.400000e+01 2.449294e-16 3.500000e+00
      vertex   4.398904e+01 -2.090568e-01 3.500000e+00
    endloop
  endfacet
  facet normal -1.218456e-15 -7.114062e-16 1.000000e+00
    outer loop
      vertex   4.597083e+01 -4.821476e-01 3.500000e+00
      vertex   4.398904e+01 -2.090568e-01 3.500000e+00
      vertex   4.588377e+01 -9.572635e-01 3.500000e+00
    endloop
  endfacet
  facet normal -8.823431e-16 1.397493e-16 1.000000e+00
    outer loop
      vertex   4.588377e+01 -9.572635e-01 3.500000e+00
      vertex   4.398904e+01 -2.090568e-01 3.500000e+00
      vertex   4.395630e+01 -4.158233e-01 3.500000e+00
    endloop
  endfacet
  facet normal -8.474213e-16 2.640672e-16 1.000000e+00
    outer loop
      vertex   4.588377e+01 -9.572635e-01 3.500000e+00
      vertex   4.395630e+01 -4.158233e-01 3.500000e+00
      vertex   4.574006e+01 -1.418420e+00 3.500000e+00
    endloop
  endfacet
  facet normal -8.654963e-16 2.319090e-16 1.000000e+00
    outer loop
      vertex   4.574006e+01 -1.418420e+00 3.500000e+00
      vertex   4.395630e+01 -4.158233e-01 3.500000e+00
      vertex   4.390211e+01 -6.180341e-01 3.500000e+00
    endloop
  endfacet
  facet normal -8.081050e-16 3.636986e-16 1.000000e+00
    outer loop
      vertex   4.574006e+01 -1.418420e+00 3.500000e+00
      vertex   4.390211e+01 -6.180341e-01 3.500000e+00
      vertex   4.554182e+01 -1.858894e+00 3.500000e+00
    endloop
  endfacet
  facet normal -7.432965e-16 4.493385e-16 1.000000e+00
    outer loop
      vertex   4.554182e+01 -1.858894e+00 3.500000e+00
      vertex   4.390211e+01 -6.180341e-01 3.500000e+00
      vertex   4.529193e+01 -2.272260e+00 3.500000e+00
    endloop
  endfacet
  facet normal -8.772915e-16 3.367606e-16 1.000000e+00
    outer loop
      vertex   4.529193e+01 -2.272260e+00 3.500000e+00
      vertex   4.390211e+01 -6.180341e-01 3.500000e+00
      vertex   4.382709e+01 -8.134729e-01 3.500000e+00
    endloop
  endfacet
  facet normal -6.811889e-16 5.336775e-16 1.000000e+00
    outer loop
      vertex   4.529193e+01 -2.272260e+00 3.500000e+00
      vertex   4.382709e+01 -8.134729e-01 3.500000e+00
      vertex   4.499404e+01 -2.652491e+00 3.500000e+00
    endloop
  endfacet
  facet normal -8.442851e-16 4.301846e-16 1.000000e+00
    outer loop
      vertex   4.499404e+01 -2.652491e+00 3.500000e+00
      vertex   4.382709e+01 -8.134729e-01 3.500000e+00
      vertex   4.373205e+01 -9.999999e-01 3.500000e+00
    endloop
  endfacet
  facet normal -7.607095e-16 4.940104e-16 1.000000e+00
    outer loop
      vertex   4.499404e+01 -2.652491e+00 3.500000e+00
      vertex   4.373205e+01 -9.999999e-01 3.500000e+00
      vertex   4.361803e+01 -1.175570e+00 3.500000e+00
    endloop
  endfacet
  facet normal -6.226431e-16 6.226432e-16 1.000000e+00
    outer loop
      vertex   4.499404e+01 -2.652491e+00 3.500000e+00
      vertex   4.361803e+01 -1.175570e+00 3.500000e+00
      vertex   4.465249e+01 -2.994044e+00 3.500000e+00
    endloop
  endfacet
  facet normal -7.085513e-16 5.737735e-16 1.000000e+00
    outer loop
      vertex   4.465249e+01 -2.994044e+00 3.500000e+00
      vertex   4.361803e+01 -1.175570e+00 3.500000e+00
      vertex   4.348629e+01 -1.338261e+00 3.500000e+00
    endloop
  endfacet
  facet normal -5.416299e-16 6.913396e-16 1.000000e+00
    outer loop
      vertex   4.465249e+01 -2.994044e+00 3.500000e+00
      vertex   4.348629e+01 -1.338261e+00 3.500000e+00
      vertex   4.427226e+01 -3.291936e+00 3.500000e+00
    endloop
  endfacet
  facet normal -6.483895e-16 6.483899e-16 1.000000e+00
    outer loop
      vertex   4.427226e+01 -3.291936e+00 3.500000e+00
      vertex   4.348629e+01 -1.338261e+00 3.500000e+00
      vertex   4.333826e+01 -1.486290e+00 3.500000e+00
    endloop
  endfacet
  facet normal -4.530481e-16 7.494332e-16 1.000000e+00
    outer loop
      vertex   4.427226e+01 -3.291936e+00 3.500000e+00
      vertex   4.333826e+01 -1.486290e+00 3.500000e+00
      vertex   4.385889e+01 -3.541825e+00 3.500000e+00
    endloop
  endfacet
  facet normal -5.806977e-16 7.171017e-16 1.000000e+00
    outer loop
      vertex   4.385889e+01 -3.541825e+00 3.500000e+00
      vertex   4.333826e+01 -1.486290e+00 3.500000e+00
      vertex   4.317557e+01 -1.618033e+00 3.500000e+00
    endloop
  endfacet
  facet normal -4.872478e-16 7.502946e-16 1.000000e+00
    outer loop
      vertex   4.385889e+01 -3.541825e+00 3.500000e+00
      vertex   4.317557e+01 -1.618033e+00 3.500000e+00
      vertex   4.300000e+01 -1.732050e+00 3.500000e+00
    endloop
  endfacet
  facet normal -3.640041e-16 8.087842e-16 1.000000e+00
    outer loop
      vertex   4.385889e+01 -3.541825e+00 3.500000e+00
      vertex   4.300000e+01 -1.732050e+00 3.500000e+00
      vertex   4.341842e+01 -3.740066e+00 3.500000e+00
    endloop
  endfacet
  facet normal -4.074801e-16 7.997249e-16 1.000000e+00
    outer loop
      vertex   4.341842e+01 -3.740066e+00 3.500000e+00
      vertex   4.300000e+01 -1.732050e+00 3.500000e+00
      vertex   4.281347e+01 -1.827091e+00 3.500000e+00
    endloop
  endfacet
  facet normal -2.634021e-16 8.452872e-16 1.000000e+00
    outer loop
      vertex   4.341842e+01 -3.740066e+00 3.500000e+00
      vertex   4.281347e+01 -1.827091e+00 3.500000e+00
      vertex   4.295726e+01 -3.883768e+00 3.500000e+00
    endloop
  endfacet
  facet normal -3.228792e-16 8.411289e-16 1.000000e+00
    outer loop
      vertex   4.295726e+01 -3.883768e+00 3.500000e+00
      vertex   4.281347e+01 -1.827091e+00 3.500000e+00
      vertex   4.261804e+01 -1.902113e+00 3.500000e+00
    endloop
  endfacet
  facet normal -2.296561e-16 8.570872e-16 1.000000e+00
    outer loop
      vertex   4.295726e+01 -3.883768e+00 3.500000e+00
      vertex   4.261804e+01 -1.902113e+00 3.500000e+00
      vertex   4.241582e+01 -1.956295e+00 3.500000e+00
    endloop
  endfacet
  facet normal 7.283151e-16 1.126187e-15 1.000000e+00
    outer loop
      vertex   4.295726e+01 -3.883768e+00 3.500000e+00
      vertex   4.241582e+01 -1.956295e+00 3.500000e+00
      vertex   4.248215e+01 -3.970836e+00 3.500000e+00
    endloop
  endfacet
  facet normal -1.736672e-16 1.096492e-15 1.000000e+00
    outer loop
      vertex   4.248215e+01 -3.970836e+00 3.500000e+00
      vertex   4.241582e+01 -1.956295e+00 3.500000e+00
      vertex   4.220906e+01 -1.989044e+00 3.500000e+00
    endloop
  endfacet
  facet normal -4.634476e-15 4.817976e-16 1.000000e+00
    outer loop
      vertex   4.248215e+01 -3.970836e+00 3.500000e+00
      vertex   4.220906e+01 -1.989044e+00 3.500000e+00
      vertex   4.200000e+01 -4.000001e+00 3.500000e+00
    endloop
  endfacet
  facet normal 0.000000e+00 0.000000e+00 1.000000e+00
    outer loop
      vertex   4.200000e+01 -4.000001e+00 3.500000e+00
      vertex   4.220906e+01 -1.989044e+00 3.500000e+00
      vertex   4.200000e+01 -2.000000e+00 3.500000e+00
    endloop
  endfacet
  facet normal 1.110223e-16 -3.618525e-23 1.000000e+00
    outer loop
      vertex   4.200000e+01 -4.000001e+00 3.500000e+00
      vertex   4.200000e+01 -2.000000e+00 3.500000e+00
      vertex   2.200000e+01 -4.000000e+00 3.500000e+00
    endloop
  endfacet
  facet normal 2.227933e-16 -1.117710e-15 1.000000e+00
    outer loop
      vertex   2.200000e+01 -4.000000e+00 3.500000e+00
      vertex   4.200000e+01 -2.000000e+00 3.500000e+00
      vertex   1.870806e+01 -2.272258e+00 3.500000e+00
    endloop
  endfacet
  facet normal 5.099810e-15 8.174667e-15 1.000000e+00
    outer loop
      vertex   2.200000e+01 -4.000000e+00 3.500000e+00
      vertex   1.870806e+01 -2.272258e+00 3.500000e+00
      vertex   2.151785e+01 -3.970835e+00 3.500000e+00
    endloop
  endfacet
  facet normal 1.272550e-15 1.843607e-15 1.000000e+00
    outer loop
      vertex   2.151785e+01 -3.970835e+00 3.500000e+00
      vertex   1.870806e+01 -2.272258e+00 3.500000e+00
      vertex   2.104274e+01 -3.883767e+00 3.500000e+00
    endloop
  endfacet
  facet normal 0.000000e+00 0.000000e+00 1.000000e+00
    outer loop
      vertex   2.104274e+01 -3.883767e+00 3.500000e+00
      vertex   1.870806e+01 -2.272258e+00 3.500000e+00
      vertex   2.058158e+01 -3.740064e+00 3.500000e+00
    endloop
  endfacet
  facet normal 0.000000e+00 0.000000e+00 1.000000e+00
    outer loop
      vertex   2.058158e+01 -3.740064e+00 3.500000e+00
      vertex   1.870806e+01 -2.272258e+00 3.500000e+00
      vertex   2.014111e+01 -3.541824e+00 3.500000e+00
    endloop
  endfacet
  facet normal 0.000000e+00 0.000000e+00 1.000000e+00
    outer loop
      vertex   2.014111e+01 -3.541824e+00 3.500000e+00
      vertex   1.870806e+01 -2.272258e+00 3.500000e+00
      vertex   1.972774e+01 -3.291935e+00 3.500000e+00
    endloop
  endfacet
  facet normal 0.000000e+00 0.000000e+00 1.000000e+00
    outer loop
      vertex   1.972774e+01 -3.291935e+00 3.500000e+00
      vertex   1.870806e+01 -2.272258e+00 3.500000e+00
      vertex   1.934751e+01 -2.994042e+00 3.500000e+00
    endloop
  endfacet
  facet normal 0.000000e+00 0.000000e+00 1.000000e+00
    outer loop
      vertex   1.934751e+01 -2.994042e+00 3.500000e+00
      vertex   1.870806e+01 -2.272258e+00 3.500000e+00
      vertex   1.900596e+01 -2.652490e+00 3.500000e+00
    endloop
  endfacet
  facet normal 9.981756e-01 6.037844e-02 0.000000e+00
    outer loop
      vertex   4.600000e+01 3.000000e+01 3.500000e+00
      vertex   4.600000e+01 3.000000e+01 -4.371503e-15
      vertex   4.597084e+01 3.048215e+01 3.500000e+00
    endloop
  endfacet
  facet normal 9.981756e-01 6.037844e-02 -6.128780e-17
    outer loop
      vertex   4.597084e+01 3.048215e+01 3.500000e+00
      vertex   4.600000e+01 3.000000e+01 -4.371503e-15
      vertex   4.597084e+01 3.048215e+01 -4.857790e-15
    endloop
  endfacet
  facet normal 9.836199e-01 1.802550e-01 -1.829698e-16
    outer loop
      vertex   4.597084e+01 3.048215e+01 3.500000e+00
      vertex   4.597084e+01 3.048215e+01 -4.857790e-15
      vertex   4.588377e+01 3.095726e+01 3.500000e+00
    endloop
  endfacet
  facet normal 9.836199e-01 1.802550e-01 -1.829698e-16
    outer loop
      vertex   4.588377e+01 3.095726e+01 3.500000e+00
      vertex   4.597084e+01 3.048215e+01 -4.857790e-15
      vertex   4.588377e+01 3.095726e+01 -4.847127e-15
    endloop
  endfacet
  facet normal 9.547209e-01 2.975030e-01 -3.019837e-16
    outer loop
      vertex   4.588377e+01 3.095726e+01 3.500000e+00
      vertex   4.588377e+01 3.095726e+01 -4.847127e-15
      vertex   4.574007e+01 3.141842e+01 3.500000e+00
    endloop
  endfacet
  facet normal 9.547209e-01 2.975030e-01 -3.019837e-16
    outer loop
      vertex   4.574007e+01 3.141842e+01 3.500000e+00
      vertex   4.588377e+01 3.095726e+01 -4.847127e-15
      vertex   4.574007e+01 3.141842e+01 -4.829529e-15
    endloop
  endfacet
  facet normal 9.118999e-01 4.104128e-01 -4.165940e-16
    outer loop
      vertex   4.574007e+01 3.141842e+01 3.500000e+00
      vertex   4.574007e+01 3.141842e+01 -4.829529e-15
      vertex   4.554182e+01 3.185889e+01 3.500000e+00
    endloop
  endfacet
  facet normal 9.118999e-01 4.104128e-01 0.000000e+00
    outer loop
      vertex   4.554182e+01 3.185889e+01 3.500000e+00
      vertex   4.574007e+01 3.141842e+01 -4.829529e-15
      vertex   4.554182e+01 3.185889e+01 -4.805252e-15
    endloop
  endfacet
  facet normal 8.557813e-01 5.173378e-01 0.000000e+00
    outer loop
      vertex   4.554182e+01 3.185889e+01 3.500000e+00
      vertex   4.554182e+01 3.185889e+01 -4.805252e-15
      vertex   4.529194e+01 3.227226e+01 3.500000e+00
    endloop
  endfacet
  facet normal 8.557813e-01 5.173378e-01 0.000000e+00
    outer loop
      vertex   4.529194e+01 3.227226e+01 3.500000e+00
      vertex   4.554182e+01 3.185889e+01 -4.805252e-15
      vertex   4.529194e+01 3.227226e+01 -4.774649e-15
    endloop
  endfacet
  facet normal 7.871835e-01 6.167188e-01 0.000000e+00
    outer loop
      vertex   4.529194e+01 3.227226e+01 3.500000e+00
      vertex   4.529194e+01 3.227226e+01 -4.774649e-15
      vertex   4.499404e+01 3.265249e+01 3.500000e+00
    endloop
  endfacet
  facet normal 7.871835e-01 6.167188e-01 0.000000e+00
    outer loop
      vertex   4.499404e+01 3.265249e+01 3.500000e+00
      vertex   4.529194e+01 3.227226e+01 -4.774649e-15
      vertex   4.499404e+01 3.265249e+01 -4.738168e-15
    endloop
  endfacet
  facet normal 7.071068e-01 7.071067e-01 0.000000e+00
    outer loop
      vertex   4.499404e+01 3.265249e+01 3.500000e+00
      vertex   4.499404e+01 3.265249e+01 -4.738168e-15
      vertex   4.465249e+01 3.299404e+01 3.500000e+00
    endloop
  endfacet
  facet normal 7.071068e-01 7.071067e-01 0.000000e+00
    outer loop
      vertex   4.465249e+01 3.299404e+01 3.500000e+00
      vertex   4.499404e+01 3.265249e+01 -4.738168e-15
      vertex   4.465249e+01 3.299404e+01 -4.696340e-15
    endloop
  endfacet
  facet normal 6.167189e-01 7.871834e-01 0.000000e+00
    outer loop
      vertex   4.465249e+01 3.299404e+01 3.500000e+00
      vertex   4.465249e+01 3.299404e+01 -4.696340e-15
      vertex   4.427226e+01 3.329194e+01 3.500000e+00
    endloop
  endfacet
  facet normal 6.167189e-01 7.871834e-01 0.000000e+00
    outer loop
      vertex   4.427226e+01 3.329194e+01 3.500000e+00
      vertex   4.465249e+01 3.299404e+01 -4.696340e-15
      vertex   4.427226e+01 3.329194e+01 -4.649775e-15
    endloop
  endfacet
  facet normal 5.173379e-01 8.557812e-01 0.000000e+00
    outer loop
      vertex   4.427226e+01 3.329194e+01 3.500000e+00
      vertex   4.427226e+01 3.329194e+01 -4.649775e-15
      vertex   4.385889e+01 3.354182e+01 3.500000e+00
    endloop
  endfacet
  facet normal 5.173379e-01 8.557812e-01 0.000000e+00
    outer loop
      vertex   4.385889e+01 3.354182e+01 3.500000e+00
      vertex   4.427226e+01 3.329194e+01 -4.649775e-15
      vertex   4.385889e+01 3.354182e+01 -4.599152e-15
    endloop
  endfacet
  facet normal 4.104129e-01 9.118998e-01 0.000000e+00
    outer loop
      vertex   4.385889e+01 3.354182e+01 3.500000e+00
      vertex   4.385889e+01 3.354182e+01 -4.599152e-15
      vertex   4.341842e+01 3.374007e+01 3.500000e+00
    endloop
  endfacet
  facet normal 4.104129e-01 9.118998e-01 -1.851268e-15
    outer loop
      vertex   4.341842e+01 3.374007e+01 3.500000e+00
      vertex   4.385889e+01 3.354182e+01 -4.599152e-15
      vertex   4.341842e+01 3.374007e+01 -4.545209e-15
    endloop
  endfacet
  facet normal 2.975031e-01 9.547208e-01 -1.938200e-15
    outer loop
      vertex   4.341842e+01 3.374007e+01 3.500000e+00
      vertex   4.341842e+01 3.374007e+01 -4.545209e-15
      vertex   4.295726e+01 3.388377e+01 3.500000e+00
    endloop
  endfacet
  facet normal 2.975031e-01 9.547208e-01 0.000000e+00
    outer loop
      vertex   4.295726e+01 3.388377e+01 3.500000e+00
      vertex   4.341842e+01 3.374007e+01 -4.545209e-15
      vertex   4.295726e+01 3.388377e+01 -4.488734e-15
    endloop
  endfacet
  facet normal 1.802551e-01 9.836199e-01 0.000000e+00
    outer loop
      vertex   4.295726e+01 3.388377e+01 3.500000e+00
      vertex   4.295726e+01 3.388377e+01 -4.488734e-15
      vertex   4.248215e+01 3.397084e+01 3.500000e+00
    endloop
  endfacet
  facet normal 1.802551e-01 9.836199e-01 -1.996868e-15
    outer loop
      vertex   4.248215e+01 3.397084e+01 3.500000e+00
      vertex   4.295726e+01 3.388377e+01 -4.488734e-15
      vertex   4.248215e+01 3.397084e+01 -4.430549e-15
    endloop
  endfacet
  facet normal 6.037855e-02 9.981756e-01 -2.026418e-15
    outer loop
      vertex   4.248215e+01 3.397084e+01 3.500000e+00
      vertex   4.248215e+01 3.397084e+01 -4.430549e-15
      vertex   4.200000e+01 3.400000e+01 3.500000e+00
    endloop
  endfacet
  facet normal 6.037855e-02 9.981756e-01 0.000000e+00
    outer loop
      vertex   4.200000e+01 3.400000e+01 3.500000e+00
      vertex   4.248215e+01 3.397084e+01 -4.430549e-15
      vertex   4.200000e+01 3.400000e+01 -4.371503e-15
    endloop
  endfacet
  facet normal 1.000000e+00 -5.587935e-08 -4.060244e-15
    outer loop
      vertex   4.600000e+01 -8.419156e-07 -4.371503e-15
      vertex   4.600000e+01 3.000000e+01 -4.371503e-15
      vertex   4.600000e+01 -8.419156e-07 3.500000e+00
    endloop
  endfacet
  facet normal 1.000000e+00 -5.587935e-08 2.092374e-23
    outer loop
      vertex   4.600000e+01 -8.419156e-07 3.500000e+00
      vertex   4.600000e+01 3.000000e+01 -4.371503e-15
      vertex   4.600000e+01 3.000000e+01 3.500000e+00
    endloop
  endfacet
  facet normal -6.037844e-02 9.981756e-01 0.000000e+00
    outer loop
      vertex   2.200000e+01 3.400000e+01 3.500000e+00
      vertex   2.200000e+01 3.400000e+01 -2.151057e-15
      vertex   2.151785e+01 3.397084e+01 3.500000e+00
    endloop
  endfacet
  facet normal -6.037844e-02 9.981756e-01 0.000000e+00
    outer loop
      vertex   2.151785e+01 3.397084e+01 3.500000e+00
      vertex   2.200000e+01 3.400000e+01 -2.151057e-15
      vertex   2.151785e+01 3.397084e+01 -2.092011e-15
    endloop
  endfacet
  facet normal -1.802550e-01 9.836199e-01 0.000000e+00
    outer loop
      vertex   2.151785e+01 3.397084e+01 3.500000e+00
      vertex   2.151785e+01 3.397084e+01 -2.092011e-15
      vertex   2.104274e+01 3.388377e+01 3.500000e+00
    endloop
  endfacet
  facet normal -1.802550e-01 9.836199e-01 0.000000e+00
    outer loop
      vertex   2.104274e+01 3.388377e+01 3.500000e+00
      vertex   2.151785e+01 3.397084e+01 -2.092011e-15
      vertex   2.104274e+01 3.388377e+01 -2.033826e-15
    endloop
  endfacet
  facet normal -2.975030e-01 9.547209e-01 0.000000e+00
    outer loop
      vertex   2.104274e+01 3.388377e+01 3.500000e+00
      vertex   2.104274e+01 3.388377e+01 -2.033826e-15
      vertex   2.058158e+01 3.374007e+01 3.500000e+00
    endloop
  endfacet
  facet normal -2.975030e-01 9.547209e-01 0.000000e+00
    outer loop
      vertex   2.058158e+01 3.374007e+01 3.500000e+00
      vertex   2.104274e+01 3.388377e+01 -2.033826e-15
      vertex   2.058158e+01 3.374007e+01 -1.977351e-15
    endloop
  endfacet
  facet normal -4.104128e-01 9.118999e-01 0.000000e+00
    outer loop
      vertex   2.058158e+01 3.374007e+01 3.500000e+00
      vertex   2.058158e+01 3.374007e+01 -1.977351e-15
      vertex   2.014111e+01 3.354183e+01 3.500000e+00
    endloop
  endfacet
  facet normal -4.104128e-01 9.118999e-01 0.000000e+00
    outer loop
      vertex   2.014111e+01 3.354183e+01 3.500000e+00
      vertex   2.058158e+01 3.374007e+01 -1.977351e-15
      vertex   2.014111e+01 3.354183e+01 -1.923408e-15
    endloop
  endfacet
  facet normal -5.173378e-01 8.557813e-01 0.000000e+00
    outer loop
      vertex   2.014111e+01 3.354183e+01 3.500000e+00
      vertex   2.014111e+01 3.354183e+01 -1.923408e-15
      vertex   1.972774e+01 3.329194e+01 3.500000e+00
    endloop
  endfacet
  facet normal -5.173378e-01 8.557813e-01 0.000000e+00
    outer loop
      vertex   1.972774e+01 3.329194e+01 3.500000e+00
      vertex   2.014111e+01 3.354183e+01 -1.923408e-15
      vertex   1.972774e+01 3.329194e+01 -1.872786e-15
    endloop
  endfacet
  facet normal -6.167188e-01 7.871835e-01 0.000000e+00
    outer loop
      vertex   1.972774e+01 3.329194e+01 3.500000e+00
      vertex   1.972774e+01 3.329194e+01 -1.872786e-15
      vertex   1.934751e+01 3.299404e+01 3.500000e+00
    endloop
  endfacet
  facet normal -6.167188e-01 7.871835e-01 0.000000e+00
    outer loop
      vertex   1.934751e+01 3.299404e+01 3.500000e+00
      vertex   1.972774e+01 3.329194e+01 -1.872786e-15
      vertex   1.934751e+01 3.299404e+01 -1.826221e-15
    endloop
  endfacet
  facet normal -7.071068e-01 7.071068e-01 0.000000e+00
    outer loop
      vertex   1.934751e+01 3.299404e+01 3.500000e+00
      vertex   1.934751e+01 3.299404e+01 -1.826221e-15
      vertex   1.900596e+01 3.265249e+01 3.500000e+00
    endloop
  endfacet
  facet normal -7.071068e-01 7.071068e-01 0.000000e+00
    outer loop
      vertex   1.900596e+01 3.265249e+01 3.500000e+00
      vertex   1.934751e+01 3.299404e+01 -1.826221e-15
      vertex   1.900596e+01 3.265249e+01 -1.784393e-15
    endloop
  endfacet
  facet normal -7.871835e-01 6.167189e-01 0.000000e+00
    outer loop
      vertex   1.900596e+01 3.265249e+01 3.500000e+00
      vertex   1.900596e+01 3.265249e+01 -1.784393e-15
      vertex   1.870806e+01 3.227226e+01 3.500000e+00
    endloop
  endfacet
  facet normal -7.871835e-01 6.167189e-01 0.000000e+00
    outer loop
      vertex   1.870806e+01 3.227226e+01 3.500000e+00
      vertex   1.900596e+01 3.265249e+01 -1.784393e-15
      vertex   1.870806e+01 3.227226e+01 -1.747911e-15
    endloop
  endfacet
  facet normal -8.557813e-01 5.173378e-01 0.000000e+00
    outer loop
      vertex   1.870806e+01 3.227226e+01 3.500000e+00
      vertex   1.870806e+01 3.227226e+01 -1.747911e-15
      vertex   1.845818e+01 3.185889e+01 3.500000e+00
    endloop
  endfacet
  facet normal -8.557813e-01 5.173378e-01 0.000000e+00
    outer loop
      vertex   1.845818e+01 3.185889e+01 3.500000e+00
      vertex   1.870806e+01 3.227226e+01 -1.747911e-15
      vertex   1.845818e+01 3.185889e+01 -1.717309e-15
    endloop
  endfacet
  facet normal -9.118998e-01 4.104128e-01 0.000000e+00
    outer loop
      vertex   1.845818e+01 3.185889e+01 3.500000e+00
      vertex   1.845818e+01 3.185889e+01 -1.717309e-15
      vertex   1.825993e+01 3.141842e+01 3.500000e+00
    endloop
  endfacet
  facet normal -9.118998e-01 4.104128e-01 0.000000e+00
    outer loop
      vertex   1.825993e+01 3.141842e+01 3.500000e+00
      vertex   1.845818e+01 3.185889e+01 -1.717309e-15
      vertex   1.825993e+01 3.141842e+01 -1.693031e-15
    endloop
  endfacet
  facet normal -9.547209e-01 2.975031e-01 0.000000e+00
    outer loop
      vertex   1.825993e+01 3.141842e+01 3.500000e+00
      vertex   1.825993e+01 3.141842e+01 -1.693031e-15
      vertex   1.811623e+01 3.095726e+01 3.500000e+00
    endloop
  endfacet
  facet normal -9.547209e-01 2.975031e-01 0.000000e+00
    outer loop
      vertex   1.811623e+01 3.095726e+01 3.500000e+00
      vertex   1.825993e+01 3.141842e+01 -1.693031e-15
      vertex   1.811623e+01 3.095726e+01 -1.675433e-15
    endloop
  endfacet
  facet normal -9.836199e-01 1.802550e-01 0.000000e+00
    outer loop
      vertex   1.811623e+01 3.095726e+01 3.500000e+00
      vertex   1.811623e+01 3.095726e+01 -1.675433e-15
      vertex   1.802916e+01 3.048215e+01 3.500000e+00
    endloop
  endfacet
  facet normal -9.836199e-01 1.802550e-01 0.000000e+00
    outer loop
      vertex   1.802916e+01 3.048215e+01 3.500000e+00
      vertex   1.811623e+01 3.095726e+01 -1.675433e-15
      vertex   1.802916e+01 3.048215e+01 -1.664770e-15
    endloop
  endfacet
  facet normal -9.981756e-01 6.037850e-02 0.000000e+00
    outer loop
      vertex   1.802916e+01 3.048215e+01 3.500000e+00
      vertex   1.802916e+01 3.048215e+01 -1.664770e-15
      vertex   1.800000e+01 3.000000e+01 3.500000e+00
    endloop
  endfacet
  facet normal -9.981756e-01 6.037850e-02 0.000000e+00
    outer loop
      vertex   1.800000e+01 3.000000e+01 3.500000e+00
      vertex   1.802916e+01 3.048215e+01 -1.664770e-15
      vertex   1.800000e+01 3.000000e+01 -2.151057e-15
    endloop
  endfacet
  facet normal 5.587935e-08 1.000000e+00 -0.000000e+00
    outer loop
      vertex   4.200000e+01 3.400000e+01 -4.371503e-15
      vertex   2.200000e+01 3.400000e+01 -2.151057e-15
      vertex   4.200000e+01 3.400000e+01 3.500000e+00
    endloop
  endfacet
  facet normal 5.587935e-08 1.000000e+00 -1.663815e-23
    outer loop
      vertex   4.200000e+01 3.400000e+01 3.500000e+00
      vertex   2.200000e+01 3.400000e+01 -2.151057e-15
      vertex   2.200000e+01 3.400000e+01 3.500000e+00
    endloop
  endfacet
  facet normal -9.888303e-01 1.490392e-01 -1.397885e-03
    outer loop
      vertex   4.298883e+01 2.985096e+01 1.500000e+00
      vertex   4.297493e+01 2.977748e+01 3.500000e+00
      vertex   4.299720e+01 2.992527e+01 3.500000e+00
    endloop
  endfacet
  facet normal -9.749246e-01 2.225309e-01 1.398795e-03
    outer loop
      vertex   4.295557e+01 2.970525e+01 1.500000e+00
      vertex   4.297493e+01 2.977748e+01 3.500000e+00
      vertex   4.298883e+01 2.985096e+01 1.500000e+00
    endloop
  endfacet
  facet normal -9.555702e-01 2.947603e-01 -1.397226e-03
    outer loop
      vertex   4.295557e+01 2.970525e+01 1.500000e+00
      vertex   4.293087e+01 2.963466e+01 3.500000e+00
      vertex   4.297493e+01 2.977748e+01 3.500000e+00
    endloop
  endfacet
  facet normal -9.308764e-01 3.653317e-01 1.398398e-03
    outer loop
      vertex   4.290097e+01 2.956612e+01 1.500000e+00
      vertex   4.293087e+01 2.963466e+01 3.500000e+00
      vertex   4.295557e+01 2.970525e+01 1.500000e+00
    endloop
  endfacet
  facet normal -9.009701e-01 4.338790e-01 -1.397990e-03
    outer loop
      vertex   4.290097e+01 2.956612e+01 1.500000e+00
      vertex   4.286603e+01 2.950000e+01 3.500000e+00
      vertex   4.293087e+01 2.963466e+01 3.500000e+00
    endloop
  endfacet
  facet normal -8.660230e-01 5.000023e-01 1.398481e-03
    outer loop
      vertex   4.282624e+01 2.943668e+01 1.500000e+00
      vertex   4.286603e+01 2.950000e+01 3.500000e+00
      vertex   4.290097e+01 2.956612e+01 1.500000e+00
    endloop
  endfacet
  facet normal -8.262323e-01 5.633279e-01 -1.397964e-03
    outer loop
      vertex   4.282624e+01 2.943668e+01 1.500000e+00
      vertex   4.278183e+01 2.937651e+01 3.500000e+00
      vertex   4.286603e+01 2.950000e+01 3.500000e+00
    endloop
  endfacet
  facet normal -7.818289e-01 6.234915e-01 1.397978e-03
    outer loop
      vertex   4.273305e+01 2.931983e+01 1.500000e+00
      vertex   4.278183e+01 2.937651e+01 3.500000e+00
      vertex   4.282624e+01 2.943668e+01 1.500000e+00
    endloop
  endfacet
  facet normal -7.330518e-01 6.801714e-01 -1.398128e-03
    outer loop
      vertex   4.273305e+01 2.931983e+01 1.500000e+00
      vertex   4.268017e+01 2.926695e+01 3.500000e+00
      vertex   4.278183e+01 2.937651e+01 3.500000e+00
    endloop
  endfacet
  facet normal -6.801793e-01 7.330444e-01 1.397723e-03
    outer loop
      vertex   4.262349e+01 2.921817e+01 1.500000e+00
      vertex   4.268017e+01 2.926695e+01 3.500000e+00
      vertex   4.273305e+01 2.931983e+01 1.500000e+00
    endloop
  endfacet
  facet normal -6.234895e-01 7.818305e-01 -1.398816e-03
    outer loop
      vertex   4.262349e+01 2.921817e+01 1.500000e+00
      vertex   4.256332e+01 2.917376e+01 3.500000e+00
      vertex   4.268017e+01 2.926695e+01 3.500000e+00
    endloop
  endfacet
  facet normal -5.633095e-01 8.262448e-01 1.397807e-03
    outer loop
      vertex   4.250000e+01 2.913398e+01 1.500000e+00
      vertex   4.256332e+01 2.917376e+01 3.500000e+00
      vertex   4.262349e+01 2.921817e+01 1.500000e+00
    endloop
  endfacet
  facet normal -4.999954e-01 8.660269e-01 -1.398183e-03
    outer loop
      vertex   4.250000e+01 2.913398e+01 1.500000e+00
      vertex   4.243388e+01 2.909903e+01 3.500000e+00
      vertex   4.256332e+01 2.917376e+01 3.500000e+00
    endloop
  endfacet
  facet normal -4.338919e-01 9.009638e-01 1.397453e-03
    outer loop
      vertex   4.236534e+01 2.906913e+01 1.500000e+00
      vertex   4.243388e+01 2.909903e+01 3.500000e+00
      vertex   4.250000e+01 2.913398e+01 1.500000e+00
    endloop
  endfacet
  facet normal -3.653509e-01 9.308688e-01 -1.398735e-03
    outer loop
      vertex   4.236534e+01 2.906913e+01 1.500000e+00
      vertex   4.229476e+01 2.904443e+01 3.500000e+00
      vertex   4.243388e+01 2.909903e+01 3.500000e+00
    endloop
  endfacet
  facet normal -2.947457e-01 9.555747e-01 1.398147e-03
    outer loop
      vertex   4.222252e+01 2.902507e+01 1.500000e+00
      vertex   4.229476e+01 2.904443e+01 3.500000e+00
      vertex   4.236534e+01 2.906913e+01 1.500000e+00
    endloop
  endfacet
  facet normal -2.225123e-01 9.749289e-01 -1.398081e-03
    outer loop
      vertex   4.222252e+01 2.902507e+01 1.500000e+00
      vertex   4.214904e+01 2.901117e+01 3.500000e+00
      vertex   4.229476e+01 2.904443e+01 3.500000e+00
    endloop
  endfacet
  facet normal -1.490392e-01 9.888303e-01 1.397885e-03
    outer loop
      vertex   4.207473e+01 2.900280e+01 1.500000e+00
      vertex   4.214904e+01 2.901117e+01 3.500000e+00
      vertex   4.222252e+01 2.902507e+01 1.500000e+00
    endloop
  endfacet
  facet normal -7.473475e-02 9.972025e-01 -1.398048e-03
    outer loop
      vertex   4.207473e+01 2.900280e+01 1.500000e+00
      vertex   4.200000e+01 2.900000e+01 3.500000e+00
      vertex   4.214904e+01 2.901117e+01 3.500000e+00
    endloop
  endfacet
  facet normal -0.000000e+00 9.999990e-01 1.398324e-03
    outer loop
      vertex   4.192527e+01 2.900280e+01 1.500000e+00
      vertex   4.200000e+01 2.900000e+01 3.500000e+00
      vertex   4.207473e+01 2.900280e+01 1.500000e+00
    endloop
  endfacet
  facet normal 7.473535e-02 9.972024e-01 -1.398070e-03
    outer loop
      vertex   4.192527e+01 2.900280e+01 1.500000e+00
      vertex   4.185096e+01 2.901117e+01 3.500000e+00
      vertex   4.200000e+01 2.900000e+01 3.500000e+00
    endloop
  endfacet
  facet normal 1.490392e-01 9.888303e-01 1.397796e-03
    outer loop
      vertex   4.177748e+01 2.902507e+01 1.500000e+00
      vertex   4.185096e+01 2.901117e+01 3.500000e+00
      vertex   4.192527e+01 2.900280e+01 1.500000e+00
    endloop
  endfacet
  facet normal 2.225123e-01 9.749289e-01 -1.398214e-03
    outer loop
      vertex   4.177748e+01 2.902507e+01 1.500000e+00
      vertex   4.170524e+01 2.904443e+01 3.500000e+00
      vertex   4.185096e+01 2.901117e+01 3.500000e+00
    endloop
  endfacet
  facet normal 2.947457e-01 9.555747e-01 1.397971e-03
    outer loop
      vertex   4.163466e+01 2.906913e+01 1.500000e+00
      vertex   4.170524e+01 2.904443e+01 3.500000e+00
      vertex   4.177748e+01 2.902507e+01 1.500000e+00
    endloop
  endfacet
  facet normal 3.653482e-01 9.308699e-01 -1.398844e-03
    outer loop
      vertex   4.163466e+01 2.906913e+01 1.500000e+00
      vertex   4.156612e+01 2.909903e+01 3.500000e+00
      vertex   4.170524e+01 2.904443e+01 3.500000e+00
    endloop
  endfacet
  facet normal 4.338919e-01 9.009638e-01 1.397453e-03
    outer loop
      vertex   4.150000e+01 2.913398e+01 1.500000e+00
      vertex   4.156612e+01 2.909903e+01 3.500000e+00
      vertex   4.163466e+01 2.906913e+01 1.500000e+00
    endloop
  endfacet
  facet normal 4.999988e-01 8.660250e-01 -1.398332e-03
    outer loop
      vertex   4.150000e+01 2.913398e+01 1.500000e+00
      vertex   4.143668e+01 2.917376e+01 3.500000e+00
      vertex   4.156612e+01 2.909903e+01 3.500000e+00
    endloop
  endfacet
  facet normal 5.633133e-01 8.262422e-01 1.397639e-03
    outer loop
      vertex   4.137651e+01 2.921817e+01 1.500000e+00
      vertex   4.143668e+01 2.917376e+01 3.500000e+00
      vertex   4.150000e+01 2.913398e+01 1.500000e+00
    endloop
  endfacet
  facet normal 6.234895e-01 7.818305e-01 -1.398816e-03
    outer loop
      vertex   4.137651e+01 2.921817e+01 1.500000e+00
      vertex   4.131983e+01 2.926695e+01 3.500000e+00
      vertex   4.143668e+01 2.917376e+01 3.500000e+00
    endloop
  endfacet
  facet normal 6.801754e-01 7.330481e-01 1.397520e-03
    outer loop
      vertex   4.126695e+01 2.931983e+01 1.500000e+00
      vertex   4.131983e+01 2.926695e+01 3.500000e+00
      vertex   4.137651e+01 2.921817e+01 1.500000e+00
    endloop
  endfacet
  facet normal 7.330478e-01 6.801757e-01 -1.398346e-03
    outer loop
      vertex   4.126695e+01 2.931983e+01 1.500000e+00
      vertex   4.121817e+01 2.937651e+01 3.500000e+00
      vertex   4.131983e+01 2.926695e+01 3.500000e+00
    endloop
  endfacet
  facet normal 7.818328e-01 6.234866e-01 1.398211e-03
    outer loop
      vertex   4.117376e+01 2.943668e+01 1.500000e+00
      vertex   4.121817e+01 2.937651e+01 3.500000e+00
      vertex   4.126695e+01 2.931983e+01 1.500000e+00
    endloop
  endfacet
  facet normal 8.262360e-01 5.633224e-01 -1.397718e-03
    outer loop
      vertex   4.117376e+01 2.943668e+01 1.500000e+00
      vertex   4.113397e+01 2.950000e+01 3.500000e+00
      vertex   4.121817e+01 2.937651e+01 3.500000e+00
    endloop
  endfacet
  facet normal 8.660230e-01 5.000023e-01 1.398481e-03
    outer loop
      vertex   4.109903e+01 2.956612e+01 1.500000e+00
      vertex   4.113397e+01 2.950000e+01 3.500000e+00
      vertex   4.117376e+01 2.943668e+01 1.500000e+00
    endloop
  endfacet
  facet normal 9.009701e-01 4.338790e-01 -1.397990e-03
    outer loop
      vertex   4.109903e+01 2.956612e+01 1.500000e+00
      vertex   4.106913e+01 2.963466e+01 3.500000e+00
      vertex   4.113397e+01 2.950000e+01 3.500000e+00
    endloop
  endfacet
  facet normal 9.308737e-01 3.653386e-01 1.398121e-03
    outer loop
      vertex   4.104443e+01 2.970525e+01 1.500000e+00
      vertex   4.106913e+01 2.963466e+01 3.500000e+00
      vertex   4.109903e+01 2.956612e+01 1.500000e+00
    endloop
  endfacet
  facet normal 9.555702e-01 2.947603e-01 -1.397796e-03
    outer loop
      vertex   4.104443e+01 2.970525e+01 1.500000e+00
      vertex   4.102507e+01 2.977748e+01 3.500000e+00
      vertex   4.106913e+01 2.963466e+01 3.500000e+00
    endloop
  endfacet
  facet normal 9.749264e-01 2.225233e-01 1.398504e-03
    outer loop
      vertex   4.101117e+01 2.985096e+01 1.500000e+00
      vertex   4.102507e+01 2.977748e+01 3.500000e+00
      vertex   4.104443e+01 2.970525e+01 1.500000e+00
    endloop
  endfacet
  facet normal 9.888303e-01 1.490392e-01 -1.397885e-03
    outer loop
      vertex   4.101117e+01 2.985096e+01 1.500000e+00
      vertex   4.100280e+01 2.992527e+01 3.500000e+00
      vertex   4.102507e+01 2.977748e+01 3.500000e+00
    endloop
  endfacet
  facet normal 9.972025e-01 7.473475e-02 1.398048e-03
    outer loop
      vertex   4.100000e+01 3.000000e+01 1.500000e+00
      vertex   4.100280e+01 2.992527e+01 3.500000e+00
      vertex   4.101117e+01 2.985096e+01 1.500000e+00
    endloop
  endfacet
  facet normal 9.999990e-01 -4.625925e-19 -1.398324e-03
    outer loop
      vertex   4.100000e+01 3.000000e+01 1.500000e+00
      vertex   4.100280e+01 3.007473e+01 3.500000e+00
      vertex   4.100280e+01 2.992527e+01 3.500000e+00
    endloop
  endfacet
  facet normal 9.972025e-01 -7.473475e-02 1.398048e-03
    outer loop
      vertex   4.101117e+01 3.014904e+01 1.500000e+00
      vertex   4.100280e+01 3.007473e+01 3.500000e+00
      vertex   4.100000e+01 3.000000e+01 1.500000e+00
    endloop
  endfacet
  facet normal 9.888303e-01 -1.490392e-01 -1.397885e-03
    outer loop
      vertex   4.101117e+01 3.014904e+01 1.500000e+00
      vertex   4.102507e+01 3.022252e+01 3.500000e+00
      vertex   4.100280e+01 3.007473e+01 3.500000e+00
    endloop
  endfacet
  facet normal 9.749272e-01 -2.225199e-01 1.398372e-03
    outer loop
      vertex   4.104443e+01 3.029476e+01 1.500000e+00
      vertex   4.102507e+01 3.022252e+01 3.500000e+00
      vertex   4.101117e+01 3.014904e+01 1.500000e+00
    endloop
  endfacet
  facet normal 9.555702e-01 -2.947603e-01 -1.398147e-03
    outer loop
      vertex   4.104443e+01 3.029476e+01 1.500000e+00
      vertex   4.106913e+01 3.036534e+01 3.500000e+00
      vertex   4.102507e+01 3.022252e+01 3.500000e+00
    endloop
  endfacet
  facet normal 9.308715e-01 -3.653440e-01 1.397903e-03
    outer loop
      vertex   4.109903e+01 3.043388e+01 1.500000e+00
      vertex   4.106913e+01 3.036534e+01 3.500000e+00
      vertex   4.104443e+01 3.029476e+01 1.500000e+00
    endloop
  endfacet
  facet normal 9.009701e-01 -4.338790e-01 -1.397990e-03
    outer loop
      vertex   4.109903e+01 3.043388e+01 1.500000e+00
      vertex   4.113397e+01 3.050000e+01 3.500000e+00
      vertex   4.106913e+01 3.036534e+01 3.500000e+00
    endloop
  endfacet
  facet normal 8.660269e-01 -4.999954e-01 1.398183e-03
    outer loop
      vertex   4.117376e+01 3.056332e+01 1.500000e+00
      vertex   4.113397e+01 3.050000e+01 3.500000e+00
      vertex   4.109903e+01 3.043388e+01 1.500000e+00
    endloop
  endfacet
  facet normal 8.262410e-01 -5.633150e-01 -1.398053e-03
    outer loop
      vertex   4.117376e+01 3.056332e+01 1.500000e+00
      vertex   4.121817e+01 3.062349e+01 3.500000e+00
      vertex   4.113397e+01 3.050000e+01 3.500000e+00
    endloop
  endfacet
  facet normal 7.818266e-01 -6.234944e-01 1.398583e-03
    outer loop
      vertex   4.126695e+01 3.068017e+01 1.500000e+00
      vertex   4.121817e+01 3.062349e+01 3.500000e+00
      vertex   4.117376e+01 3.056332e+01 1.500000e+00
    endloop
  endfacet
  facet normal 7.330404e-01 -6.801836e-01 -1.397941e-03
    outer loop
      vertex   4.126695e+01 3.068017e+01 1.500000e+00
      vertex   4.131983e+01 3.073305e+01 3.500000e+00
      vertex   4.121817e+01 3.062349e+01 3.500000e+00
    endloop
  endfacet
  facet normal 6.801754e-01 -7.330481e-01 1.397520e-03
    outer loop
      vertex   4.137651e+01 3.078183e+01 1.500000e+00
      vertex   4.131983e+01 3.073305e+01 3.500000e+00
      vertex   4.126695e+01 3.068017e+01 1.500000e+00
    endloop
  endfacet
  facet normal 6.234993e-01 -7.818227e-01 -1.398350e-03
    outer loop
      vertex   4.137651e+01 3.078183e+01 1.500000e+00
      vertex   4.143668e+01 3.082624e+01 3.500000e+00
      vertex   4.131983e+01 3.073305e+01 3.500000e+00
    endloop
  endfacet
  facet normal 5.633241e-01 -8.262348e-01 1.398132e-03
    outer loop
      vertex   4.150000e+01 3.086603e+01 1.500000e+00
      vertex   4.143668e+01 3.082624e+01 3.500000e+00
      vertex   4.137651e+01 3.078183e+01 1.500000e+00
    endloop
  endfacet
  facet normal 4.999988e-01 -8.660250e-01 -1.398332e-03
    outer loop
      vertex   4.150000e+01 3.086603e+01 1.500000e+00
      vertex   4.156612e+01 3.090097e+01 3.500000e+00
      vertex   4.143668e+01 3.082624e+01 3.500000e+00
    endloop
  endfacet
  facet normal 4.338790e-01 -9.009701e-01 1.397990e-03
    outer loop
      vertex   4.163466e+01 3.093087e+01 1.500000e+00
      vertex   4.156612e+01 3.090097e+01 3.500000e+00
      vertex   4.150000e+01 3.086603e+01 1.500000e+00
    endloop
  endfacet
  facet normal 3.653344e-01 -9.308753e-01 -1.398290e-03
    outer loop
      vertex   4.163466e+01 3.093087e+01 1.500000e+00
      vertex   4.170524e+01 3.095557e+01 3.500000e+00
      vertex   4.156612e+01 3.090097e+01 3.500000e+00
    endloop
  endfacet
  facet normal 2.947603e-01 -9.555702e-01 1.397402e-03
    outer loop
      vertex   4.177748e+01 3.097493e+01 1.500000e+00
      vertex   4.170524e+01 3.095557e+01 3.500000e+00
      vertex   4.163466e+01 3.093087e+01 1.500000e+00
    endloop
  endfacet
  facet normal 2.225274e-01 -9.749254e-01 -1.398795e-03
    outer loop
      vertex   4.177748e+01 3.097493e+01 1.500000e+00
      vertex   4.185096e+01 3.098883e+01 3.500000e+00
      vertex   4.170524e+01 3.095557e+01 3.500000e+00
    endloop
  endfacet
  facet normal 1.490392e-01 -9.888303e-01 1.397796e-03
    outer loop
      vertex   4.192527e+01 3.099720e+01 1.500000e+00
      vertex   4.185096e+01 3.098883e+01 3.500000e+00
      vertex   4.177748e+01 3.097493e+01 1.500000e+00
    endloop
  endfacet
  facet normal 7.473535e-02 -9.972024e-01 -1.398070e-03
    outer loop
      vertex   4.192527e+01 3.099720e+01 1.500000e+00
      vertex   4.200000e+01 3.100000e+01 3.500000e+00
      vertex   4.185096e+01 3.098883e+01 3.500000e+00
    endloop
  endfacet
  facet normal 0.000000e+00 -9.999990e-01 1.398324e-03
    outer loop
      vertex   4.207473e+01 3.099720e+01 1.500000e+00
      vertex   4.200000e+01 3.100000e+01 3.500000e+00
      vertex   4.192527e+01 3.099720e+01 1.500000e+00
    endloop
  endfacet
  facet normal -7.473475e-02 -9.972025e-01 -1.398048e-03
    outer loop
      vertex   4.207473e+01 3.099720e+01 1.500000e+00
      vertex   4.214904e+01 3.098883e+01 3.500000e+00
      vertex   4.200000e+01 3.100000e+01 3.500000e+00
    endloop
  endfacet
  facet normal -1.490392e-01 -9.888303e-01 1.397885e-03
    outer loop
      vertex   4.222252e+01 3.097493e+01 1.500000e+00
      vertex   4.214904e+01 3.098883e+01 3.500000e+00
      vertex   4.207473e+01 3.099720e+01 1.500000e+00
    endloop
  endfacet
  facet normal -2.225274e-01 -9.749254e-01 -1.398662e-03
    outer loop
      vertex   4.222252e+01 3.097493e+01 1.500000e+00
      vertex   4.229476e+01 3.095557e+01 3.500000e+00
      vertex   4.214904e+01 3.098883e+01 3.500000e+00
    endloop
  endfacet
  facet normal -2.947603e-01 -9.555702e-01 1.397578e-03
    outer loop
      vertex   4.236534e+01 3.093087e+01 1.500000e+00
      vertex   4.229476e+01 3.095557e+01 3.500000e+00
      vertex   4.222252e+01 3.097493e+01 1.500000e+00
    endloop
  endfacet
  facet normal -3.653371e-01 -9.308742e-01 -1.398181e-03
    outer loop
      vertex   4.236534e+01 3.093087e+01 1.500000e+00
      vertex   4.243388e+01 3.090097e+01 3.500000e+00
      vertex   4.229476e+01 3.095557e+01 3.500000e+00
    endloop
  endfacet
  facet normal -4.338790e-01 -9.009701e-01 1.397990e-03
    outer loop
      vertex   4.250000e+01 3.086603e+01 1.500000e+00
      vertex   4.243388e+01 3.090097e+01 3.500000e+00
      vertex   4.236534e+01 3.093087e+01 1.500000e+00
    endloop
  endfacet
  facet normal -4.999954e-01 -8.660269e-01 -1.398183e-03
    outer loop
      vertex   4.250000e+01 3.086603e+01 1.500000e+00
      vertex   4.256332e+01 3.082624e+01 3.500000e+00
      vertex   4.243388e+01 3.090097e+01 3.500000e+00
    endloop
  endfacet
  facet normal -5.633204e-01 -8.262373e-01 1.398300e-03
    outer loop
      vertex   4.262349e+01 3.078183e+01 1.500000e+00
      vertex   4.256332e+01 3.082624e+01 3.500000e+00
      vertex   4.250000e+01 3.086603e+01 1.500000e+00
    endloop
  endfacet
  facet normal -6.234993e-01 -7.818227e-01 -1.398350e-03
    outer loop
      vertex   4.262349e+01 3.078183e+01 1.500000e+00
      vertex   4.268017e+01 3.073305e+01 3.500000e+00
      vertex   4.256332e+01 3.082624e+01 3.500000e+00
    endloop
  endfacet
  facet normal -6.801793e-01 -7.330444e-01 1.397723e-03
    outer loop
      vertex   4.273305e+01 3.068017e+01 1.500000e+00
      vertex   4.268017e+01 3.073305e+01 3.500000e+00
      vertex   4.262349e+01 3.078183e+01 1.500000e+00
    endloop
  endfacet
  facet normal -7.330444e-01 -6.801793e-01 -1.397723e-03
    outer loop
      vertex   4.273305e+01 3.068017e+01 1.500000e+00
      vertex   4.278183e+01 3.062349e+01 3.500000e+00
      vertex   4.268017e+01 3.073305e+01 3.500000e+00
    endloop
  endfacet
  facet normal -7.818227e-01 -6.234993e-01 1.398350e-03
    outer loop
      vertex   4.282624e+01 3.056332e+01 1.500000e+00
      vertex   4.278183e+01 3.062349e+01 3.500000e+00
      vertex   4.273305e+01 3.068017e+01 1.500000e+00
    endloop
  endfacet
  facet normal -8.262373e-01 -5.633204e-01 -1.398300e-03
    outer loop
      vertex   4.282624e+01 3.056332e+01 1.500000e+00
      vertex   4.286603e+01 3.050000e+01 3.500000e+00
      vertex   4.278183e+01 3.062349e+01 3.500000e+00
    endloop
  endfacet
  facet normal -8.660269e-01 -4.999954e-01 1.398183e-03
    outer loop
      vertex   4.290097e+01 3.043388e+01 1.500000e+00
      vertex   4.286603e+01 3.050000e+01 3.500000e+00
      vertex   4.282624e+01 3.056332e+01 1.500000e+00
    endloop
  endfacet
  facet normal -9.009701e-01 -4.338790e-01 -1.397990e-03
    outer loop
      vertex   4.290097e+01 3.043388e+01 1.500000e+00
      vertex   4.293087e+01 3.036534e+01 3.500000e+00
      vertex   4.286603e+01 3.050000e+01 3.500000e+00
    endloop
  endfacet
  facet normal -9.308742e-01 -3.653371e-01 1.398181e-03
    outer loop
      vertex   4.295557e+01 3.029476e+01 1.500000e+00
      vertex   4.293087e+01 3.036534e+01 3.500000e+00
      vertex   4.290097e+01 3.043388e+01 1.500000e+00
    endloop
  endfacet
  facet normal -9.555702e-01 -2.947603e-01 -1.397578e-03
    outer loop
      vertex   4.295557e+01 3.029476e+01 1.500000e+00
      vertex   4.297493e+01 3.022252e+01 3.500000e+00
      vertex   4.293087e+01 3.036534e+01 3.500000e+00
    endloop
  endfacet
  facet normal -9.749254e-01 -2.225274e-01 1.398662e-03
    outer loop
      vertex   4.298883e+01 3.014904e+01 1.500000e+00
      vertex   4.297493e+01 3.022252e+01 3.500000e+00
      vertex   4.295557e+01 3.029476e+01 1.500000e+00
    endloop
  endfacet
  facet normal -9.888303e-01 -1.490392e-01 -1.397885e-03
    outer loop
      vertex   4.298883e+01 3.014904e+01 1.500000e+00
      vertex   4.299720e+01 3.007473e+01 3.500000e+00
      vertex   4.297493e+01 3.022252e+01 3.500000e+00
    endloop
  endfacet
  facet normal -9.972025e-01 -7.473475e-02 1.398048e-03
    outer loop
      vertex   4.300000e+01 3.000000e+01 1.500000e+00
      vertex   4.299720e+01 3.007473e+01 3.500000e+00
      vertex   4.298883e+01 3.014904e+01 1.500000e+00
    endloop
  endfacet
  facet normal -9.999990e-01 4.625925e-19 -1.398324e-03
    outer loop
      vertex   4.300000e+01 3.000000e+01 1.500000e+00
      vertex   4.299720e+01 2.992527e+01 3.500000e+00
      vertex   4.299720e+01 3.007473e+01 3.500000e+00
    endloop
  endfacet
  facet normal -9.972025e-01 7.473475e-02 1.398048e-03
    outer loop
      vertex   4.298883e+01 2.985096e+01 1.500000e+00
      vertex   4.299720e+01 2.992527e+01 3.500000e+00
      vertex   4.300000e+01 3.000000e+01 1.500000e+00
    endloop
  endfacet
  facet normal -9.749279e-01 2.225211e-01 -2.470481e-17
    outer loop
      vertex   2.295557e+01 -2.947552e-01 1.500000e+00
      vertex   2.295557e+01 -2.947552e-01 3.500000e+00
      vertex   2.298883e+01 -1.490423e-01 1.500000e+00
    endloop
  endfacet
  facet normal -9.749279e-01 2.225211e-01 0.000000e+00
    outer loop
      vertex   2.298883e+01 -1.490423e-01 1.500000e+00
      vertex   2.295557e+01 -2.947552e-01 3.500000e+00
      vertex   2.298883e+01 -1.490423e-01 3.500000e+00
    endloop
  endfacet
  facet normal -9.308737e-01 3.653411e-01 -4.056101e-17
    outer loop
      vertex   2.290097e+01 -4.338837e-01 1.500000e+00
      vertex   2.290097e+01 -4.338837e-01 3.500000e+00
      vertex   2.295557e+01 -2.947552e-01 1.500000e+00
    endloop
  endfacet
  facet normal -9.308737e-01 3.653411e-01 -4.056101e-17
    outer loop
      vertex   2.295557e+01 -2.947552e-01 1.500000e+00
      vertex   2.290097e+01 -4.338837e-01 3.500000e+00
      vertex   2.295557e+01 -2.947552e-01 3.500000e+00
    endloop
  endfacet
  facet normal -8.660254e-01 5.000000e-01 -5.551115e-17
    outer loop
      vertex   2.282624e+01 -5.633200e-01 1.500000e+00
      vertex   2.282624e+01 -5.633200e-01 3.500000e+00
      vertex   2.290097e+01 -4.338837e-01 1.500000e+00
    endloop
  endfacet
  facet normal -8.660254e-01 5.000000e-01 -5.551115e-17
    outer loop
      vertex   2.290097e+01 -4.338837e-01 1.500000e+00
      vertex   2.282624e+01 -5.633200e-01 3.500000e+00
      vertex   2.290097e+01 -4.338837e-01 3.500000e+00
    endloop
  endfacet
  facet normal -7.818317e-01 6.234896e-01 -3.461062e-17
    outer loop
      vertex   2.273305e+01 -6.801727e-01 1.500000e+00
      vertex   2.273305e+01 -6.801727e-01 3.500000e+00
      vertex   2.282624e+01 -5.633200e-01 1.500000e+00
    endloop
  endfacet
  facet normal -7.818317e-01 6.234896e-01 -6.922125e-17
    outer loop
      vertex   2.282624e+01 -5.633200e-01 1.500000e+00
      vertex   2.273305e+01 -6.801727e-01 3.500000e+00
      vertex   2.282624e+01 -5.633200e-01 3.500000e+00
    endloop
  endfacet
  facet normal -6.801728e-01 7.330518e-01 -4.069255e-17
    outer loop
      vertex   2.262349e+01 -7.818315e-01 1.500000e+00
      vertex   2.262349e+01 -7.818315e-01 3.500000e+00
      vertex   2.273305e+01 -6.801727e-01 1.500000e+00
    endloop
  endfacet
  facet normal -6.801728e-01 7.330518e-01 -4.069255e-17
    outer loop
      vertex   2.273305e+01 -6.801727e-01 1.500000e+00
      vertex   2.262349e+01 -7.818315e-01 3.500000e+00
      vertex   2.273305e+01 -6.801727e-01 3.500000e+00
    endloop
  endfacet
  facet normal -5.633198e-01 8.262389e-01 -4.586547e-17
    outer loop
      vertex   2.250000e+01 -8.660254e-01 1.500000e+00
      vertex   2.250000e+01 -8.660254e-01 3.500000e+00
      vertex   2.262349e+01 -7.818315e-01 1.500000e+00
    endloop
  endfacet
  facet normal -5.633198e-01 8.262389e-01 -4.586547e-17
    outer loop
      vertex   2.262349e+01 -7.818315e-01 1.500000e+00
      vertex   2.250000e+01 -8.660254e-01 3.500000e+00
      vertex   2.262349e+01 -7.818315e-01 3.500000e+00
    endloop
  endfacet
  facet normal -4.338839e-01 9.009688e-01 -5.001381e-17
    outer loop
      vertex   2.236534e+01 -9.308738e-01 1.500000e+00
      vertex   2.236534e+01 -9.308738e-01 3.500000e+00
      vertex   2.250000e+01 -8.660254e-01 1.500000e+00
    endloop
  endfacet
  facet normal -4.338839e-01 9.009688e-01 -5.001381e-17
    outer loop
      vertex   2.250000e+01 -8.660254e-01 1.500000e+00
      vertex   2.236534e+01 -9.308738e-01 3.500000e+00
      vertex   2.250000e+01 -8.660254e-01 3.500000e+00
    endloop
  endfacet
  facet normal -2.947552e-01 9.555728e-01 0.000000e+00
    outer loop
      vertex   2.222252e+01 -9.749279e-01 1.500000e+00
      vertex   2.222252e+01 -9.749279e-01 3.500000e+00
      vertex   2.236534e+01 -9.308738e-01 1.500000e+00
    endloop
  endfacet
  facet normal -2.947552e-01 9.555728e-01 -5.304495e-17
    outer loop
      vertex   2.236534e+01 -9.308738e-01 1.500000e+00
      vertex   2.222252e+01 -9.749279e-01 3.500000e+00
      vertex   2.236534e+01 -9.308738e-01 3.500000e+00
    endloop
  endfacet
  facet normal -1.490423e-01 9.888308e-01 0.000000e+00
    outer loop
      vertex   2.207473e+01 -9.972038e-01 1.500000e+00
      vertex   2.207473e+01 -9.972038e-01 3.500000e+00
      vertex   2.222252e+01 -9.749279e-01 1.500000e+00
    endloop
  endfacet
  facet normal -1.490423e-01 9.888308e-01 0.000000e+00
    outer loop
      vertex   2.222252e+01 -9.749279e-01 1.500000e+00
      vertex   2.207473e+01 -9.972038e-01 3.500000e+00
      vertex   2.222252e+01 -9.749279e-01 3.500000e+00
    endloop
  endfacet
  facet normal 0.000000e+00 1.000000e+00 0.000000e+00
    outer loop
      vertex   2.192527e+01 -9.972038e-01 1.500000e+00
      vertex   2.192527e+01 -9.972038e-01 3.500000e+00
      vertex   2.207473e+01 -9.972038e-01 1.500000e+00
    endloop
  endfacet
  facet normal 0.000000e+00 1.000000e+00 -0.000000e+00
    outer loop
      vertex   2.207473e+01 -9.972038e-01 1.500000e+00
      vertex   2.192527e+01 -9.972038e-01 3.500000e+00
      vertex   2.207473e+01 -9.972038e-01 3.500000e+00
    endloop
  endfacet
  facet normal 1.490423e-01 9.888308e-01 -0.000000e+00
    outer loop
      vertex   2.177748e+01 -9.749279e-01 1.500000e+00
      vertex   2.177748e+01 -9.749279e-01 3.500000e+00
      vertex   2.192527e+01 -9.972038e-01 1.500000e+00
    endloop
  endfacet
  facet normal 1.490423e-01 9.888308e-01 -5.295047e-16
    outer loop
      vertex   2.192527e+01 -9.972038e-01 1.500000e+00
      vertex   2.177748e+01 -9.749279e-01 3.500000e+00
      vertex   2.192527e+01 -9.972038e-01 3.500000e+00
    endloop
  endfacet
  facet normal 2.947552e-01 9.555728e-01 -0.000000e+00
    outer loop
      vertex   2.163466e+01 -9.308738e-01 1.500000e+00
      vertex   2.163466e+01 -9.308738e-01 3.500000e+00
      vertex   2.177748e+01 -9.749279e-01 1.500000e+00
    endloop
  endfacet
  facet normal 2.947552e-01 9.555728e-01 -0.000000e+00
    outer loop
      vertex   2.177748e+01 -9.749279e-01 1.500000e+00
      vertex   2.163466e+01 -9.308738e-01 3.500000e+00
      vertex   2.177748e+01 -9.749279e-01 3.500000e+00
    endloop
  endfacet
  facet normal 4.338839e-01 9.009688e-01 5.001381e-17
    outer loop
      vertex   2.150000e+01 -8.660254e-01 1.500000e+00
      vertex   2.150000e+01 -8.660254e-01 3.500000e+00
      vertex   2.163466e+01 -9.308738e-01 1.500000e+00
    endloop
  endfacet
  facet normal 4.338839e-01 9.009688e-01 -0.000000e+00
    outer loop
      vertex   2.163466e+01 -9.308738e-01 1.500000e+00
      vertex   2.150000e+01 -8.660254e-01 3.500000e+00
      vertex   2.163466e+01 -9.308738e-01 3.500000e+00
    endloop
  endfacet
  facet normal 5.633198e-01 8.262389e-01 4.586547e-17
    outer loop
      vertex   2.137651e+01 -7.818315e-01 1.500000e+00
      vertex   2.137651e+01 -7.818315e-01 3.500000e+00
      vertex   2.150000e+01 -8.660254e-01 1.500000e+00
    endloop
  endfacet
  facet normal 5.633198e-01 8.262389e-01 4.586547e-17
    outer loop
      vertex   2.150000e+01 -8.660254e-01 1.500000e+00
      vertex   2.137651e+01 -7.818315e-01 3.500000e+00
      vertex   2.150000e+01 -8.660254e-01 3.500000e+00
    endloop
  endfacet
  facet normal 6.801728e-01 7.330518e-01 4.069255e-17
    outer loop
      vertex   2.126695e+01 -6.801727e-01 1.500000e+00
      vertex   2.126695e+01 -6.801727e-01 3.500000e+00
      vertex   2.137651e+01 -7.818315e-01 1.500000e+00
    endloop
  endfacet
  facet normal 6.801728e-01 7.330518e-01 4.069255e-17
    outer loop
      vertex   2.137651e+01 -7.818315e-01 1.500000e+00
      vertex   2.126695e+01 -6.801727e-01 3.500000e+00
      vertex   2.137651e+01 -7.818315e-01 3.500000e+00
    endloop
  endfacet
  facet normal 7.818317e-01 6.234896e-01 3.461062e-17
    outer loop
      vertex   2.117376e+01 -5.633200e-01 1.500000e+00
      vertex   2.117376e+01 -5.633200e-01 3.500000e+00
      vertex   2.126695e+01 -6.801727e-01 1.500000e+00
    endloop
  endfacet
  facet normal 7.818317e-01 6.234896e-01 3.461062e-17
    outer loop
      vertex   2.126695e+01 -6.801727e-01 1.500000e+00
      vertex   2.117376e+01 -5.633200e-01 3.500000e+00
      vertex   2.126695e+01 -6.801727e-01 3.500000e+00
    endloop
  endfacet
  facet normal 8.660254e-01 5.000000e-01 5.551115e-17
    outer loop
      vertex   2.109903e+01 -4.338837e-01 1.500000e+00
      vertex   2.109903e+01 -4.338837e-01 3.500000e+00
      vertex   2.117376e+01 -5.633200e-01 1.500000e+00
    endloop
  endfacet
  facet normal 8.660254e-01 5.000000e-01 2.775557e-17
    outer loop
      vertex   2.117376e+01 -5.633200e-01 1.500000e+00
      vertex   2.109903e+01 -4.338837e-01 3.500000e+00
      vertex   2.117376e+01 -5.633200e-01 3.500000e+00
    endloop
  endfacet
  facet normal 9.308737e-01 3.653411e-01 4.056101e-17
    outer loop
      vertex   2.104443e+01 -2.947552e-01 1.500000e+00
      vertex   2.104443e+01 -2.947552e-01 3.500000e+00
      vertex   2.109903e+01 -4.338837e-01 1.500000e+00
    endloop
  endfacet
  facet normal 9.308737e-01 3.653411e-01 4.056101e-17
    outer loop
      vertex   2.109903e+01 -4.338837e-01 1.500000e+00
      vertex   2.104443e+01 -2.947552e-01 3.500000e+00
      vertex   2.109903e+01 -4.338837e-01 3.500000e+00
    endloop
  endfacet
  facet normal 9.749279e-01 2.225211e-01 2.470481e-17
    outer loop
      vertex   2.101117e+01 -1.490423e-01 1.500000e+00
      vertex   2.101117e+01 -1.490423e-01 3.500000e+00
      vertex   2.104443e+01 -2.947552e-01 1.500000e+00
    endloop
  endfacet
  facet normal 9.749279e-01 2.225211e-01 2.470481e-17
    outer loop
      vertex   2.104443e+01 -2.947552e-01 1.500000e+00
      vertex   2.101117e+01 -1.490423e-01 3.500000e+00
      vertex   2.104443e+01 -2.947552e-01 3.500000e+00
    endloop
  endfacet
  facet normal 9.972038e-01 7.473004e-02 6.481798e-18
    outer loop
      vertex   2.100000e+01 0.000000e+00 1.500000e+00
      vertex   2.100000e+01 -1.734723e-16 3.500000e+00
      vertex   2.101117e+01 -1.490423e-01 1.500000e+00
    endloop
  endfacet
  facet normal 9.972038e-01 7.473004e-02 8.296701e-18
    outer loop
      vertex   2.101117e+01 -1.490423e-01 1.500000e+00
      vertex   2.100000e+01 -1.734723e-16 3.500000e+00
      vertex   2.101117e+01 -1.490423e-01 3.500000e+00
    endloop
  endfacet
  facet normal 9.972038e-01 -7.473004e-02 -9.333789e-18
    outer loop
      vertex   2.101117e+01 1.490423e-01 1.500000e+00
      vertex   2.101117e+01 1.490423e-01 3.500000e+00
      vertex   2.100000e+01 0.000000e+00 1.500000e+00
    endloop
  endfacet
  facet normal 9.972038e-01 -7.473004e-02 -6.481798e-18
    outer loop
      vertex   2.100000e+01 0.000000e+00 1.500000e+00
      vertex   2.101117e+01 1.490423e-01 3.500000e+00
      vertex   2.100000e+01 -1.734723e-16 3.500000e+00
    endloop
  endfacet
  facet normal 9.749279e-01 -2.225211e-01 -2.470481e-17
    outer loop
      vertex   2.104443e+01 2.947552e-01 1.500000e+00
      vertex   2.104443e+01 2.947552e-01 3.500000e+00
      vertex   2.101117e+01 1.490423e-01 1.500000e+00
    endloop
  endfacet
  facet normal 9.749279e-01 -2.225211e-01 -2.779291e-17
    outer loop
      vertex   2.101117e+01 1.490423e-01 1.500000e+00
      vertex   2.104443e+01 2.947552e-01 3.500000e+00
      vertex   2.101117e+01 1.490423e-01 3.500000e+00
    endloop
  endfacet
  facet normal 9.308737e-01 -3.653411e-01 -5.070127e-17
    outer loop
      vertex   2.109903e+01 4.338837e-01 1.500000e+00
      vertex   2.109903e+01 4.338837e-01 3.500000e+00
      vertex   2.104443e+01 2.947552e-01 1.500000e+00
    endloop
  endfacet
  facet normal 9.308737e-01 -3.653411e-01 -4.056101e-17
    outer loop
      vertex   2.104443e+01 2.947552e-01 1.500000e+00
      vertex   2.109903e+01 4.338837e-01 3.500000e+00
      vertex   2.104443e+01 2.947552e-01 3.500000e+00
    endloop
  endfacet
  facet normal 8.660254e-01 -5.000000e-01 -5.551115e-17
    outer loop
      vertex   2.117376e+01 5.633200e-01 1.500000e+00
      vertex   2.117376e+01 5.633200e-01 3.500000e+00
      vertex   2.109903e+01 4.338837e-01 1.500000e+00
    endloop
  endfacet
  facet normal 8.660254e-01 -5.000000e-01 -6.938893e-17
    outer loop
      vertex   2.109903e+01 4.338837e-01 1.500000e+00
      vertex   2.117376e+01 5.633200e-01 3.500000e+00
      vertex   2.109903e+01 4.338837e-01 3.500000e+00
    endloop
  endfacet
  facet normal 7.818317e-01 -6.234896e-01 -6.922125e-17
    outer loop
      vertex   2.126695e+01 6.801727e-01 1.500000e+00
      vertex   2.126695e+01 6.801727e-01 3.500000e+00
      vertex   2.117376e+01 5.633200e-01 1.500000e+00
    endloop
  endfacet
  facet normal 7.818317e-01 -6.234896e-01 -6.922125e-17
    outer loop
      vertex   2.117376e+01 5.633200e-01 1.500000e+00
      vertex   2.126695e+01 6.801727e-01 3.500000e+00
      vertex   2.117376e+01 5.633200e-01 3.500000e+00
    endloop
  endfacet
  facet normal 6.801728e-01 -7.330518e-01 -4.069255e-17
    outer loop
      vertex   2.137651e+01 7.818315e-01 1.500000e+00
      vertex   2.137651e+01 7.818315e-01 3.500000e+00
      vertex   2.126695e+01 6.801727e-01 1.500000e+00
    endloop
  endfacet
  facet normal 6.801728e-01 -7.330518e-01 -8.138510e-17
    outer loop
      vertex   2.126695e+01 6.801727e-01 1.500000e+00
      vertex   2.137651e+01 7.818315e-01 3.500000e+00
      vertex   2.126695e+01 6.801727e-01 3.500000e+00
    endloop
  endfacet
  facet normal 5.633198e-01 -8.262389e-01 -4.586547e-17
    outer loop
      vertex   2.150000e+01 8.660254e-01 1.500000e+00
      vertex   2.150000e+01 8.660254e-01 3.500000e+00
      vertex   2.137651e+01 7.818315e-01 1.500000e+00
    endloop
  endfacet
  facet normal 5.633198e-01 -8.262389e-01 -4.586547e-17
    outer loop
      vertex   2.137651e+01 7.818315e-01 1.500000e+00
      vertex   2.150000e+01 8.660254e-01 3.500000e+00
      vertex   2.137651e+01 7.818315e-01 3.500000e+00
    endloop
  endfacet
  facet normal 4.338839e-01 -9.009688e-01 -5.001381e-17
    outer loop
      vertex   2.163466e+01 9.308738e-01 1.500000e+00
      vertex   2.163466e+01 9.308738e-01 3.500000e+00
      vertex   2.150000e+01 8.660254e-01 1.500000e+00
    endloop
  endfacet
  facet normal 4.338839e-01 -9.009688e-01 -5.001381e-17
    outer loop
      vertex   2.150000e+01 8.660254e-01 1.500000e+00
      vertex   2.163466e+01 9.308738e-01 3.500000e+00
      vertex   2.150000e+01 8.660254e-01 3.500000e+00
    endloop
  endfacet
  facet normal 2.947552e-01 -9.555728e-01 0.000000e+00
    outer loop
      vertex   2.177748e+01 9.749279e-01 1.500000e+00
      vertex   2.177748e+01 9.749279e-01 3.500000e+00
      vertex   2.163466e+01 9.308738e-01 1.500000e+00
    endloop
  endfacet
  facet normal 2.947552e-01 -9.555728e-01 -5.304495e-17
    outer loop
      vertex   2.163466e+01 9.308738e-01 1.500000e+00
      vertex   2.177748e+01 9.749279e-01 3.500000e+00
      vertex   2.163466e+01 9.308738e-01 3.500000e+00
    endloop
  endfacet
  facet normal 1.490423e-01 -9.888308e-01 0.000000e+00
    outer loop
      vertex   2.192527e+01 9.972038e-01 1.500000e+00
      vertex   2.192527e+01 9.972038e-01 3.500000e+00
      vertex   2.177748e+01 9.749279e-01 1.500000e+00
    endloop
  endfacet
  facet normal 1.490423e-01 -9.888308e-01 0.000000e+00
    outer loop
      vertex   2.177748e+01 9.749279e-01 1.500000e+00
      vertex   2.192527e+01 9.972038e-01 3.500000e+00
      vertex   2.177748e+01 9.749279e-01 3.500000e+00
    endloop
  endfacet
  facet normal 0.000000e+00 -1.000000e+00 0.000000e+00
    outer loop
      vertex   2.207473e+01 9.972038e-01 1.500000e+00
      vertex   2.207473e+01 9.972038e-01 3.500000e+00
      vertex   2.192527e+01 9.972038e-01 1.500000e+00
    endloop
  endfacet
  facet normal 0.000000e+00 -1.000000e+00 0.000000e+00
    outer loop
      vertex   2.192527e+01 9.972038e-01 1.500000e+00
      vertex   2.207473e+01 9.972038e-01 3.500000e+00
      vertex   2.192527e+01 9.972038e-01 3.500000e+00
    endloop
  endfacet
  facet normal -1.490423e-01 -9.888308e-01 0.000000e+00
    outer loop
      vertex   2.222252e+01 9.749279e-01 1.500000e+00
      vertex   2.222252e+01 9.749279e-01 3.500000e+00
      vertex   2.207473e+01 9.972038e-01 1.500000e+00
    endloop
  endfacet
  facet normal -1.490423e-01 -9.888308e-01 0.000000e+00
    outer loop
      vertex   2.207473e+01 9.972038e-01 1.500000e+00
      vertex   2.222252e+01 9.749279e-01 3.500000e+00
      vertex   2.207473e+01 9.972038e-01 3.500000e+00
    endloop
  endfacet
  facet normal -2.947552e-01 -9.555728e-01 0.000000e+00
    outer loop
      vertex   2.236534e+01 9.308738e-01 1.500000e+00
      vertex   2.236534e+01 9.308738e-01 3.500000e+00
      vertex   2.222252e+01 9.749279e-01 1.500000e+00
    endloop
  endfacet
  facet normal -2.947552e-01 -9.555728e-01 0.000000e+00
    outer loop
      vertex   2.222252e+01 9.749279e-01 1.500000e+00
      vertex   2.236534e+01 9.308738e-01 3.500000e+00
      vertex   2.222252e+01 9.749279e-01 3.500000e+00
    endloop
  endfacet
  facet normal -4.338839e-01 -9.009688e-01 5.001381e-17
    outer loop
      vertex   2.250000e+01 8.660254e-01 1.500000e+00
      vertex   2.250000e+01 8.660254e-01 3.500000e+00
      vertex   2.236534e+01 9.308738e-01 1.500000e+00
    endloop
  endfacet
  facet normal -4.338839e-01 -9.009688e-01 0.000000e+00
    outer loop
      vertex   2.236534e+01 9.308738e-01 1.500000e+00
      vertex   2.250000e+01 8.660254e-01 3.500000e+00
      vertex   2.236534e+01 9.308738e-01 3.500000e+00
    endloop
  endfacet
  facet normal -5.633198e-01 -8.262389e-01 4.586547e-17
    outer loop
      vertex   2.262349e+01 7.818315e-01 1.500000e+00
      vertex   2.262349e+01 7.818315e-01 3.500000e+00
      vertex   2.250000e+01 8.660254e-01 1.500000e+00
    endloop
  endfacet
  facet normal -5.633198e-01 -8.262389e-01 4.586547e-17
    outer loop
      vertex   2.250000e+01 8.660254e-01 1.500000e+00
      vertex   2.262349e+01 7.818315e-01 3.500000e+00
      vertex   2.250000e+01 8.660254e-01 3.500000e+00
    endloop
  endfacet
  facet normal -6.801728e-01 -7.330518e-01 4.069255e-17
    outer loop
      vertex   2.273305e+01 6.801727e-01 1.500000e+00
      vertex   2.273305e+01 6.801727e-01 3.500000e+00
      vertex   2.262349e+01 7.818315e-01 1.500000e+00
    endloop
  endfacet
  facet normal -6.801728e-01 -7.330518e-01 4.069255e-17
    outer loop
      vertex   2.262349e+01 7.818315e-01 1.500000e+00
      vertex   2.273305e+01 6.801727e-01 3.500000e+00
      vertex   2.262349e+01 7.818315e-01 3.500000e+00
    endloop
  endfacet
  facet normal -7.818317e-01 -6.234896e-01 3.461062e-17
    outer loop
      vertex   2.282624e+01 5.633200e-01 1.500000e+00
      vertex   2.282624e+01 5.633200e-01 3.500000e+00
      vertex   2.273305e+01 6.801727e-01 1.500000e+00
    endloop
  endfacet
  facet normal -7.818317e-01 -6.234896e-01 3.461062e-17
    outer loop
      vertex   2.273305e+01 6.801727e-01 1.500000e+00
      vertex   2.282624e+01 5.633200e-01 3.500000e+00
      vertex   2.273305e+01 6.801727e-01 3.500000e+00
    endloop
  endfacet
  facet normal -8.660254e-01 -5.000000e-01 5.551115e-17
    outer loop
      vertex   2.290097e+01 4.338837e-01 1.500000e+00
      vertex   2.290097e+01 4.338837e-01 3.500000e+00
      vertex   2.282624e+01 5.633200e-01 1.500000e+00
    endloop
  endfacet
  facet normal -8.660254e-01 -5.000000e-01 2.775557e-17
    outer loop
      vertex   2.282624e+01 5.633200e-01 1.500000e+00
      vertex   2.290097e+01 4.338837e-01 3.500000e+00
      vertex   2.282624e+01 5.633200e-01 3.500000e+00
    endloop
  endfacet
  facet normal -9.308737e-01 -3.653411e-01 3.042076e-17
    outer loop
      vertex   2.295557e+01 2.947552e-01 1.500000e+00
      vertex   2.295557e+01 2.947552e-01 3.500000e+00
      vertex   2.290097e+01 4.338837e-01 1.500000e+00
    endloop
  endfacet
  facet normal -9.308737e-01 -3.653411e-01 4.056101e-17
    outer loop
      vertex   2.290097e+01 4.338837e-01 1.500000e+00
      vertex   2.295557e+01 2.947552e-01 3.500000e+00
      vertex   2.290097e+01 4.338837e-01 3.500000e+00
    endloop
  endfacet
  facet normal -9.749279e-01 -2.225211e-01 2.161671e-17
    outer loop
      vertex   2.298883e+01 1.490423e-01 1.500000e+00
      vertex   2.298883e+01 1.490423e-01 3.500000e+00
      vertex   2.295557e+01 2.947552e-01 1.500000e+00
    endloop
  endfacet
  facet normal -9.749279e-01 -2.225211e-01 1.852861e-17
    outer loop
      vertex   2.295557e+01 2.947552e-01 1.500000e+00
      vertex   2.298883e+01 1.490423e-01 3.500000e+00
      vertex   2.295557e+01 2.947552e-01 3.500000e+00
    endloop
  endfacet
  facet normal -9.972038e-01 -7.473004e-02 1.207829e-17
    outer loop
      vertex   2.300000e+01 -1.224647e-16 1.500000e+00
      vertex   2.300000e+01 2.007867e-16 3.500000e+00
      vertex   2.298883e+01 1.490423e-01 1.500000e+00
    endloop
  endfacet
  facet normal -9.972038e-01 -7.473004e-02 7.259613e-18
    outer loop
      vertex   2.298883e+01 1.490423e-01 1.500000e+00
      vertex   2.300000e+01 2.007867e-16 3.500000e+00
      vertex   2.298883e+01 1.490423e-01 3.500000e+00
    endloop
  endfacet
  facet normal -9.972038e-01 7.473004e-02 0.000000e+00
    outer loop
      vertex   2.298883e+01 -1.490423e-01 1.500000e+00
      vertex   2.298883e+01 -1.490423e-01 3.500000e+00
      vertex   2.300000e+01 -1.224647e-16 1.500000e+00
    endloop
  endfacet
  facet normal -9.972038e-01 7.473004e-02 -1.207829e-17
    outer loop
      vertex   2.300000e+01 -1.224647e-16 1.500000e+00
      vertex   2.298883e+01 -1.490423e-01 3.500000e+00
      vertex   2.300000e+01 2.007867e-16 3.500000e+00
    endloop
  endfacet
  facet normal 0.000000e+00 0.000000e+00 -1.000000e+00
    outer loop
      vertex   4.398904e+01 2.979094e+01 1.500000e+00
      vertex   4.298883e+01 2.985096e+01 1.500000e+00
      vertex   4.300000e+01 3.000000e+01 1.500000e+00
    endloop
  endfacet
  facet normal 0.000000e+00 0.000000e+00 -1.000000e+00
    outer loop
      vertex   4.395630e+01 2.958418e+01 1.500000e+00
      vertex   4.298883e+01 2.985096e+01 1.500000e+00
      vertex   4.398904e+01 2.979094e+01 1.500000e+00
    endloop
  endfacet
  facet normal 0.000000e+00 0.000000e+00 -1.000000e+00
    outer loop
      vertex   4.395630e+01 2.958418e+01 1.500000e+00
      vertex   4.295557e+01 2.970525e+01 1.500000e+00
      vertex   4.298883e+01 2.985096e+01 1.500000e+00
    endloop
  endfacet
  facet normal 0.000000e+00 0.000000e+00 -1.000000e+00
    outer loop
      vertex   4.390211e+01 2.938197e+01 1.500000e+00
      vertex   4.295557e+01 2.970525e+01 1.500000e+00
      vertex   4.395630e+01 2.958418e+01 1.500000e+00
    endloop
  endfacet
  facet normal 0.000000e+00 0.000000e+00 -1.000000e+00
    outer loop
      vertex   4.382709e+01 2.918653e+01 1.500000e+00
      vertex   4.295557e+01 2.970525e+01 1.500000e+00
      vertex   4.390211e+01 2.938197e+01 1.500000e+00
    endloop
  endfacet
  facet normal 0.000000e+00 0.000000e+00 -1.000000e+00
    outer loop
      vertex   4.382709e+01 2.918653e+01 1.500000e+00
      vertex   4.290097e+01 2.956612e+01 1.500000e+00
      vertex   4.295557e+01 2.970525e+01 1.500000e+00
    endloop
  endfacet
  facet normal 0.000000e+00 0.000000e+00 -1.000000e+00
    outer loop
      vertex   4.373205e+01 2.900000e+01 1.500000e+00
      vertex   4.290097e+01 2.956612e+01 1.500000e+00
      vertex   4.382709e+01 2.918653e+01 1.500000e+00
    endloop
  endfacet
  facet normal 0.000000e+00 0.000000e+00 -1.000000e+00
    outer loop
      vertex   4.373205e+01 2.900000e+01 1.500000e+00
      vertex   4.282624e+01 2.943668e+01 1.500000e+00
      vertex   4.290097e+01 2.956612e+01 1.500000e+00
    endloop
  endfacet
  facet normal 0.000000e+00 0.000000e+00 -1.000000e+00
    outer loop
      vertex   4.361803e+01 2.882443e+01 1.500000e+00
      vertex   4.282624e+01 2.943668e+01 1.500000e+00
      vertex   4.373205e+01 2.900000e+01 1.500000e+00
    endloop
  endfacet
  facet normal 0.000000e+00 0.000000e+00 -1.000000e+00
    outer loop
      vertex   4.361803e+01 2.882443e+01 1.500000e+00
      vertex   4.273305e+01 2.931983e+01 1.500000e+00
      vertex   4.282624e+01 2.943668e+01 1.500000e+00
    endloop
  endfacet
  facet normal 0.000000e+00 0.000000e+00 -1.000000e+00
    outer loop
      vertex   4.348629e+01 2.866174e+01 1.500000e+00
      vertex   4.273305e+01 2.931983e+01 1.500000e+00
      vertex   4.361803e+01 2.882443e+01 1.500000e+00
    endloop
  endfacet
  facet normal 0.000000e+00 0.000000e+00 -1.000000e+00
    outer loop
      vertex   4.333826e+01 2.851371e+01 1.500000e+00
      vertex   4.273305e+01 2.931983e+01 1.500000e+00
      vertex   4.348629e+01 2.866174e+01 1.500000e+00
    endloop
  endfacet
  facet normal 0.000000e+00 0.000000e+00 -1.000000e+00
    outer loop
      vertex   4.333826e+01 2.851371e+01 1.500000e+00
      vertex   4.262349e+01 2.921817e+01 1.500000e+00
      vertex   4.273305e+01 2.931983e+01 1.500000e+00
    endloop
  endfacet
  facet normal 0.000000e+00 0.000000e+00 -1.000000e+00
    outer loop
      vertex   4.317557e+01 2.838197e+01 1.500000e+00
      vertex   4.262349e+01 2.921817e+01 1.500000e+00
      vertex   4.333826e+01 2.851371e+01 1.500000e+00
    endloop
  endfacet
  facet normal 0.000000e+00 0.000000e+00 -1.000000e+00
    outer loop
      vertex   4.317557e+01 2.838197e+01 1.500000e+00
      vertex   4.250000e+01 2.913398e+01 1.500000e+00
      vertex   4.262349e+01 2.921817e+01 1.500000e+00
    endloop
  endfacet
  facet normal 0.000000e+00 0.000000e+00 -1.000000e+00
    outer loop
      vertex   4.300000e+01 2.826795e+01 1.500000e+00
      vertex   4.250000e+01 2.913398e+01 1.500000e+00
      vertex   4.317557e+01 2.838197e+01 1.500000e+00
    endloop
  endfacet
  facet normal 0.000000e+00 0.000000e+00 -1.000000e+00
    outer loop
      vertex   4.281347e+01 2.817291e+01 1.500000e+00
      vertex   4.250000e+01 2.913398e+01 1.500000e+00
      vertex   4.300000e+01 2.826795e+01 1.500000e+00
    endloop
  endfacet
  facet normal 0.000000e+00 0.000000e+00 -1.000000e+00
    outer loop
      vertex   4.281347e+01 2.817291e+01 1.500000e+00
      vertex   4.236534e+01 2.906913e+01 1.500000e+00
      vertex   4.250000e+01 2.913398e+01 1.500000e+00
    endloop
  endfacet
  facet normal 0.000000e+00 0.000000e+00 -1.000000e+00
    outer loop
      vertex   4.261804e+01 2.809789e+01 1.500000e+00
      vertex   4.236534e+01 2.906913e+01 1.500000e+00
      vertex   4.281347e+01 2.817291e+01 1.500000e+00
    endloop
  endfacet
  facet normal 0.000000e+00 0.000000e+00 -1.000000e+00
    outer loop
      vertex   4.261804e+01 2.809789e+01 1.500000e+00
      vertex   4.222252e+01 2.902507e+01 1.500000e+00
      vertex   4.236534e+01 2.906913e+01 1.500000e+00
    endloop
  endfacet
  facet normal 0.000000e+00 0.000000e+00 -1.000000e+00
    outer loop
      vertex   4.241582e+01 2.804371e+01 1.500000e+00
      vertex   4.222252e+01 2.902507e+01 1.500000e+00
      vertex   4.261804e+01 2.809789e+01 1.500000e+00
    endloop
  endfacet
  facet normal 0.000000e+00 0.000000e+00 -1.000000e+00
    outer loop
      vertex   4.220906e+01 2.801096e+01 1.500000e+00
      vertex   4.222252e+01 2.902507e+01 1.500000e+00
      vertex   4.241582e+01 2.804371e+01 1.500000e+00
    endloop
  endfacet
  facet normal 0.000000e+00 0.000000e+00 -1.000000e+00
    outer loop
      vertex   4.220906e+01 2.801096e+01 1.500000e+00
      vertex   4.207473e+01 2.900280e+01 1.500000e+00
      vertex   4.222252e+01 2.902507e+01 1.500000e+00
    endloop
  endfacet
  facet normal 0.000000e+00 0.000000e+00 -1.000000e+00
    outer loop
      vertex   4.200000e+01 2.800000e+01 1.500000e+00
      vertex   4.207473e+01 2.900280e+01 1.500000e+00
      vertex   4.220906e+01 2.801096e+01 1.500000e+00
    endloop
  endfacet
  facet normal 0.000000e+00 0.000000e+00 -1.000000e+00
    outer loop
      vertex   4.200000e+01 2.800000e+01 1.500000e+00
      vertex   4.192527e+01 2.900280e+01 1.500000e+00
      vertex   4.207473e+01 2.900280e+01 1.500000e+00
    endloop
  endfacet
  facet normal 0.000000e+00 0.000000e+00 -1.000000e+00
    outer loop
      vertex   4.179094e+01 2.801096e+01 1.500000e+00
      vertex   4.192527e+01 2.900280e+01 1.500000e+00
      vertex   4.200000e+01 2.800000e+01 1.500000e+00
    endloop
  endfacet
  facet normal 0.000000e+00 0.000000e+00 -1.000000e+00
    outer loop
      vertex   4.179094e+01 2.801096e+01 1.500000e+00
      vertex   4.177748e+01 2.902507e+01 1.500000e+00
      vertex   4.192527e+01 2.900280e+01 1.500000e+00
    endloop
  endfacet
  facet normal 0.000000e+00 0.000000e+00 -1.000000e+00
    outer loop
      vertex   4.158418e+01 2.804371e+01 1.500000e+00
      vertex   4.177748e+01 2.902507e+01 1.500000e+00
      vertex   4.179094e+01 2.801096e+01 1.500000e+00
    endloop
  endfacet
  facet normal 0.000000e+00 0.000000e+00 -1.000000e+00
    outer loop
      vertex   4.138196e+01 2.809789e+01 1.500000e+00
      vertex   4.177748e+01 2.902507e+01 1.500000e+00
      vertex   4.158418e+01 2.804371e+01 1.500000e+00
    endloop
  endfacet
  facet normal 0.000000e+00 0.000000e+00 -1.000000e+00
    outer loop
      vertex   4.138196e+01 2.809789e+01 1.500000e+00
      vertex   4.163466e+01 2.906913e+01 1.500000e+00
      vertex   4.177748e+01 2.902507e+01 1.500000e+00
    endloop
  endfacet
  facet normal 0.000000e+00 0.000000e+00 -1.000000e+00
    outer loop
      vertex   4.118653e+01 2.817291e+01 1.500000e+00
      vertex   4.163466e+01 2.906913e+01 1.500000e+00
      vertex   4.138196e+01 2.809789e+01 1.500000e+00
    endloop
  endfacet
  facet normal 0.000000e+00 0.000000e+00 -1.000000e+00
    outer loop
      vertex   4.118653e+01 2.817291e+01 1.500000e+00
      vertex   4.150000e+01 2.913398e+01 1.500000e+00
      vertex   4.163466e+01 2.906913e+01 1.500000e+00
    endloop
  endfacet
  facet normal 0.000000e+00 0.000000e+00 -1.000000e+00
    outer loop
      vertex   4.100000e+01 2.826795e+01 1.500000e+00
      vertex   4.150000e+01 2.913398e+01 1.500000e+00
      vertex   4.118653e+01 2.817291e+01 1.500000e+00
    endloop
  endfacet
  facet normal 0.000000e+00 0.000000e+00 -1.000000e+00
    outer loop
      vertex   4.082443e+01 2.838197e+01 1.500000e+00
      vertex   4.150000e+01 2.913398e+01 1.500000e+00
      vertex   4.100000e+01 2.826795e+01 1.500000e+00
    endloop
  endfacet
  facet normal 0.000000e+00 0.000000e+00 -1.000000e+00
    outer loop
      vertex   4.082443e+01 2.838197e+01 1.500000e+00
      vertex   4.137651e+01 2.921817e+01 1.500000e+00
      vertex   4.150000e+01 2.913398e+01 1.500000e+00
    endloop
  endfacet
  facet normal 0.000000e+00 0.000000e+00 -1.000000e+00
    outer loop
      vertex   4.066174e+01 2.851371e+01 1.500000e+00
      vertex   4.137651e+01 2.921817e+01 1.500000e+00
      vertex   4.082443e+01 2.838197e+01 1.500000e+00
    endloop
  endfacet
  facet normal 0.000000e+00 0.000000e+00 -1.000000e+00
    outer loop
      vertex   4.066174e+01 2.851371e+01 1.500000e+00
      vertex   4.126695e+01 2.931983e+01 1.500000e+00
      vertex   4.137651e+01 2.921817e+01 1.500000e+00
    endloop
  endfacet
  facet normal 0.000000e+00 0.000000e+00 -1.000000e+00
    outer loop
      vertex   4.051371e+01 2.866174e+01 1.500000e+00
      vertex   4.126695e+01 2.931983e+01 1.500000e+00
      vertex   4.066174e+01 2.851371e+01 1.500000e+00
    endloop
  endfacet
  facet normal 0.000000e+00 0.000000e+00 -1.000000e+00
    outer loop
      vertex   4.038197e+01 2.882443e+01 1.500000e+00
      vertex   4.126695e+01 2.931983e+01 1.500000e+00
      vertex   4.051371e+01 2.866174e+01 1.500000e+00
    endloop
  endfacet
  facet normal 0.000000e+00 0.000000e+00 -1.000000e+00
    outer loop
      vertex   4.038197e+01 2.882443e+01 1.500000e+00
      vertex   4.117376e+01 2.943668e+01 1.500000e+00
      vertex   4.126695e+01 2.931983e+01 1.500000e+00
    endloop
  endfacet
  facet normal 0.000000e+00 0.000000e+00 -1.000000e+00
    outer loop
      vertex   4.026795e+01 2.900000e+01 1.500000e+00
      vertex   4.117376e+01 2.943668e+01 1.500000e+00
      vertex   4.038197e+01 2.882443e+01 1.500000e+00
    endloop
  endfacet
  facet normal 0.000000e+00 0.000000e+00 -1.000000e+00
    outer loop
      vertex   4.026795e+01 2.900000e+01 1.500000e+00
      vertex   4.109903e+01 2.956612e+01 1.500000e+00
      vertex   4.117376e+01 2.943668e+01 1.500000e+00
    endloop
  endfacet
  facet normal 0.000000e+00 0.000000e+00 -1.000000e+00
    outer loop
      vertex   4.017291e+01 2.918653e+01 1.500000e+00
      vertex   4.109903e+01 2.956612e+01 1.500000e+00
      vertex   4.026795e+01 2.900000e+01 1.500000e+00
    endloop
  endfacet
  facet normal 0.000000e+00 0.000000e+00 -1.000000e+00
    outer loop
      vertex   4.017291e+01 2.918653e+01 1.500000e+00
      vertex   4.104443e+01 2.970525e+01 1.500000e+00
      vertex   4.109903e+01 2.956612e+01 1.500000e+00
    endloop
  endfacet
  facet normal 0.000000e+00 0.000000e+00 -1.000000e+00
    outer loop
      vertex   4.009789e+01 2.938197e+01 1.500000e+00
      vertex   4.104443e+01 2.970525e+01 1.500000e+00
      vertex   4.017291e+01 2.918653e+01 1.500000e+00
    endloop
  endfacet
  facet normal 0.000000e+00 0.000000e+00 -1.000000e+00
    outer loop
      vertex   4.004370e+01 2.958418e+01 1.500000e+00
      vertex   4.104443e+01 2.970525e+01 1.500000e+00
      vertex   4.009789e+01 2.938197e+01 1.500000e+00
    endloop
  endfacet
  facet normal 0.000000e+00 0.000000e+00 -1.000000e+00
    outer loop
      vertex   4.004370e+01 2.958418e+01 1.500000e+00
      vertex   4.101117e+01 2.985096e+01 1.500000e+00
      vertex   4.104443e+01 2.970525e+01 1.500000e+00
    endloop
  endfacet
  facet normal 0.000000e+00 0.000000e+00 -1.000000e+00
    outer loop
      vertex   4.001096e+01 2.979094e+01 1.500000e+00
      vertex   4.101117e+01 2.985096e+01 1.500000e+00
      vertex   4.004370e+01 2.958418e+01 1.500000e+00
    endloop
  endfacet
  facet normal 0.000000e+00 0.000000e+00 -1.000000e+00
    outer loop
      vertex   4.001096e+01 2.979094e+01 1.500000e+00
      vertex   4.100000e+01 3.000000e+01 1.500000e+00
      vertex   4.101117e+01 2.985096e+01 1.500000e+00
    endloop
  endfacet
  facet normal 0.000000e+00 0.000000e+00 -1.000000e+00
    outer loop
      vertex   4.000000e+01 3.000000e+01 1.500000e+00
      vertex   4.100000e+01 3.000000e+01 1.500000e+00
      vertex   4.001096e+01 2.979094e+01 1.500000e+00
    endloop
  endfacet
  facet normal 0.000000e+00 -0.000000e+00 -1.000000e+00
    outer loop
      vertex   4.001096e+01 3.020906e+01 1.500000e+00
      vertex   4.100000e+01 3.000000e+01 1.500000e+00
      vertex   4.000000e+01 3.000000e+01 1.500000e+00
    endloop
  endfacet
  facet normal 0.000000e+00 0.000000e+00 -1.000000e+00
    outer loop
      vertex   4.001096e+01 3.020906e+01 1.500000e+00
      vertex   4.101117e+01 3.014904e+01 1.500000e+00
      vertex   4.100000e+01 3.000000e+01 1.500000e+00
    endloop
  endfacet
  facet normal 0.000000e+00 -0.000000e+00 -1.000000e+00
    outer loop
      vertex   4.004370e+01 3.041582e+01 1.500000e+00
      vertex   4.101117e+01 3.014904e+01 1.500000e+00
      vertex   4.001096e+01 3.020906e+01 1.500000e+00
    endloop
  endfacet
  facet normal 0.000000e+00 0.000000e+00 -1.000000e+00
    outer loop
      vertex   4.004370e+01 3.041582e+01 1.500000e+00
      vertex   4.104443e+01 3.029476e+01 1.500000e+00
      vertex   4.101117e+01 3.014904e+01 1.500000e+00
    endloop
  endfacet
  facet normal 0.000000e+00 -0.000000e+00 -1.000000e+00
    outer loop
      vertex   4.009789e+01 3.061804e+01 1.500000e+00
      vertex   4.104443e+01 3.029476e+01 1.500000e+00
      vertex   4.004370e+01 3.041582e+01 1.500000e+00
    endloop
  endfacet
  facet normal 0.000000e+00 -0.000000e+00 -1.000000e+00
    outer loop
      vertex   4.017291e+01 3.081347e+01 1.500000e+00
      vertex   4.104443e+01 3.029476e+01 1.500000e+00
      vertex   4.009789e+01 3.061804e+01 1.500000e+00
    endloop
  endfacet
  facet normal 0.000000e+00 0.000000e+00 -1.000000e+00
    outer loop
      vertex   4.017291e+01 3.081347e+01 1.500000e+00
      vertex   4.109903e+01 3.043388e+01 1.500000e+00
      vertex   4.104443e+01 3.029476e+01 1.500000e+00
    endloop
  endfacet
  facet normal 0.000000e+00 -0.000000e+00 -1.000000e+00
    outer loop
      vertex   4.026795e+01 3.100000e+01 1.500000e+00
      vertex   4.109903e+01 3.043388e+01 1.500000e+00
      vertex   4.017291e+01 3.081347e+01 1.500000e+00
    endloop
  endfacet
  facet normal 0.000000e+00 0.000000e+00 -1.000000e+00
    outer loop
      vertex   4.026795e+01 3.100000e+01 1.500000e+00
      vertex   4.117376e+01 3.056332e+01 1.500000e+00
      vertex   4.109903e+01 3.043388e+01 1.500000e+00
    endloop
  endfacet
  facet normal 0.000000e+00 -0.000000e+00 -1.000000e+00
    outer loop
      vertex   4.038197e+01 3.117557e+01 1.500000e+00
      vertex   4.117376e+01 3.056332e+01 1.500000e+00
      vertex   4.026795e+01 3.100000e+01 1.500000e+00
    endloop
  endfacet
  facet normal 0.000000e+00 0.000000e+00 -1.000000e+00
    outer loop
      vertex   4.038197e+01 3.117557e+01 1.500000e+00
      vertex   4.126695e+01 3.068017e+01 1.500000e+00
      vertex   4.117376e+01 3.056332e+01 1.500000e+00
    endloop
  endfacet
  facet normal 0.000000e+00 -0.000000e+00 -1.000000e+00
    outer loop
      vertex   4.051371e+01 3.133826e+01 1.500000e+00
      vertex   4.126695e+01 3.068017e+01 1.500000e+00
      vertex   4.038197e+01 3.117557e+01 1.500000e+00
    endloop
  endfacet
  facet normal 0.000000e+00 -0.000000e+00 -1.000000e+00
    outer loop
      vertex   4.066174e+01 3.148629e+01 1.500000e+00
      vertex   4.126695e+01 3.068017e+01 1.500000e+00
      vertex   4.051371e+01 3.133826e+01 1.500000e+00
    endloop
  endfacet
  facet normal 0.000000e+00 0.000000e+00 -1.000000e+00
    outer loop
      vertex   4.066174e+01 3.148629e+01 1.500000e+00
      vertex   4.137651e+01 3.078183e+01 1.500000e+00
      vertex   4.126695e+01 3.068017e+01 1.500000e+00
    endloop
  endfacet
  facet normal 0.000000e+00 -0.000000e+00 -1.000000e+00
    outer loop
      vertex   4.082443e+01 3.161803e+01 1.500000e+00
      vertex   4.137651e+01 3.078183e+01 1.500000e+00
      vertex   4.066174e+01 3.148629e+01 1.500000e+00
    endloop
  endfacet
  facet normal 0.000000e+00 0.000000e+00 -1.000000e+00
    outer loop
      vertex   4.082443e+01 3.161803e+01 1.500000e+00
      vertex   4.150000e+01 3.086603e+01 1.500000e+00
      vertex   4.137651e+01 3.078183e+01 1.500000e+00
    endloop
  endfacet
  facet normal 0.000000e+00 -0.000000e+00 -1.000000e+00
    outer loop
      vertex   4.100000e+01 3.173205e+01 1.500000e+00
      vertex   4.150000e+01 3.086603e+01 1.500000e+00
      vertex   4.082443e+01 3.161803e+01 1.500000e+00
    endloop
  endfacet
  facet normal 0.000000e+00 -0.000000e+00 -1.000000e+00
    outer loop
      vertex   4.118653e+01 3.182709e+01 1.500000e+00
      vertex   4.150000e+01 3.086603e+01 1.500000e+00
      vertex   4.100000e+01 3.173205e+01 1.500000e+00
    endloop
  endfacet
  facet normal 0.000000e+00 0.000000e+00 -1.000000e+00
    outer loop
      vertex   4.118653e+01 3.182709e+01 1.500000e+00
      vertex   4.163466e+01 3.093087e+01 1.500000e+00
      vertex   4.150000e+01 3.086603e+01 1.500000e+00
    endloop
  endfacet
  facet normal 0.000000e+00 -0.000000e+00 -1.000000e+00
    outer loop
      vertex   4.138196e+01 3.190211e+01 1.500000e+00
      vertex   4.163466e+01 3.093087e+01 1.500000e+00
      vertex   4.118653e+01 3.182709e+01 1.500000e+00
    endloop
  endfacet
  facet normal 0.000000e+00 0.000000e+00 -1.000000e+00
    outer loop
      vertex   4.138196e+01 3.190211e+01 1.500000e+00
      vertex   4.177748e+01 3.097493e+01 1.500000e+00
      vertex   4.163466e+01 3.093087e+01 1.500000e+00
    endloop
  endfacet
  facet normal 0.000000e+00 -0.000000e+00 -1.000000e+00
    outer loop
      vertex   4.158418e+01 3.195630e+01 1.500000e+00
      vertex   4.177748e+01 3.097493e+01 1.500000e+00
      vertex   4.138196e+01 3.190211e+01 1.500000e+00
    endloop
  endfacet
  facet normal 0.000000e+00 0.000000e+00 -1.000000e+00
    outer loop
      vertex   4.179094e+01 3.198905e+01 1.500000e+00
      vertex   4.177748e+01 3.097493e+01 1.500000e+00
      vertex   4.158418e+01 3.195630e+01 1.500000e+00
    endloop
  endfacet
  facet normal 0.000000e+00 -0.000000e+00 -1.000000e+00
    outer loop
      vertex   4.179094e+01 3.198905e+01 1.500000e+00
      vertex   4.192527e+01 3.099720e+01 1.500000e+00
      vertex   4.177748e+01 3.097493e+01 1.500000e+00
    endloop
  endfacet
  facet normal 0.000000e+00 0.000000e+00 -1.000000e+00
    outer loop
      vertex   4.200000e+01 3.200000e+01 1.500000e+00
      vertex   4.192527e+01 3.099720e+01 1.500000e+00
      vertex   4.179094e+01 3.198905e+01 1.500000e+00
    endloop
  endfacet
  facet normal 0.000000e+00 -0.000000e+00 -1.000000e+00
    outer loop
      vertex   4.200000e+01 3.200000e+01 1.500000e+00
      vertex   4.207473e+01 3.099720e+01 1.500000e+00
      vertex   4.192527e+01 3.099720e+01 1.500000e+00
    endloop
  endfacet
  facet normal -0.000000e+00 0.000000e+00 -1.000000e+00
    outer loop
      vertex   4.220906e+01 3.198905e+01 1.500000e+00
      vertex   4.207473e+01 3.099720e+01 1.500000e+00
      vertex   4.200000e+01 3.200000e+01 1.500000e+00
    endloop
  endfacet
  facet normal 0.000000e+00 -0.000000e+00 -1.000000e+00
    outer loop
      vertex   4.220906e+01 3.198905e+01 1.500000e+00
      vertex   4.222252e+01 3.097493e+01 1.500000e+00
      vertex   4.207473e+01 3.099720e+01 1.500000e+00
    endloop
  endfacet
  facet normal -0.000000e+00 0.000000e+00 -1.000000e+00
    outer loop
      vertex   4.241582e+01 3.195630e+01 1.500000e+00
      vertex   4.222252e+01 3.097493e+01 1.500000e+00
      vertex   4.220906e+01 3.198905e+01 1.500000e+00
    endloop
  endfacet
  facet normal -0.000000e+00 0.000000e+00 -1.000000e+00
    outer loop
      vertex   4.261804e+01 3.190211e+01 1.500000e+00
      vertex   4.222252e+01 3.097493e+01 1.500000e+00
      vertex   4.241582e+01 3.195630e+01 1.500000e+00
    endloop
  endfacet
  facet normal 0.000000e+00 0.000000e+00 -1.000000e+00
    outer loop
      vertex   4.261804e+01 3.190211e+01 1.500000e+00
      vertex   4.236534e+01 3.093087e+01 1.500000e+00
      vertex   4.222252e+01 3.097493e+01 1.500000e+00
    endloop
  endfacet
  facet normal -0.000000e+00 0.000000e+00 -1.000000e+00
    outer loop
      vertex   4.281347e+01 3.182709e+01 1.500000e+00
      vertex   4.236534e+01 3.093087e+01 1.500000e+00
      vertex   4.261804e+01 3.190211e+01 1.500000e+00
    endloop
  endfacet
  facet normal 0.000000e+00 0.000000e+00 -1.000000e+00
    outer loop
      vertex   4.281347e+01 3.182709e+01 1.500000e+00
      vertex   4.250000e+01 3.086603e+01 1.500000e+00
      vertex   4.236534e+01 3.093087e+01 1.500000e+00
    endloop
  endfacet
  facet normal -0.000000e+00 0.000000e+00 -1.000000e+00
    outer loop
      vertex   4.300000e+01 3.173205e+01 1.500000e+00
      vertex   4.250000e+01 3.086603e+01 1.500000e+00
      vertex   4.281347e+01 3.182709e+01 1.500000e+00
    endloop
  endfacet
  facet normal -0.000000e+00 0.000000e+00 -1.000000e+00
    outer loop
      vertex   4.317557e+01 3.161803e+01 1.500000e+00
      vertex   4.250000e+01 3.086603e+01 1.500000e+00
      vertex   4.300000e+01 3.173205e+01 1.500000e+00
    endloop
  endfacet
  facet normal 0.000000e+00 0.000000e+00 -1.000000e+00
    outer loop
      vertex   4.317557e+01 3.161803e+01 1.500000e+00
      vertex   4.262349e+01 3.078183e+01 1.500000e+00
      vertex   4.250000e+01 3.086603e+01 1.500000e+00
    endloop
  endfacet
  facet normal -0.000000e+00 0.000000e+00 -1.000000e+00
    outer loop
      vertex   4.333826e+01 3.148629e+01 1.500000e+00
      vertex   4.262349e+01 3.078183e+01 1.500000e+00
      vertex   4.317557e+01 3.161803e+01 1.500000e+00
    endloop
  endfacet
  facet normal 0.000000e+00 0.000000e+00 -1.000000e+00
    outer loop
      vertex   4.333826e+01 3.148629e+01 1.500000e+00
      vertex   4.273305e+01 3.068017e+01 1.500000e+00
      vertex   4.262349e+01 3.078183e+01 1.500000e+00
    endloop
  endfacet
  facet normal -0.000000e+00 0.000000e+00 -1.000000e+00
    outer loop
      vertex   4.348629e+01 3.133826e+01 1.500000e+00
      vertex   4.273305e+01 3.068017e+01 1.500000e+00
      vertex   4.333826e+01 3.148629e+01 1.500000e+00
    endloop
  endfacet
  facet normal -0.000000e+00 0.000000e+00 -1.000000e+00
    outer loop
      vertex   4.361803e+01 3.117557e+01 1.500000e+00
      vertex   4.273305e+01 3.068017e+01 1.500000e+00
      vertex   4.348629e+01 3.133826e+01 1.500000e+00
    endloop
  endfacet
  facet normal 0.000000e+00 0.000000e+00 -1.000000e+00
    outer loop
      vertex   4.361803e+01 3.117557e+01 1.500000e+00
      vertex   4.282624e+01 3.056332e+01 1.500000e+00
      vertex   4.273305e+01 3.068017e+01 1.500000e+00
    endloop
  endfacet
  facet normal -0.000000e+00 0.000000e+00 -1.000000e+00
    outer loop
      vertex   4.373205e+01 3.100000e+01 1.500000e+00
      vertex   4.282624e+01 3.056332e+01 1.500000e+00
      vertex   4.361803e+01 3.117557e+01 1.500000e+00
    endloop
  endfacet
  facet normal 0.000000e+00 0.000000e+00 -1.000000e+00
    outer loop
      vertex   4.373205e+01 3.100000e+01 1.500000e+00
      vertex   4.290097e+01 3.043388e+01 1.500000e+00
      vertex   4.282624e+01 3.056332e+01 1.500000e+00
    endloop
  endfacet
  facet normal -0.000000e+00 0.000000e+00 -1.000000e+00
    outer loop
      vertex   4.382709e+01 3.081347e+01 1.500000e+00
      vertex   4.290097e+01 3.043388e+01 1.500000e+00
      vertex   4.373205e+01 3.100000e+01 1.500000e+00
    endloop
  endfacet
  facet normal 0.000000e+00 0.000000e+00 -1.000000e+00
    outer loop
      vertex   4.382709e+01 3.081347e+01 1.500000e+00
      vertex   4.295557e+01 3.029476e+01 1.500000e+00
      vertex   4.290097e+01 3.043388e+01 1.500000e+00
    endloop
  endfacet
  facet normal -0.000000e+00 0.000000e+00 -1.000000e+00
    outer loop
      vertex   4.390211e+01 3.061804e+01 1.500000e+00
      vertex   4.295557e+01 3.029476e+01 1.500000e+00
      vertex   4.382709e+01 3.081347e+01 1.500000e+00
    endloop
  endfacet
  facet normal -0.000000e+00 0.000000e+00 -1.000000e+00
    outer loop
      vertex   4.395630e+01 3.041582e+01 1.500000e+00
      vertex   4.295557e+01 3.029476e+01 1.500000e+00
      vertex   4.390211e+01 3.061804e+01 1.500000e+00
    endloop
  endfacet
  facet normal 0.000000e+00 0.000000e+00 -1.000000e+00
    outer loop
      vertex   4.395630e+01 3.041582e+01 1.500000e+00
      vertex   4.298883e+01 3.014904e+01 1.500000e+00
      vertex   4.295557e+01 3.029476e+01 1.500000e+00
    endloop
  endfacet
  facet normal -0.000000e+00 0.000000e+00 -1.000000e+00
    outer loop
      vertex   4.398904e+01 3.020906e+01 1.500000e+00
      vertex   4.298883e+01 3.014904e+01 1.500000e+00
      vertex   4.395630e+01 3.041582e+01 1.500000e+00
    endloop
  endfacet
  facet normal 0.000000e+00 0.000000e+00 -1.000000e+00
    outer loop
      vertex   4.300000e+01 3.000000e+01 1.500000e+00
      vertex   4.400000e+01 3.000000e+01 1.500000e+00
      vertex   4.398904e+01 2.979094e+01 1.500000e+00
    endloop
  endfacet
  facet normal 0.000000e+00 0.000000e+00 -1.000000e+00
    outer loop
      vertex   4.300000e+01 3.000000e+01 1.500000e+00
      vertex   4.398904e+01 3.020906e+01 1.500000e+00
      vertex   4.400000e+01 3.000000e+01 1.500000e+00
    endloop
  endfacet
  facet normal 0.000000e+00 0.000000e+00 -1.000000e+00
    outer loop
      vertex   4.298883e+01 3.014904e+01 1.500000e+00
      vertex   4.398904e+01 3.020906e+01 1.500000e+00
      vertex   4.300000e+01 3.000000e+01 1.500000e+00
    endloop
  endfacet
  facet normal -9.876879e-01 -1.564374e-01 0.000000e+00
    outer loop
      vertex   4.395630e+01 3.041582e+01 -4.371503e-15
      vertex   4.398086e+01 3.026075e+01 -4.371503e-15
      vertex   4.395630e+01 3.041582e+01 1.500000e+00
    endloop
  endfacet
  facet normal -9.659254e-01 -2.588207e-01 0.000000e+00
    outer loop
      vertex   4.390211e+01 3.061804e+01 -4.371503e-15
      vertex   4.394275e+01 3.046638e+01 -4.371503e-15
      vertex   4.390211e+01 3.061804e+01 1.500000e+00
    endloop
  endfacet
  facet normal -9.335808e-01 -3.583669e-01 0.000000e+00
    outer loop
      vertex   4.382709e+01 3.081347e+01 -4.371503e-15
      vertex   4.388336e+01 3.066689e+01 -4.371503e-15
      vertex   4.382709e+01 3.081347e+01 1.500000e+00
    endloop
  endfacet
  facet normal -8.910076e-01 -4.539884e-01 0.000000e+00
    outer loop
      vertex   4.373205e+01 3.100000e+01 -4.371503e-15
      vertex   4.380333e+01 3.086010e+01 -4.371503e-15
      vertex   4.373205e+01 3.100000e+01 1.500000e+00
    endloop
  endfacet
  facet normal -8.386725e-01 -5.446360e-01 0.000000e+00
    outer loop
      vertex   4.361803e+01 3.117557e+01 -4.371503e-15
      vertex   4.370355e+01 3.104389e+01 -4.371503e-15
      vertex   4.361803e+01 3.117557e+01 1.500000e+00
    endloop
  endfacet
  facet normal -7.771372e-01 -6.293312e-01 0.000000e+00
    outer loop
      vertex   4.348629e+01 3.133826e+01 -4.371503e-15
      vertex   4.358510e+01 3.121624e+01 -4.371503e-15
      vertex   4.348629e+01 3.133826e+01 1.500000e+00
    endloop
  endfacet
  facet normal -7.071068e-01 -7.071068e-01 0.000000e+00
    outer loop
      vertex   4.348629e+01 3.133826e+01 -4.371503e-15
      vertex   4.348629e+01 3.133826e+01 1.500000e+00
      vertex   4.344928e+01 3.137527e+01 -4.371503e-15
    endloop
  endfacet
  facet normal -7.071068e-01 -7.071068e-01 -3.641966e-19
    outer loop
      vertex   4.344928e+01 3.137527e+01 -4.371503e-15
      vertex   4.348629e+01 3.133826e+01 1.500000e+00
      vertex   4.333826e+01 3.148629e+01 1.500000e+00
    endloop
  endfacet
  facet normal -7.071068e-01 -7.071068e-01 0.000000e+00
    outer loop
      vertex   4.333826e+01 3.148629e+01 -4.371503e-15
      vertex   4.344928e+01 3.137527e+01 -4.371503e-15
      vertex   4.333826e+01 3.148629e+01 1.500000e+00
    endloop
  endfacet
  facet normal -6.293312e-01 -7.771372e-01 0.000000e+00
    outer loop
      vertex   4.317557e+01 3.161803e+01 -4.371503e-15
      vertex   4.329759e+01 3.151923e+01 -4.371503e-15
      vertex   4.317557e+01 3.161803e+01 1.500000e+00
    endloop
  endfacet
  facet normal -5.446360e-01 -8.386725e-01 0.000000e+00
    outer loop
      vertex   4.300000e+01 3.173205e+01 -4.371503e-15
      vertex   4.313168e+01 3.164654e+01 -4.371503e-15
      vertex   4.300000e+01 3.173205e+01 1.500000e+00
    endloop
  endfacet
  facet normal -4.539884e-01 -8.910076e-01 0.000000e+00
    outer loop
      vertex   4.281347e+01 3.182709e+01 -4.371503e-15
      vertex   4.295337e+01 3.175581e+01 -4.371503e-15
      vertex   4.281347e+01 3.182709e+01 1.500000e+00
    endloop
  endfacet
  facet normal -3.583669e-01 -9.335808e-01 0.000000e+00
    outer loop
      vertex   4.261804e+01 3.190211e+01 -4.371503e-15
      vertex   4.276461e+01 3.184585e+01 -4.371503e-15
      vertex   4.261804e+01 3.190211e+01 1.500000e+00
    endloop
  endfacet
  facet normal -2.588207e-01 -9.659254e-01 0.000000e+00
    outer loop
      vertex   4.241582e+01 3.195630e+01 -4.371503e-15
      vertex   4.256748e+01 3.191566e+01 -4.371503e-15
      vertex   4.241582e+01 3.195630e+01 1.500000e+00
    endloop
  endfacet
  facet normal -1.564374e-01 -9.876879e-01 0.000000e+00
    outer loop
      vertex   4.220906e+01 3.198905e+01 -4.371503e-15
      vertex   4.236413e+01 3.196448e+01 -4.371503e-15
      vertex   4.220906e+01 3.198905e+01 1.500000e+00
    endloop
  endfacet
  facet normal -5.233168e-02 -9.986298e-01 0.000000e+00
    outer loop
      vertex   4.200000e+01 3.200000e+01 -4.371503e-15
      vertex   4.215679e+01 3.199178e+01 -4.371503e-15
      vertex   4.200000e+01 3.200000e+01 1.500000e+00
    endloop
  endfacet
  facet normal 5.233198e-02 -9.986297e-01 0.000000e+00
    outer loop
      vertex   4.179094e+01 3.198905e+01 -4.371503e-15
      vertex   4.194774e+01 3.199726e+01 -4.371503e-15
      vertex   4.179094e+01 3.198905e+01 1.500000e+00
    endloop
  endfacet
  facet normal 1.564374e-01 -9.876879e-01 0.000000e+00
    outer loop
      vertex   4.158418e+01 3.195630e+01 -4.371503e-15
      vertex   4.173925e+01 3.198086e+01 -4.371503e-15
      vertex   4.158418e+01 3.195630e+01 1.500000e+00
    endloop
  endfacet
  facet normal 2.588207e-01 -9.659254e-01 0.000000e+00
    outer loop
      vertex   4.138196e+01 3.190211e+01 -4.371503e-15
      vertex   4.153362e+01 3.194275e+01 -4.371503e-15
      vertex   4.138196e+01 3.190211e+01 1.500000e+00
    endloop
  endfacet
  facet normal 3.583650e-01 -9.335815e-01 0.000000e+00
    outer loop
      vertex   4.118653e+01 3.182709e+01 -4.371503e-15
      vertex   4.133311e+01 3.188336e+01 -4.371503e-15
      vertex   4.118653e+01 3.182709e+01 1.500000e+00
    endloop
  endfacet
  facet normal 4.539907e-01 -8.910064e-01 0.000000e+00
    outer loop
      vertex   4.100000e+01 3.173205e+01 -4.371503e-15
      vertex   4.113990e+01 3.180333e+01 -4.371503e-15
      vertex   4.100000e+01 3.173205e+01 1.500000e+00
    endloop
  endfacet
  facet normal 5.446360e-01 -8.386725e-01 0.000000e+00
    outer loop
      vertex   4.082443e+01 3.161803e+01 -4.371503e-15
      vertex   4.095611e+01 3.170355e+01 -4.371503e-15
      vertex   4.082443e+01 3.161803e+01 1.500000e+00
    endloop
  endfacet
  facet normal 6.293285e-01 -7.771394e-01 0.000000e+00
    outer loop
      vertex   4.066174e+01 3.148629e+01 -4.371503e-15
      vertex   4.078376e+01 3.158510e+01 -4.371503e-15
      vertex   4.066174e+01 3.148629e+01 1.500000e+00
    endloop
  endfacet
  facet normal 7.071068e-01 -7.071068e-01 0.000000e+00
    outer loop
      vertex   4.051371e+01 3.133826e+01 -4.371503e-15
      vertex   4.062473e+01 3.144928e+01 -4.371503e-15
      vertex   4.051371e+01 3.133826e+01 1.500000e+00
    endloop
  endfacet
  facet normal 7.771400e-01 -6.293278e-01 0.000000e+00
    outer loop
      vertex   4.038197e+01 3.117557e+01 -4.371503e-15
      vertex   4.048077e+01 3.129759e+01 -4.371503e-15
      vertex   4.038197e+01 3.117557e+01 1.500000e+00
    endloop
  endfacet
  facet normal 8.386725e-01 -5.446360e-01 0.000000e+00
    outer loop
      vertex   4.026795e+01 3.100000e+01 -4.371503e-15
      vertex   4.035346e+01 3.113168e+01 -4.371503e-15
      vertex   4.026795e+01 3.100000e+01 1.500000e+00
    endloop
  endfacet
  facet normal 5.446280e-01 8.386777e-01 -0.000000e+00
    outer loop
      vertex   4.082443e+01 2.838197e+01 -4.371503e-15
      vertex   4.082443e+01 2.838197e+01 1.500000e+00
      vertex   4.100000e+01 2.826795e+01 -4.371503e-15
    endloop
  endfacet
  facet normal 5.446280e-01 8.386777e-01 -0.000000e+00
    outer loop
      vertex   4.100000e+01 2.826795e+01 -4.371503e-15
      vertex   4.082443e+01 2.838197e+01 1.500000e+00
      vertex   4.100000e+01 2.826795e+01 1.500000e+00
    endloop
  endfacet
  facet normal 4.539907e-01 8.910064e-01 -0.000000e+00
    outer loop
      vertex   4.100000e+01 2.826795e+01 -4.371503e-15
      vertex   4.100000e+01 2.826795e+01 1.500000e+00
      vertex   4.118653e+01 2.817291e+01 -4.371503e-15
    endloop
  endfacet
  facet normal 4.539907e-01 8.910064e-01 -0.000000e+00
    outer loop
      vertex   4.118653e+01 2.817291e+01 -4.371503e-15
      vertex   4.100000e+01 2.826795e+01 1.500000e+00
      vertex   4.118653e+01 2.817291e+01 1.500000e+00
    endloop
  endfacet
  facet normal 3.583750e-01 9.335777e-01 -0.000000e+00
    outer loop
      vertex   4.118653e+01 2.817291e+01 -4.371503e-15
      vertex   4.118653e+01 2.817291e+01 1.500000e+00
      vertex   4.138196e+01 2.809789e+01 -4.371503e-15
    endloop
  endfacet
  facet normal 3.583750e-01 9.335777e-01 -0.000000e+00
    outer loop
      vertex   4.138196e+01 2.809789e+01 -4.371503e-15
      vertex   4.118653e+01 2.817291e+01 1.500000e+00
      vertex   4.138196e+01 2.809789e+01 1.500000e+00
    endloop
  endfacet
  facet normal 2.588101e-01 9.659282e-01 -0.000000e+00
    outer loop
      vertex   4.138196e+01 2.809789e+01 -4.371503e-15
      vertex   4.138196e+01 2.809789e+01 1.500000e+00
      vertex   4.158418e+01 2.804371e+01 -4.371503e-15
    endloop
  endfacet
  facet normal 2.588101e-01 9.659282e-01 -0.000000e+00
    outer loop
      vertex   4.158418e+01 2.804371e+01 -4.371503e-15
      vertex   4.138196e+01 2.809789e+01 1.500000e+00
      vertex   4.158418e+01 2.804371e+01 1.500000e+00
    endloop
  endfacet
  facet normal 1.564374e-01 9.876879e-01 -0.000000e+00
    outer loop
      vertex   4.158418e+01 2.804371e+01 -4.371503e-15
      vertex   4.158418e+01 2.804371e+01 1.500000e+00
      vertex   4.179094e+01 2.801096e+01 -4.371503e-15
    endloop
  endfacet
  facet normal 1.564374e-01 9.876879e-01 -0.000000e+00
    outer loop
      vertex   4.179094e+01 2.801096e+01 -4.371503e-15
      vertex   4.158418e+01 2.804371e+01 1.500000e+00
      vertex   4.179094e+01 2.801096e+01 1.500000e+00
    endloop
  endfacet
  facet normal 5.234334e-02 9.986291e-01 -0.000000e+00
    outer loop
      vertex   4.179094e+01 2.801096e+01 -4.371503e-15
      vertex   4.179094e+01 2.801096e+01 1.500000e+00
      vertex   4.200000e+01 2.800000e+01 -4.371503e-15
    endloop
  endfacet
  facet normal 5.234334e-02 9.986291e-01 -0.000000e+00
    outer loop
      vertex   4.200000e+01 2.800000e+01 -4.371503e-15
      vertex   4.179094e+01 2.801096e+01 1.500000e+00
      vertex   4.200000e+01 2.800000e+01 1.500000e+00
    endloop
  endfacet
  facet normal -5.234304e-02 9.986292e-01 0.000000e+00
    outer loop
      vertex   4.200000e+01 2.800000e+01 -4.371503e-15
      vertex   4.200000e+01 2.800000e+01 1.500000e+00
      vertex   4.220906e+01 2.801096e+01 -4.371503e-15
    endloop
  endfacet
  facet normal -5.234304e-02 9.986292e-01 0.000000e+00
    outer loop
      vertex   4.220906e+01 2.801096e+01 -4.371503e-15
      vertex   4.200000e+01 2.800000e+01 1.500000e+00
      vertex   4.220906e+01 2.801096e+01 1.500000e+00
    endloop
  endfacet
  facet normal -1.564374e-01 9.876879e-01 0.000000e+00
    outer loop
      vertex   4.220906e+01 2.801096e+01 -4.371503e-15
      vertex   4.220906e+01 2.801096e+01 1.500000e+00
      vertex   4.241582e+01 2.804371e+01 -4.371503e-15
    endloop
  endfacet
  facet normal -1.564374e-01 9.876879e-01 0.000000e+00
    outer loop
      vertex   4.241582e+01 2.804371e+01 -4.371503e-15
      vertex   4.220906e+01 2.801096e+01 1.500000e+00
      vertex   4.241582e+01 2.804371e+01 1.500000e+00
    endloop
  endfacet
  facet normal -2.588101e-01 9.659282e-01 0.000000e+00
    outer loop
      vertex   4.241582e+01 2.804371e+01 -4.371503e-15
      vertex   4.241582e+01 2.804371e+01 1.500000e+00
      vertex   4.261804e+01 2.809789e+01 -4.371503e-15
    endloop
  endfacet
  facet normal -2.588101e-01 9.659282e-01 0.000000e+00
    outer loop
      vertex   4.261804e+01 2.809789e+01 -4.371503e-15
      vertex   4.241582e+01 2.804371e+01 1.500000e+00
      vertex   4.261804e+01 2.809789e+01 1.500000e+00
    endloop
  endfacet
  facet normal -3.583769e-01 9.335770e-01 0.000000e+00
    outer loop
      vertex   4.261804e+01 2.809789e+01 -4.371503e-15
      vertex   4.261804e+01 2.809789e+01 1.500000e+00
      vertex   4.281347e+01 2.817291e+01 -4.371503e-15
    endloop
  endfacet
  facet normal -3.583769e-01 9.335770e-01 0.000000e+00
    outer loop
      vertex   4.281347e+01 2.817291e+01 -4.371503e-15
      vertex   4.261804e+01 2.809789e+01 1.500000e+00
      vertex   4.281347e+01 2.817291e+01 1.500000e+00
    endloop
  endfacet
  facet normal -4.539884e-01 8.910076e-01 0.000000e+00
    outer loop
      vertex   4.281347e+01 2.817291e+01 -4.371503e-15
      vertex   4.281347e+01 2.817291e+01 1.500000e+00
      vertex   4.300000e+01 2.826795e+01 -4.371503e-15
    endloop
  endfacet
  facet normal -4.539884e-01 8.910076e-01 0.000000e+00
    outer loop
      vertex   4.300000e+01 2.826795e+01 -4.371503e-15
      vertex   4.281347e+01 2.817291e+01 1.500000e+00
      vertex   4.300000e+01 2.826795e+01 1.500000e+00
    endloop
  endfacet
  facet normal -5.446280e-01 8.386777e-01 0.000000e+00
    outer loop
      vertex   4.300000e+01 2.826795e+01 -4.371503e-15
      vertex   4.300000e+01 2.826795e+01 1.500000e+00
      vertex   4.317557e+01 2.838197e+01 -4.371503e-15
    endloop
  endfacet
  facet normal -5.446280e-01 8.386777e-01 0.000000e+00
    outer loop
      vertex   4.317557e+01 2.838197e+01 -4.371503e-15
      vertex   4.300000e+01 2.826795e+01 1.500000e+00
      vertex   4.317557e+01 2.838197e+01 1.500000e+00
    endloop
  endfacet
  facet normal -6.293312e-01 7.771372e-01 0.000000e+00
    outer loop
      vertex   4.317557e+01 2.838197e+01 -4.371503e-15
      vertex   4.317557e+01 2.838197e+01 1.500000e+00
      vertex   4.333826e+01 2.851371e+01 -4.371503e-15
    endloop
  endfacet
  facet normal -6.293312e-01 7.771372e-01 0.000000e+00
    outer loop
      vertex   4.333826e+01 2.851371e+01 -4.371503e-15
      vertex   4.317557e+01 2.838197e+01 1.500000e+00
      vertex   4.333826e+01 2.851371e+01 1.500000e+00
    endloop
  endfacet
  facet normal -7.071068e-01 7.071068e-01 0.000000e+00
    outer loop
      vertex   4.333826e+01 2.851371e+01 -4.371503e-15
      vertex   4.333826e+01 2.851371e+01 1.500000e+00
      vertex   4.348629e+01 2.866174e+01 -4.371503e-15
    endloop
  endfacet
  facet normal -7.071068e-01 7.071068e-01 0.000000e+00
    outer loop
      vertex   4.348629e+01 2.866174e+01 -4.371503e-15
      vertex   4.333826e+01 2.851371e+01 1.500000e+00
      vertex   4.348629e+01 2.866174e+01 1.500000e+00
    endloop
  endfacet
  facet normal -7.771417e-01 6.293257e-01 0.000000e+00
    outer loop
      vertex   4.348629e+01 2.866174e+01 -4.371503e-15
      vertex   4.348629e+01 2.866174e+01 1.500000e+00
      vertex   4.361803e+01 2.882443e+01 -4.371503e-15
    endloop
  endfacet
  facet normal -7.771417e-01 6.293257e-01 0.000000e+00
    outer loop
      vertex   4.361803e+01 2.882443e+01 -4.371503e-15
      vertex   4.348629e+01 2.866174e+01 1.500000e+00
      vertex   4.361803e+01 2.882443e+01 1.500000e+00
    endloop
  endfacet
  facet normal -8.386725e-01 5.446360e-01 0.000000e+00
    outer loop
      vertex   4.373205e+01 2.900000e+01 -4.371503e-15
      vertex   4.364654e+01 2.886832e+01 -4.371503e-15
      vertex   4.373205e+01 2.900000e+01 1.500000e+00
    endloop
  endfacet
  facet normal -8.910053e-01 4.539930e-01 0.000000e+00
    outer loop
      vertex   4.382709e+01 2.918653e+01 -4.371503e-15
      vertex   4.375581e+01 2.904663e+01 -4.371503e-15
      vertex   4.382709e+01 2.918653e+01 1.500000e+00
    endloop
  endfacet
  facet normal -9.335823e-01 3.583631e-01 0.000000e+00
    outer loop
      vertex   4.390211e+01 2.938197e+01 -4.371503e-15
      vertex   4.384585e+01 2.923539e+01 -4.371503e-15
      vertex   4.390211e+01 2.938197e+01 1.500000e+00
    endloop
  endfacet
  facet normal -9.659246e-01 2.588236e-01 0.000000e+00
    outer loop
      vertex   4.395630e+01 2.958418e+01 -4.371503e-15
      vertex   4.391566e+01 2.943252e+01 -4.371503e-15
      vertex   4.395630e+01 2.958418e+01 1.500000e+00
    endloop
  endfacet
  facet normal -9.876879e-01 1.564374e-01 0.000000e+00
    outer loop
      vertex   4.398904e+01 2.979094e+01 -4.371503e-15
      vertex   4.396448e+01 2.963587e+01 -4.371503e-15
      vertex   4.398904e+01 2.979094e+01 1.500000e+00
    endloop
  endfacet
  facet normal -9.986298e-01 -5.233168e-02 0.000000e+00
    outer loop
      vertex   4.398904e+01 3.020906e+01 -4.371503e-15
      vertex   4.399178e+01 3.015679e+01 -4.371503e-15
      vertex   4.398904e+01 3.020906e+01 1.500000e+00
    endloop
  endfacet
  facet normal -9.986298e-01 -5.233168e-02 5.974984e-15
    outer loop
      vertex   4.398904e+01 3.020906e+01 1.500000e+00
      vertex   4.399178e+01 3.015679e+01 -4.371503e-15
      vertex   4.400000e+01 3.000000e+01 1.500000e+00
    endloop
  endfacet
  facet normal -9.986298e-01 5.233168e-02 0.000000e+00
    outer loop
      vertex   4.400000e+01 3.000000e+01 -4.371503e-15
      vertex   4.399726e+01 2.994774e+01 -4.371503e-15
      vertex   4.400000e+01 3.000000e+01 1.500000e+00
    endloop
  endfacet
  facet normal -9.986298e-01 5.233168e-02 8.216398e-15
    outer loop
      vertex   4.400000e+01 3.000000e+01 1.500000e+00
      vertex   4.399726e+01 2.994774e+01 -4.371503e-15
      vertex   4.398904e+01 2.979094e+01 1.500000e+00
    endloop
  endfacet
  facet normal -9.659264e-01 -2.588167e-01 -1.325105e-07
    outer loop
      vertex   2.390211e+01 3.061804e+01 -2.151057e-15
      vertex   2.395629e+01 3.041582e+01 -2.151057e-15
      vertex   2.390211e+01 3.061804e+01 3.500000e+00
    endloop
  endfacet
  facet normal -9.659258e-01 -2.588193e-01 2.458541e-08
    outer loop
      vertex   2.390211e+01 3.061804e+01 3.500000e+00
      vertex   2.395629e+01 3.041582e+01 -2.151057e-15
      vertex   2.395629e+01 3.041582e+01 3.500000e+00
    endloop
  endfacet
  facet normal -9.335784e-01 -3.583731e-01 -1.317845e-07
    outer loop
      vertex   2.390211e+01 3.061804e+01 -2.151057e-15
      vertex   2.390211e+01 3.061804e+01 3.500000e+00
      vertex   2.382709e+01 3.081347e+01 -2.151057e-15
    endloop
  endfacet
  facet normal -9.335804e-01 -3.583679e-01 2.010778e-07
    outer loop
      vertex   2.382709e+01 3.081347e+01 -2.151057e-15
      vertex   2.390211e+01 3.061804e+01 3.500000e+00
      vertex   2.382709e+01 3.081347e+01 3.500000e+00
    endloop
  endfacet
  facet normal -8.910090e-01 -4.539856e-01 -1.244603e-07
    outer loop
      vertex   2.373205e+01 3.100000e+01 -2.151057e-15
      vertex   2.382709e+01 3.081347e+01 -2.151057e-15
      vertex   2.373205e+01 3.100000e+01 3.500000e+00
    endloop
  endfacet
  facet normal -8.910066e-01 -4.539904e-01 1.999764e-07
    outer loop
      vertex   2.373205e+01 3.100000e+01 3.500000e+00
      vertex   2.382709e+01 3.081347e+01 -2.151057e-15
      vertex   2.382709e+01 3.081347e+01 3.500000e+00
    endloop
  endfacet
  facet normal -8.386722e-01 -5.446365e-01 -1.237784e-07
    outer loop
      vertex   2.373205e+01 3.100000e+01 -2.151057e-15
      vertex   2.373205e+01 3.100000e+01 3.500000e+00
      vertex   2.361803e+01 3.117557e+01 -2.151057e-15
    endloop
  endfacet
  facet normal -8.386702e-01 -5.446395e-01 -3.389436e-07
    outer loop
      vertex   2.361803e+01 3.117557e+01 -2.151057e-15
      vertex   2.373205e+01 3.100000e+01 3.500000e+00
      vertex   2.361803e+01 3.117557e+01 3.500000e+00
    endloop
  endfacet
  facet normal -7.771393e-01 -6.293287e-01 -3.370863e-07
    outer loop
      vertex   2.361803e+01 3.117557e+01 -2.151057e-15
      vertex   2.361803e+01 3.117557e+01 3.500000e+00
      vertex   2.348629e+01 3.133826e+01 -2.151057e-15
    endloop
  endfacet
  facet normal -7.771459e-01 -6.293205e-01 2.931615e-07
    outer loop
      vertex   2.348629e+01 3.133826e+01 -2.151057e-15
      vertex   2.361803e+01 3.117557e+01 3.500000e+00
      vertex   2.348629e+01 3.133826e+01 3.500000e+00
    endloop
  endfacet
  facet normal -7.071089e-01 -7.071046e-01 1.346206e-07
    outer loop
      vertex   2.333826e+01 3.148629e+01 -2.151057e-15
      vertex   2.348629e+01 3.133826e+01 -2.151057e-15
      vertex   2.333826e+01 3.148629e+01 3.500000e+00
    endloop
  endfacet
  facet normal -7.071071e-01 -7.071065e-01 2.915558e-07
    outer loop
      vertex   2.333826e+01 3.148629e+01 3.500000e+00
      vertex   2.348629e+01 3.133826e+01 -2.151057e-15
      vertex   2.348629e+01 3.133826e+01 3.500000e+00
    endloop
  endfacet
  facet normal -6.293232e-01 -7.771437e-01 -8.215633e-08
    outer loop
      vertex   2.317557e+01 3.161803e+01 -2.151057e-15
      vertex   2.333826e+01 3.148629e+01 -2.151057e-15
      vertex   2.317557e+01 3.161803e+01 3.500000e+00
    endloop
  endfacet
  facet normal -6.293204e-01 -7.771459e-01 1.338831e-07
    outer loop
      vertex   2.317557e+01 3.161803e+01 3.500000e+00
      vertex   2.333826e+01 3.148629e+01 -2.151057e-15
      vertex   2.333826e+01 3.148629e+01 3.500000e+00
    endloop
  endfacet
  facet normal -5.446381e-01 -8.386711e-01 -8.170623e-08
    outer loop
      vertex   2.317557e+01 3.161803e+01 -2.151057e-15
      vertex   2.317557e+01 3.161803e+01 3.500000e+00
      vertex   2.300000e+01 3.173205e+01 -2.151057e-15
    endloop
  endfacet
  facet normal -5.446390e-01 -8.386706e-01 -2.282378e-08
    outer loop
      vertex   2.300000e+01 3.173205e+01 -2.151057e-15
      vertex   2.317557e+01 3.161803e+01 3.500000e+00
      vertex   2.300000e+01 3.173205e+01 3.500000e+00
    endloop
  endfacet
  facet normal -4.539931e-01 -8.910052e-01 -2.269876e-08
    outer loop
      vertex   2.300000e+01 3.173205e+01 -2.151057e-15
      vertex   2.300000e+01 3.173205e+01 3.500000e+00
      vertex   2.281347e+01 3.182709e+01 -2.151057e-15
    endloop
  endfacet
  facet normal -4.539904e-01 -8.910066e-01 -2.060108e-07
    outer loop
      vertex   2.281347e+01 3.182709e+01 -2.151057e-15
      vertex   2.300000e+01 3.173205e+01 3.500000e+00
      vertex   2.281347e+01 3.182709e+01 3.500000e+00
    endloop
  endfacet
  facet normal -3.583624e-01 -9.335826e-01 -2.048821e-07
    outer loop
      vertex   2.281347e+01 3.182709e+01 -2.151057e-15
      vertex   2.281347e+01 3.182709e+01 3.500000e+00
      vertex   2.261803e+01 3.190211e+01 -2.151057e-15
    endloop
  endfacet
  facet normal -3.583679e-01 -9.335804e-01 1.482451e-07
    outer loop
      vertex   2.261803e+01 3.190211e+01 -2.151057e-15
      vertex   2.281347e+01 3.182709e+01 3.500000e+00
      vertex   2.261803e+01 3.190211e+01 3.500000e+00
    endloop
  endfacet
  facet normal -2.588228e-01 -9.659248e-01 -8.084208e-08
    outer loop
      vertex   2.241582e+01 3.195630e+01 -2.151057e-15
      vertex   2.261803e+01 3.190211e+01 -2.151057e-15
      vertex   2.241582e+01 3.195630e+01 3.500000e+00
    endloop
  endfacet
  facet normal -2.588191e-01 -9.659258e-01 1.474331e-07
    outer loop
      vertex   2.241582e+01 3.195630e+01 3.500000e+00
      vertex   2.261803e+01 3.190211e+01 -2.151057e-15
      vertex   2.261803e+01 3.190211e+01 3.500000e+00
    endloop
  endfacet
  facet normal -1.564372e-01 -9.876879e-01 -8.039921e-08
    outer loop
      vertex   2.241582e+01 3.195630e+01 -2.151057e-15
      vertex   2.241582e+01 3.195630e+01 3.500000e+00
      vertex   2.220906e+01 3.198905e+01 -2.151057e-15
    endloop
  endfacet
  facet normal -1.564344e-01 -9.876883e-01 -2.494831e-07
    outer loop
      vertex   2.220906e+01 3.198905e+01 -2.151057e-15
      vertex   2.241582e+01 3.195630e+01 3.500000e+00
      vertex   2.220906e+01 3.198904e+01 3.500000e+00
    endloop
  endfacet
  facet normal -5.233178e-02 -9.986298e-01 -2.481163e-07
    outer loop
      vertex   2.220906e+01 3.198905e+01 -2.151057e-15
      vertex   2.220906e+01 3.198904e+01 3.500000e+00
      vertex   2.200000e+01 3.200000e+01 -2.151057e-15
    endloop
  endfacet
  facet normal -5.233592e-02 -9.986295e-01 0.000000e+00
    outer loop
      vertex   2.200000e+01 3.200000e+01 -2.151057e-15
      vertex   2.220906e+01 3.198904e+01 3.500000e+00
      vertex   2.200000e+01 3.200000e+01 3.500000e+00
    endloop
  endfacet
  facet normal 5.233178e-02 -9.986298e-01 0.000000e+00
    outer loop
      vertex   2.200000e+01 3.200000e+01 -2.151057e-15
      vertex   2.200000e+01 3.200000e+01 3.500000e+00
      vertex   2.179094e+01 3.198905e+01 -2.151057e-15
    endloop
  endfacet
  facet normal 5.233595e-02 -9.986295e-01 -2.494832e-07
    outer loop
      vertex   2.179094e+01 3.198905e+01 -2.151057e-15
      vertex   2.200000e+01 3.200000e+01 3.500000e+00
      vertex   2.179094e+01 3.198904e+01 3.500000e+00
    endloop
  endfacet
  facet normal 1.564372e-01 -9.876879e-01 -2.481163e-07
    outer loop
      vertex   2.179094e+01 3.198905e+01 -2.151057e-15
      vertex   2.179094e+01 3.198904e+01 3.500000e+00
      vertex   2.158418e+01 3.195630e+01 -2.151057e-15
    endloop
  endfacet
  facet normal 1.564344e-01 -9.876883e-01 -8.084205e-08
    outer loop
      vertex   2.158418e+01 3.195630e+01 -2.151057e-15
      vertex   2.179094e+01 3.198904e+01 3.500000e+00
      vertex   2.158418e+01 3.195630e+01 3.500000e+00
    endloop
  endfacet
  facet normal 2.588228e-01 -9.659248e-01 -8.039918e-08
    outer loop
      vertex   2.158418e+01 3.195630e+01 -2.151057e-15
      vertex   2.158418e+01 3.195630e+01 3.500000e+00
      vertex   2.138197e+01 3.190211e+01 -2.151057e-15
    endloop
  endfacet
  facet normal 2.588191e-01 -9.659258e-01 1.482452e-07
    outer loop
      vertex   2.138197e+01 3.190211e+01 -2.151057e-15
      vertex   2.158418e+01 3.195630e+01 3.500000e+00
      vertex   2.138197e+01 3.190211e+01 3.500000e+00
    endloop
  endfacet
  facet normal 3.583624e-01 -9.335826e-01 -2.060108e-07
    outer loop
      vertex   2.118653e+01 3.182709e+01 -2.151057e-15
      vertex   2.138197e+01 3.190211e+01 -2.151057e-15
      vertex   2.118653e+01 3.182709e+01 3.500000e+00
    endloop
  endfacet
  facet normal 3.583679e-01 -9.335804e-01 1.474331e-07
    outer loop
      vertex   2.118653e+01 3.182709e+01 3.500000e+00
      vertex   2.138197e+01 3.190211e+01 -2.151057e-15
      vertex   2.138197e+01 3.190211e+01 3.500000e+00
    endloop
  endfacet
  facet normal 4.539931e-01 -8.910052e-01 -2.048821e-07
    outer loop
      vertex   2.118653e+01 3.182709e+01 -2.151057e-15
      vertex   2.118653e+01 3.182709e+01 3.500000e+00
      vertex   2.100000e+01 3.173205e+01 -2.151057e-15
    endloop
  endfacet
  facet normal 4.539904e-01 -8.910066e-01 -2.282378e-08
    outer loop
      vertex   2.100000e+01 3.173205e+01 -2.151057e-15
      vertex   2.118653e+01 3.182709e+01 3.500000e+00
      vertex   2.100000e+01 3.173205e+01 3.500000e+00
    endloop
  endfacet
  facet normal 5.446381e-01 -8.386711e-01 -2.269876e-08
    outer loop
      vertex   2.100000e+01 3.173205e+01 -2.151057e-15
      vertex   2.100000e+01 3.173205e+01 3.500000e+00
      vertex   2.082443e+01 3.161803e+01 -2.151057e-15
    endloop
  endfacet
  facet normal 5.446390e-01 -8.386706e-01 -8.215632e-08
    outer loop
      vertex   2.082443e+01 3.161803e+01 -2.151057e-15
      vertex   2.100000e+01 3.173205e+01 3.500000e+00
      vertex   2.082443e+01 3.161803e+01 3.500000e+00
    endloop
  endfacet
  facet normal 6.293232e-01 -7.771437e-01 -8.170622e-08
    outer loop
      vertex   2.082443e+01 3.161803e+01 -2.151057e-15
      vertex   2.082443e+01 3.161803e+01 3.500000e+00
      vertex   2.066174e+01 3.148629e+01 -2.151057e-15
    endloop
  endfacet
  facet normal 6.293204e-01 -7.771459e-01 1.346206e-07
    outer loop
      vertex   2.066174e+01 3.148629e+01 -2.151057e-15
      vertex   2.082443e+01 3.161803e+01 3.500000e+00
      vertex   2.066174e+01 3.148629e+01 3.500000e+00
    endloop
  endfacet
  facet normal 7.071089e-01 -7.071046e-01 1.338831e-07
    outer loop
      vertex   2.066174e+01 3.148629e+01 -2.151057e-15
      vertex   2.066174e+01 3.148629e+01 3.500000e+00
      vertex   2.051371e+01 3.133826e+01 -2.151057e-15
    endloop
  endfacet
  facet normal 7.071071e-01 -7.071065e-01 2.915558e-07
    outer loop
      vertex   2.051371e+01 3.133826e+01 -2.151057e-15
      vertex   2.066174e+01 3.148629e+01 3.500000e+00
      vertex   2.051371e+01 3.133826e+01 3.500000e+00
    endloop
  endfacet
  facet normal 7.771393e-01 -6.293287e-01 2.931615e-07
    outer loop
      vertex   2.051371e+01 3.133826e+01 -2.151057e-15
      vertex   2.051371e+01 3.133826e+01 3.500000e+00
      vertex   2.038197e+01 3.117557e+01 -2.151057e-15
    endloop
  endfacet
  facet normal 7.771459e-01 -6.293204e-01 -3.389437e-07
    outer loop
      vertex   2.038197e+01 3.117557e+01 -2.151057e-15
      vertex   2.051371e+01 3.133826e+01 3.500000e+00
      vertex   2.038197e+01 3.117557e+01 3.500000e+00
    endloop
  endfacet
  facet normal 8.386722e-01 -5.446365e-01 -3.370864e-07
    outer loop
      vertex   2.038197e+01 3.117557e+01 -2.151057e-15
      vertex   2.038197e+01 3.117557e+01 3.500000e+00
      vertex   2.026795e+01 3.100000e+01 -2.151057e-15
    endloop
  endfacet
  facet normal 8.386703e-01 -5.446395e-01 -1.244602e-07
    outer loop
      vertex   2.026795e+01 3.100000e+01 -2.151057e-15
      vertex   2.038197e+01 3.117557e+01 3.500000e+00
      vertex   2.026795e+01 3.100000e+01 3.500000e+00
    endloop
  endfacet
  facet normal 8.910090e-01 -4.539856e-01 -1.237784e-07
    outer loop
      vertex   2.026795e+01 3.100000e+01 -2.151057e-15
      vertex   2.026795e+01 3.100000e+01 3.500000e+00
      vertex   2.017291e+01 3.081347e+01 -2.151057e-15
    endloop
  endfacet
  facet normal 8.910066e-01 -4.539904e-01 2.010778e-07
    outer loop
      vertex   2.017291e+01 3.081347e+01 -2.151057e-15
      vertex   2.026795e+01 3.100000e+01 3.500000e+00
      vertex   2.017291e+01 3.081347e+01 3.500000e+00
    endloop
  endfacet
  facet normal 9.335784e-01 -3.583731e-01 -1.325106e-07
    outer loop
      vertex   2.009789e+01 3.061804e+01 -2.151057e-15
      vertex   2.017291e+01 3.081347e+01 -2.151057e-15
      vertex   2.009789e+01 3.061804e+01 3.500000e+00
    endloop
  endfacet
  facet normal 9.335804e-01 -3.583679e-01 1.999764e-07
    outer loop
      vertex   2.009789e+01 3.061804e+01 3.500000e+00
      vertex   2.017291e+01 3.081347e+01 -2.151057e-15
      vertex   2.017291e+01 3.081347e+01 3.500000e+00
    endloop
  endfacet
  facet normal 9.659264e-01 -2.588167e-01 -1.317845e-07
    outer loop
      vertex   2.009789e+01 3.061804e+01 -2.151057e-15
      vertex   2.009789e+01 3.061804e+01 3.500000e+00
      vertex   2.004370e+01 3.041582e+01 -2.151057e-15
    endloop
  endfacet
  facet normal 9.659258e-01 -2.588193e-01 2.472083e-08
    outer loop
      vertex   2.004370e+01 3.041582e+01 -2.151057e-15
      vertex   2.009789e+01 3.061804e+01 3.500000e+00
      vertex   2.004370e+01 3.041582e+01 3.500000e+00
    endloop
  endfacet
  facet normal 9.876883e-01 -1.564347e-01 6.585782e-09
    outer loop
      vertex   2.001096e+01 3.020906e+01 -2.151057e-15
      vertex   2.004370e+01 3.041582e+01 -2.151057e-15
      vertex   2.001096e+01 3.020906e+01 3.500000e+00
    endloop
  endfacet
  facet normal 9.876884e-01 -1.564344e-01 2.458541e-08
    outer loop
      vertex   2.001096e+01 3.020906e+01 3.500000e+00
      vertex   2.004370e+01 3.041582e+01 -2.151057e-15
      vertex   2.004370e+01 3.041582e+01 3.500000e+00
    endloop
  endfacet
  facet normal 9.986295e-01 -5.233594e-02 -1.424450e-14
    outer loop
      vertex   2.000000e+01 3.000000e+01 -2.151057e-15
      vertex   2.001096e+01 3.020906e+01 -2.151057e-15
      vertex   2.000000e+01 3.000000e+01 3.500000e+00
    endloop
  endfacet
  facet normal 9.986295e-01 -5.233583e-02 6.549704e-09
    outer loop
      vertex   2.000000e+01 3.000000e+01 3.500000e+00
      vertex   2.001096e+01 3.020906e+01 -2.151057e-15
      vertex   2.001096e+01 3.020906e+01 3.500000e+00
    endloop
  endfacet
  facet normal 9.986295e-01 5.233594e-02 -1.413825e-14
    outer loop
      vertex   2.000000e+01 3.000000e+01 -2.151057e-15
      vertex   2.000000e+01 3.000000e+01 3.500000e+00
      vertex   2.001096e+01 2.979094e+01 -2.151057e-15
    endloop
  endfacet
  facet normal 9.986295e-01 5.233628e-02 -2.015255e-08
    outer loop
      vertex   2.001096e+01 2.979094e+01 -2.151057e-15
      vertex   2.000000e+01 3.000000e+01 3.500000e+00
      vertex   2.001096e+01 2.979094e+01 3.500000e+00
    endloop
  endfacet
  facet normal 9.876883e-01 1.564347e-01 -2.004215e-08
    outer loop
      vertex   2.001096e+01 2.979094e+01 -2.151057e-15
      vertex   2.001096e+01 2.979094e+01 3.500000e+00
      vertex   2.004370e+01 2.958418e+01 -2.151057e-15
    endloop
  endfacet
  facet normal 9.876883e-01 1.564348e-01 -2.846279e-08
    outer loop
      vertex   2.004370e+01 2.958418e+01 -2.151057e-15
      vertex   2.001096e+01 2.979094e+01 3.500000e+00
      vertex   2.004370e+01 2.958418e+01 3.500000e+00
    endloop
  endfacet
  facet normal 9.659257e-01 2.588196e-01 -2.830686e-08
    outer loop
      vertex   2.004370e+01 2.958418e+01 -2.151057e-15
      vertex   2.004370e+01 2.958418e+01 3.500000e+00
      vertex   2.009789e+01 2.938197e+01 -2.151057e-15
    endloop
  endfacet
  facet normal 9.659258e-01 2.588191e-01 -7.666630e-10
    outer loop
      vertex   2.009789e+01 2.938197e+01 -2.151057e-15
      vertex   2.004370e+01 2.958418e+01 3.500000e+00
      vertex   2.009789e+01 2.938197e+01 3.500000e+00
    endloop
  endfacet
  facet normal 9.335799e-01 3.583693e-01 -7.624629e-10
    outer loop
      vertex   2.009789e+01 2.938197e+01 -2.151057e-15
      vertex   2.009789e+01 2.938197e+01 3.500000e+00
      vertex   2.017291e+01 2.918653e+01 -2.151057e-15
    endloop
  endfacet
  facet normal 9.335805e-01 3.583678e-01 9.703515e-08
    outer loop
      vertex   2.017291e+01 2.918653e+01 -2.151057e-15
      vertex   2.009789e+01 2.938197e+01 3.500000e+00
      vertex   2.017291e+01 2.918653e+01 3.500000e+00
    endloop
  endfacet
  facet normal 8.910067e-01 4.539902e-01 8.870567e-08
    outer loop
      vertex   2.026795e+01 2.900000e+01 -2.151057e-15
      vertex   2.017291e+01 2.918653e+01 -2.151057e-15
      vertex   2.026795e+01 2.900000e+01 3.500000e+00
    endloop
  endfacet
  facet normal 8.910066e-01 4.539903e-01 9.650359e-08
    outer loop
      vertex   2.026795e+01 2.900000e+01 3.500000e+00
      vertex   2.017291e+01 2.918653e+01 -2.151057e-15
      vertex   2.017291e+01 2.918653e+01 3.500000e+00
    endloop
  endfacet
  facet normal 8.386722e-01 5.446365e-01 -8.835186e-08
    outer loop
      vertex   2.038197e+01 2.882443e+01 -2.151057e-15
      vertex   2.026795e+01 2.900000e+01 -2.151057e-15
      vertex   2.038197e+01 2.882443e+01 3.500000e+00
    endloop
  endfacet
  facet normal 8.386706e-01 5.446390e-01 8.821973e-08
    outer loop
      vertex   2.038197e+01 2.882443e+01 3.500000e+00
      vertex   2.026795e+01 2.900000e+01 -2.151057e-15
      vertex   2.026795e+01 2.900000e+01 3.500000e+00
    endloop
  endfacet
  facet normal 7.771438e-01 6.293231e-01 -8.786780e-08
    outer loop
      vertex   2.038197e+01 2.882443e+01 -2.151057e-15
      vertex   2.038197e+01 2.882443e+01 3.500000e+00
      vertex   2.051371e+01 2.866174e+01 -2.151057e-15
    endloop
  endfacet
  facet normal 7.771460e-01 6.293204e-01 1.219987e-07
    outer loop
      vertex   2.051371e+01 2.866174e+01 -2.151057e-15
      vertex   2.038197e+01 2.882443e+01 3.500000e+00
      vertex   2.051371e+01 2.866174e+01 3.500000e+00
    endloop
  endfacet
  facet normal 7.071089e-01 7.071046e-01 -5.547515e-08
    outer loop
      vertex   2.066174e+01 2.851371e+01 -2.151057e-15
      vertex   2.051371e+01 2.866174e+01 -2.151057e-15
      vertex   2.066174e+01 2.851371e+01 3.500000e+00
    endloop
  endfacet
  facet normal 7.071068e-01 7.071067e-01 1.213304e-07
    outer loop
      vertex   2.066174e+01 2.851371e+01 3.500000e+00
      vertex   2.051371e+01 2.866174e+01 -2.151057e-15
      vertex   2.051371e+01 2.866174e+01 3.500000e+00
    endloop
  endfacet
  facet normal 6.293232e-01 7.771437e-01 -5.517125e-08
    outer loop
      vertex   2.066174e+01 2.851371e+01 -2.151057e-15
      vertex   2.066174e+01 2.851371e+01 3.500000e+00
      vertex   2.082443e+01 2.838197e+01 -2.151057e-15
    endloop
  endfacet
  facet normal 6.293202e-01 7.771461e-01 -2.891022e-07
    outer loop
      vertex   2.082443e+01 2.838197e+01 -2.151057e-15
      vertex   2.066174e+01 2.851371e+01 3.500000e+00
      vertex   2.082443e+01 2.838197e+01 3.500000e+00
    endloop
  endfacet
  facet normal 5.446301e-01 8.386763e-01 -2.875180e-07
    outer loop
      vertex   2.082443e+01 2.838197e+01 -2.151057e-15
      vertex   2.082443e+01 2.838197e+01 3.500000e+00
      vertex   2.100000e+01 2.826795e+01 -2.151057e-15
    endloop
  endfacet
  facet normal 5.446390e-01 8.386706e-01 3.463901e-07
    outer loop
      vertex   2.100000e+01 2.826795e+01 -2.151057e-15
      vertex   2.082443e+01 2.838197e+01 3.500000e+00
      vertex   2.100000e+01 2.826795e+01 3.500000e+00
    endloop
  endfacet
  facet normal 4.539931e-01 8.910052e-01 1.834627e-07
    outer loop
      vertex   2.118653e+01 2.817291e+01 -2.151057e-15
      vertex   2.100000e+01 2.826795e+01 -2.151057e-15
      vertex   2.118653e+01 2.817291e+01 3.500000e+00
    endloop
  endfacet
  facet normal 4.539907e-01 8.910064e-01 3.444929e-07
    outer loop
      vertex   2.118653e+01 2.817291e+01 3.500000e+00
      vertex   2.100000e+01 2.826795e+01 -2.151057e-15
      vertex   2.100000e+01 2.826795e+01 3.500000e+00
    endloop
  endfacet
  facet normal 3.583723e-01 9.335787e-01 -9.503417e-08
    outer loop
      vertex   2.138197e+01 2.809789e+01 -2.151057e-15
      vertex   2.118653e+01 2.817291e+01 -2.151057e-15
      vertex   2.138197e+01 2.809789e+01 3.500000e+00
    endloop
  endfacet
  facet normal 3.583680e-01 9.335804e-01 1.824576e-07
    outer loop
      vertex   2.138197e+01 2.809789e+01 3.500000e+00
      vertex   2.118653e+01 2.817291e+01 -2.151057e-15
      vertex   2.118653e+01 2.817291e+01 3.500000e+00
    endloop
  endfacet
  facet normal 2.588121e-01 9.659277e-01 -9.451345e-08
    outer loop
      vertex   2.138197e+01 2.809789e+01 -2.151057e-15
      vertex   2.138197e+01 2.809789e+01 3.500000e+00
      vertex   2.158418e+01 2.804371e+01 -2.151057e-15
    endloop
  endfacet
  facet normal 2.588191e-01 9.659258e-01 3.361732e-07
    outer loop
      vertex   2.158418e+01 2.804371e+01 -2.151057e-15
      vertex   2.138197e+01 2.809789e+01 3.500000e+00
      vertex   2.158418e+01 2.804371e+01 3.500000e+00
    endloop
  endfacet
  facet normal 1.564372e-01 9.876879e-01 1.745132e-07
    outer loop
      vertex   2.179094e+01 2.801096e+01 -2.151057e-15
      vertex   2.158418e+01 2.804371e+01 -2.151057e-15
      vertex   2.179094e+01 2.801096e+01 3.500000e+00
    endloop
  endfacet
  facet normal 1.564346e-01 9.876883e-01 3.343318e-07
    outer loop
      vertex   2.179094e+01 2.801096e+01 3.500000e+00
      vertex   2.158418e+01 2.804371e+01 -2.151057e-15
      vertex   2.158418e+01 2.804371e+01 3.500000e+00
    endloop
  endfacet
  facet normal 5.234314e-02 9.986292e-01 -2.557991e-07
    outer loop
      vertex   2.200000e+01 2.800000e+01 -2.151057e-15
      vertex   2.179094e+01 2.801096e+01 -2.151057e-15
      vertex   2.200000e+01 2.800000e+01 3.500000e+00
    endloop
  endfacet
  facet normal 5.233597e-02 9.986295e-01 1.735571e-07
    outer loop
      vertex   2.200000e+01 2.800000e+01 3.500000e+00
      vertex   2.179094e+01 2.801096e+01 -2.151057e-15
      vertex   2.179094e+01 2.801096e+01 3.500000e+00
    endloop
  endfacet
  facet normal -5.234314e-02 9.986292e-01 -2.543975e-07
    outer loop
      vertex   2.200000e+01 2.800000e+01 -2.151057e-15
      vertex   2.200000e+01 2.800000e+01 3.500000e+00
      vertex   2.220906e+01 2.801096e+01 -2.151057e-15
    endloop
  endfacet
  facet normal -5.233598e-02 9.986295e-01 1.745131e-07
    outer loop
      vertex   2.220906e+01 2.801096e+01 -2.151057e-15
      vertex   2.200000e+01 2.800000e+01 3.500000e+00
      vertex   2.220906e+01 2.801096e+01 3.500000e+00
    endloop
  endfacet
  facet normal -1.564372e-01 9.876879e-01 3.361732e-07
    outer loop
      vertex   2.241582e+01 2.804371e+01 -2.151057e-15
      vertex   2.220906e+01 2.801096e+01 -2.151057e-15
      vertex   2.241582e+01 2.804371e+01 3.500000e+00
    endloop
  endfacet
  facet normal -1.564345e-01 9.876883e-01 1.735572e-07
    outer loop
      vertex   2.241582e+01 2.804371e+01 3.500000e+00
      vertex   2.220906e+01 2.801096e+01 -2.151057e-15
      vertex   2.220906e+01 2.801096e+01 3.500000e+00
    endloop
  endfacet
  facet normal -2.588121e-01 9.659277e-01 -9.503419e-08
    outer loop
      vertex   2.261803e+01 2.809789e+01 -2.151057e-15
      vertex   2.241582e+01 2.804371e+01 -2.151057e-15
      vertex   2.261803e+01 2.809789e+01 3.500000e+00
    endloop
  endfacet
  facet normal -2.588191e-01 9.659258e-01 3.343317e-07
    outer loop
      vertex   2.261803e+01 2.809789e+01 3.500000e+00
      vertex   2.241582e+01 2.804371e+01 -2.151057e-15
      vertex   2.241582e+01 2.804371e+01 3.500000e+00
    endloop
  endfacet
  facet normal -3.583723e-01 9.335787e-01 -9.451346e-08
    outer loop
      vertex   2.261803e+01 2.809789e+01 -2.151057e-15
      vertex   2.261803e+01 2.809789e+01 3.500000e+00
      vertex   2.281347e+01 2.817291e+01 -2.151057e-15
    endloop
  endfacet
  facet normal -3.583680e-01 9.335804e-01 1.834626e-07
    outer loop
      vertex   2.281347e+01 2.817291e+01 -2.151057e-15
      vertex   2.261803e+01 2.809789e+01 3.500000e+00
      vertex   2.281347e+01 2.817291e+01 3.500000e+00
    endloop
  endfacet
  facet normal -4.539931e-01 8.910052e-01 3.463902e-07
    outer loop
      vertex   2.300000e+01 2.826795e+01 -2.151057e-15
      vertex   2.281347e+01 2.817291e+01 -2.151057e-15
      vertex   2.300000e+01 2.826795e+01 3.500000e+00
    endloop
  endfacet
  facet normal -4.539907e-01 8.910064e-01 1.824577e-07
    outer loop
      vertex   2.300000e+01 2.826795e+01 3.500000e+00
      vertex   2.281347e+01 2.817291e+01 -2.151057e-15
      vertex   2.281347e+01 2.817291e+01 3.500000e+00
    endloop
  endfacet
  facet normal -5.446301e-01 8.386763e-01 -2.891023e-07
    outer loop
      vertex   2.317557e+01 2.838197e+01 -2.151057e-15
      vertex   2.300000e+01 2.826795e+01 -2.151057e-15
      vertex   2.317557e+01 2.838197e+01 3.500000e+00
    endloop
  endfacet
  facet normal -5.446390e-01 8.386706e-01 3.444928e-07
    outer loop
      vertex   2.317557e+01 2.838197e+01 3.500000e+00
      vertex   2.300000e+01 2.826795e+01 -2.151057e-15
      vertex   2.300000e+01 2.826795e+01 3.500000e+00
    endloop
  endfacet
  facet normal -6.293232e-01 7.771437e-01 -2.875181e-07
    outer loop
      vertex   2.317557e+01 2.838197e+01 -2.151057e-15
      vertex   2.317557e+01 2.838197e+01 3.500000e+00
      vertex   2.333826e+01 2.851371e+01 -2.151057e-15
    endloop
  endfacet
  facet normal -6.293202e-01 7.771461e-01 -5.547513e-08
    outer loop
      vertex   2.333826e+01 2.851371e+01 -2.151057e-15
      vertex   2.317557e+01 2.838197e+01 3.500000e+00
      vertex   2.333826e+01 2.851371e+01 3.500000e+00
    endloop
  endfacet
  facet normal -7.071089e-01 7.071046e-01 -5.517123e-08
    outer loop
      vertex   2.333826e+01 2.851371e+01 -2.151057e-15
      vertex   2.333826e+01 2.851371e+01 3.500000e+00
      vertex   2.348629e+01 2.866174e+01 -2.151057e-15
    endloop
  endfacet
  facet normal -7.071068e-01 7.071067e-01 1.219987e-07
    outer loop
      vertex   2.348629e+01 2.866174e+01 -2.151057e-15
      vertex   2.333826e+01 2.851371e+01 3.500000e+00
      vertex   2.348629e+01 2.866174e+01 3.500000e+00
    endloop
  endfacet
  facet normal -7.771438e-01 6.293231e-01 -8.835186e-08
    outer loop
      vertex   2.361803e+01 2.882443e+01 -2.151057e-15
      vertex   2.348629e+01 2.866174e+01 -2.151057e-15
      vertex   2.361803e+01 2.882443e+01 3.500000e+00
    endloop
  endfacet
  facet normal -7.771460e-01 6.293204e-01 1.213304e-07
    outer loop
      vertex   2.361803e+01 2.882443e+01 3.500000e+00
      vertex   2.348629e+01 2.866174e+01 -2.151057e-15
      vertex   2.348629e+01 2.866174e+01 3.500000e+00
    endloop
  endfacet
  facet normal -8.386722e-01 5.446365e-01 -8.786780e-08
    outer loop
      vertex   2.361803e+01 2.882443e+01 -2.151057e-15
      vertex   2.361803e+01 2.882443e+01 3.500000e+00
      vertex   2.373205e+01 2.900000e+01 -2.151057e-15
    endloop
  endfacet
  facet normal -8.386706e-01 5.446390e-01 8.870566e-08
    outer loop
      vertex   2.373205e+01 2.900000e+01 -2.151057e-15
      vertex   2.361803e+01 2.882443e+01 3.500000e+00
      vertex   2.373205e+01 2.900000e+01 3.500000e+00
    endloop
  endfacet
  facet normal -8.910067e-01 4.539902e-01 9.703515e-08
    outer loop
      vertex   2.382709e+01 2.918653e+01 -2.151057e-15
      vertex   2.373205e+01 2.900000e+01 -2.151057e-15
      vertex   2.382709e+01 2.918653e+01 3.500000e+00
    endloop
  endfacet
  facet normal -8.910066e-01 4.539903e-01 8.821974e-08
    outer loop
      vertex   2.382709e+01 2.918653e+01 3.500000e+00
      vertex   2.373205e+01 2.900000e+01 -2.151057e-15
      vertex   2.373205e+01 2.900000e+01 3.500000e+00
    endloop
  endfacet
  facet normal -9.335799e-01 3.583693e-01 -7.666643e-10
    outer loop
      vertex   2.390211e+01 2.938197e+01 -2.151057e-15
      vertex   2.382709e+01 2.918653e+01 -2.151057e-15
      vertex   2.390211e+01 2.938197e+01 3.500000e+00
    endloop
  endfacet
  facet normal -9.335805e-01 3.583678e-01 9.650359e-08
    outer loop
      vertex   2.390211e+01 2.938197e+01 3.500000e+00
      vertex   2.382709e+01 2.918653e+01 -2.151057e-15
      vertex   2.382709e+01 2.918653e+01 3.500000e+00
    endloop
  endfacet
  facet normal -9.659257e-01 2.588196e-01 -7.624645e-10
    outer loop
      vertex   2.390211e+01 2.938197e+01 -2.151057e-15
      vertex   2.390211e+01 2.938197e+01 3.500000e+00
      vertex   2.395629e+01 2.958418e+01 -2.151057e-15
    endloop
  endfacet
  facet normal -9.659258e-01 2.588191e-01 -2.846279e-08
    outer loop
      vertex   2.395629e+01 2.958418e+01 -2.151057e-15
      vertex   2.390211e+01 2.938197e+01 3.500000e+00
      vertex   2.395629e+01 2.958418e+01 3.500000e+00
    endloop
  endfacet
  facet normal -9.876883e-01 1.564347e-01 -2.830686e-08
    outer loop
      vertex   2.395629e+01 2.958418e+01 -2.151057e-15
      vertex   2.395629e+01 2.958418e+01 3.500000e+00
      vertex   2.398904e+01 2.979094e+01 -2.151057e-15
    endloop
  endfacet
  facet normal -9.876883e-01 1.564348e-01 -2.015255e-08
    outer loop
      vertex   2.398904e+01 2.979094e+01 -2.151057e-15
      vertex   2.395629e+01 2.958418e+01 3.500000e+00
      vertex   2.398904e+01 2.979094e+01 3.500000e+00
    endloop
  endfacet
  facet normal -9.659248e-01 -2.588228e-01 -1.417179e-07
    outer loop
      vertex   4.395630e+01 4.158234e-01 -4.371503e-15
      vertex   4.395629e+01 4.158233e-01 3.500000e+00
      vertex   4.390211e+01 6.180340e-01 -4.371503e-15
    endloop
  endfacet
  facet normal -9.659258e-01 -2.588191e-01 8.774371e-08
    outer loop
      vertex   4.390211e+01 6.180340e-01 -4.371503e-15
      vertex   4.395629e+01 4.158233e-01 3.500000e+00
      vertex   4.390211e+01 6.180341e-01 3.500000e+00
    endloop
  endfacet
  facet normal -9.335826e-01 -3.583624e-01 -2.649131e-07
    outer loop
      vertex   4.382709e+01 8.134733e-01 -4.371503e-15
      vertex   4.390211e+01 6.180340e-01 -4.371503e-15
      vertex   4.382709e+01 8.134730e-01 3.500000e+00
    endloop
  endfacet
  facet normal -9.335804e-01 -3.583679e-01 8.726308e-08
    outer loop
      vertex   4.382709e+01 8.134730e-01 3.500000e+00
      vertex   4.390211e+01 6.180340e-01 -4.371503e-15
      vertex   4.390211e+01 6.180341e-01 3.500000e+00
    endloop
  endfacet
  facet normal -8.910052e-01 -4.539931e-01 -2.634616e-07
    outer loop
      vertex   4.382709e+01 8.134733e-01 -4.371503e-15
      vertex   4.382709e+01 8.134730e-01 3.500000e+00
      vertex   4.373205e+01 1.000000e+00 -4.371503e-15
    endloop
  endfacet
  facet normal -8.910066e-01 -4.539904e-01 -7.970009e-08
    outer loop
      vertex   4.373205e+01 1.000000e+00 -4.371503e-15
      vertex   4.382709e+01 8.134730e-01 3.500000e+00
      vertex   4.373205e+01 9.999999e-01 3.500000e+00
    endloop
  endfacet
  facet normal -6.293287e-01 -7.771393e-01 0.000000e+00
    outer loop
      vertex   4.333826e+01 1.486290e+00 -4.371503e-15
      vertex   4.333826e+01 1.486290e+00 3.500000e+00
      vertex   4.317557e+01 1.618034e+00 -4.371503e-15
    endloop
  endfacet
  facet normal -6.293287e-01 -7.771393e-01 0.000000e+00
    outer loop
      vertex   4.317557e+01 1.618034e+00 -4.371503e-15
      vertex   4.333826e+01 1.486290e+00 3.500000e+00
      vertex   4.317557e+01 1.618034e+00 3.500000e+00
    endloop
  endfacet
  facet normal -5.446365e-01 -8.386722e-01 0.000000e+00
    outer loop
      vertex   4.317557e+01 1.618034e+00 -4.371503e-15
      vertex   4.317557e+01 1.618034e+00 3.500000e+00
      vertex   4.300000e+01 1.732051e+00 -4.371503e-15
    endloop
  endfacet
  facet normal -5.446365e-01 -8.386722e-01 0.000000e+00
    outer loop
      vertex   4.300000e+01 1.732051e+00 -4.371503e-15
      vertex   4.317557e+01 1.618034e+00 3.500000e+00
      vertex   4.300000e+01 1.732051e+00 3.500000e+00
    endloop
  endfacet
  facet normal -4.539856e-01 -8.910090e-01 0.000000e+00
    outer loop
      vertex   4.300000e+01 1.732051e+00 -4.371503e-15
      vertex   4.300000e+01 1.732051e+00 3.500000e+00
      vertex   4.281347e+01 1.827091e+00 -4.371503e-15
    endloop
  endfacet
  facet normal -4.539856e-01 -8.910090e-01 0.000000e+00
    outer loop
      vertex   4.281347e+01 1.827091e+00 -4.371503e-15
      vertex   4.300000e+01 1.732051e+00 3.500000e+00
      vertex   4.281347e+01 1.827091e+00 3.500000e+00
    endloop
  endfacet
  facet normal -3.583731e-01 -9.335784e-01 0.000000e+00
    outer loop
      vertex   4.281347e+01 1.827091e+00 -4.371503e-15
      vertex   4.281347e+01 1.827091e+00 3.500000e+00
      vertex   4.261804e+01 1.902113e+00 -4.371503e-15
    endloop
  endfacet
  facet normal -3.583731e-01 -9.335784e-01 0.000000e+00
    outer loop
      vertex   4.261804e+01 1.902113e+00 -4.371503e-15
      vertex   4.281347e+01 1.827091e+00 3.500000e+00
      vertex   4.261804e+01 1.902113e+00 3.500000e+00
    endloop
  endfacet
  facet normal -2.588167e-01 -9.659264e-01 0.000000e+00
    outer loop
      vertex   4.261804e+01 1.902113e+00 -4.371503e-15
      vertex   4.261804e+01 1.902113e+00 3.500000e+00
      vertex   4.241582e+01 1.956295e+00 -4.371503e-15
    endloop
  endfacet
  facet normal -2.588167e-01 -9.659264e-01 0.000000e+00
    outer loop
      vertex   4.241582e+01 1.956295e+00 -4.371503e-15
      vertex   4.261804e+01 1.902113e+00 3.500000e+00
      vertex   4.241582e+01 1.956295e+00 3.500000e+00
    endloop
  endfacet
  facet normal -1.564347e-01 -9.876883e-01 0.000000e+00
    outer loop
      vertex   4.241582e+01 1.956295e+00 -4.371503e-15
      vertex   4.241582e+01 1.956295e+00 3.500000e+00
      vertex   4.220906e+01 1.989044e+00 -4.371503e-15
    endloop
  endfacet
  facet normal -1.564344e-01 -9.876884e-01 -1.782550e-08
    outer loop
      vertex   4.220906e+01 1.989044e+00 -4.371503e-15
      vertex   4.241582e+01 1.956295e+00 3.500000e+00
      vertex   4.220906e+01 1.989044e+00 3.500000e+00
    endloop
  endfacet
  facet normal -5.233594e-02 -9.986295e-01 -1.772785e-08
    outer loop
      vertex   4.220906e+01 1.989044e+00 -4.371503e-15
      vertex   4.220906e+01 1.989044e+00 3.500000e+00
      vertex   4.200000e+01 2.000000e+00 -4.371503e-15
    endloop
  endfacet
  facet normal -5.233591e-02 -9.986295e-01 -1.995491e-08
    outer loop
      vertex   4.200000e+01 2.000000e+00 -4.371503e-15
      vertex   4.220906e+01 1.989044e+00 3.500000e+00
      vertex   4.200000e+01 2.000000e+00 3.500000e+00
    endloop
  endfacet
  facet normal 5.233624e-02 -9.986295e-01 -1.984560e-08
    outer loop
      vertex   4.200000e+01 2.000000e+00 -4.371503e-15
      vertex   4.200000e+01 2.000000e+00 3.500000e+00
      vertex   4.179094e+01 1.989044e+00 -4.371503e-15
    endloop
  endfacet
  facet normal 5.233591e-02 -9.986295e-01 6.335437e-17
    outer loop
      vertex   4.179094e+01 1.989044e+00 -4.371503e-15
      vertex   4.200000e+01 2.000000e+00 3.500000e+00
      vertex   4.179094e+01 1.989044e+00 3.500000e+00
    endloop
  endfacet
  facet normal 1.564347e-01 -9.876883e-01 6.266024e-17
    outer loop
      vertex   4.179094e+01 1.989044e+00 -4.371503e-15
      vertex   4.179094e+01 1.989044e+00 3.500000e+00
      vertex   4.158418e+01 1.956295e+00 -4.371503e-15
    endloop
  endfacet
  facet normal 1.564341e-01 -9.876884e-01 3.135770e-08
    outer loop
      vertex   4.158418e+01 1.956295e+00 -4.371503e-15
      vertex   4.179094e+01 1.989044e+00 3.500000e+00
      vertex   4.158418e+01 1.956295e+00 3.500000e+00
    endloop
  endfacet
  facet normal 2.588167e-01 -9.659264e-01 -1.129423e-07
    outer loop
      vertex   4.138196e+01 1.902113e+00 -4.371503e-15
      vertex   4.158418e+01 1.956295e+00 -4.371503e-15
      vertex   4.138197e+01 1.902113e+00 3.500000e+00
    endloop
  endfacet
  facet normal 2.588191e-01 -9.659258e-01 3.118592e-08
    outer loop
      vertex   4.138197e+01 1.902113e+00 3.500000e+00
      vertex   4.158418e+01 1.956295e+00 -4.371503e-15
      vertex   4.158418e+01 1.956295e+00 3.500000e+00
    endloop
  endfacet
  facet normal 3.583712e-01 -9.335792e-01 -1.123235e-07
    outer loop
      vertex   4.138196e+01 1.902113e+00 -4.371503e-15
      vertex   4.138197e+01 1.902113e+00 3.500000e+00
      vertex   4.118653e+01 1.827091e+00 -4.371503e-15
    endloop
  endfacet
  facet normal 3.583680e-01 -9.335804e-01 9.442069e-08
    outer loop
      vertex   4.118653e+01 1.827091e+00 -4.371503e-15
      vertex   4.138197e+01 1.902113e+00 3.500000e+00
      vertex   4.118653e+01 1.827091e+00 3.500000e+00
    endloop
  endfacet
  facet normal 4.539879e-01 -8.910079e-01 -8.046536e-08
    outer loop
      vertex   4.100000e+01 1.732051e+00 -4.371503e-15
      vertex   4.118653e+01 1.827091e+00 -4.371503e-15
      vertex   4.100000e+01 1.732051e+00 3.500000e+00
    endloop
  endfacet
  facet normal 4.539905e-01 -8.910065e-01 9.390348e-08
    outer loop
      vertex   4.100000e+01 1.732051e+00 3.500000e+00
      vertex   4.118653e+01 1.827091e+00 -4.371503e-15
      vertex   4.118653e+01 1.827091e+00 3.500000e+00
    endloop
  endfacet
  facet normal 5.446365e-01 -8.386722e-01 -8.002456e-08
    outer loop
      vertex   4.100000e+01 1.732051e+00 -4.371503e-15
      vertex   4.100000e+01 1.732051e+00 3.500000e+00
      vertex   4.082443e+01 1.618034e+00 -4.371503e-15
    endloop
  endfacet
  facet normal 5.446394e-01 -8.386703e-01 -2.837209e-07
    outer loop
      vertex   4.082443e+01 1.618034e+00 -4.371503e-15
      vertex   4.100000e+01 1.732051e+00 3.500000e+00
      vertex   4.082443e+01 1.618033e+00 3.500000e+00
    endloop
  endfacet
  facet normal 6.293259e-01 -7.771415e-01 -2.821664e-07
    outer loop
      vertex   4.082443e+01 1.618034e+00 -4.371503e-15
      vertex   4.082443e+01 1.618033e+00 3.500000e+00
      vertex   4.066174e+01 1.486290e+00 -4.371503e-15
    endloop
  endfacet
  facet normal 6.293205e-01 -7.771459e-01 1.305709e-07
    outer loop
      vertex   4.066174e+01 1.486290e+00 -4.371503e-15
      vertex   4.082443e+01 1.618033e+00 3.500000e+00
      vertex   4.066174e+01 1.486290e+00 3.500000e+00
    endloop
  endfacet
  facet normal 7.071046e-01 -7.071089e-01 -4.374743e-08
    outer loop
      vertex   4.051371e+01 1.338261e+00 -4.371503e-15
      vertex   4.066174e+01 1.486290e+00 -4.371503e-15
      vertex   4.051371e+01 1.338261e+00 3.500000e+00
    endloop
  endfacet
  facet normal 7.071067e-01 -7.071069e-01 1.298558e-07
    outer loop
      vertex   4.051371e+01 1.338261e+00 3.500000e+00
      vertex   4.066174e+01 1.486290e+00 -4.371503e-15
      vertex   4.066174e+01 1.486290e+00 3.500000e+00
    endloop
  endfacet
  facet normal 7.771464e-01 -6.293198e-01 -4.350776e-08
    outer loop
      vertex   4.051371e+01 1.338261e+00 -4.371503e-15
      vertex   4.051371e+01 1.338261e+00 3.500000e+00
      vertex   4.038197e+01 1.175570e+00 -4.371503e-15
    endloop
  endfacet
  facet normal 7.771460e-01 -6.293204e-01 1.361670e-09
    outer loop
      vertex   4.038197e+01 1.175570e+00 -4.371503e-15
      vertex   4.051371e+01 1.338261e+00 3.500000e+00
      vertex   4.038197e+01 1.175570e+00 3.500000e+00
    endloop
  endfacet
  facet normal 8.386711e-01 -5.446381e-01 6.798554e-08
    outer loop
      vertex   4.026795e+01 1.000000e+00 -4.371503e-15
      vertex   4.038197e+01 1.175570e+00 -4.371503e-15
      vertex   4.026795e+01 1.000000e+00 3.500000e+00
    endloop
  endfacet
  facet normal 8.386705e-01 -5.446391e-01 1.354211e-09
    outer loop
      vertex   4.026795e+01 1.000000e+00 3.500000e+00
      vertex   4.038197e+01 1.175570e+00 -4.371503e-15
      vertex   4.038197e+01 1.175570e+00 3.500000e+00
    endloop
  endfacet
  facet normal 8.910052e-01 -4.539931e-01 -1.091237e-07
    outer loop
      vertex   4.017291e+01 8.134733e-01 -4.371503e-15
      vertex   4.026795e+01 1.000000e+00 -4.371503e-15
      vertex   4.017291e+01 8.134731e-01 3.500000e+00
    endloop
  endfacet
  facet normal 8.910065e-01 -4.539905e-01 6.761312e-08
    outer loop
      vertex   4.017291e+01 8.134731e-01 3.500000e+00
      vertex   4.026795e+01 1.000000e+00 -4.371503e-15
      vertex   4.026795e+01 1.000000e+00 3.500000e+00
    endloop
  endfacet
  facet normal 9.335806e-01 -3.583674e-01 -1.085258e-07
    outer loop
      vertex   4.017291e+01 8.134733e-01 -4.371503e-15
      vertex   4.017291e+01 8.134731e-01 3.500000e+00
      vertex   4.009789e+01 6.180340e-01 -4.371503e-15
    endloop
  endfacet
  facet normal 9.335804e-01 -3.583679e-01 -7.444249e-08
    outer loop
      vertex   4.009789e+01 6.180340e-01 -4.371503e-15
      vertex   4.017291e+01 8.134731e-01 3.500000e+00
      vertex   4.009789e+01 6.180339e-01 3.500000e+00
    endloop
  endfacet
  facet normal 9.659263e-01 -2.588174e-01 -7.403468e-08
    outer loop
      vertex   4.009789e+01 6.180340e-01 -4.371503e-15
      vertex   4.009789e+01 6.180339e-01 3.500000e+00
      vertex   4.004370e+01 4.158234e-01 -4.371503e-15
    endloop
  endfacet
  facet normal 9.659258e-01 -2.588190e-01 2.430764e-08
    outer loop
      vertex   4.004370e+01 4.158234e-01 -4.371503e-15
      vertex   4.009789e+01 6.180339e-01 3.500000e+00
      vertex   4.004370e+01 4.158234e-01 3.500000e+00
    endloop
  endfacet
  facet normal 9.876879e-01 -1.564372e-01 -1.422392e-07
    outer loop
      vertex   4.001096e+01 2.090569e-01 -4.371503e-15
      vertex   4.004370e+01 4.158234e-01 -4.371503e-15
      vertex   4.001096e+01 2.090569e-01 3.500000e+00
    endloop
  endfacet
  facet normal 9.876883e-01 -1.564345e-01 2.417448e-08
    outer loop
      vertex   4.001096e+01 2.090569e-01 3.500000e+00
      vertex   4.004370e+01 4.158234e-01 -4.371503e-15
      vertex   4.004370e+01 4.158234e-01 3.500000e+00
    endloop
  endfacet
  facet normal 9.986298e-01 -5.233178e-02 -1.414599e-07
    outer loop
      vertex   4.001096e+01 2.090569e-01 -4.371503e-15
      vertex   4.001096e+01 2.090569e-01 3.500000e+00
      vertex   4.000000e+01 0.000000e+00 -4.371503e-15
    endloop
  endfacet
  facet normal 9.986295e-01 -5.233595e-02 1.079446e-07
    outer loop
      vertex   4.000000e+01 0.000000e+00 -4.371503e-15
      vertex   4.001096e+01 2.090569e-01 3.500000e+00
      vertex   4.000000e+01 1.977126e-08 3.500000e+00
    endloop
  endfacet
  facet normal 9.986298e-01 5.233178e-02 -1.422392e-07
    outer loop
      vertex   4.001096e+01 -2.090569e-01 -4.371503e-15
      vertex   4.000000e+01 0.000000e+00 -4.371503e-15
      vertex   4.001096e+01 -2.090569e-01 3.500000e+00
    endloop
  endfacet
  facet normal 9.986295e-01 5.233595e-02 1.073533e-07
    outer loop
      vertex   4.001096e+01 -2.090569e-01 3.500000e+00
      vertex   4.000000e+01 0.000000e+00 -4.371503e-15
      vertex   4.000000e+01 1.977126e-08 3.500000e+00
    endloop
  endfacet
  facet normal 9.876879e-01 1.564372e-01 -1.414599e-07
    outer loop
      vertex   4.001096e+01 -2.090569e-01 -4.371503e-15
      vertex   4.001096e+01 -2.090569e-01 3.500000e+00
      vertex   4.004370e+01 -4.158234e-01 -4.371503e-15
    endloop
  endfacet
  facet normal 9.876883e-01 1.564345e-01 2.430763e-08
    outer loop
      vertex   4.004370e+01 -4.158234e-01 -4.371503e-15
      vertex   4.001096e+01 -2.090569e-01 3.500000e+00
      vertex   4.004370e+01 -4.158234e-01 3.500000e+00
    endloop
  endfacet
  facet normal 9.659263e-01 2.588174e-01 -7.444250e-08
    outer loop
      vertex   4.009789e+01 -6.180340e-01 -4.371503e-15
      vertex   4.004370e+01 -4.158234e-01 -4.371503e-15
      vertex   4.009789e+01 -6.180339e-01 3.500000e+00
    endloop
  endfacet
  facet normal 9.659258e-01 2.588190e-01 2.417448e-08
    outer loop
      vertex   4.009789e+01 -6.180339e-01 3.500000e+00
      vertex   4.004370e+01 -4.158234e-01 -4.371503e-15
      vertex   4.004370e+01 -4.158234e-01 3.500000e+00
    endloop
  endfacet
  facet normal 9.335806e-01 3.583674e-01 -7.403469e-08
    outer loop
      vertex   4.009789e+01 -6.180340e-01 -4.371503e-15
      vertex   4.009789e+01 -6.180339e-01 3.500000e+00
      vertex   4.017291e+01 -8.134733e-01 -4.371503e-15
    endloop
  endfacet
  facet normal 9.335804e-01 3.583679e-01 -1.091237e-07
    outer loop
      vertex   4.017291e+01 -8.134733e-01 -4.371503e-15
      vertex   4.009789e+01 -6.180339e-01 3.500000e+00
      vertex   4.017291e+01 -8.134732e-01 3.500000e+00
    endloop
  endfacet
  facet normal 8.910052e-01 4.539931e-01 -1.085258e-07
    outer loop
      vertex   4.017291e+01 -8.134733e-01 -4.371503e-15
      vertex   4.017291e+01 -8.134732e-01 3.500000e+00
      vertex   4.026795e+01 -1.000000e+00 -4.371503e-15
    endloop
  endfacet
  facet normal 8.910065e-01 4.539905e-01 6.798554e-08
    outer loop
      vertex   4.026795e+01 -1.000000e+00 -4.371503e-15
      vertex   4.017291e+01 -8.134732e-01 3.500000e+00
      vertex   4.026795e+01 -1.000000e+00 3.500000e+00
    endloop
  endfacet
  facet normal 8.386711e-01 5.446381e-01 1.361671e-09
    outer loop
      vertex   4.038197e+01 -1.175570e+00 -4.371503e-15
      vertex   4.026795e+01 -1.000000e+00 -4.371503e-15
      vertex   4.038197e+01 -1.175570e+00 3.500000e+00
    endloop
  endfacet
  facet normal 8.386705e-01 5.446391e-01 6.761312e-08
    outer loop
      vertex   4.038197e+01 -1.175570e+00 3.500000e+00
      vertex   4.026795e+01 -1.000000e+00 -4.371503e-15
      vertex   4.026795e+01 -1.000000e+00 3.500000e+00
    endloop
  endfacet
  facet normal 7.771464e-01 6.293198e-01 -4.350776e-08
    outer loop
      vertex   4.051371e+01 -1.338261e+00 -4.371503e-15
      vertex   4.038197e+01 -1.175570e+00 -4.371503e-15
      vertex   4.051371e+01 -1.338261e+00 3.500000e+00
    endloop
  endfacet
  facet normal 7.771460e-01 6.293204e-01 1.354211e-09
    outer loop
      vertex   4.051371e+01 -1.338261e+00 3.500000e+00
      vertex   4.038197e+01 -1.175570e+00 -4.371503e-15
      vertex   4.038197e+01 -1.175570e+00 3.500000e+00
    endloop
  endfacet
  facet normal 7.071046e-01 7.071089e-01 -4.374743e-08
    outer loop
      vertex   4.051371e+01 -1.338261e+00 -4.371503e-15
      vertex   4.051371e+01 -1.338261e+00 3.500000e+00
      vertex   4.066174e+01 -1.486290e+00 -4.371503e-15
    endloop
  endfacet
  facet normal 7.071067e-01 7.071069e-01 1.305710e-07
    outer loop
      vertex   4.066174e+01 -1.486290e+00 -4.371503e-15
      vertex   4.051371e+01 -1.338261e+00 3.500000e+00
      vertex   4.066174e+01 -1.486290e+00 3.500000e+00
    endloop
  endfacet
  facet normal 5.446365e-01 8.386722e-01 -2.821664e-07
    outer loop
      vertex   4.082443e+01 -1.618034e+00 -4.371503e-15
      vertex   4.082443e+01 -1.618033e+00 3.500000e+00
      vertex   4.100000e+01 -1.732051e+00 -4.371503e-15
    endloop
  endfacet
  facet normal 5.446394e-01 8.386704e-01 -8.046533e-08
    outer loop
      vertex   4.100000e+01 -1.732051e+00 -4.371503e-15
      vertex   4.082443e+01 -1.618033e+00 3.500000e+00
      vertex   4.100000e+01 -1.732051e+00 3.500000e+00
    endloop
  endfacet
  facet normal 4.539879e-01 8.910079e-01 -8.002453e-08
    outer loop
      vertex   4.100000e+01 -1.732051e+00 -4.371503e-15
      vertex   4.100000e+01 -1.732051e+00 3.500000e+00
      vertex   4.118653e+01 -1.827091e+00 -4.371503e-15
    endloop
  endfacet
  facet normal 4.539905e-01 8.910065e-01 9.442070e-08
    outer loop
      vertex   4.118653e+01 -1.827091e+00 -4.371503e-15
      vertex   4.100000e+01 -1.732051e+00 3.500000e+00
      vertex   4.118653e+01 -1.827091e+00 3.500000e+00
    endloop
  endfacet
  facet normal 3.583712e-01 9.335792e-01 -1.129423e-07
    outer loop
      vertex   4.138196e+01 -1.902113e+00 -4.371503e-15
      vertex   4.118653e+01 -1.827091e+00 -4.371503e-15
      vertex   4.138197e+01 -1.902113e+00 3.500000e+00
    endloop
  endfacet
  facet normal 3.583680e-01 9.335804e-01 9.390348e-08
    outer loop
      vertex   4.138197e+01 -1.902113e+00 3.500000e+00
      vertex   4.118653e+01 -1.827091e+00 -4.371503e-15
      vertex   4.118653e+01 -1.827091e+00 3.500000e+00
    endloop
  endfacet
  facet normal 2.588167e-01 9.659264e-01 -1.123235e-07
    outer loop
      vertex   4.138196e+01 -1.902113e+00 -4.371503e-15
      vertex   4.138197e+01 -1.902113e+00 3.500000e+00
      vertex   4.158418e+01 -1.956295e+00 -4.371503e-15
    endloop
  endfacet
  facet normal 2.588191e-01 9.659258e-01 3.135770e-08
    outer loop
      vertex   4.158418e+01 -1.956295e+00 -4.371503e-15
      vertex   4.138197e+01 -1.902113e+00 3.500000e+00
      vertex   4.158418e+01 -1.956295e+00 3.500000e+00
    endloop
  endfacet
  facet normal 1.564347e-01 9.876883e-01 6.266024e-17
    outer loop
      vertex   4.179094e+01 -1.989044e+00 -4.371503e-15
      vertex   4.158418e+01 -1.956295e+00 -4.371503e-15
      vertex   4.179094e+01 -1.989044e+00 3.500000e+00
    endloop
  endfacet
  facet normal 1.564341e-01 9.876884e-01 3.118592e-08
    outer loop
      vertex   4.179094e+01 -1.989044e+00 3.500000e+00
      vertex   4.158418e+01 -1.956295e+00 -4.371503e-15
      vertex   4.158418e+01 -1.956295e+00 3.500000e+00
    endloop
  endfacet
  facet normal 5.233624e-02 9.986295e-01 6.335437e-17
    outer loop
      vertex   4.179094e+01 -1.989044e+00 -4.371503e-15
      vertex   4.179094e+01 -1.989044e+00 3.500000e+00
      vertex   4.200000e+01 -2.000000e+00 -4.371503e-15
    endloop
  endfacet
  facet normal 5.233591e-02 9.986295e-01 -1.995491e-08
    outer loop
      vertex   4.200000e+01 -2.000000e+00 -4.371503e-15
      vertex   4.179094e+01 -1.989044e+00 3.500000e+00
      vertex   4.200000e+01 -2.000000e+00 3.500000e+00
    endloop
  endfacet
  facet normal -5.233594e-02 9.986295e-01 -1.984560e-08
    outer loop
      vertex   4.200000e+01 -2.000000e+00 -4.371503e-15
      vertex   4.200000e+01 -2.000000e+00 3.500000e+00
      vertex   4.220906e+01 -1.989044e+00 -4.371503e-15
    endloop
  endfacet
  facet normal -5.233591e-02 9.986295e-01 -1.782550e-08
    outer loop
      vertex   4.220906e+01 -1.989044e+00 -4.371503e-15
      vertex   4.200000e+01 -2.000000e+00 3.500000e+00
      vertex   4.220906e+01 -1.989044e+00 3.500000e+00
    endloop
  endfacet
  facet normal -1.564347e-01 9.876883e-01 -1.772785e-08
    outer loop
      vertex   4.220906e+01 -1.989044e+00 -4.371503e-15
      vertex   4.220906e+01 -1.989044e+00 3.500000e+00
      vertex   4.241582e+01 -1.956295e+00 -4.371503e-15
    endloop
  endfacet
  facet normal -1.564344e-01 9.876883e-01 -4.098000e-09
    outer loop
      vertex   4.241582e+01 -1.956295e+00 -4.371503e-15
      vertex   4.220906e+01 -1.989044e+00 3.500000e+00
      vertex   4.241582e+01 -1.956295e+00 3.500000e+00
    endloop
  endfacet
  facet normal -2.588167e-01 9.659264e-01 -4.075552e-09
    outer loop
      vertex   4.241582e+01 -1.956295e+00 -4.371503e-15
      vertex   4.241582e+01 -1.956295e+00 3.500000e+00
      vertex   4.261804e+01 -1.902113e+00 -4.371503e-15
    endloop
  endfacet
  facet normal -2.588193e-01 9.659257e-01 -1.656399e-07
    outer loop
      vertex   4.261804e+01 -1.902113e+00 -4.371503e-15
      vertex   4.241582e+01 -1.956295e+00 3.500000e+00
      vertex   4.261804e+01 -1.902113e+00 3.500000e+00
    endloop
  endfacet
  facet normal -3.583731e-01 9.335784e-01 -1.647323e-07
    outer loop
      vertex   4.261804e+01 -1.902113e+00 -4.371503e-15
      vertex   4.261804e+01 -1.902113e+00 3.500000e+00
      vertex   4.281347e+01 -1.827091e+00 -4.371503e-15
    endloop
  endfacet
  facet normal -3.583680e-01 9.335804e-01 1.637825e-07
    outer loop
      vertex   4.281347e+01 -1.827091e+00 -4.371503e-15
      vertex   4.261804e+01 -1.902113e+00 3.500000e+00
      vertex   4.281347e+01 -1.827091e+00 3.500000e+00
    endloop
  endfacet
  facet normal -4.539856e-01 8.910090e-01 -1.657318e-07
    outer loop
      vertex   4.300000e+01 -1.732051e+00 -4.371503e-15
      vertex   4.281347e+01 -1.827091e+00 -4.371503e-15
      vertex   4.300000e+01 -1.732050e+00 3.500000e+00
    endloop
  endfacet
  facet normal -4.539905e-01 8.910065e-01 1.628854e-07
    outer loop
      vertex   4.300000e+01 -1.732050e+00 3.500000e+00
      vertex   4.281347e+01 -1.827091e+00 -4.371503e-15
      vertex   4.281347e+01 -1.827091e+00 3.500000e+00
    endloop
  endfacet
  facet normal -5.446365e-01 8.386722e-01 -1.648239e-07
    outer loop
      vertex   4.300000e+01 -1.732051e+00 -4.371503e-15
      vertex   4.300000e+01 -1.732050e+00 3.500000e+00
      vertex   4.317557e+01 -1.618034e+00 -4.371503e-15
    endloop
  endfacet
  facet normal -5.446396e-01 8.386702e-01 -3.839577e-07
    outer loop
      vertex   4.317557e+01 -1.618034e+00 -4.371503e-15
      vertex   4.300000e+01 -1.732050e+00 3.500000e+00
      vertex   4.317557e+01 -1.618033e+00 3.500000e+00
    endloop
  endfacet
  facet normal -6.293287e-01 7.771393e-01 -3.818538e-07
    outer loop
      vertex   4.317557e+01 -1.618034e+00 -4.371503e-15
      vertex   4.317557e+01 -1.618033e+00 3.500000e+00
      vertex   4.333826e+01 -1.486290e+00 -4.371503e-15
    endloop
  endfacet
  facet normal -6.293205e-01 7.771459e-01 2.446794e-07
    outer loop
      vertex   4.333826e+01 -1.486290e+00 -4.371503e-15
      vertex   4.317557e+01 -1.618033e+00 3.500000e+00
      vertex   4.333826e+01 -1.486290e+00 3.500000e+00
    endloop
  endfacet
  facet normal -7.071046e-01 7.071089e-01 8.298307e-08
    outer loop
      vertex   4.348629e+01 -1.338261e+00 -4.371503e-15
      vertex   4.333826e+01 -1.486290e+00 -4.371503e-15
      vertex   4.348629e+01 -1.338261e+00 3.500000e+00
    endloop
  endfacet
  facet normal -7.071065e-01 7.071070e-01 2.433393e-07
    outer loop
      vertex   4.348629e+01 -1.338261e+00 3.500000e+00
      vertex   4.333826e+01 -1.486290e+00 -4.371503e-15
      vertex   4.333826e+01 -1.486290e+00 3.500000e+00
    endloop
  endfacet
  facet normal -7.771437e-01 6.293232e-01 -1.366022e-07
    outer loop
      vertex   4.361803e+01 -1.175570e+00 -4.371503e-15
      vertex   4.348629e+01 -1.338261e+00 -4.371503e-15
      vertex   4.361803e+01 -1.175570e+00 3.500000e+00
    endloop
  endfacet
  facet normal -7.771460e-01 6.293204e-01 8.252846e-08
    outer loop
      vertex   4.361803e+01 -1.175570e+00 3.500000e+00
      vertex   4.348629e+01 -1.338261e+00 -4.371503e-15
      vertex   4.348629e+01 -1.338261e+00 3.500000e+00
    endloop
  endfacet
  facet normal -8.386711e-01 5.446381e-01 -1.358538e-07
    outer loop
      vertex   4.361803e+01 -1.175570e+00 -4.371503e-15
      vertex   4.361803e+01 -1.175570e+00 3.500000e+00
      vertex   4.373205e+01 -1.000000e+00 -4.371503e-15
    endloop
  endfacet
  facet normal -8.386706e-01 5.446389e-01 -7.970009e-08
    outer loop
      vertex   4.373205e+01 -1.000000e+00 -4.371503e-15
      vertex   4.361803e+01 -1.175570e+00 3.500000e+00
      vertex   4.373205e+01 -9.999999e-01 3.500000e+00
    endloop
  endfacet
  facet normal -8.910052e-01 4.539931e-01 -7.926352e-08
    outer loop
      vertex   4.373205e+01 -1.000000e+00 -4.371503e-15
      vertex   4.373205e+01 -9.999999e-01 3.500000e+00
      vertex   4.382709e+01 -8.134733e-01 -4.371503e-15
    endloop
  endfacet
  facet normal -8.910066e-01 4.539904e-01 -2.649131e-07
    outer loop
      vertex   4.382709e+01 -8.134733e-01 -4.371503e-15
      vertex   4.373205e+01 -9.999999e-01 3.500000e+00
      vertex   4.382709e+01 -8.134729e-01 3.500000e+00
    endloop
  endfacet
  facet normal -9.335826e-01 3.583624e-01 -2.634616e-07
    outer loop
      vertex   4.382709e+01 -8.134733e-01 -4.371503e-15
      vertex   4.382709e+01 -8.134729e-01 3.500000e+00
      vertex   4.390211e+01 -6.180340e-01 -4.371503e-15
    endloop
  endfacet
  facet normal -9.335805e-01 3.583679e-01 8.774370e-08
    outer loop
      vertex   4.390211e+01 -6.180340e-01 -4.371503e-15
      vertex   4.382709e+01 -8.134729e-01 3.500000e+00
      vertex   4.390211e+01 -6.180341e-01 3.500000e+00
    endloop
  endfacet
  facet normal -9.659248e-01 2.588228e-01 -1.424985e-07
    outer loop
      vertex   4.395630e+01 -4.158234e-01 -4.371503e-15
      vertex   4.390211e+01 -6.180340e-01 -4.371503e-15
      vertex   4.395630e+01 -4.158233e-01 3.500000e+00
    endloop
  endfacet
  facet normal -9.659258e-01 2.588191e-01 8.726309e-08
    outer loop
      vertex   4.395630e+01 -4.158233e-01 3.500000e+00
      vertex   4.390211e+01 -6.180340e-01 -4.371503e-15
      vertex   4.390211e+01 -6.180341e-01 3.500000e+00
    endloop
  endfacet
  facet normal -9.876879e-01 1.564372e-01 -1.417179e-07
    outer loop
      vertex   4.395630e+01 -4.158234e-01 -4.371503e-15
      vertex   4.395630e+01 -4.158233e-01 3.500000e+00
      vertex   4.398904e+01 -2.090569e-01 -4.371503e-15
    endloop
  endfacet
  facet normal -9.876884e-01 1.564344e-01 -3.118377e-07
    outer loop
      vertex   4.398904e+01 -2.090569e-01 -4.371503e-15
      vertex   4.395630e+01 -4.158233e-01 3.500000e+00
      vertex   4.398904e+01 -2.090568e-01 3.500000e+00
    endloop
  endfacet
  facet normal 0.000000e+00 0.000000e+00 -1.000000e+00
    outer loop
      vertex   2.398904e+01 -2.090569e-01 1.500000e+00
      vertex   2.298883e+01 -1.490423e-01 1.500000e+00
      vertex   2.300000e+01 -1.224647e-16 1.500000e+00
    endloop
  endfacet
  facet normal 0.000000e+00 0.000000e+00 -1.000000e+00
    outer loop
      vertex   2.395629e+01 -4.158234e-01 1.500000e+00
      vertex   2.298883e+01 -1.490423e-01 1.500000e+00
      vertex   2.398904e+01 -2.090569e-01 1.500000e+00
    endloop
  endfacet
  facet normal 0.000000e+00 0.000000e+00 -1.000000e+00
    outer loop
      vertex   2.395629e+01 -4.158234e-01 1.500000e+00
      vertex   2.295557e+01 -2.947552e-01 1.500000e+00
      vertex   2.298883e+01 -1.490423e-01 1.500000e+00
    endloop
  endfacet
  facet normal 0.000000e+00 0.000000e+00 -1.000000e+00
    outer loop
      vertex   2.390211e+01 -6.180340e-01 1.500000e+00
      vertex   2.295557e+01 -2.947552e-01 1.500000e+00
      vertex   2.395629e+01 -4.158234e-01 1.500000e+00
    endloop
  endfacet
  facet normal 0.000000e+00 0.000000e+00 -1.000000e+00
    outer loop
      vertex   2.382709e+01 -8.134733e-01 1.500000e+00
      vertex   2.295557e+01 -2.947552e-01 1.500000e+00
      vertex   2.390211e+01 -6.180340e-01 1.500000e+00
    endloop
  endfacet
  facet normal 0.000000e+00 0.000000e+00 -1.000000e+00
    outer loop
      vertex   2.382709e+01 -8.134733e-01 1.500000e+00
      vertex   2.290097e+01 -4.338837e-01 1.500000e+00
      vertex   2.295557e+01 -2.947552e-01 1.500000e+00
    endloop
  endfacet
  facet normal 0.000000e+00 0.000000e+00 -1.000000e+00
    outer loop
      vertex   2.373205e+01 -1.000000e+00 1.500000e+00
      vertex   2.290097e+01 -4.338837e-01 1.500000e+00
      vertex   2.382709e+01 -8.134733e-01 1.500000e+00
    endloop
  endfacet
  facet normal 0.000000e+00 0.000000e+00 -1.000000e+00
    outer loop
      vertex   2.373205e+01 -1.000000e+00 1.500000e+00
      vertex   2.282624e+01 -5.633200e-01 1.500000e+00
      vertex   2.290097e+01 -4.338837e-01 1.500000e+00
    endloop
  endfacet
  facet normal 0.000000e+00 0.000000e+00 -1.000000e+00
    outer loop
      vertex   2.361803e+01 -1.175570e+00 1.500000e+00
      vertex   2.282624e+01 -5.633200e-01 1.500000e+00
      vertex   2.373205e+01 -1.000000e+00 1.500000e+00
    endloop
  endfacet
  facet normal 0.000000e+00 0.000000e+00 -1.000000e+00
    outer loop
      vertex   2.361803e+01 -1.175570e+00 1.500000e+00
      vertex   2.273305e+01 -6.801727e-01 1.500000e+00
      vertex   2.282624e+01 -5.633200e-01 1.500000e+00
    endloop
  endfacet
  facet normal 0.000000e+00 0.000000e+00 -1.000000e+00
    outer loop
      vertex   2.348629e+01 -1.338261e+00 1.500000e+00
      vertex   2.273305e+01 -6.801727e-01 1.500000e+00
      vertex   2.361803e+01 -1.175570e+00 1.500000e+00
    endloop
  endfacet
  facet normal 0.000000e+00 0.000000e+00 -1.000000e+00
    outer loop
      vertex   2.333826e+01 -1.486290e+00 1.500000e+00
      vertex   2.273305e+01 -6.801727e-01 1.500000e+00
      vertex   2.348629e+01 -1.338261e+00 1.500000e+00
    endloop
  endfacet
  facet normal 0.000000e+00 0.000000e+00 -1.000000e+00
    outer loop
      vertex   2.333826e+01 -1.486290e+00 1.500000e+00
      vertex   2.262349e+01 -7.818315e-01 1.500000e+00
      vertex   2.273305e+01 -6.801727e-01 1.500000e+00
    endloop
  endfacet
  facet normal 0.000000e+00 0.000000e+00 -1.000000e+00
    outer loop
      vertex   2.317557e+01 -1.618034e+00 1.500000e+00
      vertex   2.262349e+01 -7.818315e-01 1.500000e+00
      vertex   2.333826e+01 -1.486290e+00 1.500000e+00
    endloop
  endfacet
  facet normal 0.000000e+00 0.000000e+00 -1.000000e+00
    outer loop
      vertex   2.317557e+01 -1.618034e+00 1.500000e+00
      vertex   2.250000e+01 -8.660254e-01 1.500000e+00
      vertex   2.262349e+01 -7.818315e-01 1.500000e+00
    endloop
  endfacet
  facet normal 0.000000e+00 0.000000e+00 -1.000000e+00
    outer loop
      vertex   2.300000e+01 -1.732051e+00 1.500000e+00
      vertex   2.250000e+01 -8.660254e-01 1.500000e+00
      vertex   2.317557e+01 -1.618034e+00 1.500000e+00
    endloop
  endfacet
  facet normal 0.000000e+00 0.000000e+00 -1.000000e+00
    outer loop
      vertex   2.281347e+01 -1.827091e+00 1.500000e+00
      vertex   2.250000e+01 -8.660254e-01 1.500000e+00
      vertex   2.300000e+01 -1.732051e+00 1.500000e+00
    endloop
  endfacet
  facet normal 0.000000e+00 0.000000e+00 -1.000000e+00
    outer loop
      vertex   2.281347e+01 -1.827091e+00 1.500000e+00
      vertex   2.236534e+01 -9.308738e-01 1.500000e+00
      vertex   2.250000e+01 -8.660254e-01 1.500000e+00
    endloop
  endfacet
  facet normal 0.000000e+00 0.000000e+00 -1.000000e+00
    outer loop
      vertex   2.261803e+01 -1.902113e+00 1.500000e+00
      vertex   2.236534e+01 -9.308738e-01 1.500000e+00
      vertex   2.281347e+01 -1.827091e+00 1.500000e+00
    endloop
  endfacet
  facet normal 0.000000e+00 0.000000e+00 -1.000000e+00
    outer loop
      vertex   2.261803e+01 -1.902113e+00 1.500000e+00
      vertex   2.222252e+01 -9.749279e-01 1.500000e+00
      vertex   2.236534e+01 -9.308738e-01 1.500000e+00
    endloop
  endfacet
  facet normal 0.000000e+00 0.000000e+00 -1.000000e+00
    outer loop
      vertex   2.241582e+01 -1.956295e+00 1.500000e+00
      vertex   2.222252e+01 -9.749279e-01 1.500000e+00
      vertex   2.261803e+01 -1.902113e+00 1.500000e+00
    endloop
  endfacet
  facet normal 0.000000e+00 0.000000e+00 -1.000000e+00
    outer loop
      vertex   2.220906e+01 -1.989044e+00 1.500000e+00
      vertex   2.222252e+01 -9.749279e-01 1.500000e+00
      vertex   2.241582e+01 -1.956295e+00 1.500000e+00
    endloop
  endfacet
  facet normal 0.000000e+00 0.000000e+00 -1.000000e+00
    outer loop
      vertex   2.220906e+01 -1.989044e+00 1.500000e+00
      vertex   2.207473e+01 -9.972038e-01 1.500000e+00
      vertex   2.222252e+01 -9.749279e-01 1.500000e+00
    endloop
  endfacet
  facet normal 0.000000e+00 0.000000e+00 -1.000000e+00
    outer loop
      vertex   2.200000e+01 -2.000000e+00 1.500000e+00
      vertex   2.207473e+01 -9.972038e-01 1.500000e+00
      vertex   2.220906e+01 -1.989044e+00 1.500000e+00
    endloop
  endfacet
  facet normal 0.000000e+00 0.000000e+00 -1.000000e+00
    outer loop
      vertex   2.200000e+01 -2.000000e+00 1.500000e+00
      vertex   2.192527e+01 -9.972038e-01 1.500000e+00
      vertex   2.207473e+01 -9.972038e-01 1.500000e+00
    endloop
  endfacet
  facet normal 0.000000e+00 0.000000e+00 -1.000000e+00
    outer loop
      vertex   2.179094e+01 -1.989044e+00 1.500000e+00
      vertex   2.192527e+01 -9.972038e-01 1.500000e+00
      vertex   2.200000e+01 -2.000000e+00 1.500000e+00
    endloop
  endfacet
  facet normal 0.000000e+00 0.000000e+00 -1.000000e+00
    outer loop
      vertex   2.179094e+01 -1.989044e+00 1.500000e+00
      vertex   2.177748e+01 -9.749279e-01 1.500000e+00
      vertex   2.192527e+01 -9.972038e-01 1.500000e+00
    endloop
  endfacet
  facet normal 0.000000e+00 0.000000e+00 -1.000000e+00
    outer loop
      vertex   2.158418e+01 -1.956295e+00 1.500000e+00
      vertex   2.177748e+01 -9.749279e-01 1.500000e+00
      vertex   2.179094e+01 -1.989044e+00 1.500000e+00
    endloop
  endfacet
  facet normal 0.000000e+00 0.000000e+00 -1.000000e+00
    outer loop
      vertex   2.138197e+01 -1.902113e+00 1.500000e+00
      vertex   2.177748e+01 -9.749279e-01 1.500000e+00
      vertex   2.158418e+01 -1.956295e+00 1.500000e+00
    endloop
  endfacet
  facet normal 0.000000e+00 0.000000e+00 -1.000000e+00
    outer loop
      vertex   2.138197e+01 -1.902113e+00 1.500000e+00
      vertex   2.163466e+01 -9.308738e-01 1.500000e+00
      vertex   2.177748e+01 -9.749279e-01 1.500000e+00
    endloop
  endfacet
  facet normal 0.000000e+00 0.000000e+00 -1.000000e+00
    outer loop
      vertex   2.118653e+01 -1.827091e+00 1.500000e+00
      vertex   2.163466e+01 -9.308738e-01 1.500000e+00
      vertex   2.138197e+01 -1.902113e+00 1.500000e+00
    endloop
  endfacet
  facet normal 0.000000e+00 0.000000e+00 -1.000000e+00
    outer loop
      vertex   2.118653e+01 -1.827091e+00 1.500000e+00
      vertex   2.150000e+01 -8.660254e-01 1.500000e+00
      vertex   2.163466e+01 -9.308738e-01 1.500000e+00
    endloop
  endfacet
  facet normal 0.000000e+00 0.000000e+00 -1.000000e+00
    outer loop
      vertex   2.100000e+01 -1.732051e+00 1.500000e+00
      vertex   2.150000e+01 -8.660254e-01 1.500000e+00
      vertex   2.118653e+01 -1.827091e+00 1.500000e+00
    endloop
  endfacet
  facet normal 0.000000e+00 0.000000e+00 -1.000000e+00
    outer loop
      vertex   2.082443e+01 -1.618034e+00 1.500000e+00
      vertex   2.150000e+01 -8.660254e-01 1.500000e+00
      vertex   2.100000e+01 -1.732051e+00 1.500000e+00
    endloop
  endfacet
  facet normal 0.000000e+00 0.000000e+00 -1.000000e+00
    outer loop
      vertex   2.082443e+01 -1.618034e+00 1.500000e+00
      vertex   2.137651e+01 -7.818315e-01 1.500000e+00
      vertex   2.150000e+01 -8.660254e-01 1.500000e+00
    endloop
  endfacet
  facet normal 0.000000e+00 0.000000e+00 -1.000000e+00
    outer loop
      vertex   2.066174e+01 -1.486290e+00 1.500000e+00
      vertex   2.137651e+01 -7.818315e-01 1.500000e+00
      vertex   2.082443e+01 -1.618034e+00 1.500000e+00
    endloop
  endfacet
  facet normal 0.000000e+00 0.000000e+00 -1.000000e+00
    outer loop
      vertex   2.066174e+01 -1.486290e+00 1.500000e+00
      vertex   2.126695e+01 -6.801727e-01 1.500000e+00
      vertex   2.137651e+01 -7.818315e-01 1.500000e+00
    endloop
  endfacet
  facet normal 0.000000e+00 0.000000e+00 -1.000000e+00
    outer loop
      vertex   2.051371e+01 -1.338261e+00 1.500000e+00
      vertex   2.126695e+01 -6.801727e-01 1.500000e+00
      vertex   2.066174e+01 -1.486290e+00 1.500000e+00
    endloop
  endfacet
  facet normal 0.000000e+00 0.000000e+00 -1.000000e+00
    outer loop
      vertex   2.038197e+01 -1.175570e+00 1.500000e+00
      vertex   2.126695e+01 -6.801727e-01 1.500000e+00
      vertex   2.051371e+01 -1.338261e+00 1.500000e+00
    endloop
  endfacet
  facet normal 0.000000e+00 0.000000e+00 -1.000000e+00
    outer loop
      vertex   2.038197e+01 -1.175570e+00 1.500000e+00
      vertex   2.117376e+01 -5.633200e-01 1.500000e+00
      vertex   2.126695e+01 -6.801727e-01 1.500000e+00
    endloop
  endfacet
  facet normal 0.000000e+00 0.000000e+00 -1.000000e+00
    outer loop
      vertex   2.026795e+01 -1.000000e+00 1.500000e+00
      vertex   2.117376e+01 -5.633200e-01 1.500000e+00
      vertex   2.038197e+01 -1.175570e+00 1.500000e+00
    endloop
  endfacet
  facet normal 0.000000e+00 0.000000e+00 -1.000000e+00
    outer loop
      vertex   2.026795e+01 -1.000000e+00 1.500000e+00
      vertex   2.109903e+01 -4.338837e-01 1.500000e+00
      vertex   2.117376e+01 -5.633200e-01 1.500000e+00
    endloop
  endfacet
  facet normal 0.000000e+00 0.000000e+00 -1.000000e+00
    outer loop
      vertex   2.017291e+01 -8.134733e-01 1.500000e+00
      vertex   2.109903e+01 -4.338837e-01 1.500000e+00
      vertex   2.026795e+01 -1.000000e+00 1.500000e+00
    endloop
  endfacet
  facet normal 0.000000e+00 0.000000e+00 -1.000000e+00
    outer loop
      vertex   2.017291e+01 -8.134733e-01 1.500000e+00
      vertex   2.104443e+01 -2.947552e-01 1.500000e+00
      vertex   2.109903e+01 -4.338837e-01 1.500000e+00
    endloop
  endfacet
  facet normal 0.000000e+00 0.000000e+00 -1.000000e+00
    outer loop
      vertex   2.009789e+01 -6.180340e-01 1.500000e+00
      vertex   2.104443e+01 -2.947552e-01 1.500000e+00
      vertex   2.017291e+01 -8.134733e-01 1.500000e+00
    endloop
  endfacet
  facet normal 0.000000e+00 0.000000e+00 -1.000000e+00
    outer loop
      vertex   2.004370e+01 -4.158234e-01 1.500000e+00
      vertex   2.104443e+01 -2.947552e-01 1.500000e+00
      vertex   2.009789e+01 -6.180340e-01 1.500000e+00
    endloop
  endfacet
  facet normal 0.000000e+00 0.000000e+00 -1.000000e+00
    outer loop
      vertex   2.004370e+01 -4.158234e-01 1.500000e+00
      vertex   2.101117e+01 -1.490423e-01 1.500000e+00
      vertex   2.104443e+01 -2.947552e-01 1.500000e+00
    endloop
  endfacet
  facet normal 0.000000e+00 0.000000e+00 -1.000000e+00
    outer loop
      vertex   2.001096e+01 -2.090569e-01 1.500000e+00
      vertex   2.101117e+01 -1.490423e-01 1.500000e+00
      vertex   2.004370e+01 -4.158234e-01 1.500000e+00
    endloop
  endfacet
  facet normal 0.000000e+00 0.000000e+00 -1.000000e+00
    outer loop
      vertex   2.001096e+01 -2.090569e-01 1.500000e+00
      vertex   2.100000e+01 0.000000e+00 1.500000e+00
      vertex   2.101117e+01 -1.490423e-01 1.500000e+00
    endloop
  endfacet
  facet normal 0.000000e+00 0.000000e+00 -1.000000e+00
    outer loop
      vertex   2.000000e+01 0.000000e+00 1.500000e+00
      vertex   2.100000e+01 0.000000e+00 1.500000e+00
      vertex   2.001096e+01 -2.090569e-01 1.500000e+00
    endloop
  endfacet
  facet normal 0.000000e+00 -0.000000e+00 -1.000000e+00
    outer loop
      vertex   2.001096e+01 2.090569e-01 1.500000e+00
      vertex   2.100000e+01 0.000000e+00 1.500000e+00
      vertex   2.000000e+01 0.000000e+00 1.500000e+00
    endloop
  endfacet
  facet normal 0.000000e+00 0.000000e+00 -1.000000e+00
    outer loop
      vertex   2.001096e+01 2.090569e-01 1.500000e+00
      vertex   2.101117e+01 1.490423e-01 1.500000e+00
      vertex   2.100000e+01 0.000000e+00 1.500000e+00
    endloop
  endfacet
  facet normal 0.000000e+00 -0.000000e+00 -1.000000e+00
    outer loop
      vertex   2.004370e+01 4.158234e-01 1.500000e+00
      vertex   2.101117e+01 1.490423e-01 1.500000e+00
      vertex   2.001096e+01 2.090569e-01 1.500000e+00
    endloop
  endfacet
  facet normal 0.000000e+00 0.000000e+00 -1.000000e+00
    outer loop
      vertex   2.004370e+01 4.158234e-01 1.500000e+00
      vertex   2.104443e+01 2.947552e-01 1.500000e+00
      vertex   2.101117e+01 1.490423e-01 1.500000e+00
    endloop
  endfacet
  facet normal 0.000000e+00 -0.000000e+00 -1.000000e+00
    outer loop
      vertex   2.009789e+01 6.180340e-01 1.500000e+00
      vertex   2.104443e+01 2.947552e-01 1.500000e+00
      vertex   2.004370e+01 4.158234e-01 1.500000e+00
    endloop
  endfacet
  facet normal 0.000000e+00 -0.000000e+00 -1.000000e+00
    outer loop
      vertex   2.017291e+01 8.134733e-01 1.500000e+00
      vertex   2.104443e+01 2.947552e-01 1.500000e+00
      vertex   2.009789e+01 6.180340e-01 1.500000e+00
    endloop
  endfacet
  facet normal 0.000000e+00 0.000000e+00 -1.000000e+00
    outer loop
      vertex   2.017291e+01 8.134733e-01 1.500000e+00
      vertex   2.109903e+01 4.338837e-01 1.500000e+00
      vertex   2.104443e+01 2.947552e-01 1.500000e+00
    endloop
  endfacet
  facet normal 0.000000e+00 -0.000000e+00 -1.000000e+00
    outer loop
      vertex   2.026795e+01 1.000000e+00 1.500000e+00
      vertex   2.109903e+01 4.338837e-01 1.500000e+00
      vertex   2.017291e+01 8.134733e-01 1.500000e+00
    endloop
  endfacet
  facet normal 0.000000e+00 0.000000e+00 -1.000000e+00
    outer loop
      vertex   2.026795e+01 1.000000e+00 1.500000e+00
      vertex   2.117376e+01 5.633200e-01 1.500000e+00
      vertex   2.109903e+01 4.338837e-01 1.500000e+00
    endloop
  endfacet
  facet normal 0.000000e+00 -0.000000e+00 -1.000000e+00
    outer loop
      vertex   2.038197e+01 1.175570e+00 1.500000e+00
      vertex   2.117376e+01 5.633200e-01 1.500000e+00
      vertex   2.026795e+01 1.000000e+00 1.500000e+00
    endloop
  endfacet
  facet normal 0.000000e+00 0.000000e+00 -1.000000e+00
    outer loop
      vertex   2.038197e+01 1.175570e+00 1.500000e+00
      vertex   2.126695e+01 6.801727e-01 1.500000e+00
      vertex   2.117376e+01 5.633200e-01 1.500000e+00
    endloop
  endfacet
  facet normal 0.000000e+00 -0.000000e+00 -1.000000e+00
    outer loop
      vertex   2.051371e+01 1.338261e+00 1.500000e+00
      vertex   2.126695e+01 6.801727e-01 1.500000e+00
      vertex   2.038197e+01 1.175570e+00 1.500000e+00
    endloop
  endfacet
  facet normal 0.000000e+00 -0.000000e+00 -1.000000e+00
    outer loop
      vertex   2.066174e+01 1.486290e+00 1.500000e+00
      vertex   2.126695e+01 6.801727e-01 1.500000e+00
      vertex   2.051371e+01 1.338261e+00 1.500000e+00
    endloop
  endfacet
  facet normal 0.000000e+00 0.000000e+00 -1.000000e+00
    outer loop
      vertex   2.066174e+01 1.486290e+00 1.500000e+00
      vertex   2.137651e+01 7.818315e-01 1.500000e+00
      vertex   2.126695e+01 6.801727e-01 1.500000e+00
    endloop
  endfacet
  facet normal 0.000000e+00 -0.000000e+00 -1.000000e+00
    outer loop
      vertex   2.082443e+01 1.618034e+00 1.500000e+00
      vertex   2.137651e+01 7.818315e-01 1.500000e+00
      vertex   2.066174e+01 1.486290e+00 1.500000e+00
    endloop
  endfacet
  facet normal 0.000000e+00 0.000000e+00 -1.000000e+00
    outer loop
      vertex   2.082443e+01 1.618034e+00 1.500000e+00
      vertex   2.150000e+01 8.660254e-01 1.500000e+00
      vertex   2.137651e+01 7.818315e-01 1.500000e+00
    endloop
  endfacet
  facet normal 0.000000e+00 -0.000000e+00 -1.000000e+00
    outer loop
      vertex   2.100000e+01 1.732051e+00 1.500000e+00
      vertex   2.150000e+01 8.660254e-01 1.500000e+00
      vertex   2.082443e+01 1.618034e+00 1.500000e+00
    endloop
  endfacet
  facet normal 0.000000e+00 -0.000000e+00 -1.000000e+00
    outer loop
      vertex   2.118653e+01 1.827091e+00 1.500000e+00
      vertex   2.150000e+01 8.660254e-01 1.500000e+00
      vertex   2.100000e+01 1.732051e+00 1.500000e+00
    endloop
  endfacet
  facet normal 0.000000e+00 0.000000e+00 -1.000000e+00
    outer loop
      vertex   2.118653e+01 1.827091e+00 1.500000e+00
      vertex   2.163466e+01 9.308738e-01 1.500000e+00
      vertex   2.150000e+01 8.660254e-01 1.500000e+00
    endloop
  endfacet
  facet normal 0.000000e+00 -0.000000e+00 -1.000000e+00
    outer loop
      vertex   2.138197e+01 1.902113e+00 1.500000e+00
      vertex   2.163466e+01 9.308738e-01 1.500000e+00
      vertex   2.118653e+01 1.827091e+00 1.500000e+00
    endloop
  endfacet
  facet normal 0.000000e+00 0.000000e+00 -1.000000e+00
    outer loop
      vertex   2.138197e+01 1.902113e+00 1.500000e+00
      vertex   2.177748e+01 9.749279e-01 1.500000e+00
      vertex   2.163466e+01 9.308738e-01 1.500000e+00
    endloop
  endfacet
  facet normal 0.000000e+00 -0.000000e+00 -1.000000e+00
    outer loop
      vertex   2.158418e+01 1.956295e+00 1.500000e+00
      vertex   2.177748e+01 9.749279e-01 1.500000e+00
      vertex   2.138197e+01 1.902113e+00 1.500000e+00
    endloop
  endfacet
  facet normal 0.000000e+00 0.000000e+00 -1.000000e+00
    outer loop
      vertex   2.179094e+01 1.989044e+00 1.500000e+00
      vertex   2.177748e+01 9.749279e-01 1.500000e+00
      vertex   2.158418e+01 1.956295e+00 1.500000e+00
    endloop
  endfacet
  facet normal 0.000000e+00 -0.000000e+00 -1.000000e+00
    outer loop
      vertex   2.179094e+01 1.989044e+00 1.500000e+00
      vertex   2.192527e+01 9.972038e-01 1.500000e+00
      vertex   2.177748e+01 9.749279e-01 1.500000e+00
    endloop
  endfacet
  facet normal 0.000000e+00 0.000000e+00 -1.000000e+00
    outer loop
      vertex   2.200000e+01 2.000000e+00 1.500000e+00
      vertex   2.192527e+01 9.972038e-01 1.500000e+00
      vertex   2.179094e+01 1.989044e+00 1.500000e+00
    endloop
  endfacet
  facet normal 0.000000e+00 -0.000000e+00 -1.000000e+00
    outer loop
      vertex   2.200000e+01 2.000000e+00 1.500000e+00
      vertex   2.207473e+01 9.972038e-01 1.500000e+00
      vertex   2.192527e+01 9.972038e-01 1.500000e+00
    endloop
  endfacet
  facet normal -0.000000e+00 0.000000e+00 -1.000000e+00
    outer loop
      vertex   2.220906e+01 1.989044e+00 1.500000e+00
      vertex   2.207473e+01 9.972038e-01 1.500000e+00
      vertex   2.200000e+01 2.000000e+00 1.500000e+00
    endloop
  endfacet
  facet normal 0.000000e+00 -0.000000e+00 -1.000000e+00
    outer loop
      vertex   2.220906e+01 1.989044e+00 1.500000e+00
      vertex   2.222252e+01 9.749279e-01 1.500000e+00
      vertex   2.207473e+01 9.972038e-01 1.500000e+00
    endloop
  endfacet
  facet normal -0.000000e+00 0.000000e+00 -1.000000e+00
    outer loop
      vertex   2.241582e+01 1.956295e+00 1.500000e+00
      vertex   2.222252e+01 9.749279e-01 1.500000e+00
      vertex   2.220906e+01 1.989044e+00 1.500000e+00
    endloop
  endfacet
  facet normal -0.000000e+00 0.000000e+00 -1.000000e+00
    outer loop
      vertex   2.261803e+01 1.902113e+00 1.500000e+00
      vertex   2.222252e+01 9.749279e-01 1.500000e+00
      vertex   2.241582e+01 1.956295e+00 1.500000e+00
    endloop
  endfacet
  facet normal 0.000000e+00 0.000000e+00 -1.000000e+00
    outer loop
      vertex   2.261803e+01 1.902113e+00 1.500000e+00
      vertex   2.236534e+01 9.308738e-01 1.500000e+00
      vertex   2.222252e+01 9.749279e-01 1.500000e+00
    endloop
  endfacet
  facet normal -0.000000e+00 0.000000e+00 -1.000000e+00
    outer loop
      vertex   2.281347e+01 1.827091e+00 1.500000e+00
      vertex   2.236534e+01 9.308738e-01 1.500000e+00
      vertex   2.261803e+01 1.902113e+00 1.500000e+00
    endloop
  endfacet
  facet normal 0.000000e+00 0.000000e+00 -1.000000e+00
    outer loop
      vertex   2.281347e+01 1.827091e+00 1.500000e+00
      vertex   2.250000e+01 8.660254e-01 1.500000e+00
      vertex   2.236534e+01 9.308738e-01 1.500000e+00
    endloop
  endfacet
  facet normal -0.000000e+00 0.000000e+00 -1.000000e+00
    outer loop
      vertex   2.300000e+01 1.732051e+00 1.500000e+00
      vertex   2.250000e+01 8.660254e-01 1.500000e+00
      vertex   2.281347e+01 1.827091e+00 1.500000e+00
    endloop
  endfacet
  facet normal -0.000000e+00 0.000000e+00 -1.000000e+00
    outer loop
      vertex   2.317557e+01 1.618034e+00 1.500000e+00
      vertex   2.250000e+01 8.660254e-01 1.500000e+00
      vertex   2.300000e+01 1.732051e+00 1.500000e+00
    endloop
  endfacet
  facet normal 0.000000e+00 0.000000e+00 -1.000000e+00
    outer loop
      vertex   2.317557e+01 1.618034e+00 1.500000e+00
      vertex   2.262349e+01 7.818315e-01 1.500000e+00
      vertex   2.250000e+01 8.660254e-01 1.500000e+00
    endloop
  endfacet
  facet normal -0.000000e+00 0.000000e+00 -1.000000e+00
    outer loop
      vertex   2.333826e+01 1.486290e+00 1.500000e+00
      vertex   2.262349e+01 7.818315e-01 1.500000e+00
      vertex   2.317557e+01 1.618034e+00 1.500000e+00
    endloop
  endfacet
  facet normal 0.000000e+00 0.000000e+00 -1.000000e+00
    outer loop
      vertex   2.333826e+01 1.486290e+00 1.500000e+00
      vertex   2.273305e+01 6.801727e-01 1.500000e+00
      vertex   2.262349e+01 7.818315e-01 1.500000e+00
    endloop
  endfacet
  facet normal -0.000000e+00 0.000000e+00 -1.000000e+00
    outer loop
      vertex   2.348629e+01 1.338261e+00 1.500000e+00
      vertex   2.273305e+01 6.801727e-01 1.500000e+00
      vertex   2.333826e+01 1.486290e+00 1.500000e+00
    endloop
  endfacet
  facet normal -0.000000e+00 0.000000e+00 -1.000000e+00
    outer loop
      vertex   2.361803e+01 1.175570e+00 1.500000e+00
      vertex   2.273305e+01 6.801727e-01 1.500000e+00
      vertex   2.348629e+01 1.338261e+00 1.500000e+00
    endloop
  endfacet
  facet normal 0.000000e+00 0.000000e+00 -1.000000e+00
    outer loop
      vertex   2.361803e+01 1.175570e+00 1.500000e+00
      vertex   2.282624e+01 5.633200e-01 1.500000e+00
      vertex   2.273305e+01 6.801727e-01 1.500000e+00
    endloop
  endfacet
  facet normal -0.000000e+00 0.000000e+00 -1.000000e+00
    outer loop
      vertex   2.373205e+01 1.000000e+00 1.500000e+00
      vertex   2.282624e+01 5.633200e-01 1.500000e+00
      vertex   2.361803e+01 1.175570e+00 1.500000e+00
    endloop
  endfacet
  facet normal 0.000000e+00 0.000000e+00 -1.000000e+00
    outer loop
      vertex   2.373205e+01 1.000000e+00 1.500000e+00
      vertex   2.290097e+01 4.338837e-01 1.500000e+00
      vertex   2.282624e+01 5.633200e-01 1.500000e+00
    endloop
  endfacet
  facet normal -0.000000e+00 0.000000e+00 -1.000000e+00
    outer loop
      vertex   2.382709e+01 8.134733e-01 1.500000e+00
      vertex   2.290097e+01 4.338837e-01 1.500000e+00
      vertex   2.373205e+01 1.000000e+00 1.500000e+00
    endloop
  endfacet
  facet normal 0.000000e+00 0.000000e+00 -1.000000e+00
    outer loop
      vertex   2.382709e+01 8.134733e-01 1.500000e+00
      vertex   2.295557e+01 2.947552e-01 1.500000e+00
      vertex   2.290097e+01 4.338837e-01 1.500000e+00
    endloop
  endfacet
  facet normal -0.000000e+00 0.000000e+00 -1.000000e+00
    outer loop
      vertex   2.390211e+01 6.180340e-01 1.500000e+00
      vertex   2.295557e+01 2.947552e-01 1.500000e+00
      vertex   2.382709e+01 8.134733e-01 1.500000e+00
    endloop
  endfacet
  facet normal -0.000000e+00 0.000000e+00 -1.000000e+00
    outer loop
      vertex   2.395629e+01 4.158234e-01 1.500000e+00
      vertex   2.295557e+01 2.947552e-01 1.500000e+00
      vertex   2.390211e+01 6.180340e-01 1.500000e+00
    endloop
  endfacet
  facet normal 0.000000e+00 0.000000e+00 -1.000000e+00
    outer loop
      vertex   2.395629e+01 4.158234e-01 1.500000e+00
      vertex   2.298883e+01 1.490423e-01 1.500000e+00
      vertex   2.295557e+01 2.947552e-01 1.500000e+00
    endloop
  endfacet
  facet normal -0.000000e+00 0.000000e+00 -1.000000e+00
    outer loop
      vertex   2.398904e+01 2.090569e-01 1.500000e+00
      vertex   2.298883e+01 1.490423e-01 1.500000e+00
      vertex   2.395629e+01 4.158234e-01 1.500000e+00
    endloop
  endfacet
  facet normal 0.000000e+00 0.000000e+00 -1.000000e+00
    outer loop
      vertex   2.300000e+01 -1.224647e-16 1.500000e+00
      vertex   2.400000e+01 -2.449294e-16 1.500000e+00
      vertex   2.398904e+01 -2.090569e-01 1.500000e+00
    endloop
  endfacet
  facet normal 0.000000e+00 0.000000e+00 -1.000000e+00
    outer loop
      vertex   2.300000e+01 -1.224647e-16 1.500000e+00
      vertex   2.398904e+01 2.090569e-01 1.500000e+00
      vertex   2.400000e+01 -2.449294e-16 1.500000e+00
    endloop
  endfacet
  facet normal 0.000000e+00 0.000000e+00 -1.000000e+00
    outer loop
      vertex   2.298883e+01 1.490423e-01 1.500000e+00
      vertex   2.398904e+01 2.090569e-01 1.500000e+00
      vertex   2.300000e+01 -1.224647e-16 1.500000e+00
    endloop
  endfacet
  facet normal -9.876883e-01 -1.564344e-01 0.000000e+00
    outer loop
      vertex   2.395629e+01 4.158234e-01 -2.151057e-15
      vertex   2.398086e+01 2.607486e-01 -2.151057e-15
      vertex   2.395629e+01 4.158234e-01 1.500000e+00
    endloop
  endfacet
  facet normal -9.659259e-01 -2.588188e-01 0.000000e+00
    outer loop
      vertex   2.390211e+01 6.180340e-01 -2.151057e-15
      vertex   2.394275e+01 4.663760e-01 -2.151057e-15
      vertex   2.390211e+01 6.180340e-01 1.500000e+00
    endloop
  endfacet
  facet normal -9.335802e-01 -3.583686e-01 0.000000e+00
    outer loop
      vertex   2.382709e+01 8.134733e-01 -2.151057e-15
      vertex   2.388336e+01 6.668938e-01 -2.151057e-15
      vertex   2.382709e+01 8.134733e-01 1.500000e+00
    endloop
  endfacet
  facet normal -8.910066e-01 -4.539903e-01 0.000000e+00
    outer loop
      vertex   2.373205e+01 1.000000e+00 -2.151057e-15
      vertex   2.380333e+01 8.601050e-01 -2.151057e-15
      vertex   2.373205e+01 1.000000e+00 1.500000e+00
    endloop
  endfacet
  facet normal -8.386708e-01 -5.446386e-01 0.000000e+00
    outer loop
      vertex   2.361803e+01 1.175570e+00 -2.151057e-15
      vertex   2.370355e+01 1.043893e+00 -2.151057e-15
      vertex   2.361803e+01 1.175570e+00 1.500000e+00
    endloop
  endfacet
  facet normal -7.771458e-01 -6.293206e-01 0.000000e+00
    outer loop
      vertex   2.348629e+01 1.338261e+00 -2.151057e-15
      vertex   2.358510e+01 1.216243e+00 -2.151057e-15
      vertex   2.348629e+01 1.338261e+00 1.500000e+00
    endloop
  endfacet
  facet normal -7.071068e-01 -7.071068e-01 0.000000e+00
    outer loop
      vertex   2.333826e+01 1.486290e+00 -2.151057e-15
      vertex   2.344928e+01 1.375268e+00 -2.151057e-15
      vertex   2.333826e+01 1.486290e+00 1.500000e+00
    endloop
  endfacet
  facet normal -6.293206e-01 -7.771458e-01 0.000000e+00
    outer loop
      vertex   2.317557e+01 1.618034e+00 -2.151057e-15
      vertex   2.329759e+01 1.519226e+00 -2.151057e-15
      vertex   2.317557e+01 1.618034e+00 1.500000e+00
    endloop
  endfacet
  facet normal -5.446386e-01 -8.386708e-01 0.000000e+00
    outer loop
      vertex   2.300000e+01 1.732051e+00 -2.151057e-15
      vertex   2.313168e+01 1.646538e+00 -2.151057e-15
      vertex   2.300000e+01 1.732051e+00 1.500000e+00
    endloop
  endfacet
  facet normal -4.539903e-01 -8.910066e-01 0.000000e+00
    outer loop
      vertex   2.281347e+01 1.827091e+00 -2.151057e-15
      vertex   2.295337e+01 1.755811e+00 -2.151057e-15
      vertex   2.281347e+01 1.827091e+00 1.500000e+00
    endloop
  endfacet
  facet normal -3.583686e-01 -9.335802e-01 0.000000e+00
    outer loop
      vertex   2.261803e+01 1.902113e+00 -2.151057e-15
      vertex   2.276461e+01 1.845846e+00 -2.151057e-15
      vertex   2.261803e+01 1.902113e+00 1.500000e+00
    endloop
  endfacet
  facet normal -2.588188e-01 -9.659259e-01 0.000000e+00
    outer loop
      vertex   2.241582e+01 1.956295e+00 -2.151057e-15
      vertex   2.256748e+01 1.915659e+00 -2.151057e-15
      vertex   2.241582e+01 1.956295e+00 1.500000e+00
    endloop
  endfacet
  facet normal -1.564344e-01 -9.876883e-01 0.000000e+00
    outer loop
      vertex   2.220906e+01 1.989044e+00 -2.151057e-15
      vertex   2.236413e+01 1.964482e+00 -2.151057e-15
      vertex   2.220906e+01 1.989044e+00 1.500000e+00
    endloop
  endfacet
  facet normal -5.233604e-02 -9.986295e-01 0.000000e+00
    outer loop
      vertex   2.200000e+01 2.000000e+00 -2.151057e-15
      vertex   2.215679e+01 1.991783e+00 -2.151057e-15
      vertex   2.200000e+01 2.000000e+00 1.500000e+00
    endloop
  endfacet
  facet normal 5.233604e-02 -9.986295e-01 0.000000e+00
    outer loop
      vertex   2.179094e+01 1.989044e+00 -2.151057e-15
      vertex   2.194774e+01 1.997261e+00 -2.151057e-15
      vertex   2.179094e+01 1.989044e+00 1.500000e+00
    endloop
  endfacet
  facet normal 1.564344e-01 -9.876883e-01 0.000000e+00
    outer loop
      vertex   2.158418e+01 1.956295e+00 -2.151057e-15
      vertex   2.173925e+01 1.980857e+00 -2.151057e-15
      vertex   2.158418e+01 1.956295e+00 1.500000e+00
    endloop
  endfacet
  facet normal 2.588188e-01 -9.659259e-01 0.000000e+00
    outer loop
      vertex   2.138197e+01 1.902113e+00 -2.151057e-15
      vertex   2.153362e+01 1.942750e+00 -2.151057e-15
      vertex   2.138197e+01 1.902113e+00 1.500000e+00
    endloop
  endfacet
  facet normal 3.583686e-01 -9.335802e-01 0.000000e+00
    outer loop
      vertex   2.118653e+01 1.827091e+00 -2.151057e-15
      vertex   2.133311e+01 1.883358e+00 -2.151057e-15
      vertex   2.118653e+01 1.827091e+00 1.500000e+00
    endloop
  endfacet
  facet normal 4.539903e-01 -8.910066e-01 0.000000e+00
    outer loop
      vertex   2.100000e+01 1.732051e+00 -2.151057e-15
      vertex   2.113989e+01 1.803331e+00 -2.151057e-15
      vertex   2.100000e+01 1.732051e+00 1.500000e+00
    endloop
  endfacet
  facet normal 5.446386e-01 -8.386708e-01 0.000000e+00
    outer loop
      vertex   2.082443e+01 1.618034e+00 -2.151057e-15
      vertex   2.095611e+01 1.703547e+00 -2.151057e-15
      vertex   2.082443e+01 1.618034e+00 1.500000e+00
    endloop
  endfacet
  facet normal 6.293206e-01 -7.771458e-01 0.000000e+00
    outer loop
      vertex   2.066174e+01 1.486290e+00 -2.151057e-15
      vertex   2.078376e+01 1.585098e+00 -2.151057e-15
      vertex   2.066174e+01 1.486290e+00 1.500000e+00
    endloop
  endfacet
  facet normal 7.071068e-01 -7.071068e-01 0.000000e+00
    outer loop
      vertex   2.051371e+01 1.338261e+00 -2.151057e-15
      vertex   2.062473e+01 1.449283e+00 -2.151057e-15
      vertex   2.051371e+01 1.338261e+00 1.500000e+00
    endloop
  endfacet
  facet normal 7.771458e-01 -6.293206e-01 0.000000e+00
    outer loop
      vertex   2.038197e+01 1.175570e+00 -2.151057e-15
      vertex   2.048077e+01 1.297589e+00 -2.151057e-15
      vertex   2.038197e+01 1.175570e+00 1.500000e+00
    endloop
  endfacet
  facet normal 8.386708e-01 -5.446386e-01 0.000000e+00
    outer loop
      vertex   2.026795e+01 1.000000e+00 -2.151057e-15
      vertex   2.035346e+01 1.131678e+00 -2.151057e-15
      vertex   2.026795e+01 1.000000e+00 1.500000e+00
    endloop
  endfacet
  facet normal 8.910066e-01 -4.539903e-01 0.000000e+00
    outer loop
      vertex   2.017291e+01 8.134733e-01 -2.151057e-15
      vertex   2.024419e+01 9.533683e-01 -2.151057e-15
      vertex   2.017291e+01 8.134733e-01 1.500000e+00
    endloop
  endfacet
  facet normal 9.335802e-01 -3.583686e-01 0.000000e+00
    outer loop
      vertex   2.009789e+01 6.180340e-01 -2.151057e-15
      vertex   2.015415e+01 7.646135e-01 -2.151057e-15
      vertex   2.009789e+01 6.180340e-01 1.500000e+00
    endloop
  endfacet
  facet normal 9.659259e-01 -2.588188e-01 0.000000e+00
    outer loop
      vertex   2.004370e+01 4.158234e-01 -2.151057e-15
      vertex   2.008434e+01 5.674814e-01 -2.151057e-15
      vertex   2.004370e+01 4.158234e-01 1.500000e+00
    endloop
  endfacet
  facet normal 9.876883e-01 -1.564344e-01 0.000000e+00
    outer loop
      vertex   2.001096e+01 2.090569e-01 -2.151057e-15
      vertex   2.003552e+01 3.641318e-01 -2.151057e-15
      vertex   2.001096e+01 2.090569e-01 1.500000e+00
    endloop
  endfacet
  facet normal 9.986295e-01 -5.233604e-02 0.000000e+00
    outer loop
      vertex   2.000000e+01 0.000000e+00 -2.151057e-15
      vertex   2.000822e+01 1.567927e-01 -2.151057e-15
      vertex   2.000000e+01 0.000000e+00 1.500000e+00
    endloop
  endfacet
  facet normal 9.986295e-01 5.233604e-02 -0.000000e+00
    outer loop
      vertex   2.001096e+01 -2.090569e-01 -2.151057e-15
      vertex   2.000274e+01 -5.226423e-02 -2.151057e-15
      vertex   2.001096e+01 -2.090569e-01 1.500000e+00
    endloop
  endfacet
  facet normal 9.876883e-01 1.564344e-01 -0.000000e+00
    outer loop
      vertex   2.004370e+01 -4.158234e-01 -2.151057e-15
      vertex   2.001914e+01 -2.607486e-01 -2.151057e-15
      vertex   2.004370e+01 -4.158234e-01 1.500000e+00
    endloop
  endfacet
  facet normal 9.659259e-01 2.588188e-01 -0.000000e+00
    outer loop
      vertex   2.009789e+01 -6.180340e-01 -2.151057e-15
      vertex   2.005725e+01 -4.663760e-01 -2.151057e-15
      vertex   2.009789e+01 -6.180340e-01 1.500000e+00
    endloop
  endfacet
  facet normal 9.335802e-01 3.583686e-01 -0.000000e+00
    outer loop
      vertex   2.017291e+01 -8.134733e-01 -2.151057e-15
      vertex   2.011664e+01 -6.668938e-01 -2.151057e-15
      vertex   2.017291e+01 -8.134733e-01 1.500000e+00
    endloop
  endfacet
  facet normal 8.910066e-01 4.539903e-01 -0.000000e+00
    outer loop
      vertex   2.026795e+01 -1.000000e+00 -2.151057e-15
      vertex   2.019667e+01 -8.601050e-01 -2.151057e-15
      vertex   2.026795e+01 -1.000000e+00 1.500000e+00
    endloop
  endfacet
  facet normal 8.386708e-01 5.446386e-01 -0.000000e+00
    outer loop
      vertex   2.038197e+01 -1.175570e+00 -2.151057e-15
      vertex   2.029645e+01 -1.043893e+00 -2.151057e-15
      vertex   2.038197e+01 -1.175570e+00 1.500000e+00
    endloop
  endfacet
  facet normal 7.771458e-01 6.293206e-01 -0.000000e+00
    outer loop
      vertex   2.038197e+01 -1.175570e+00 -2.151057e-15
      vertex   2.038197e+01 -1.175570e+00 1.500000e+00
      vertex   2.041490e+01 -1.216243e+00 -2.151057e-15
    endloop
  endfacet
  facet normal 7.771458e-01 6.293206e-01 1.609549e-16
    outer loop
      vertex   2.041490e+01 -1.216243e+00 -2.151057e-15
      vertex   2.038197e+01 -1.175570e+00 1.500000e+00
      vertex   2.051371e+01 -1.338261e+00 1.500000e+00
    endloop
  endfacet
  facet normal 7.771458e-01 6.293206e-01 -0.000000e+00
    outer loop
      vertex   2.051371e+01 -1.338261e+00 -2.151057e-15
      vertex   2.041490e+01 -1.216243e+00 -2.151057e-15
      vertex   2.051371e+01 -1.338261e+00 1.500000e+00
    endloop
  endfacet
  facet normal 7.071068e-01 7.071068e-01 -0.000000e+00
    outer loop
      vertex   2.066174e+01 -1.486290e+00 -2.151057e-15
      vertex   2.055072e+01 -1.375268e+00 -2.151057e-15
      vertex   2.066174e+01 -1.486290e+00 1.500000e+00
    endloop
  endfacet
  facet normal 6.293206e-01 7.771458e-01 -0.000000e+00
    outer loop
      vertex   2.082443e+01 -1.618034e+00 -2.151057e-15
      vertex   2.070241e+01 -1.519226e+00 -2.151057e-15
      vertex   2.082443e+01 -1.618034e+00 1.500000e+00
    endloop
  endfacet
  facet normal 5.446386e-01 8.386708e-01 -0.000000e+00
    outer loop
      vertex   2.100000e+01 -1.732051e+00 -2.151057e-15
      vertex   2.086832e+01 -1.646538e+00 -2.151057e-15
      vertex   2.100000e+01 -1.732051e+00 1.500000e+00
    endloop
  endfacet
  facet normal 4.539903e-01 8.910066e-01 -0.000000e+00
    outer loop
      vertex   2.118653e+01 -1.827091e+00 -2.151057e-15
      vertex   2.104663e+01 -1.755811e+00 -2.151057e-15
      vertex   2.118653e+01 -1.827091e+00 1.500000e+00
    endloop
  endfacet
  facet normal 3.583686e-01 9.335802e-01 -0.000000e+00
    outer loop
      vertex   2.138197e+01 -1.902113e+00 -2.151057e-15
      vertex   2.123539e+01 -1.845846e+00 -2.151057e-15
      vertex   2.138197e+01 -1.902113e+00 1.500000e+00
    endloop
  endfacet
  facet normal 2.588188e-01 9.659259e-01 -0.000000e+00
    outer loop
      vertex   2.158418e+01 -1.956295e+00 -2.151057e-15
      vertex   2.143252e+01 -1.915659e+00 -2.151057e-15
      vertex   2.158418e+01 -1.956295e+00 1.500000e+00
    endloop
  endfacet
  facet normal 1.564344e-01 9.876883e-01 -0.000000e+00
    outer loop
      vertex   2.179094e+01 -1.989044e+00 -2.151057e-15
      vertex   2.163587e+01 -1.964482e+00 -2.151057e-15
      vertex   2.179094e+01 -1.989044e+00 1.500000e+00
    endloop
  endfacet
  facet normal 5.233604e-02 9.986295e-01 -0.000000e+00
    outer loop
      vertex   2.200000e+01 -2.000000e+00 -2.151057e-15
      vertex   2.184321e+01 -1.991783e+00 -2.151057e-15
      vertex   2.200000e+01 -2.000000e+00 1.500000e+00
    endloop
  endfacet
  facet normal -5.233604e-02 9.986295e-01 0.000000e+00
    outer loop
      vertex   2.220906e+01 -1.989044e+00 -2.151057e-15
      vertex   2.205226e+01 -1.997261e+00 -2.151057e-15
      vertex   2.220906e+01 -1.989044e+00 1.500000e+00
    endloop
  endfacet
  facet normal -1.564344e-01 9.876883e-01 0.000000e+00
    outer loop
      vertex   2.241582e+01 -1.956295e+00 -2.151057e-15
      vertex   2.226075e+01 -1.980857e+00 -2.151057e-15
      vertex   2.241582e+01 -1.956295e+00 1.500000e+00
    endloop
  endfacet
  facet normal -2.588188e-01 9.659259e-01 0.000000e+00
    outer loop
      vertex   2.261803e+01 -1.902113e+00 -2.151057e-15
      vertex   2.246638e+01 -1.942750e+00 -2.151057e-15
      vertex   2.261803e+01 -1.902113e+00 1.500000e+00
    endloop
  endfacet
  facet normal -3.583686e-01 9.335802e-01 0.000000e+00
    outer loop
      vertex   2.281347e+01 -1.827091e+00 -2.151057e-15
      vertex   2.266689e+01 -1.883358e+00 -2.151057e-15
      vertex   2.281347e+01 -1.827091e+00 1.500000e+00
    endloop
  endfacet
  facet normal -4.539903e-01 8.910066e-01 0.000000e+00
    outer loop
      vertex   2.300000e+01 -1.732051e+00 -2.151057e-15
      vertex   2.286010e+01 -1.803331e+00 -2.151057e-15
      vertex   2.300000e+01 -1.732051e+00 1.500000e+00
    endloop
  endfacet
  facet normal -5.446386e-01 8.386708e-01 0.000000e+00
    outer loop
      vertex   2.317557e+01 -1.618034e+00 -2.151057e-15
      vertex   2.304389e+01 -1.703547e+00 -2.151057e-15
      vertex   2.317557e+01 -1.618034e+00 1.500000e+00
    endloop
  endfacet
  facet normal -6.293206e-01 7.771458e-01 0.000000e+00
    outer loop
      vertex   2.333826e+01 -1.486290e+00 -2.151057e-15
      vertex   2.321624e+01 -1.585098e+00 -2.151057e-15
      vertex   2.333826e+01 -1.486290e+00 1.500000e+00
    endloop
  endfacet
  facet normal -7.071068e-01 7.071068e-01 0.000000e+00
    outer loop
      vertex   2.348629e+01 -1.338261e+00 -2.151057e-15
      vertex   2.337527e+01 -1.449283e+00 -2.151057e-15
      vertex   2.348629e+01 -1.338261e+00 1.500000e+00
    endloop
  endfacet
  facet normal -7.771458e-01 6.293206e-01 0.000000e+00
    outer loop
      vertex   2.361803e+01 -1.175570e+00 -2.151057e-15
      vertex   2.351923e+01 -1.297589e+00 -2.151057e-15
      vertex   2.361803e+01 -1.175570e+00 1.500000e+00
    endloop
  endfacet
  facet normal -8.386708e-01 5.446386e-01 0.000000e+00
    outer loop
      vertex   2.373205e+01 -1.000000e+00 -2.151057e-15
      vertex   2.364654e+01 -1.131678e+00 -2.151057e-15
      vertex   2.373205e+01 -1.000000e+00 1.500000e+00
    endloop
  endfacet
  facet normal -8.910066e-01 4.539903e-01 0.000000e+00
    outer loop
      vertex   2.382709e+01 -8.134733e-01 -2.151057e-15
      vertex   2.375581e+01 -9.533683e-01 -2.151057e-15
      vertex   2.382709e+01 -8.134733e-01 1.500000e+00
    endloop
  endfacet
  facet normal -9.335802e-01 3.583686e-01 0.000000e+00
    outer loop
      vertex   2.390211e+01 -6.180340e-01 -2.151057e-15
      vertex   2.384585e+01 -7.646135e-01 -2.151057e-15
      vertex   2.390211e+01 -6.180340e-01 1.500000e+00
    endloop
  endfacet
  facet normal -9.659259e-01 2.588188e-01 0.000000e+00
    outer loop
      vertex   2.395629e+01 -4.158234e-01 -2.151057e-15
      vertex   2.391566e+01 -5.674814e-01 -2.151057e-15
      vertex   2.395629e+01 -4.158234e-01 1.500000e+00
    endloop
  endfacet
  facet normal -9.876883e-01 1.564344e-01 0.000000e+00
    outer loop
      vertex   2.398904e+01 -2.090569e-01 -2.151057e-15
      vertex   2.396448e+01 -3.641318e-01 -2.151057e-15
      vertex   2.398904e+01 -2.090569e-01 1.500000e+00
    endloop
  endfacet
  facet normal -9.986295e-01 -5.233604e-02 0.000000e+00
    outer loop
      vertex   2.398904e+01 2.090569e-01 -2.151057e-15
      vertex   2.399178e+01 1.567927e-01 -2.151057e-15
      vertex   2.398904e+01 2.090569e-01 1.500000e+00
    endloop
  endfacet
  facet normal -9.986295e-01 -5.233604e-02 3.697047e-15
    outer loop
      vertex   2.398904e+01 2.090569e-01 1.500000e+00
      vertex   2.399178e+01 1.567927e-01 -2.151057e-15
      vertex   2.400000e+01 -2.449294e-16 1.500000e+00
    endloop
  endfacet
  facet normal -9.986295e-01 5.233604e-02 8.545756e-18
    outer loop
      vertex   2.400000e+01 0.000000e+00 -2.151057e-15
      vertex   2.399726e+01 -5.226423e-02 -2.151057e-15
      vertex   2.400000e+01 -2.449294e-16 1.500000e+00
    endloop
  endfacet
  facet normal -9.986295e-01 5.233604e-02 3.410512e-15
    outer loop
      vertex   2.400000e+01 -2.449294e-16 1.500000e+00
      vertex   2.399726e+01 -5.226423e-02 -2.151057e-15
      vertex   2.398904e+01 -2.090569e-01 1.500000e+00
    endloop
  endfacet
endsolid
